{"data":{"currencies":{"ADP":{"displayName":{"other":"بيستا أندوري"},"narrow":"ADP","symbol":"ADP"},"AED":{"displayName":{"other":"درهم إماراتي"},"narrow":"د.إ.‏","symbol":"د.إ.‏"},"AFA":{"displayName":{"other":"أفغاني - 1927-2002"},"narrow":"AFA","symbol":"AFA"},"AFN":{"displayName":{"other":"أفغاني أفغانستاني"},"narrow":"؋","symbol":"AFN"},"ALL":{"displayName":{"other":"ليك ألباني"},"narrow":"ALL","symbol":"ALL"},"AMD":{"displayName":{"other":"درام أرميني"},"narrow":"֏","symbol":"AMD"},"ANG":{"displayName":{"other":"غيلدر أنتيلي هولندي"},"narrow":"ANG","symbol":"ANG"},"AOA":{"displayName":{"other":"كوانزا أنغولي"},"narrow":"Kz","symbol":"AOA"},"AOK":{"displayName":{"other":"كوانزا أنجولي - 1977-1990"},"narrow":"AOK","symbol":"AOK"},"AON":{"displayName":{"other":"كوانزا أنجولي جديدة - 1990-2000"},"narrow":"AON","symbol":"AON"},"AOR":{"displayName":{"other":"كوانزا أنجولي معدلة - 1995 - 1999"},"narrow":"AOR","symbol":"AOR"},"ARA":{"displayName":{"other":"استرال أرجنتيني"},"narrow":"ARA","symbol":"ARA"},"ARP":{"displayName":{"other":"بيزو أرجنتيني - 1983-1985"},"narrow":"ARP","symbol":"ARP"},"ARS":{"displayName":{"other":"بيزو أرجنتيني"},"narrow":"AR$","symbol":"ARS"},"ATS":{"displayName":{"other":"شلن نمساوي"},"narrow":"ATS","symbol":"ATS"},"AUD":{"displayName":{"other":"دولار أسترالي"},"narrow":"AU$","symbol":"AU$"},"AWG":{"displayName":{"other":"فلورن أروبي"},"narrow":"AWG","symbol":"AWG"},"AZM":{"displayName":{"other":"مانات أذريبجاني"},"narrow":"AZM","symbol":"AZM"},"AZN":{"displayName":{"other":"مانت أذربيجاني"},"narrow":"₼","symbol":"AZN"},"BAD":{"displayName":{"other":"دينار البوسنة والهرسك"},"narrow":"BAD","symbol":"BAD"},"BAM":{"displayName":{"other":"مارك البوسنة والهرسك قابل للتحويل"},"narrow":"KM","symbol":"BAM"},"BBD":{"displayName":{"other":"دولار بربادوسي"},"narrow":"BB$","symbol":"BBD"},"BDT":{"displayName":{"other":"تاكا بنغلاديشي"},"narrow":"৳","symbol":"BDT"},"BEC":{"displayName":{"other":"فرنك بلجيكي قابل للتحويل"},"narrow":"BEC","symbol":"BEC"},"BEF":{"displayName":{"other":"فرنك بلجيكي"},"narrow":"BEF","symbol":"BEF"},"BEL":{"displayName":{"other":"فرنك بلجيكي مالي"},"narrow":"BEL","symbol":"BEL"},"BGN":{"displayName":{"other":"ليف بلغاري"},"narrow":"BGN","symbol":"BGN"},"BHD":{"displayName":{"other":"دينار بحريني"},"narrow":"د.ب.‏","symbol":"د.ب.‏"},"BIF":{"displayName":{"other":"فرنك بروندي"},"narrow":"BIF","symbol":"BIF"},"BMD":{"displayName":{"other":"دولار برمودي"},"narrow":"BM$","symbol":"BMD"},"BND":{"displayName":{"other":"دولار بروناي"},"narrow":"BN$","symbol":"BND"},"BOB":{"displayName":{"other":"بوليفيانو بوليفي"},"narrow":"Bs","symbol":"BOB"},"BOP":{"displayName":{"other":"بيزو بوليفي"},"narrow":"BOP","symbol":"BOP"},"BOV":{"displayName":{"other":"مفدول بوليفي"},"narrow":"BOV","symbol":"BOV"},"BRB":{"displayName":{"other":"نوفو كروزايرو برازيلي - 1967-1986"},"narrow":"BRB","symbol":"BRB"},"BRC":{"displayName":{"other":"كروزادو برازيلي"},"narrow":"BRC","symbol":"BRC"},"BRE":{"displayName":{"other":"كروزايرو برازيلي - 1990-1993"},"narrow":"BRE","symbol":"BRE"},"BRL":{"displayName":{"other":"ريال برازيلي"},"narrow":"R$","symbol":"R$"},"BSD":{"displayName":{"other":"دولار باهامي"},"narrow":"BS$","symbol":"BSD"},"BTN":{"displayName":{"other":"نولتوم بوتاني"},"narrow":"BTN","symbol":"BTN"},"BUK":{"displayName":{"other":"كيات بورمي"},"narrow":"BUK","symbol":"BUK"},"BWP":{"displayName":{"other":"بولا بتسواني"},"narrow":"P","symbol":"BWP"},"BYB":{"displayName":{"other":"روبل بيلاروسي جديد - 1994-1999"},"narrow":"BYB","symbol":"BYB"},"BYN":{"displayName":{"other":"روبل بيلاروسي"},"narrow":"р.","symbol":"BYN"},"BYR":{"displayName":{"other":"روبل بيلاروسي (٢٠٠٠–٢٠١٦)"},"narrow":"BYR","symbol":"BYR"},"BZD":{"displayName":{"other":"دولار بليزي","two":"دولاران بليزيان"},"narrow":"BZ$","symbol":"BZD"},"CAD":{"displayName":{"other":"دولار كندي"},"narrow":"CA$","symbol":"CA$"},"CDF":{"displayName":{"other":"فرنك كونغولي"},"narrow":"CDF","symbol":"CDF"},"CHF":{"displayName":{"other":"فرنك سويسري"},"narrow":"CHF","symbol":"CHF"},"CLP":{"displayName":{"other":"بيزو تشيلي"},"narrow":"CL$","symbol":"CLP"},"CNH":{"displayName":{"other":"يوان صيني (في الخارج)"},"narrow":"CNH","symbol":"CNH"},"CNY":{"displayName":{"other":"يوان صيني"},"narrow":"CN¥","symbol":"CN¥"},"COP":{"displayName":{"other":"بيزو كولومبي"},"narrow":"CO$","symbol":"COP"},"CRC":{"displayName":{"other":"كولن كوستاريكي"},"narrow":"₡","symbol":"CRC"},"CSD":{"displayName":{"other":"دينار صربي قديم"},"narrow":"CSD","symbol":"CSD"},"CSK":{"displayName":{"other":"كرونة تشيكوسلوفاكيا"},"narrow":"CSK","symbol":"CSK"},"CUC":{"displayName":{"other":"بيزو كوبي قابل للتحويل"},"narrow":"$","symbol":"CUC"},"CUP":{"displayName":{"other":"بيزو كوبي"},"narrow":"CU$","symbol":"CUP"},"CVE":{"displayName":{"other":"اسكودو الرأس الأخضر"},"narrow":"CVE","symbol":"CVE"},"CYP":{"displayName":{"other":"جنيه قبرصي"},"narrow":"CYP","symbol":"CYP"},"CZK":{"displayName":{"other":"كرونة تشيكية"},"narrow":"Kč","symbol":"CZK"},"DDM":{"displayName":{"other":"أوستمارك ألماني شرقي"},"narrow":"DDM","symbol":"DDM"},"DEM":{"displayName":{"other":"مارك ألماني"},"narrow":"DEM","symbol":"DEM"},"DJF":{"displayName":{"other":"فرنك جيبوتي"},"narrow":"DJF","symbol":"DJF"},"DKK":{"displayName":{"other":"كرونة دنماركية"},"narrow":"kr","symbol":"DKK"},"DOP":{"displayName":{"other":"بيزو الدومنيكان"},"narrow":"DO$","symbol":"DOP"},"DZD":{"displayName":{"few":"دينارات جزائرية","many":"دينارًا جزائريًا","other":"دينار جزائري","two":"ديناران جزائريان"},"narrow":"د.ج.‏","symbol":"د.ج.‏"},"EEK":{"displayName":{"other":"كرونة استونية"},"narrow":"EEK","symbol":"EEK"},"EGP":{"displayName":{"few":"جنيهات مصرية","many":"جنيهًا مصريًا","other":"جنيه مصري","two":"جنيهان مصريان"},"narrow":"E£","symbol":"ج.م.‏"},"ERN":{"displayName":{"other":"ناكفا أريتري"},"narrow":"ERN","symbol":"ERN"},"ESP":{"displayName":{"other":"بيزيتا إسباني"},"narrow":"₧","symbol":"ESP"},"ETB":{"displayName":{"other":"بير أثيوبي"},"narrow":"ETB","symbol":"ETB"},"EUR":{"displayName":{"other":"يورو"},"narrow":"€","symbol":"€"},"FIM":{"displayName":{"other":"ماركا فنلندي"},"narrow":"FIM","symbol":"FIM"},"FJD":{"displayName":{"other":"دولار فيجي"},"narrow":"FJ$","symbol":"FJD"},"FKP":{"displayName":{"other":"جنيه جزر فوكلاند"},"narrow":"£","symbol":"FKP"},"FRF":{"displayName":{"other":"فرنك فرنسي"},"narrow":"FRF","symbol":"FRF"},"GBP":{"displayName":{"other":"جنيه إسترليني"},"narrow":"UK£","symbol":"UK£"},"GEL":{"displayName":{"other":"لاري جورجي"},"narrow":"₾","symbol":"GEL"},"GHC":{"displayName":{"other":"سيدي غاني"},"narrow":"GHC","symbol":"GHC"},"GHS":{"displayName":{"other":"سيدي غانا"},"narrow":"GH₵","symbol":"GHS"},"GIP":{"displayName":{"other":"جنيه جبل طارق"},"narrow":"£","symbol":"GIP"},"GMD":{"displayName":{"other":"دلاسي غامبي"},"narrow":"GMD","symbol":"GMD"},"GNF":{"displayName":{"other":"فرنك غينيا"},"narrow":"FG","symbol":"GNF"},"GNS":{"displayName":{"other":"سيلي غينيا"},"narrow":"GNS","symbol":"GNS"},"GQE":{"displayName":{"other":"اكويل جونينا غينيا الاستوائيّة"},"narrow":"GQE","symbol":"GQE"},"GRD":{"displayName":{"other":"دراخما يوناني"},"narrow":"GRD","symbol":"GRD"},"GTQ":{"displayName":{"other":"كوتزال غواتيمالا"},"narrow":"Q","symbol":"GTQ"},"GWE":{"displayName":{"other":"اسكود برتغالي غينيا"},"narrow":"GWE","symbol":"GWE"},"GWP":{"displayName":{"other":"بيزو غينيا بيساو"},"narrow":"GWP","symbol":"GWP"},"GYD":{"displayName":{"other":"دولار غيانا"},"narrow":"GY$","symbol":"GYD"},"HKD":{"displayName":{"other":"دولار هونغ كونغ"},"narrow":"HK$","symbol":"HK$"},"HNL":{"displayName":{"other":"ليمبيرا هندوراس"},"narrow":"L","symbol":"HNL"},"HRD":{"displayName":{"other":"دينار كرواتي"},"narrow":"HRD","symbol":"HRD"},"HRK":{"displayName":{"other":"كونا كرواتي"},"narrow":"kn","symbol":"HRK"},"HTG":{"displayName":{"other":"جوردى هايتي"},"narrow":"HTG","symbol":"HTG"},"HUF":{"displayName":{"other":"فورينت هنغاري"},"narrow":"Ft","symbol":"HUF"},"IDR":{"displayName":{"other":"روبية إندونيسية"},"narrow":"Rp","symbol":"IDR"},"IEP":{"displayName":{"other":"جنيه إيرلندي"},"narrow":"IEP","symbol":"IEP"},"ILP":{"displayName":{"other":"جنيه إسرائيلي"},"narrow":"ILP","symbol":"ILP"},"ILS":{"displayName":{"other":"شيكل إسرائيلي جديد"},"narrow":"₪","symbol":"₪"},"INR":{"displayName":{"other":"روبية هندي"},"narrow":"₹","symbol":"₹"},"IQD":{"displayName":{"other":"دينار عراقي"},"narrow":"د.ع.‏","symbol":"د.ع.‏"},"IRR":{"displayName":{"other":"ريال إيراني"},"narrow":"ر.إ.","symbol":"ر.إ."},"ISK":{"displayName":{"other":"كرونة أيسلندية"},"narrow":"kr","symbol":"ISK"},"ITL":{"displayName":{"other":"ليرة إيطالية"},"narrow":"ITL","symbol":"ITL"},"JMD":{"displayName":{"other":"دولار جامايكي"},"narrow":"JM$","symbol":"JMD"},"JOD":{"displayName":{"other":"دينار أردني"},"narrow":"د.أ.‏","symbol":"د.أ.‏"},"JPY":{"displayName":{"other":"ين ياباني"},"narrow":"JP¥","symbol":"JP¥"},"KES":{"displayName":{"other":"شلن كينيي"},"narrow":"KES","symbol":"KES"},"KGS":{"displayName":{"other":"سوم قيرغستاني"},"narrow":"KGS","symbol":"KGS"},"KHR":{"displayName":{"other":"رييال كمبودي"},"narrow":"៛","symbol":"KHR"},"KMF":{"displayName":{"other":"فرنك جزر القمر"},"narrow":"CF","symbol":"KMF"},"KPW":{"displayName":{"other":"وون كوريا الشمالية"},"narrow":"₩","symbol":"KPW"},"KRW":{"displayName":{"other":"وون كوريا الجنوبية"},"narrow":"₩","symbol":"₩"},"KWD":{"displayName":{"other":"دينار كويتي"},"narrow":"د.ك.‏","symbol":"د.ك.‏"},"KYD":{"displayName":{"other":"دولار جزر كيمن"},"narrow":"KY$","symbol":"KYD"},"KZT":{"displayName":{"other":"تينغ كازاخستاني"},"narrow":"₸","symbol":"KZT"},"LAK":{"displayName":{"other":"كيب لاوسي"},"narrow":"₭","symbol":"LAK"},"LBP":{"displayName":{"other":"جنيه لبناني"},"narrow":"L£","symbol":"ل.ل.‏"},"LKR":{"displayName":{"other":"روبية سريلانكية"},"narrow":"Rs","symbol":"LKR"},"LRD":{"displayName":{"few":"دولارات ليبيرية","many":"دولارًا ليبيريًا","other":"دولار ليبيري","two":"دولاران ليبيريان"},"narrow":"$LR","symbol":"LRD"},"LSL":{"displayName":{"other":"لوتي ليسوتو"},"narrow":"LSL","symbol":"LSL"},"LTL":{"displayName":{"other":"ليتا ليتوانية"},"narrow":"Lt","symbol":"LTL"},"LTT":{"displayName":{"other":"تالوناس ليتواني"},"narrow":"LTT","symbol":"LTT"},"LUC":{"displayName":{"other":"فرنك لوكسمبرج قابل للتحويل"},"narrow":"LUC","symbol":"LUC"},"LUF":{"displayName":{"other":"فرنك لوكسمبرج"},"narrow":"LUF","symbol":"LUF"},"LUL":{"displayName":{"other":"فرنك لوكسمبرج المالي"},"narrow":"LUL","symbol":"LUL"},"LVL":{"displayName":{"other":"لاتس لاتفي"},"narrow":"Ls","symbol":"LVL"},"LVR":{"displayName":{"other":"روبل لاتفيا"},"narrow":"LVR","symbol":"LVR"},"LYD":{"displayName":{"few":"دينارات ليبية","many":"دينارًا ليبيًا","other":"دينار ليبي","two":"ديناران ليبيان"},"narrow":"د.ل.‏","symbol":"د.ل.‏"},"MAD":{"displayName":{"few":"دراهم مغربية","many":"درهمًا مغربيًا","other":"درهم مغربي","two":"درهمان مغربيان"},"narrow":"د.م.‏","symbol":"د.م.‏"},"MAF":{"displayName":{"other":"فرنك مغربي"},"narrow":"MAF","symbol":"MAF"},"MDL":{"displayName":{"other":"ليو مولدوفي"},"narrow":"MDL","symbol":"MDL"},"MGA":{"displayName":{"other":"أرياري مدغشقر"},"narrow":"Ar","symbol":"MGA"},"MGF":{"displayName":{"other":"فرنك مدغشقر"},"narrow":"MGF","symbol":"MGF"},"MKD":{"displayName":{"few":"دينارات مقدونية","many":"دينارًا مقدونيًا","other":"دينار مقدوني","two":"ديناران مقدونيان"},"narrow":"MKD","symbol":"MKD"},"MLF":{"displayName":{"other":"فرنك مالي"},"narrow":"MLF","symbol":"MLF"},"MMK":{"displayName":{"other":"كيات ميانمار"},"narrow":"K","symbol":"MMK"},"MNT":{"displayName":{"other":"توغروغ منغولي"},"narrow":"₮","symbol":"MNT"},"MOP":{"displayName":{"other":"باتاكا ماكاوي"},"narrow":"MOP","symbol":"MOP"},"MRO":{"displayName":{"other":"أوقية موريتانية - 1973-2017"},"narrow":"MRO","symbol":"MRO"},"MRU":{"displayName":{"other":"أوقية موريتانية"},"narrow":"أ.م.","symbol":"أ.م."},"MTL":{"displayName":{"other":"ليرة مالطية"},"narrow":"MTL","symbol":"MTL"},"MTP":{"displayName":{"other":"جنيه مالطي"},"narrow":"MTP","symbol":"MTP"},"MUR":{"displayName":{"other":"روبية موريشيوسية"},"narrow":"Rs","symbol":"MUR"},"MVR":{"displayName":{"other":"روفيه جزر المالديف"},"narrow":"MVR","symbol":"MVR"},"MWK":{"displayName":{"other":"كواشا مالاوي"},"narrow":"MWK","symbol":"MWK"},"MXN":{"displayName":{"other":"بيزو مكسيكي"},"narrow":"MX$","symbol":"MX$"},"MXP":{"displayName":{"other":"بيزو فضي مكسيكي - 1861-1992"},"narrow":"MXP","symbol":"MXP"},"MYR":{"displayName":{"other":"رينغيت ماليزي"},"narrow":"RM","symbol":"MYR"},"MZE":{"displayName":{"other":"اسكود موزمبيقي"},"narrow":"MZE","symbol":"MZE"},"MZN":{"displayName":{"other":"متكال موزمبيقي"},"narrow":"MZN","symbol":"MZN"},"NAD":{"displayName":{"other":"دولار ناميبي"},"narrow":"$","symbol":"NAD"},"NGN":{"displayName":{"other":"نايرا نيجيري"},"narrow":"₦","symbol":"NGN"},"NIC":{"displayName":{"other":"كوردوبة نيكاراجوا"},"narrow":"NIC","symbol":"NIC"},"NIO":{"displayName":{"other":"قرطبة نيكاراغوا"},"narrow":"C$","symbol":"NIO"},"NLG":{"displayName":{"other":"جلدر هولندي"},"narrow":"NLG","symbol":"NLG"},"NOK":{"displayName":{"other":"كرونة نرويجية"},"narrow":"kr","symbol":"NOK"},"NPR":{"displayName":{"other":"روبية نيبالي"},"narrow":"Rs","symbol":"NPR"},"NZD":{"displayName":{"other":"دولار نيوزيلندي"},"narrow":"NZ$","symbol":"NZ$"},"OMR":{"displayName":{"other":"ريال عماني"},"narrow":"ر.ع.‏","symbol":"ر.ع.‏"},"PAB":{"displayName":{"other":"بالبوا بنمي"},"narrow":"PAB","symbol":"PAB"},"PEN":{"displayName":{"other":"سول بيروفي"},"narrow":"PEN","symbol":"PEN"},"PGK":{"displayName":{"other":"كينا بابوا غينيا الجديدة"},"narrow":"PGK","symbol":"PGK"},"PHP":{"displayName":{"other":"بيزو فلبيني"},"narrow":"₱","symbol":"PHP"},"PKR":{"displayName":{"other":"روبية باكستاني"},"narrow":"Rs","symbol":"PKR"},"PLN":{"displayName":{"other":"زلوتي بولندي"},"narrow":"zł","symbol":"PLN"},"PLZ":{"displayName":{"other":"زلوتي بولندي - 1950-1995"},"narrow":"PLZ","symbol":"PLZ"},"PTE":{"displayName":{"other":"اسكود برتغالي"},"narrow":"PTE","symbol":"PTE"},"PYG":{"displayName":{"other":"غواراني باراغواي"},"narrow":"₲","symbol":"PYG"},"QAR":{"displayName":{"other":"ريال قطري"},"narrow":"ر.ق.‏","symbol":"ر.ق.‏"},"RHD":{"displayName":{"other":"دولار روديسي"},"narrow":"RHD","symbol":"RHD"},"ROL":{"displayName":{"other":"ليو روماني قديم"},"narrow":"ROL","symbol":"ROL"},"RON":{"displayName":{"other":"ليو روماني"},"narrow":"lei","symbol":"RON"},"RSD":{"displayName":{"few":"دينارات صربية","many":"دينارًا صربيًا","other":"دينار صربي","two":"ديناران صربيان"},"narrow":"RSD","symbol":"RSD"},"RUB":{"displayName":{"other":"روبل روسي"},"narrow":"₽","symbol":"RUB"},"RUR":{"displayName":{"other":"روبل روسي - 1991-1998"},"narrow":"RUR","symbol":"RUR"},"RWF":{"displayName":{"other":"فرنك رواندي"},"narrow":"RF","symbol":"RWF"},"SAR":{"displayName":{"other":"ريال سعودي"},"narrow":"ر.س.‏","symbol":"ر.س.‏"},"SBD":{"displayName":{"other":"دولار جزر سليمان"},"narrow":"SB$","symbol":"SBD"},"SCR":{"displayName":{"other":"روبية سيشيلية"},"narrow":"SCR","symbol":"SCR"},"SDD":{"displayName":{"other":"دينار سوداني"},"narrow":"د.س.‏","symbol":"د.س.‏"},"SDG":{"displayName":{"few":"جنيهات سودانية","many":"جنيهًا سودانيًا","other":"جنيه سوداني"},"narrow":"ج.س.","symbol":"ج.س."},"SDP":{"displayName":{"other":"جنيه سوداني قديم"},"narrow":"SDP","symbol":"SDP"},"SEK":{"displayName":{"other":"كرونة سويدية"},"narrow":"kr","symbol":"SEK"},"SGD":{"displayName":{"other":"دولار سنغافوري"},"narrow":"$","symbol":"SGD"},"SHP":{"displayName":{"other":"جنيه سانت هيلين"},"narrow":"£","symbol":"SHP"},"SIT":{"displayName":{"other":"تولار سلوفيني"},"narrow":"SIT","symbol":"SIT"},"SKK":{"displayName":{"other":"كرونة سلوفاكية"},"narrow":"SKK","symbol":"SKK"},"SLL":{"displayName":{"other":"ليون سيراليوني"},"narrow":"SLL","symbol":"SLL"},"SOS":{"displayName":{"other":"شلن صومالي"},"narrow":"SOS","symbol":"SOS"},"SRD":{"displayName":{"other":"دولار سورينامي"},"narrow":"SR$","symbol":"SRD"},"SRG":{"displayName":{"other":"جلدر سورينامي"},"narrow":"SRG","symbol":"SRG"},"SSP":{"displayName":{"few":"جنيهات جنوب السودان","many":"جنيهًا جنوب السودان","other":"جنيه جنوب السودان","two":"جنيهان جنوب السودان"},"narrow":"£","symbol":"SSP"},"STD":{"displayName":{"other":"دوبرا ساو تومي وبرينسيبي - 1977-2017"},"narrow":"STD","symbol":"STD"},"STN":{"displayName":{"other":"دوبرا ساو تومي وبرينسيبي"},"narrow":"Db","symbol":"STN"},"SUR":{"displayName":{"other":"روبل سوفيتي"},"narrow":"SUR","symbol":"SUR"},"SVC":{"displayName":{"other":"كولون سلفادوري"},"narrow":"SVC","symbol":"SVC"},"SYP":{"displayName":{"other":"ليرة سورية"},"narrow":"£","symbol":"ل.س.‏"},"SZL":{"displayName":{"other":"ليلانجيني سوازيلندي"},"narrow":"SZL","symbol":"SZL"},"THB":{"displayName":{"other":"باخت تايلاندي"},"narrow":"฿","symbol":"฿"},"TJR":{"displayName":{"other":"روبل طاجيكستاني"},"narrow":"TJR","symbol":"TJR"},"TJS":{"displayName":{"other":"سوموني طاجيكستاني"},"narrow":"TJS","symbol":"TJS"},"TMM":{"displayName":{"other":"مانات تركمنستاني"},"narrow":"TMM","symbol":"TMM"},"TMT":{"displayName":{"other":"مانات تركمانستان"},"narrow":"TMT","symbol":"TMT"},"TND":{"displayName":{"few":"دينارات تونسية","many":"دينارًا تونسيًا","other":"دينار تونسي","two":"ديناران تونسيان"},"narrow":"د.ت.‏","symbol":"د.ت.‏"},"TOP":{"displayName":{"other":"بانغا تونغا"},"narrow":"T$","symbol":"TOP"},"TPE":{"displayName":{"other":"اسكود تيموري"},"narrow":"TPE","symbol":"TPE"},"TRL":{"displayName":{"other":"ليرة تركي"},"narrow":"TRL","symbol":"TRL"},"TRY":{"displayName":{"other":"ليرة تركية"},"narrow":"₺","symbol":"TRY"},"TTD":{"displayName":{"other":"دولار ترينداد وتوباغو"},"narrow":"TT$","symbol":"TTD"},"TWD":{"displayName":{"other":"دولار تايواني"},"narrow":"NT$","symbol":"NT$"},"TZS":{"displayName":{"other":"شلن تنزاني"},"narrow":"TZS","symbol":"TZS"},"UAH":{"displayName":{"other":"هريفنيا أوكراني"},"narrow":"₴","symbol":"UAH"},"UGS":{"displayName":{"other":"شلن أوغندي - 1966-1987"},"narrow":"UGS","symbol":"UGS"},"UGX":{"displayName":{"other":"شلن أوغندي"},"narrow":"UGX","symbol":"UGX"},"USD":{"displayName":{"other":"دولار أمريكي"},"narrow":"US$","symbol":"US$"},"USN":{"displayName":{"other":"دولار أمريكي (اليوم التالي)‏"},"narrow":"USN","symbol":"USN"},"USS":{"displayName":{"other":"دولار أمريكي (نفس اليوم)‏"},"narrow":"USS","symbol":"USS"},"UYP":{"displayName":{"other":"بيزو أوروجواي - 1975-1993"},"narrow":"UYP","symbol":"UYP"},"UYU":{"displayName":{"other":"بيزو اوروغواي"},"narrow":"UY$","symbol":"UYU"},"UZS":{"displayName":{"other":"سوم أوزبكستاني"},"narrow":"UZS","symbol":"UZS"},"VEB":{"displayName":{"other":"بوليفار فنزويلي - 1871-2008"},"narrow":"VEB","symbol":"VEB"},"VEF":{"displayName":{"other":"بوليفار فنزويلي - 2008–2018"},"narrow":"Bs","symbol":"VEF"},"VES":{"displayName":{"other":"بوليفار فنزويلي"},"narrow":"VES","symbol":"VES"},"VND":{"displayName":{"other":"دونج فيتنامي"},"narrow":"₫","symbol":"₫"},"VUV":{"displayName":{"other":"فاتو فانواتو"},"narrow":"VUV","symbol":"VUV"},"WST":{"displayName":{"other":"تالا ساموا"},"narrow":"WST","symbol":"WST"},"XAF":{"displayName":{"other":"فرنك وسط أفريقي"},"narrow":"FCFA","symbol":"FCFA"},"XAG":{"displayName":{"other":"فضة"},"narrow":"XAG","symbol":"XAG"},"XAU":{"displayName":{"other":"ذهب"},"narrow":"XAU","symbol":"XAU"},"XBA":{"displayName":{"other":"الوحدة الأوروبية المركبة"},"narrow":"XBA","symbol":"XBA"},"XBB":{"displayName":{"other":"الوحدة المالية الأوروبية"},"narrow":"XBB","symbol":"XBB"},"XBC":{"displayName":{"other":"الوحدة الحسابية الأوروبية"},"narrow":"XBC","symbol":"XBC"},"XBD":{"displayName":{"other":"(XBD)وحدة الحساب الأوروبية"},"narrow":"XBD","symbol":"XBD"},"XCD":{"displayName":{"other":"دولار شرق الكاريبي"},"narrow":"$","symbol":"EC$"},"XDR":{"displayName":{"other":"حقوق السحب الخاصة"},"narrow":"XDR","symbol":"XDR"},"XEU":{"displayName":{"other":"وحدة النقد الأوروبية"},"narrow":"XEU","symbol":"XEU"},"XFO":{"displayName":{"other":"فرنك فرنسي ذهبي"},"narrow":"XFO","symbol":"XFO"},"XFU":{"displayName":{"other":"(UIC)فرنك فرنسي"},"narrow":"XFU","symbol":"XFU"},"XOF":{"displayName":{"other":"فرنك غرب أفريقي"},"narrow":"F CFA","symbol":"F CFA"},"XPD":{"displayName":{"other":"بالاديوم"},"narrow":"XPD","symbol":"XPD"},"XPF":{"displayName":{"other":"فرنك سي إف بي"},"narrow":"CFPF","symbol":"CFPF"},"XPT":{"displayName":{"other":"البلاتين"},"narrow":"XPT","symbol":"XPT"},"XTS":{"displayName":{"other":"كود اختبار العملة"},"narrow":"XTS","symbol":"XTS"},"XXX":{"displayName":{"other":"(عملة غير معروفة)"},"narrow":"¤","symbol":"¤"},"YDD":{"displayName":{"other":"دينار يمني"},"narrow":"YDD","symbol":"YDD"},"YER":{"displayName":{"other":"ريال يمني"},"narrow":"ر.ي.‏","symbol":"ر.ي.‏"},"YUD":{"displayName":{"other":"دينار يوغسلافي"},"narrow":"YUD","symbol":"YUD"},"YUN":{"displayName":{"other":"دينار يوغسلافي قابل للتحويل"},"narrow":"YUN","symbol":"YUN"},"ZAL":{"displayName":{"other":"راند جنوب أفريقيا -مالي"},"narrow":"ZAL","symbol":"ZAL"},"ZAR":{"displayName":{"other":"راند جنوب أفريقيا"},"narrow":"R","symbol":"ZAR"},"ZMK":{"displayName":{"other":"كواشا زامبي - 1968-2012"},"narrow":"ZMK","symbol":"ZMK"},"ZMW":{"displayName":{"other":"كواشا زامبي"},"narrow":"ZK","symbol":"ZMW"},"ZRN":{"displayName":{"other":"زائير زائيري جديد"},"narrow":"ZRN","symbol":"ZRN"},"ZRZ":{"displayName":{"other":"زائير زائيري"},"narrow":"ZRZ","symbol":"ZRZ"},"ZWD":{"displayName":{"other":"دولار زمبابوي"},"narrow":"ZWD","symbol":"ZWD"},"ZWL":{"displayName":{"other":"دولار زمبابوي 2009"},"narrow":"ZWL","symbol":"ZWL"}},"nu":["arab","latn"],"numbers":{"currency":{"arab":{"accounting":"‏#,##0.00 ¤","currencySpacing":{"afterInsertBetween":" ","beforeInsertBetween":" "},"standard":"‏#,##0.00 ¤","unitPattern":"{0} {1}"},"latn":{"accounting":"؜#,##0.00¤;(؜#,##0.00¤)","currencySpacing":{"afterInsertBetween":" ","beforeInsertBetween":" "},"short":{"1000":{"other":"0 ألف ¤"},"10000":{"other":"00 ألف ¤"},"100000":{"other":"000 ألف ¤"},"1000000":{"other":"0 مليون ¤"},"10000000":{"other":"00 مليون ¤"},"100000000":{"other":"000 مليون ¤"},"1000000000":{"other":"0 مليار ¤"},"10000000000":{"other":"00 مليار ¤"},"100000000000":{"other":"000 مليار ¤"},"1000000000000":{"other":"0 ترليون ¤"},"10000000000000":{"other":"00 ترليون ¤"},"100000000000000":{"other":"000 ترليون ¤"}},"standard":"‏#,##0.00 ¤;‏-#,##0.00 ¤","unitPattern":"{0} {1}"}},"decimal":{"arab":{"long":{"1000":{"few":"0 آلاف","other":"0 ألف"},"10000":{"other":"00 ألف"},"100000":{"other":"000 ألف"},"1000000":{"few":"0 ملايين","other":"0 مليون"},"10000000":{"few":"00 ملايين","other":"00 مليون"},"100000000":{"other":"000 مليون"},"1000000000":{"other":"0 مليار"},"10000000000":{"other":"00 مليار"},"100000000000":{"other":"000 مليار"},"1000000000000":{"other":"0 ترليون"},"10000000000000":{"other":"00 ترليون"},"100000000000000":{"other":"000 ترليون"}},"short":{"1000":{"few":"0 آلاف","other":"0 ألف"},"10000":{"other":"00 ألف"},"100000":{"other":"000 ألف"},"1000000":{"other":"0 مليون"},"10000000":{"other":"00 مليون"},"100000000":{"other":"000 مليون"},"1000000000":{"other":"0 مليار"},"10000000000":{"other":"00 مليار"},"100000000000":{"other":"000 مليار"},"1000000000000":{"other":"0 ترليون"},"10000000000000":{"other":"00 ترليون"},"100000000000000":{"other":"000 ترليون"}},"standard":"#,##0.###"},"latn":{"long":{"1000":{"few":"0 آلاف","other":"0 ألف"},"10000":{"other":"00 ألف"},"100000":{"other":"000 ألف"},"1000000":{"few":"0 ملايين","other":"0 مليون"},"10000000":{"few":"00 ملايين","other":"00 مليون"},"100000000":{"other":"000 مليون"},"1000000000":{"other":"0 مليار"},"10000000000":{"other":"00 مليار"},"100000000000":{"other":"000 مليار"},"1000000000000":{"other":"0 ترليون"},"10000000000000":{"other":"00 ترليون"},"100000000000000":{"other":"000 ترليون"}},"short":{"1000":{"few":"0 آلاف","other":"0 ألف"},"10000":{"other":"00 ألف"},"100000":{"other":"000 ألف"},"1000000":{"other":"0 مليون"},"10000000":{"other":"00 مليون"},"100000000":{"other":"000 مليون"},"1000000000":{"other":"0 مليار"},"10000000000":{"other":"00 مليار"},"100000000000":{"other":"000 مليار"},"1000000000000":{"other":"0 ترليون"},"10000000000000":{"other":"00 ترليون"},"100000000000000":{"other":"000 ترليون"}},"standard":"#,##0.###"}},"nu":["arab","latn"],"percent":{"arab":"#,##0%","latn":"#,##0%"},"symbols":{"arab":{"approximatelySign":"~","decimal":"٫","exponential":"اس","group":"٬","infinity":"∞","list":"؛","minusSign":"؜-","nan":"ليس رقم","perMille":"؉","percentSign":"٪؜","plusSign":"؜+","rangeSign":"–","superscriptingExponent":"×","timeSeparator":":"},"latn":{"approximatelySign":"~","decimal":".","exponential":"E","group":",","infinity":"∞","list":";","minusSign":"‎-","nan":"ليس رقمًا","perMille":"‰","percentSign":"‎%‎","plusSign":"‎+","rangeSign":"–","superscriptingExponent":"×","timeSeparator":":"}}},"units":{"compound":{"per":{"long":"{0} لكل {1}","narrow":"{0}/{1}","short":"{0}/{1}"}},"simple":{"acre":{"long":{"one":"فدان","other":"{0} فدان"},"narrow":{"one":"فدان","other":"{0} فدان"},"perUnit":{},"short":{"one":"فدان","other":"{0} فدان"}},"bit":{"long":{"other":"{0} بت"},"narrow":{"other":"{0} بت"},"perUnit":{},"short":{"other":"{0} بت"}},"byte":{"long":{"other":"{0} بايت"},"narrow":{"other":"{0} ب"},"perUnit":{},"short":{"other":"{0} بايت"}},"celsius":{"long":{"other":"{0} درجة مئوية"},"narrow":{"other":"{0}°م"},"perUnit":{},"short":{"other":"{0}°م"}},"centimeter":{"long":{"other":"{0} سنتيمتر"},"narrow":{"other":"{0} سم"},"perUnit":{"long":"{0}/سنتيمتر","narrow":"{0}/سم","short":"{0}/سم"},"short":{"other":"{0} سم"}},"day":{"long":{"few":"{0} أيام","many":"{0} يومًا","one":"يوم","other":"{0} يوم","two":"يومان"},"narrow":{"other":"{0} ي"},"perUnit":{"long":"{0} في اليوم","narrow":"{0}/ي","short":"{0}/ي"},"short":{"few":"{0} أيام","many":"{0} يومًا","one":"يوم","other":"{0} يوم","two":"يومان"}},"degree":{"long":{"few":"{0} درجات","one":"درجة","other":"{0} درجة","two":"درجتان"},"narrow":{"few":"{0} درجات","other":"{0} درجة","two":"درجتان"},"perUnit":{},"short":{"few":"{0} درجات","one":"درجة","other":"{0} درجة","two":"درجتان"}},"fahrenheit":{"long":{"other":"{0} درجة فهرنهايت"},"narrow":{"other":"{0}°ف"},"perUnit":{},"short":{"other":"{0}°ف"}},"fluid-ounce":{"long":{"one":"أونصة سائلة","other":"{0} أونصة سائلة","two":"أونصتان سائلتان"},"narrow":{"one":"أونصة س","other":"{0} أونصة س"},"perUnit":{},"short":{"few":"{0} أونصات سائلة","many":"{0} أونصة س","one":"أونصة س","other":"{0} أونصة سائلة","two":"{0} أونصة س"}},"foot":{"long":{"one":"قدم","other":"{0} قدم"},"narrow":{"many":"{0} قدمًا","one":"قدم","other":"{0} قدم"},"perUnit":{"long":"{0} لكل قدم","narrow":"{0}/قدم","short":"{0}/قدم"},"short":{"one":"قدم","other":"{0} قدم"}},"gallon":{"long":{"one":"غالون","other":"{0} غالون"},"narrow":{"one":"غالون","other":"{0} غالون"},"perUnit":{"long":"{0} لكل غالون","narrow":"{0}/غالون","short":"{0}/غالون"},"short":{"one":"غالون","other":"{0} غالون"}},"gigabit":{"long":{"other":"{0} غيغابت"},"narrow":{"other":"{0} غ.بت"},"perUnit":{},"short":{"other":"{0} غيغابت"}},"gigabyte":{"long":{"other":"{0} غيغابايت"},"narrow":{"other":"{0} غ.ب"},"perUnit":{},"short":{"other":"{0} غ.ب"}},"gram":{"long":{"few":"{0} غرامات","many":"{0} غرامًا","one":"غرام","other":"{0} غرام","two":"غرامان"},"narrow":{"other":"{0} غ"},"perUnit":{"long":"{0}/غرام","narrow":"{0} غ","short":"{0}/غرام"},"short":{"one":"غرام","other":"{0} غرام"}},"hectare":{"long":{"other":"{0} هكتار"},"narrow":{"other":"{0} هكتار"},"perUnit":{},"short":{"other":"{0} هكتار"}},"hour":{"long":{"few":"{0} ساعات","one":"ساعة","other":"{0} ساعة","two":"ساعتان"},"narrow":{"other":"{0} س"},"perUnit":{"long":"{0} في الساعة","narrow":"{0}/س","short":"{0}/س"},"short":{"other":"{0} س"}},"inch":{"long":{"other":"{0} بوصة"},"narrow":{"other":"{0} بوصة"},"perUnit":{"long":"{0}/بوصة","narrow":"{0}/بوصة","short":"{0}/بوصة"},"short":{"other":"{0} بوصة"}},"kilobit":{"long":{"other":"{0} كيلوبت"},"narrow":{"other":"{0} ك.بت"},"perUnit":{},"short":{"other":"{0} كيلوبت"}},"kilobyte":{"long":{"other":"{0} كيلوبايت"},"narrow":{"other":"{0} ك.ب"},"perUnit":{},"short":{"other":"{0} كيلوبايت"}},"kilogram":{"long":{"other":"{0} كيلوغرام"},"narrow":{"other":"{0} كغ"},"perUnit":{"long":"{0}/كيلوغرام","narrow":"{0}/كغ","short":"{0}/كغم"},"short":{"other":"{0} كغم"}},"kilometer":{"long":{"other":"{0} كيلومتر"},"narrow":{"other":"{0} كم"},"perUnit":{"long":"{0}/كيلومتر","narrow":"{0}/كم","short":"{0}/كم"},"short":{"other":"{0} كم"}},"kilometer-per-hour":{"long":{"other":"{0} كيلومتر في الساعة"},"narrow":{"other":"{0} كم/س"},"perUnit":{},"short":{"other":"{0} كم/س"}},"liter":{"long":{"one":"لتر","other":"{0} لتر"},"narrow":{"other":"{0} ل"},"perUnit":{"long":"{0} لكل لتر","narrow":"{0}/ل","short":"{0}/ل"},"short":{"one":"لتر","other":"{0} لتر"}},"liter-per-kilometer":{"long":{"few":"{0} لترات لكل كيلومتر","many":"{0} لترًا لكل كيلومتر","other":"{0} لتر لكل كيلومتر","two":"لتران لكل كيلومتر"},"narrow":{"other":"{0} ل/كم"},"perUnit":{},"short":{"other":"{0} لتر/كم"}},"megabit":{"long":{"other":"{0} ميغابت"},"narrow":{"other":"{0} م.بت"},"perUnit":{},"short":{"other":"{0} ميغابت"}},"megabyte":{"long":{"other":"{0} ميغابايت"},"narrow":{"other":"{0} م.ب"},"perUnit":{},"short":{"other":"{0} م.ب"}},"meter":{"long":{"few":"{0} أمتار","many":"{0} مترًا","one":"متر","other":"{0} متر","two":"متران"},"narrow":{"other":"{0} م"},"perUnit":{"long":"{0} لكل متر","narrow":"{0}/م","short":"{0}/م"},"short":{"few":"{0} أمتار","many":"{0} مترًا","one":"متر","other":"{0} متر","two":"متران"}},"meter-per-second":{"long":{"other":"{0} متر في الثانية"},"narrow":{"other":"{0} م/ث"},"perUnit":{},"short":{"other":"{0} م/ث"}},"mile":{"long":{"few":"{0} أميال","many":"{0} ميلاً","one":"ميل","other":"{0} ميل","two":"ميلان"},"narrow":{"few":"{0} أميال","many":"{0} ميلاً","other":"{0} ميل"},"perUnit":{},"short":{"one":"ميل","other":"{0} ميل"}},"mile-per-gallon":{"long":{"few":"{0} أميال لكل غالون","many":"{0} ميلًا لكل غالون","other":"{0} ميل لكل غالون","two":"ميلان لكل غالون"},"narrow":{"other":"{0} ميل/غالون"},"perUnit":{},"short":{"other":"{0} ميل/غالون"}},"mile-per-hour":{"long":{"other":"{0} ميل في الساعة"},"narrow":{"other":"{0} ميل/س"},"perUnit":{},"short":{"other":"{0} ميل/س"}},"mile-scandinavian":{"long":{"other":"{0} ميل اسكندنافي"},"narrow":{"other":"{0} ميل اسكندنافي"},"perUnit":{},"short":{"other":"{0} ميل اسكندنافي"}},"milliliter":{"long":{"other":"{0} مليلتر"},"narrow":{"other":"{0} ملتر"},"perUnit":{},"short":{"other":"{0} ملتر"}},"millimeter":{"long":{"other":"{0} مليمتر"},"narrow":{"other":"{0} مم"},"perUnit":{},"short":{"other":"{0} مم"}},"millisecond":{"long":{"other":"{0} ملي ثانية"},"narrow":{"other":"{0} ملي ث"},"perUnit":{},"short":{"other":"{0} ملي ث"}},"minute":{"long":{"few":"{0} دقائق","one":"دقيقة","other":"{0} دقيقة","two":"دقيقتان"},"narrow":{"other":"{0} د"},"perUnit":{"long":"{0} كل دقيقة","narrow":"{0}/د","short":"{0}/د"},"short":{"other":"{0} د"}},"month":{"long":{"few":"{0} أشهر","many":"{0} شهرًا","one":"شهر","other":"{0} شهر","two":"شهران"},"narrow":{"few":"{0} أشهر","many":"{0} شهرًا","one":"شهر","other":"{0} شهر","two":"شهران"},"perUnit":{"long":"{0} في الشهر","narrow":"{0}/ش","short":"{0}/ش"},"short":{"few":"{0} أشهر","many":"{0} شهرًا","one":"شهر","other":"{0} شهر","two":"شهران"}},"ounce":{"long":{"other":"{0} أونصة"},"narrow":{"one":"أونصة","other":"{0} أونصة"},"perUnit":{"long":"{0}/أونصة","narrow":"{0}/أونصة","short":"{0}/أونصة"},"short":{"one":"أونصة","other":"{0} أونصة"}},"percent":{"long":{"few":"{0}٪","many":"{0}٪","other":"{0} بالمائة","two":"{0}٪","zero":"{0}٪"},"narrow":{"other":"{0}٪"},"perUnit":{},"short":{"other":"{0}٪"}},"petabyte":{"long":{"other":"{0} بيتابايت"},"narrow":{"other":"{0} بيتابايت"},"perUnit":{},"short":{"other":"{0} بيتابايت"}},"pound":{"long":{"many":"{0} رطلًا","other":"{0} رطل","two":"رطلان"},"narrow":{"other":"{0} رطل"},"perUnit":{"long":"{0}/رطل","narrow":"{0}/رطل","short":"{0}/رطل"},"short":{"other":"{0} رطل"}},"second":{"long":{"few":"{0} ثوان","one":"ثانية","other":"{0} ثانية","two":"ثانيتان"},"narrow":{"other":"{0} ث"},"perUnit":{"long":"{0} في الثانية","narrow":"{0}/ث","short":"{0}/ث"},"short":{"other":"{0} ث"}},"stone":{"long":{"other":"{0} ستون"},"narrow":{"other":"{0} ستون"},"perUnit":{},"short":{"other":"{0} ستون"}},"terabit":{"long":{"other":"{0} تيرابت"},"narrow":{"other":"{0} ت.بت"},"perUnit":{},"short":{"other":"{0} تيرابت"}},"terabyte":{"long":{"other":"{0} تيرابايت"},"narrow":{"other":"{0} ت.ب"},"perUnit":{},"short":{"other":"{0} تيرابايت"}},"week":{"long":{"few":"{0} أسابيع","many":"{0} أسبوعًا","one":"أسبوع","other":"{0} أسبوع","two":"أسبوعان"},"narrow":{"other":"{0} أ"},"perUnit":{"long":"{0} في الأسبوع","narrow":"{0}/أ","short":"{0}/أ"},"short":{"few":"{0} أسابيع","many":"{0} أسبوعًا","one":"أسبوع","other":"{0} أسبوع","two":"أسبوعان"}},"yard":{"long":{"one":"ياردة","other":"{0} ياردة"},"narrow":{"other":"{0} ياردة"},"perUnit":{},"short":{"one":"ياردة","other":"{0} ياردة"}},"year":{"long":{"few":"{0} سنوات","one":"سنة","other":"{0} سنة","two":"سنتان"},"narrow":{"other":"{0} سنة"},"perUnit":{"long":"{0} في السنة","narrow":"{0}/سنة","short":"{0}/سنة"},"short":{"few":"{0} سنوات","one":"سنة واحدة","other":"{0} سنة","two":"سنتان"}}}}},"locale":"ar"}