{"data":{"currencies":{"ADP":{"displayName":{"one":"андорска песета","other":"андорски песети"},"narrow":"ADP","symbol":"ADP"},"AED":{"displayName":{"one":"дирхам на Обединените арабски емирства","other":"дирхама на Обединените арабски емирства"},"narrow":"AED","symbol":"AED"},"AFA":{"displayName":{"one":"афганистански афган (1927–2002)","other":"афганистански афгана (1927–2002)"},"narrow":"AFA","symbol":"AFA"},"AFN":{"displayName":{"one":"афганистански афган","other":"афганистански афгана"},"narrow":"Af","symbol":"AFN"},"ALL":{"displayName":{"one":"албански лек","other":"албански лека"},"narrow":"ALL","symbol":"ALL"},"AMD":{"displayName":{"one":"арменски драм","other":"арменски драма"},"narrow":"AMD","symbol":"AMD"},"ANG":{"displayName":{"one":"антилски гулден","other":"антилски гулдена"},"narrow":"ANG","symbol":"ANG"},"AOA":{"displayName":{"one":"анголска кванза","other":"анголски кванзи"},"narrow":"Kz","symbol":"AOA"},"AOK":{"displayName":{"one":"анголска кванца (1977–1991)","other":"анголски кванци (1977–1991)"},"narrow":"AOK","symbol":"AOK"},"AON":{"displayName":{"one":"анголска нова кванца (1990–2000)","other":"анголски нови кванци (1990–2000)"},"narrow":"AON","symbol":"AON"},"AOR":{"displayName":{"one":"анголска нова кванца (1995–1999)","other":"анголски нови кванци (1995–1999)"},"narrow":"AOR","symbol":"AOR"},"ARA":{"displayName":{"one":"аржентински австрал","other":"аржентински австрала"},"narrow":"ARA","symbol":"ARA"},"ARP":{"displayName":{"one":"аржентинско песо (1983–1985)","other":"аржентински песо (1983–1985)"},"narrow":"ARP","symbol":"ARP"},"ARS":{"displayName":{"one":"аржентинско песо","other":"аржентински песо"},"narrow":"ARS","symbol":"ARS"},"ATS":{"displayName":{"one":"австрийски шилинг","other":"австрийски шилинга"},"narrow":"ATS","symbol":"ATS"},"AUD":{"displayName":{"one":"австралийски долар","other":"австралийски долара"},"narrow":"AUD","symbol":"AUD"},"AWG":{"displayName":{"one":"арубски флорин","other":"арубски флорина"},"narrow":"AWG","symbol":"AWG"},"AZM":{"displayName":{"one":"азербайджански манат (1993–2006)","other":"азербайджански маната (1993–2006)"},"narrow":"AZM","symbol":"AZM"},"AZN":{"displayName":{"one":"азербайджански манат","other":"азербайджански маната"},"narrow":"AZN","symbol":"AZN"},"BAD":{"displayName":{"one":"Босна и Херцеговина-динар","other":"Босна и Херцеговина-динара"},"narrow":"BAD","symbol":"BAD"},"BAM":{"displayName":{"one":"босненска конвертируема марка","other":"босненски конвертируеми марки"},"narrow":"KM","symbol":"BAM"},"BBD":{"displayName":{"one":"барбадоски долар","other":"барбадоски долара"},"narrow":"BBD","symbol":"BBD"},"BDT":{"displayName":{"one":"бангладешка така","other":"бангладешки таки"},"narrow":"BDT","symbol":"BDT"},"BEC":{"displayName":{"one":"белгийски франк (конвертируем)","other":"белгийски франка (конвертируеми)"},"narrow":"BEC","symbol":"BEC"},"BEF":{"displayName":{"one":"белгийски франк","other":"белгийски франка"},"narrow":"BEF","symbol":"BEF"},"BEL":{"displayName":{"one":"белгийски франк (финансов)","other":"белгийски франка (финансови)"},"narrow":"BEL","symbol":"BEL"},"BGL":{"displayName":{"one":"български конвертируем лев","other":"български конвертируеми лева"},"narrow":"BGL","symbol":"BGL"},"BGN":{"displayName":{"one":"български лев","other":"български лева"},"narrow":"лв.","symbol":"лв."},"BHD":{"displayName":{"one":"бахрейнски динар","other":"бахрейнски динара"},"narrow":"BHD","symbol":"BHD"},"BIF":{"displayName":{"one":"бурундийски франк","other":"бурундийски франка"},"narrow":"BIF","symbol":"BIF"},"BMD":{"displayName":{"one":"бермудски долар","other":"бермудски долара"},"narrow":"BMD","symbol":"BMD"},"BND":{"displayName":{"one":"брунейски долар","other":"брунейски долара"},"narrow":"BND","symbol":"BND"},"BOB":{"displayName":{"one":"боливийско боливиано","other":"боливийски боливиано"},"narrow":"Bs","symbol":"BOB"},"BOP":{"displayName":{"one":"боливийско песо","other":"боливийски песо"},"narrow":"BOP","symbol":"BOP"},"BOV":{"displayName":{"other":"боливийски мвдол"},"narrow":"BOV","symbol":"BOV"},"BRB":{"displayName":{"other":"бразилско ново крузейро (1967–1986)"},"narrow":"BRB","symbol":"BRB"},"BRC":{"displayName":{"other":"Бразилско крозадо"},"narrow":"BRC","symbol":"BRC"},"BRE":{"displayName":{"other":"Бразилско крузейро (1990–1993)"},"narrow":"BRE","symbol":"BRE"},"BRL":{"displayName":{"one":"бразилски реал","other":"бразилски реала"},"narrow":"BRL","symbol":"BRL"},"BRN":{"displayName":{"other":"Бразилско ново крозадо"},"narrow":"BRN","symbol":"BRN"},"BRR":{"displayName":{"other":"Бразилско крузейро"},"narrow":"BRR","symbol":"BRR"},"BSD":{"displayName":{"one":"бахамски долар","other":"бахамски долара"},"narrow":"BSD","symbol":"BSD"},"BTN":{"displayName":{"one":"бутански нгултрум","other":"бутански нгултрума"},"narrow":"BTN","symbol":"BTN"},"BUK":{"displayName":{"other":"Бирмански киат"},"narrow":"BUK","symbol":"BUK"},"BWP":{"displayName":{"one":"ботсванска пула","other":"ботсвански пули"},"narrow":"P","symbol":"BWP"},"BYB":{"displayName":{"one":"беларуска нова рубла (1994–1999)","other":"беларуски нови рубли (1994–1999)"},"narrow":"BYB","symbol":"BYB"},"BYN":{"displayName":{"one":"беларуска рубла","other":"беларуски рубли"},"narrow":"BYN","symbol":"BYN"},"BYR":{"displayName":{"one":"беларуска рубла (2000–2016)","other":"беларуски рубли (2000–2016)"},"narrow":"BYR","symbol":"BYR"},"BZD":{"displayName":{"one":"белизийски долар","other":"белизийски долара"},"narrow":"BZD","symbol":"BZD"},"CAD":{"displayName":{"one":"канадски долар","other":"канадски долара"},"narrow":"CAD","symbol":"CAD"},"CDF":{"displayName":{"one":"конгоански франк","other":"конгоански франка"},"narrow":"CDF","symbol":"CDF"},"CHE":{"displayName":{"other":"WIR евро"},"narrow":"CHE","symbol":"CHE"},"CHF":{"displayName":{"one":"швейцарски франк","other":"швейцарски франка"},"narrow":"CHF","symbol":"CHF"},"CHW":{"displayName":{"other":"WIR франк"},"narrow":"CHW","symbol":"CHW"},"CLF":{"displayName":{"other":"Условна разчетна единица на Чили"},"narrow":"CLF","symbol":"CLF"},"CLP":{"displayName":{"one":"чилийско песо","other":"чилийски песо"},"narrow":"CLP","symbol":"CLP"},"CNH":{"displayName":{"one":"китайски юан (офшорен)","other":"китайски юана (офшорни)"},"narrow":"CNH","symbol":"CNH"},"CNY":{"displayName":{"one":"китайски юан","other":"китайски юана"},"narrow":"CNY","symbol":"CNY"},"COP":{"displayName":{"one":"колумбийско песо","other":"колумбийски песо"},"narrow":"COP","symbol":"COP"},"COU":{"displayName":{"other":"Колумбийска единица на реалната стойност"},"narrow":"COU","symbol":"COU"},"CRC":{"displayName":{"one":"костарикански колон","other":"костарикански колона"},"narrow":"CRC","symbol":"CRC"},"CSD":{"displayName":{"other":"Стар сръбски динар"},"narrow":"CSD","symbol":"CSD"},"CSK":{"displayName":{"one":"чехословашка конвертируема крона","other":"чехословашки конвертируеми крони"},"narrow":"CSK","symbol":"CSK"},"CUC":{"displayName":{"one":"кубинско конвертируемо песо","other":"кубински конвертируеми песо"},"narrow":"$","symbol":"CUC"},"CUP":{"displayName":{"one":"кубинско песо","other":"кубински песо"},"narrow":"CUP","symbol":"CUP"},"CVE":{"displayName":{"other":"ескудо на Кабо Верде"},"narrow":"CVE","symbol":"CVE"},"CYP":{"displayName":{"one":"кипърска лира","other":"кипърски лири"},"narrow":"CYP","symbol":"CYP"},"CZK":{"displayName":{"one":"чешка крона","other":"чешки крони"},"narrow":"Kč","symbol":"CZK"},"DDM":{"displayName":{"other":"Източногерманска марка"},"narrow":"DDM","symbol":"DDM"},"DEM":{"displayName":{"one":"германска марка","other":"германски марки"},"narrow":"DEM","symbol":"DEM"},"DJF":{"displayName":{"one":"джибутски франк","other":"джибутски франка"},"narrow":"DJF","symbol":"DJF"},"DKK":{"displayName":{"one":"датска крона","other":"датски крони"},"narrow":"kr","symbol":"DKK"},"DOP":{"displayName":{"one":"доминиканско песо","other":"доминикански песо"},"narrow":"DOP","symbol":"DOP"},"DZD":{"displayName":{"one":"алжирски динар","other":"алжирски динара"},"narrow":"DZD","symbol":"DZD"},"ECS":{"displayName":{"other":"еквадорско сукре"},"narrow":"ECS","symbol":"ECS"},"ECV":{"displayName":{"other":"Еквадорска банкова единица"},"narrow":"ECV","symbol":"ECV"},"EEK":{"displayName":{"one":"естонска крона","other":"естонски крони"},"narrow":"EEK","symbol":"EEK"},"EGP":{"displayName":{"one":"египетска лира","other":"египетски лири"},"narrow":"E£","symbol":"EGP"},"ERN":{"displayName":{"one":"еритрейска накфа","other":"еритрейски накфи"},"narrow":"ERN","symbol":"ERN"},"ESP":{"displayName":{"one":"испанска песета","other":"испански песети"},"narrow":"₧","symbol":"ESP"},"ETB":{"displayName":{"one":"етиопски бир","other":"етиопски бира"},"narrow":"ETB","symbol":"ETB"},"EUR":{"displayName":{"other":"евро"},"narrow":"€","symbol":"€"},"FIM":{"displayName":{"one":"финландска марка","other":"финландски марки"},"narrow":"FIM","symbol":"FIM"},"FJD":{"displayName":{"one":"фиджийски долар","other":"фиджийски долара"},"narrow":"FJD","symbol":"FJD"},"FKP":{"displayName":{"one":"фолкландска лира","other":"фолкландски лири"},"narrow":"FKP","symbol":"FKP"},"FRF":{"displayName":{"one":"френски франк","other":"френски франка"},"narrow":"FRF","symbol":"FRF"},"GBP":{"displayName":{"one":"британска лира","other":"британски лири"},"narrow":"£","symbol":"GBP"},"GEK":{"displayName":{"other":"Грузински купон"},"narrow":"GEK","symbol":"GEK"},"GEL":{"displayName":{"other":"грузински лари"},"narrow":"₾","symbol":"GEL"},"GHC":{"displayName":{"one":"ганайско седи (1979–2007)","other":"ганайски седи (1979–2007)"},"narrow":"GHC","symbol":"GHC"},"GHS":{"displayName":{"one":"ганайско седи","other":"ганайски седи"},"narrow":"GHS","symbol":"GHS"},"GIP":{"displayName":{"one":"гибралтарска лира","other":"гибралтарски лири"},"narrow":"GIP","symbol":"GIP"},"GMD":{"displayName":{"one":"гамбийско даласи","other":"гамбийски даласи"},"narrow":"GMD","symbol":"GMD"},"GNF":{"displayName":{"one":"гвинейски франк","other":"гвинейски франка"},"narrow":"FG","symbol":"GNF"},"GNS":{"displayName":{"other":"Гвинейска сили"},"narrow":"GNS","symbol":"GNS"},"GQE":{"displayName":{"other":"Екваториално гвинейско еквеле"},"narrow":"GQE","symbol":"GQE"},"GRD":{"displayName":{"one":"гръцка драхма","other":"гръцки драхми"},"narrow":"GRD","symbol":"GRD"},"GTQ":{"displayName":{"one":"гватемалски кетцал","other":"гватемалски кетцала"},"narrow":"Q","symbol":"GTQ"},"GWE":{"displayName":{"other":"Ескудо от Португалска Гвинея"},"narrow":"GWE","symbol":"GWE"},"GWP":{"displayName":{"other":"Гвинея-Бисау песо"},"narrow":"GWP","symbol":"GWP"},"GYD":{"displayName":{"one":"гаянски долар","other":"гаянски долара"},"narrow":"GYD","symbol":"GYD"},"HKD":{"displayName":{"one":"хонконгски долар","other":"хонконгски долара"},"narrow":"HKD","symbol":"HKD"},"HNL":{"displayName":{"one":"хондураска лемпира","other":"хондураски лемпири"},"narrow":"L","symbol":"HNL"},"HRD":{"displayName":{"one":"хърватски динар","other":"хърватски динара"},"narrow":"HRD","symbol":"HRD"},"HRK":{"displayName":{"one":"хърватска куна","other":"хърватски куни"},"narrow":"kn","symbol":"HRK"},"HTG":{"displayName":{"one":"хаитски гурд","other":"хаитски гурда"},"narrow":"HTG","symbol":"HTG"},"HUF":{"displayName":{"one":"унгарски форинт","other":"унгарски форинта"},"narrow":"Ft","symbol":"HUF"},"IDR":{"displayName":{"one":"индонезийска рупия","other":"индонезийски рупии"},"narrow":"Rp","symbol":"IDR"},"IEP":{"displayName":{"one":"ирландска лира","other":"ирландски лири"},"narrow":"IEP","symbol":"IEP"},"ILP":{"displayName":{"one":"израелска лира","other":"израелски лири"},"narrow":"ILP","symbol":"ILP"},"ILS":{"displayName":{"one":"израелски нов шекел","other":"израелски нови шекела"},"narrow":"ILS","symbol":"ILS"},"INR":{"displayName":{"one":"индийска рупия","other":"индийски рупии"},"narrow":"INR","symbol":"INR"},"IQD":{"displayName":{"one":"иракски динар","other":"иракски динара"},"narrow":"IQD","symbol":"IQD"},"IRR":{"displayName":{"one":"ирански риал","other":"ирански риала"},"narrow":"IRR","symbol":"IRR"},"ISK":{"displayName":{"one":"исландска крона","other":"исландски крони"},"narrow":"kr","symbol":"ISK"},"ITL":{"displayName":{"one":"италианска лира","other":"италиански лири"},"narrow":"ITL","symbol":"ITL"},"JMD":{"displayName":{"one":"ямайски долар","other":"ямайски долара"},"narrow":"JMD","symbol":"JMD"},"JOD":{"displayName":{"one":"йордански динар","other":"йордански динара"},"narrow":"JOD","symbol":"JOD"},"JPY":{"displayName":{"one":"японска йена","other":"японски йени"},"narrow":"¥","symbol":"JPY"},"KES":{"displayName":{"one":"кенийски шилинг","other":"кенийски шилинга"},"narrow":"KES","symbol":"KES"},"KGS":{"displayName":{"one":"киргизстански сом","other":"киргизстански сома"},"narrow":"KGS","symbol":"KGS"},"KHR":{"displayName":{"one":"камбоджански риел","other":"камбоджански риела"},"narrow":"KHR","symbol":"KHR"},"KMF":{"displayName":{"one":"коморски франк","other":"коморски франка"},"narrow":"CF","symbol":"KMF"},"KPW":{"displayName":{"one":"севернокорейски вон","other":"севернокорейски вона"},"narrow":"₩","symbol":"KPW"},"KRW":{"displayName":{"one":"южнокорейски вон","other":"южнокорейски вона"},"narrow":"KRW","symbol":"KRW"},"KWD":{"displayName":{"one":"кувейтски динар","other":"кувейтски динара"},"narrow":"KWD","symbol":"KWD"},"KYD":{"displayName":{"one":"кайманов долар","other":"кайманови долара"},"narrow":"KYD","symbol":"KYD"},"KZT":{"displayName":{"one":"казахстанско тенге","other":"казахстански тенге"},"narrow":"KZT","symbol":"KZT"},"LAK":{"displayName":{"one":"лаоски кип","other":"лаоски кипа"},"narrow":"LAK","symbol":"LAK"},"LBP":{"displayName":{"one":"ливанска лира","other":"ливански лири"},"narrow":"L£","symbol":"LBP"},"LKR":{"displayName":{"one":"шриланкска рупия","other":"шриланкски рупии"},"narrow":"Rs","symbol":"LKR"},"LRD":{"displayName":{"one":"либерийски долар","other":"либерийски долара"},"narrow":"LRD","symbol":"LRD"},"LSL":{"displayName":{"one":"лесотско лоти","other":"лесотски лоти"},"narrow":"LSL","symbol":"LSL"},"LTL":{"displayName":{"one":"литовски литас","other":"литовски литаса"},"narrow":"Lt","symbol":"LTL"},"LTT":{"displayName":{"other":"Литовски талон"},"narrow":"LTT","symbol":"LTT"},"LUF":{"displayName":{"one":"люксембургски франк","other":"люксембургски франка"},"narrow":"LUF","symbol":"LUF"},"LVL":{"displayName":{"one":"латвийски лат","other":"латвийски лата"},"narrow":"Ls","symbol":"LVL"},"LVR":{"displayName":{"one":"латвийска рубла","other":"латвийски рубли"},"narrow":"LVR","symbol":"LVR"},"LYD":{"displayName":{"one":"либийски динар","other":"либийски динара"},"narrow":"LYD","symbol":"LYD"},"MAD":{"displayName":{"one":"марокански дирхам","other":"марокански дирхама"},"narrow":"MAD","symbol":"MAD"},"MAF":{"displayName":{"one":"марокански франк","other":"марокански франка"},"narrow":"MAF","symbol":"MAF"},"MDL":{"displayName":{"one":"молдовска лея","other":"молдовски леи"},"narrow":"MDL","symbol":"MDL"},"MGA":{"displayName":{"one":"малгашко ариари","other":"малгашки ариари"},"narrow":"Ar","symbol":"MGA"},"MGF":{"displayName":{"one":"малгашки франк - Мадагаскар","other":"малгашки франка - Мадагаскар"},"narrow":"MGF","symbol":"MGF"},"MKD":{"displayName":{"one":"македонски денар","other":"македонски денара"},"narrow":"MKD","symbol":"MKD"},"MLF":{"displayName":{"other":"Малийски франк"},"narrow":"MLF","symbol":"MLF"},"MMK":{"displayName":{"one":"мианмарски киат","other":"мианмарски киата"},"narrow":"K","symbol":"MMK"},"MNT":{"displayName":{"one":"монголски тугрик","other":"монголски тугрика"},"narrow":"MNT","symbol":"MNT"},"MOP":{"displayName":{"one":"патака на Макао","other":"патаки на Макао"},"narrow":"MOP","symbol":"MOP"},"MRO":{"displayName":{"one":"мавританска угия (1973–2017)","other":"мавритански угии (1973–2017)"},"narrow":"MRO","symbol":"MRO"},"MRU":{"displayName":{"one":"мавританска угия","other":"мавритански угии"},"narrow":"MRU","symbol":"MRU"},"MTL":{"displayName":{"one":"малтийска лира","other":"малтийски лири"},"narrow":"MTL","symbol":"MTL"},"MUR":{"displayName":{"one":"маврицийска рупия","other":"маврицийски рупии"},"narrow":"Rs","symbol":"MUR"},"MVR":{"displayName":{"one":"малдивска руфия","other":"малдивски руфии"},"narrow":"MVR","symbol":"MVR"},"MWK":{"displayName":{"one":"малавийска куача","other":"малавийски куачи"},"narrow":"MWK","symbol":"MWK"},"MXN":{"displayName":{"one":"мексиканско песо","other":"мексикански песо"},"narrow":"MXN","symbol":"MXN"},"MXP":{"displayName":{"one":"мексиканско сребърно песо (1861–1992)","other":"мексикански сребърни песо (1861–1992)"},"narrow":"MXP","symbol":"MXP"},"MXV":{"displayName":{"other":"Мексиканска конвертируема единица (UDI)"},"narrow":"MXV","symbol":"MXV"},"MYR":{"displayName":{"one":"малайзийски рингит","other":"малайзийски рингита"},"narrow":"RM","symbol":"MYR"},"MZE":{"displayName":{"one":"мозамбикско ескудо","other":"мозамбикски ескудо"},"narrow":"MZE","symbol":"MZE"},"MZM":{"displayName":{"one":"мозамбикски метикал (1980–2006)","other":"мозамбикски метикала (1980–2006)"},"narrow":"MZM","symbol":"MZM"},"MZN":{"displayName":{"one":"мозамбикски метикал","other":"мозамбикски метикала"},"narrow":"MZN","symbol":"MZN"},"NAD":{"displayName":{"one":"намибийски долар","other":"намибийски долара"},"narrow":"NAD","symbol":"NAD"},"NGN":{"displayName":{"one":"нигерийска найра","other":"нигерийски найри"},"narrow":"NGN","symbol":"NGN"},"NIC":{"displayName":{"one":"никарагуанска кордоба (1988–1991)","other":"никарагуански кордоби (1988–1991)"},"narrow":"NIC","symbol":"NIC"},"NIO":{"displayName":{"one":"никарагуанска кордоба","other":"никарагуански кордоби"},"narrow":"C$","symbol":"NIO"},"NLG":{"displayName":{"one":"холандски гулден","other":"холандски гулдена"},"narrow":"NLG","symbol":"NLG"},"NOK":{"displayName":{"one":"норвежка крона","other":"норвежки крони"},"narrow":"kr","symbol":"NOK"},"NPR":{"displayName":{"one":"непалска рупия","other":"непалски рупии"},"narrow":"Rs","symbol":"NPR"},"NZD":{"displayName":{"one":"новозеландски долар","other":"новозеландски долара"},"narrow":"NZD","symbol":"NZD"},"OMR":{"displayName":{"one":"омански риал","other":"омански риала"},"narrow":"OMR","symbol":"OMR"},"PAB":{"displayName":{"one":"панамска балбоа","other":"панамски балбоа"},"narrow":"PAB","symbol":"PAB"},"PEI":{"displayName":{"other":"Перуанско инти"},"narrow":"PEI","symbol":"PEI"},"PEN":{"displayName":{"one":"перуански сол","other":"перуански сола"},"narrow":"PEN","symbol":"PEN"},"PES":{"displayName":{"other":"перуански сол (1863–1965)"},"narrow":"PES","symbol":"PES"},"PGK":{"displayName":{"one":"папуа-новогвинейска кина","other":"папуа-новогвинейски кини"},"narrow":"PGK","symbol":"PGK"},"PHP":{"displayName":{"one":"филипинско песо","other":"филипински песо"},"narrow":"PHP","symbol":"PHP"},"PKR":{"displayName":{"one":"пакистанска рупия","other":"пакистански рупии"},"narrow":"Rs","symbol":"PKR"},"PLN":{"displayName":{"one":"полска злота","other":"полски злоти"},"narrow":"zł","symbol":"PLN"},"PLZ":{"displayName":{"one":"полска злота (1950–1995)","other":"полски злоти (1950–1995)"},"narrow":"PLZ","symbol":"PLZ"},"PTE":{"displayName":{"one":"португалско ескудо","other":"португалски ескудо"},"narrow":"PTE","symbol":"PTE"},"PYG":{"displayName":{"one":"парагвайско гуарани","other":"парагвайски гуарани"},"narrow":"PYG","symbol":"PYG"},"QAR":{"displayName":{"one":"катарски риал","other":"катарски риала"},"narrow":"QAR","symbol":"QAR"},"RHD":{"displayName":{"other":"Родезийски долар"},"narrow":"RHD","symbol":"RHD"},"ROL":{"displayName":{"one":"стара румънска лея","other":"стари румънски леи"},"narrow":"ROL","symbol":"ROL"},"RON":{"displayName":{"one":"румънска лея","other":"румънски леи"},"narrow":"RON","symbol":"RON"},"RSD":{"displayName":{"one":"сръбски динар","other":"сръбски динара"},"narrow":"RSD","symbol":"RSD"},"RUB":{"displayName":{"one":"руска рубла","other":"руски рубли"},"narrow":"₽","symbol":"RUB"},"RUR":{"displayName":{"one":"руска рубла (1991–1998)","other":"руски рубли (1991–1998)"},"narrow":"RUR","symbol":"RUR"},"RWF":{"displayName":{"one":"руандски франк","other":"руандски франка"},"narrow":"RF","symbol":"RWF"},"SAR":{"displayName":{"one":"саудитски риал","other":"саудитски риала"},"narrow":"SAR","symbol":"SAR"},"SBD":{"displayName":{"one":"долар на Соломоновите острови","other":"долара на Соломоновите острови"},"narrow":"SBD","symbol":"SBD"},"SCR":{"displayName":{"one":"сейшелска рупия","other":"сейшелски рупии"},"narrow":"SCR","symbol":"SCR"},"SDD":{"displayName":{"one":"судански динар","other":"судански динара"},"narrow":"SDD","symbol":"SDD"},"SDG":{"displayName":{"one":"суданска лира","other":"судански лири"},"narrow":"SDG","symbol":"SDG"},"SEK":{"displayName":{"one":"шведска крона","other":"шведски крони"},"narrow":"kr","symbol":"SEK"},"SGD":{"displayName":{"one":"сингапурски долар","other":"сингапурски долара"},"narrow":"SGD","symbol":"SGD"},"SHP":{"displayName":{"one":"лира на Света Елена","other":"лири на Света Елена"},"narrow":"£","symbol":"SHP"},"SIT":{"displayName":{"one":"словенски толар","other":"словенски толара"},"narrow":"SIT","symbol":"SIT"},"SKK":{"displayName":{"one":"словашка крона","other":"словашки крони"},"narrow":"SKK","symbol":"SKK"},"SLL":{"displayName":{"one":"сиералеонско леоне","other":"сиералеонски леоне"},"narrow":"SLL","symbol":"SLL"},"SOS":{"displayName":{"one":"сомалийски шилинг","other":"сомалийски шилинга"},"narrow":"SOS","symbol":"SOS"},"SRD":{"displayName":{"one":"суринамски долар","other":"суринамски долара"},"narrow":"SRD","symbol":"SRD"},"SRG":{"displayName":{"one":"суринамски гилдер","other":"суринамски гилдера"},"narrow":"SRG","symbol":"SRG"},"SSP":{"displayName":{"one":"южносуданска лира","other":"южносудански лири"},"narrow":"SSP","symbol":"SSP"},"STD":{"displayName":{"other":"добра на Сао Томе и Принсипи (1977–2017)"},"narrow":"STD","symbol":"STD"},"STN":{"displayName":{"other":"добра на Сао Томе и Принсипи"},"narrow":"Db","symbol":"STN"},"SUR":{"displayName":{"one":"съветска рубла","other":"съветски рубли"},"narrow":"SUR","symbol":"SUR"},"SVC":{"displayName":{"one":"салвадорски колон","other":"салвадорски колона"},"narrow":"SVC","symbol":"SVC"},"SYP":{"displayName":{"one":"сирийска лира","other":"сирийски лири"},"narrow":"£","symbol":"SYP"},"SZL":{"displayName":{"other":"свазилендски лилангени"},"narrow":"SZL","symbol":"SZL"},"THB":{"displayName":{"one":"тайландски бат","other":"тайландски бата"},"narrow":"฿","symbol":"THB"},"TJR":{"displayName":{"one":"таджикистанска рубла","other":"таджикистански рубли"},"narrow":"TJR","symbol":"TJR"},"TJS":{"displayName":{"other":"таджикистански сомони"},"narrow":"TJS","symbol":"TJS"},"TMM":{"displayName":{"one":"туркменистански манат","other":"туркменистански маната"},"narrow":"TMM","symbol":"TMM"},"TMT":{"displayName":{"one":"туркменски манат","other":"туркменски маната"},"narrow":"TMT","symbol":"TMT"},"TND":{"displayName":{"one":"тунизийски динар","other":"тунизийски динара"},"narrow":"TND","symbol":"TND"},"TOP":{"displayName":{"one":"тонганска паанга","other":"тонгански паанги"},"narrow":"T$","symbol":"TOP"},"TPE":{"displayName":{"one":"тиморско ескудо","other":"тиморски ескудо"},"narrow":"TPE","symbol":"TPE"},"TRL":{"displayName":{"one":"турска лира (1922–2005)","other":"турски лири (1922–2005)"},"narrow":"TRL","symbol":"TRL"},"TRY":{"displayName":{"one":"турска лира","other":"турски лири"},"narrow":"TRY","symbol":"TRY"},"TTD":{"displayName":{"one":"долар на Тринидад и Тобаго","other":"долара на Тринидад и Тобаго"},"narrow":"TTD","symbol":"TTD"},"TWD":{"displayName":{"one":"тайвански долар","other":"тайвански долара"},"narrow":"TWD","symbol":"TWD"},"TZS":{"displayName":{"one":"танзанийски шилинг","other":"танзанийски шилинга"},"narrow":"TZS","symbol":"TZS"},"UAH":{"displayName":{"one":"украинска гривня","other":"украински гривни"},"narrow":"UAH","symbol":"UAH"},"UAK":{"displayName":{"one":"украински карбованец","other":"украински карбованеца"},"narrow":"UAK","symbol":"UAK"},"UGS":{"displayName":{"one":"угандийски шилинг (1966–1987)","other":"угандийски шилинга (1966–1987)"},"narrow":"UGS","symbol":"UGS"},"UGX":{"displayName":{"one":"угандски шилинг","other":"угандски шилинга"},"narrow":"UGX","symbol":"UGX"},"USD":{"displayName":{"one":"щатски долар","other":"щатски долара"},"narrow":"$","symbol":"щ.д."},"USN":{"displayName":{},"narrow":"USN","symbol":"USN"},"USS":{"displayName":{},"narrow":"USS","symbol":"USS"},"UYI":{"displayName":{"other":"Уругвайско песо (индекс на инфлацията)"},"narrow":"UYI","symbol":"UYI"},"UYP":{"displayName":{"one":"уругвайско песо (1975–1993)","other":"уругвайски песо (1975–1993)"},"narrow":"UYP","symbol":"UYP"},"UYU":{"displayName":{"one":"уругвайско песо","other":"уругвайски песо"},"narrow":"UYU","symbol":"UYU"},"UZS":{"displayName":{"one":"узбекски сум","other":"узбекски сума"},"narrow":"UZS","symbol":"UZS"},"VEB":{"displayName":{"one":"венецуелски боливар (1871–2008)","other":"венецуелски боливара (1871–2008)"},"narrow":"VEB","symbol":"VEB"},"VEF":{"displayName":{"one":"венецуелски боливар","other":"венецуелски боливара"},"narrow":"Bs","symbol":"VEF"},"VES":{"displayName":{"one":"венецуелски боливар (VES)","other":"венецуелски боливара (VES)"},"narrow":"VES","symbol":"VES"},"VND":{"displayName":{"one":"виетнамски донг","other":"виетнамски донга"},"narrow":"VND","symbol":"VND"},"VUV":{"displayName":{"one":"вануатско вату","other":"вануатски вату"},"narrow":"VUV","symbol":"VUV"},"WST":{"displayName":{"one":"самоанска тала","other":"самоански тали"},"narrow":"WST","symbol":"WST"},"XAF":{"displayName":{"one":"централноафрикански франк","other":"централноафрикански франка"},"narrow":"FCFA","symbol":"FCFA"},"XAG":{"displayName":{"other":"Сребро"},"narrow":"XAG","symbol":"XAG"},"XAU":{"displayName":{"other":"Злато"},"narrow":"XAU","symbol":"XAU"},"XBA":{"displayName":{"other":"Европейска съставна единица"},"narrow":"XBA","symbol":"XBA"},"XBB":{"displayName":{"other":"Европейска валутна единица"},"narrow":"XBB","symbol":"XBB"},"XBC":{"displayName":{"other":"Европейска единица по сметка (XBC)"},"narrow":"XBC","symbol":"XBC"},"XBD":{"displayName":{"other":"Европейска единица по сметка (XBD)"},"narrow":"XBD","symbol":"XBD"},"XCD":{"displayName":{"one":"източнокарибски долар","other":"източнокарибски долара"},"narrow":"$","symbol":"XCD"},"XDR":{"displayName":{"other":"Специални права на тираж"},"narrow":"XDR","symbol":"XDR"},"XEU":{"displayName":{"other":"Еку на ЕИО"},"narrow":"XEU","symbol":"XEU"},"XFO":{"displayName":{"one":"френски златен франк","other":"френски златна франка"},"narrow":"XFO","symbol":"XFO"},"XOF":{"displayName":{"one":"западноафрикански франк","other":"западноафрикански франка"},"narrow":"F CFA","symbol":"F CFA"},"XPD":{"displayName":{"other":"Паладий"},"narrow":"XPD","symbol":"XPD"},"XPF":{"displayName":{"one":"CFP франк","other":"CFP франка"},"narrow":"CFPF","symbol":"CFPF"},"XPT":{"displayName":{"other":"Платина"},"narrow":"XPT","symbol":"XPT"},"XTS":{"displayName":{"other":"Код резервиран за целите на тестване"},"narrow":"XTS","symbol":"XTS"},"XXX":{"displayName":{"other":"(непозната валута)"},"narrow":"¤","symbol":"¤"},"YDD":{"displayName":{"one":"йеменски динар","other":"йеменски динара"},"narrow":"YDD","symbol":"YDD"},"YER":{"displayName":{"one":"йеменски риал","other":"йеменски риала"},"narrow":"YER","symbol":"YER"},"YUD":{"displayName":{"other":"Югославски твърд динар"},"narrow":"YUD","symbol":"YUD"},"YUM":{"displayName":{"one":"югославски динар","other":"югославски динара"},"narrow":"YUM","symbol":"YUM"},"YUN":{"displayName":{"one":"югославски конвертируем динар","other":"югославски конвертируеми динара"},"narrow":"YUN","symbol":"YUN"},"ZAL":{"displayName":{"one":"южноафрикански ранд (финансов)","other":"южноафрикански ранда (финансови)"},"narrow":"ZAL","symbol":"ZAL"},"ZAR":{"displayName":{"one":"южноафрикански ранд","other":"южноафрикански ранда"},"narrow":"R","symbol":"ZAR"},"ZMK":{"displayName":{"one":"замбийска квача (1968–2012)","other":"замбийски квачи (1968–2012)"},"narrow":"ZMK","symbol":"ZMK"},"ZMW":{"displayName":{"one":"замбийска куача","other":"замбийски куачи"},"narrow":"ZK","symbol":"ZMW"},"ZRN":{"displayName":{"one":"заирско ново зайре","other":"заирски нови зайре"},"narrow":"ZRN","symbol":"ZRN"},"ZRZ":{"displayName":{"one":"заирско зайре","other":"заирски зайре"},"narrow":"ZRZ","symbol":"ZRZ"},"ZWD":{"displayName":{"one":"зимбабвийски долар","other":"зимбабвийски долара"},"narrow":"ZWD","symbol":"ZWD"},"ZWL":{"displayName":{"one":"зимбабвийски долар (2009)","other":"зимбабвийски долара (2009)"},"narrow":"ZWL","symbol":"ZWL"}},"nu":["latn"],"numbers":{"currency":{"latn":{"accounting":"#,##0.00 ¤;(#,##0.00 ¤)","currencySpacing":{"afterInsertBetween":" ","beforeInsertBetween":" "},"short":{"1000":{"other":"0 хил'.' ¤"},"10000":{"other":"00 хил'.' ¤"},"100000":{"other":"000 хил'.' ¤"},"1000000":{"other":"0 млн'.' ¤"},"10000000":{"other":"00 млн'.' ¤"},"100000000":{"other":"000 млн'.' ¤"},"1000000000":{"other":"0 млрд'.' ¤"},"10000000000":{"other":"00 млрд'.' ¤"},"100000000000":{"other":"000 млрд'.' ¤"},"1000000000000":{"other":"0 трлн'.' ¤"},"10000000000000":{"other":"00 трлн'.' ¤"},"100000000000000":{"other":"000 трлн'.' ¤"}},"standard":"#,##0.00 ¤","unitPattern":"{0} {1}"}},"decimal":{"latn":{"long":{"1000":{"one":"0 хил'.'","other":"0 хиляди"},"10000":{"other":"00 хиляди"},"100000":{"other":"000 хиляди"},"1000000":{"one":"0 милион","other":"0 милиона"},"10000000":{"other":"00 милиона"},"100000000":{"other":"000 милиона"},"1000000000":{"one":"0 милиард","other":"0 милиарда"},"10000000000":{"other":"00 милиарда"},"100000000000":{"other":"000 милиарда"},"1000000000000":{"one":"0 трилион","other":"0 трилиона"},"10000000000000":{"other":"00 трилиона"},"100000000000000":{"other":"000 трилиона"}},"short":{"1000":{"other":"0 хил'.'"},"10000":{"other":"00 хил'.'"},"100000":{"other":"000 хил'.'"},"1000000":{"other":"0 млн'.'"},"10000000":{"other":"00 млн'.'"},"100000000":{"other":"000 млн'.'"},"1000000000":{"other":"0 млрд'.'"},"10000000000":{"other":"00 млрд'.'"},"100000000000":{"other":"000 млрд'.'"},"1000000000000":{"other":"0 трлн'.'"},"10000000000000":{"other":"00 трлн'.'"},"100000000000000":{"other":"000 трлн'.'"}},"standard":"#,##0.###"}},"nu":["latn"],"percent":{"latn":"#,##0%"},"symbols":{"latn":{"approximatelySign":"~","decimal":",","exponential":"E","group":" ","infinity":"∞","list":";","minusSign":"-","nan":"NaN","perMille":"‰","percentSign":"%","plusSign":"+","rangeSign":" ","superscriptingExponent":"×","timeSeparator":":"}}},"units":{"compound":{"per":{"long":"{0} на {1}","narrow":"{0}/{1}","short":"{0}/{1}"}},"simple":{"acre":{"long":{"one":"{0} акър","other":"{0} акра"},"narrow":{"one":"{0} акър","other":"{0} акра"},"perUnit":{},"short":{"one":"{0} акър","other":"{0} акра"}},"bit":{"long":{"one":"{0} бит","other":"{0} бита"},"narrow":{"other":"{0} b"},"perUnit":{},"short":{"other":"{0} b"}},"byte":{"long":{"one":"{0} байт","other":"{0} байта"},"narrow":{"other":"{0} B"},"perUnit":{},"short":{"other":"{0} B"}},"celsius":{"long":{"one":"{0} градус Целзий","other":"{0} градуса Целзий"},"narrow":{"other":"{0}°C"},"perUnit":{},"short":{"other":"{0}°C"}},"centimeter":{"long":{"one":"{0} сантиметър","other":"{0} сантиметра"},"narrow":{"other":"{0} cm"},"perUnit":{"long":"{0} на сантиметър","narrow":"{0}/cm","short":"{0}/cm"},"short":{"other":"{0} cm"}},"day":{"long":{"one":"{0} ден","other":"{0} дни"},"narrow":{"other":"{0} д"},"perUnit":{"long":"{0} на ден","narrow":"{0}/д","short":"{0}/д"},"short":{"other":"{0} д"}},"degree":{"long":{"one":"{0} градус","other":"{0} градуса"},"narrow":{"other":"{0}°"},"perUnit":{},"short":{"other":"{0}°"}},"fahrenheit":{"long":{"one":"{0} градус по Фаренхайт","other":"{0} градуса по Фаренхайт"},"narrow":{"other":"{0} °F"},"perUnit":{},"short":{"other":"{0}°F"}},"fluid-ounce":{"long":{"one":"{0} течна унция","other":"{0} течни унции"},"narrow":{"other":"{0} fl oz US"},"perUnit":{},"short":{"other":"{0} fl oz US"}},"foot":{"long":{"one":"{0} фут","other":"{0} фута"},"narrow":{"one":"{0} фут","other":"{0} фута"},"perUnit":{"long":"{0} на фут","narrow":"{0}/ft","short":"{0}/ft"},"short":{"other":"{0} ft"}},"gallon":{"long":{"one":"{0} галон","other":"{0} галона"},"narrow":{"other":"{0} gal US"},"perUnit":{"long":"{0} на галон","narrow":"{0}/gal US","short":"{0}/gal US"},"short":{"other":"{0} gal US"}},"gigabit":{"long":{"one":"{0} гигабит","other":"{0} гигабита"},"narrow":{"other":"{0} Gb"},"perUnit":{},"short":{"other":"{0} Gb"}},"gigabyte":{"long":{"one":"{0} гигабайт","other":"{0} гигабайта"},"narrow":{"other":"{0} GB"},"perUnit":{},"short":{"other":"{0} GB"}},"gram":{"long":{"one":"{0} грам","other":"{0} грама"},"narrow":{"other":"{0} g"},"perUnit":{"long":"{0} на грам","narrow":"{0}/g","short":"{0}/g"},"short":{"other":"{0} g"}},"hectare":{"long":{"one":"{0} хектар","other":"{0} хектара"},"narrow":{"other":"{0} ha"},"perUnit":{},"short":{"other":"{0} ha"}},"hour":{"long":{"one":"{0} час","other":"{0} часа"},"narrow":{"other":"{0} ч"},"perUnit":{"long":"{0} за час","narrow":"{0}/ч","short":"{0}/ч"},"short":{"other":"{0} ч"}},"inch":{"long":{"one":"{0} инч","other":"{0} инча"},"narrow":{"other":"{0}\""},"perUnit":{"long":"{0} на инч","narrow":"{0}/in","short":"{0}/in"},"short":{"other":"{0} in"}},"kilobit":{"long":{"one":"{0} килобит","other":"{0} килобита"},"narrow":{"other":"{0} kb"},"perUnit":{},"short":{"other":"{0} kb"}},"kilobyte":{"long":{"one":"{0} килобайт","other":"{0} килобайта"},"narrow":{"other":"{0} kB"},"perUnit":{},"short":{"other":"{0} kB"}},"kilogram":{"long":{"one":"{0} килограм","other":"{0} килограма"},"narrow":{"other":"{0} kg"},"perUnit":{"long":"{0} на килограм","narrow":"{0}/kg","short":"{0}/kg"},"short":{"other":"{0} kg"}},"kilometer":{"long":{"one":"{0} километър","other":"{0} километра"},"narrow":{"other":"{0} km"},"perUnit":{"long":"{0} на километър","narrow":"{0}/km","short":"{0}/km"},"short":{"other":"{0} km"}},"kilometer-per-hour":{"long":{"one":"{0} километър в час","other":"{0} километра в час"},"narrow":{"other":"{0} km/h"},"perUnit":{},"short":{"other":"{0} km/h"}},"liter":{"long":{"one":"{0} литър","other":"{0} литра"},"narrow":{"other":"{0} l"},"perUnit":{"long":"{0} на литър","narrow":"{0}/l","short":"{0}/l"},"short":{"other":"{0} l"}},"liter-per-kilometer":{"long":{"one":"{0} литър на километър","other":"{0} литра на километър"},"narrow":{"other":"{0} l/km"},"perUnit":{},"short":{"other":"{0} l/km"}},"megabit":{"long":{"one":"{0} мегабит","other":"{0} мегабита"},"narrow":{"other":"{0} Mb"},"perUnit":{},"short":{"other":"{0} Mb"}},"megabyte":{"long":{"one":"{0} мегабайт","other":"{0} мегабайта"},"narrow":{"other":"{0} MB"},"perUnit":{},"short":{"other":"{0} MB"}},"meter":{"long":{"one":"{0} метър","other":"{0} метра"},"narrow":{"other":"{0} m"},"perUnit":{"long":"{0} на метър","narrow":"{0}/m","short":"{0}/m"},"short":{"other":"{0} m"}},"meter-per-second":{"long":{"one":"{0} метър за секунда","other":"{0} метра за секунда"},"narrow":{"other":"{0} m/s"},"perUnit":{},"short":{"other":"{0} m/s"}},"mile":{"long":{"one":"{0} миля","other":"{0} мили"},"narrow":{"one":"{0} миля","other":"{0} мили"},"perUnit":{},"short":{"other":"{0} mi"}},"mile-per-gallon":{"long":{"one":"{0} миля на галон","other":"{0} мили на галон"},"narrow":{"other":"{0} mpg"},"perUnit":{},"short":{"other":"{0} mpg"}},"mile-per-hour":{"long":{"one":"{0} миля в час","other":"{0} мили в час"},"narrow":{"one":"{0} миля/ч","other":"{0} мили/ч"},"perUnit":{},"short":{"other":"{0} mph"}},"mile-scandinavian":{"long":{"one":"{0} шведска миля","other":"{0} шведски мили"},"narrow":{"other":"{0} smi"},"perUnit":{},"short":{"other":"{0} smi"}},"milliliter":{"long":{"one":"{0} милилитър","other":"{0} милилитра"},"narrow":{"other":"{0} ml"},"perUnit":{},"short":{"other":"{0} ml"}},"millimeter":{"long":{"one":"{0} милиметър","other":"{0} милиметра"},"narrow":{"other":"{0} mm"},"perUnit":{},"short":{"other":"{0} mm"}},"millisecond":{"long":{"one":"{0} милисекунда","other":"{0} милисекунди"},"narrow":{"other":"{0} мсек"},"perUnit":{},"short":{"other":"{0} мсек"}},"minute":{"long":{"one":"{0} минута","other":"{0} минути"},"narrow":{"other":"{0} мин"},"perUnit":{"long":"{0} на минута","narrow":"{0}/мин","short":"{0}/мин"},"short":{"other":"{0} мин"}},"month":{"long":{"one":"{0} месец","other":"{0} месеца"},"narrow":{"other":"{0} мес."},"perUnit":{"long":"{0} на месец","narrow":"{0}/мес.","short":"{0}/месец"},"short":{"other":"{0} мес."}},"ounce":{"long":{"one":"{0} унция","other":"{0} унции"},"narrow":{"other":"{0} унц."},"perUnit":{"long":"{0} на унция","narrow":"{0}/oz","short":"{0}/oz"},"short":{"other":"{0} oz"}},"percent":{"long":{"one":"{0} процент","other":"{0} процента"},"narrow":{"other":"{0}%"},"perUnit":{},"short":{"other":"{0}%"}},"petabyte":{"long":{"one":"{0} петабайт","other":"{0} петабайта"},"narrow":{"other":"{0} PB"},"perUnit":{},"short":{"other":"{0} PB"}},"pound":{"long":{"one":"{0} фунт","other":"{0} фунта"},"narrow":{"one":"{0} фунт","other":"{0} фунта"},"perUnit":{"long":"{0} на фунт","narrow":"{0}/lb","short":"{0}/lb"},"short":{"other":"{0} lb"}},"second":{"long":{"one":"{0} секунда","other":"{0} секунди"},"narrow":{"other":"{0} с"},"perUnit":{"long":"{0} за секунда","narrow":"{0}/сек","short":"{0}/сек"},"short":{"other":"{0} сек"}},"stone":{"long":{"one":"{0} стоун","other":"{0} стоуна"},"narrow":{"other":"{0} st"},"perUnit":{},"short":{"other":"{0} st"}},"terabit":{"long":{"one":"{0} терабит","other":"{0} терабита"},"narrow":{"other":"{0} Tb"},"perUnit":{},"short":{"other":"{0} Tb"}},"terabyte":{"long":{"one":"{0} терабайт","other":"{0} терабайта"},"narrow":{"other":"{0} TB"},"perUnit":{},"short":{"other":"{0} TB"}},"week":{"long":{"one":"{0} седмица","other":"{0} седмици"},"narrow":{"other":"{0} седм."},"perUnit":{"long":"{0} на седмица","narrow":"{0}/седм.","short":"{0}/седмица"},"short":{"other":"{0} седм."}},"yard":{"long":{"one":"{0} ярд","other":"{0} ярда"},"narrow":{"one":"{0} ярд","other":"{0} ярда"},"perUnit":{},"short":{"other":"{0} yd"}},"year":{"long":{"one":"{0} година","other":"{0} години"},"narrow":{"other":"{0} г."},"perUnit":{"long":"{0} на година","narrow":"{0}/год.","short":"{0}/год."},"short":{"other":"{0} год."}}}}},"locale":"bg"}