{"data":{"currencies":{"ADP":{"displayName":{"few":"andorrské pesety","many":"andorrské pesety","one":"andorrská peseta","other":"andorrských peset"},"narrow":"ADP","symbol":"ADP"},"AED":{"displayName":{"few":"SAE dirhamy","many":"SAE dirhamu","one":"SAE dirham","other":"SAE dirhamů"},"narrow":"AED","symbol":"AED"},"AFA":{"displayName":{"few":"afghánské afghány (1927–2002)","many":"afghánského afghánu (1927–2002)","one":"afghánský afghán (1927–2002)","other":"afghánských afghánů (1927–2002)"},"narrow":"AFA","symbol":"AFA"},"AFN":{"displayName":{"few":"afghánské afghány","many":"afghánského afghánu","one":"afghánský afghán","other":"afghánských afghánů"},"narrow":"؋","symbol":"AFN"},"ALK":{"displayName":{"few":"albánské leky (1946–1965)","many":"albánského leku (1946–1965)","one":"albánský lek (1946–1965)","other":"albánských leků (1946–1965)"},"narrow":"ALK","symbol":"ALK"},"ALL":{"displayName":{"few":"albánské leky","many":"albánského leku","one":"albánský lek","other":"albánských leků"},"narrow":"ALL","symbol":"ALL"},"AMD":{"displayName":{"few":"arménské dramy","many":"arménského dramu","one":"arménský dram","other":"arménských dramů"},"narrow":"֏","symbol":"AMD"},"ANG":{"displayName":{"few":"nizozemskoantilské guldeny","many":"nizozemskoantilského guldenu","one":"nizozemskoantilský gulden","other":"nizozemskoantilských guldenů"},"narrow":"ANG","symbol":"ANG"},"AOA":{"displayName":{"few":"angolské kwanzy","many":"angolské kwanzy","one":"angolská kwanza","other":"angolských kwanz"},"narrow":"Kz","symbol":"AOA"},"AOK":{"displayName":{"few":"angolské kwanzy (1977–1991)","many":"angolské kwanzy (1977–1991)","one":"angolská kwanza (1977–1991)","other":"angolských kwanz (1977–1991)"},"narrow":"AOK","symbol":"AOK"},"AON":{"displayName":{"few":"angolské kwanzy (1990–2000)","many":"angolské kwanzy (1990–2000)","one":"angolská kwanza (1990–2000)","other":"angolských kwanz (1990–2000)"},"narrow":"AON","symbol":"AON"},"AOR":{"displayName":{"few":"angolská kwanza (1995–1999)","many":"angolské kwanzy (1995–1999)","one":"angolská nový kwanza (1995–1999)","other":"angolských kwanz (1995–1999)"},"narrow":"AOR","symbol":"AOR"},"ARA":{"displayName":{"few":"argentinské australy","many":"argentinského australu","one":"argentinský austral","other":"argentinských australů"},"narrow":"ARA","symbol":"ARA"},"ARL":{"displayName":{"few":"argentinská pesa ley (1970–1983)","many":"argentinského pesa ley (1970–1983)","one":"argentinské peso ley (1970–1983)","other":"argentinských pes ley (1970–1983)"},"narrow":"ARL","symbol":"ARL"},"ARM":{"displayName":{"few":"argentinská pesa (1881–1970)","many":"argentinského pesa (1881–1970)","one":"argentinské peso (1881–1970)","other":"argentinských pes (1881–1970)"},"narrow":"ARM","symbol":"ARM"},"ARP":{"displayName":{"few":"argentinská pesa (1983–1985)","many":"argentinského pesa (1983–1985)","one":"argentinské peso (1983–1985)","other":"argentinských pes (1983–1985)"},"narrow":"ARP","symbol":"ARP"},"ARS":{"displayName":{"few":"argentinská pesa","many":"argentinského pesa","one":"argentinské peso","other":"argentinských pes"},"narrow":"$","symbol":"ARS"},"ATS":{"displayName":{"few":"rakouské šilinky","many":"rakouského šilinku","one":"rakouský šilink","other":"rakouských šilinků"},"narrow":"ATS","symbol":"ATS"},"AUD":{"displayName":{"few":"australské dolary","many":"australského dolaru","one":"australský dolar","other":"australských dolarů"},"narrow":"$","symbol":"AU$"},"AWG":{"displayName":{"few":"arubské zlaté","many":"arubského zlatého","one":"arubský zlatý","other":"arubských zlatých"},"narrow":"AWG","symbol":"AWG"},"AZM":{"displayName":{"few":"ázerbájdžánské manaty (1993–2006)","many":"ázerbájdžánského manatu (1993–2006)","one":"ázerbájdžánský manat (1993–2006)","other":"ázerbájdžánských manatů (1993–2006)"},"narrow":"AZM","symbol":"AZM"},"AZN":{"displayName":{"few":"ázerbájdžánské manaty","many":"ázerbájdžánského manatu","one":"ázerbájdžánský manat","other":"ázerbájdžánských manatů"},"narrow":"₼","symbol":"AZN"},"BAD":{"displayName":{"few":"bosenské dináry (1992–1994)","many":"bosenského dináru (1992–1994)","one":"bosenský dinár (1992–1994)","other":"bosenských dinárů (1992–1994)"},"narrow":"BAD","symbol":"BAD"},"BAM":{"displayName":{"few":"bosenské konvertibilní marky","many":"bosenské konvertibilní marky","one":"bosenská konvertibilní marka","other":"bosenských konvertibilních marek"},"narrow":"KM","symbol":"BAM"},"BAN":{"displayName":{"few":"bosenské nové dináry (1994–1997)","many":"bosenského nového dináru (1994–1997)","one":"bosenský nový dinár (1994–1997)","other":"bosenských nových dinárů (1994–1997)"},"narrow":"BAN","symbol":"BAN"},"BBD":{"displayName":{"few":"barbadoské dolary","many":"barbadoského dolaru","one":"barbadoský dolar","other":"barbadoských dolarů"},"narrow":"$","symbol":"BBD"},"BDT":{"displayName":{"few":"bangladéšské taky","many":"bangladéšské taky","one":"bangladéšská taka","other":"bangladéšských tak"},"narrow":"৳","symbol":"BDT"},"BEC":{"displayName":{"few":"belgické konvertibilní franky","many":"belgického konvertibilního franku","one":"belgický konvertibilní frank","other":"belgických konvertibilních franků"},"narrow":"BEC","symbol":"BEC"},"BEF":{"displayName":{"few":"belgické franky","many":"belgického franku","one":"belgický frank","other":"belgických franků"},"narrow":"BEF","symbol":"BEF"},"BEL":{"displayName":{"few":"belgické finanční franky","many":"belgického finančního franku","one":"belgický finanční frank","other":"belgických finančních franků"},"narrow":"BEL","symbol":"BEL"},"BGL":{"displayName":{"few":"bulharské tvrdé leva","many":"bulharského tvrdého leva","one":"bulharský tvrdý leva","other":"bulharských tvrdých leva"},"narrow":"BGL","symbol":"BGL"},"BGM":{"displayName":{"few":"bulharské socialistické leva","many":"bulharského socialistického leva","one":"bulharský socialistický leva","other":"bulharských socialistických leva"},"narrow":"BGM","symbol":"BGM"},"BGN":{"displayName":{"few":"bulharské leva","many":"bulharského leva","one":"bulharský leva","other":"bulharských leva"},"narrow":"BGN","symbol":"BGN"},"BGO":{"displayName":{"few":"bulharské leva (1879–1952)","many":"bulharského leva (1879–1952)","one":"bulharský lev (1879–1952)","other":"bulharských leva (1879–1952)"},"narrow":"BGO","symbol":"BGO"},"BHD":{"displayName":{"few":"bahrajnské dináry","many":"bahrajnského dináru","one":"bahrajnský dinár","other":"bahrajnských dinárů"},"narrow":"BHD","symbol":"BHD"},"BIF":{"displayName":{"few":"burundské franky","many":"burundského franku","one":"burundský frank","other":"burundských franků"},"narrow":"BIF","symbol":"BIF"},"BMD":{"displayName":{"few":"bermudské dolary","many":"bermudského dolaru","one":"bermudský dolar","other":"bermudských dolarů"},"narrow":"$","symbol":"BMD"},"BND":{"displayName":{"few":"brunejské dolary","many":"brunejského dolaru","one":"brunejský dolar","other":"brunejských dolarů"},"narrow":"$","symbol":"BND"},"BOB":{"displayName":{"few":"bolivijské bolivianos","many":"bolivijského boliviana","one":"bolivijský boliviano","other":"bolivijských bolivianos"},"narrow":"Bs","symbol":"BOB"},"BOL":{"displayName":{"few":"bolivijské bolivianos (1863–1963)","many":"bolivijského boliviana (1863–1963)","one":"bolivijský boliviano (1863–1963)","other":"bolivijských bolivianos (1863–1963)"},"narrow":"BOL","symbol":"BOL"},"BOP":{"displayName":{"few":"bolivijská pesa","many":"bolivijského pesa","one":"bolivijské peso","other":"bolivijských pes"},"narrow":"BOP","symbol":"BOP"},"BOV":{"displayName":{"few":"bolivijské mvdoly","many":"bolivijského mvdolu","one":"bolivijský mvdol","other":"bolivijských mvdolů"},"narrow":"BOV","symbol":"BOV"},"BRB":{"displayName":{"few":"brazilská nová cruzeira (1967–1986)","many":"brazilského nového cruzeira (1967–1986)","one":"brazilské nové cruzeiro (1967–1986)","other":"brazilských nových cruzeir (1967–1986)"},"narrow":"BRB","symbol":"BRB"},"BRC":{"displayName":{"few":"brazilská cruzada (1986–1989)","many":"brazilského cruzada (1986–1989)","one":"brazilské cruzado (1986–1989)","other":"brazilských cruzad (1986–1989)"},"narrow":"BRC","symbol":"BRC"},"BRE":{"displayName":{"few":"brazilská cruzeira (1990–1993)","many":"brazilského cruzeira (1990–1993)","one":"brazilské cruzeiro (1990–1993)","other":"brazilských cruzeir (1990–1993)"},"narrow":"BRE","symbol":"BRE"},"BRL":{"displayName":{"few":"brazilské realy","many":"brazilského realu","one":"brazilský real","other":"brazilských realů"},"narrow":"R$","symbol":"R$"},"BRN":{"displayName":{"few":"brazilská nová cruzada (1989–1990)","many":"brazilského nového cruzada (1989–1990)","one":"brazilské nové cruzado (1989–1990)","other":"brazilských nových cruzad (1989–1990)"},"narrow":"BRN","symbol":"BRN"},"BRR":{"displayName":{"few":"brazilská cruzeira (1993–1994)","many":"brazilského cruzeira (1993–1994)","one":"brazilské cruzeiro (1993–1994)","other":"brazilských cruzeir (1993–1994)"},"narrow":"BRR","symbol":"BRR"},"BRZ":{"displayName":{"few":"brazilská cruzeira (1942–1967)","many":"brazilského cruzeira (1942–1967)","one":"brazilské cruzeiro (1942–1967)","other":"brazilských cruzeir (1942–1967)"},"narrow":"BRZ","symbol":"BRZ"},"BSD":{"displayName":{"few":"bahamské dolary","many":"bahamského dolaru","one":"bahamský dolar","other":"bahamských dolarů"},"narrow":"$","symbol":"BSD"},"BTN":{"displayName":{"few":"bhútánské ngultrumy","many":"bhútánského ngultrumu","one":"bhútánský ngultrum","other":"bhútánských ngultrumů"},"narrow":"BTN","symbol":"BTN"},"BUK":{"displayName":{"few":"barmské kyaty","many":"barmského kyatu","one":"barmský kyat","other":"barmských kyatů"},"narrow":"BUK","symbol":"BUK"},"BWP":{"displayName":{"few":"botswanské puly","many":"botswanské puly","one":"botswanská pula","other":"botswanských pul"},"narrow":"P","symbol":"BWP"},"BYB":{"displayName":{"few":"běloruské rubly (1994–1999)","many":"běloruského rublu (1994–1999)","one":"běloruský rubl (1994–1999)","other":"běloruských rublů (1994–1999)"},"narrow":"BYB","symbol":"BYB"},"BYN":{"displayName":{"few":"běloruské rubly","many":"běloruského rublu","one":"běloruský rubl","other":"běloruských rublů"},"narrow":"р.","symbol":"BYN"},"BYR":{"displayName":{"few":"běloruské rubly (2000–2016)","many":"běloruského rublu (2000–2016)","one":"běloruský rubl (2000–2016)","other":"běloruských rublů (2000–2016)"},"narrow":"BYR","symbol":"BYR"},"BZD":{"displayName":{"few":"belizské dolary","many":"belizského dolaru","one":"belizský dolar","other":"belizských dolarů"},"narrow":"$","symbol":"BZD"},"CAD":{"displayName":{"few":"kanadské dolary","many":"kanadského dolaru","one":"kanadský dolar","other":"kanadských dolarů"},"narrow":"$","symbol":"CA$"},"CDF":{"displayName":{"few":"konžské franky","many":"konžského franku","one":"konžský frank","other":"konžských franků"},"narrow":"CDF","symbol":"CDF"},"CHE":{"displayName":{"few":"švýcarská WIR-eura","many":"švýcarského WIR-eura","one":"švýcarské WIR-euro","other":"švýcarských WIR-eur"},"narrow":"CHE","symbol":"CHE"},"CHF":{"displayName":{"few":"švýcarské franky","many":"švýcarského franku","one":"švýcarský frank","other":"švýcarských franků"},"narrow":"CHF","symbol":"CHF"},"CHW":{"displayName":{"few":"švýcarské WIR-franky","many":"švýcarského WIR-franku","one":"švýcarský WIR-frank","other":"švýcarských WIR-franků"},"narrow":"CHW","symbol":"CHW"},"CLE":{"displayName":{"few":"chilská escuda","many":"chilského escuda","one":"chilské escudo","other":"chilských escud"},"narrow":"CLE","symbol":"CLE"},"CLF":{"displayName":{"few":"chilské účetní jednotky (UF)","many":"chilské účetní jednotky (UF)","one":"chilská účetní jednotka (UF)","other":"chilských účetních jednotek (UF)"},"narrow":"CLF","symbol":"CLF"},"CLP":{"displayName":{"few":"chilská pesa","many":"chilského pesa","one":"chilské peso","other":"chilských pes"},"narrow":"$","symbol":"CLP"},"CNH":{"displayName":{"few":"čínské jüany (offshore)","many":"čínského jüanu (offshore)","one":"čínský jüan (offshore)","other":"čínských jüanů (offshore)"},"narrow":"CNH","symbol":"CNH"},"CNX":{"displayName":{"few":"čínské dolary ČLB","many":"čínského dolaru ČLB","one":"čínský dolar ČLB","other":"čínských dolarů ČLB"},"narrow":"CNX","symbol":"CNX"},"CNY":{"displayName":{"few":"čínské jüany","many":"čínského jüanu","one":"čínský jüan","other":"čínských jüanů"},"narrow":"¥","symbol":"CN¥"},"COP":{"displayName":{"few":"kolumbijská pesa","many":"kolumbijského pesa","one":"kolumbijské peso","other":"kolumbijských pes"},"narrow":"$","symbol":"COP"},"COU":{"displayName":{"few":"kolumbijské jednotky reálné hodnoty","many":"kolumbijské jednotky reálné hodnoty","one":"kolumbijská jednotka reálné hodnoty","other":"kolumbijských jednotek reálné hodnoty"},"narrow":"COU","symbol":"COU"},"CRC":{"displayName":{"few":"kostarické colóny","many":"kostarického colónu","one":"kostarický colón","other":"kostarických colónů"},"narrow":"₡","symbol":"CRC"},"CSD":{"displayName":{"few":"srbské dináry (2002–2006)","many":"srbského dináru (2002–2006)","one":"srbský dinár (2002–2006)","other":"srbských dinárů (2002–2006)"},"narrow":"CSD","symbol":"CSD"},"CSK":{"displayName":{"few":"československé koruny","many":"československé koruny","one":"československá koruna","other":"československých korun"},"narrow":"Kčs","symbol":"Kčs"},"CUC":{"displayName":{"few":"kubánská konvertibilní pesa","many":"kubánského konvertibilního pesa","one":"kubánské konvertibilní peso","other":"kubánských konvertibilních pes"},"narrow":"$","symbol":"CUC"},"CUP":{"displayName":{"few":"kubánská pesa","many":"kubánského pesa","one":"kubánské peso","other":"kubánských pes"},"narrow":"$","symbol":"CUP"},"CVE":{"displayName":{"few":"kapverdská escuda","many":"kapverdského escuda","one":"kapverdské escudo","other":"kapverdských escud"},"narrow":"CVE","symbol":"CVE"},"CYP":{"displayName":{"few":"kyperské libry","many":"kyperské libry","one":"kyperská libra","other":"kyperských liber"},"narrow":"CYP","symbol":"CYP"},"CZK":{"displayName":{"few":"české koruny","many":"české koruny","one":"česká koruna","other":"českých korun"},"narrow":"Kč","symbol":"Kč"},"DDM":{"displayName":{"few":"východoněmecké marky","many":"východoněmecké marky","one":"východoněmecká marka","other":"východoněmeckých marek"},"narrow":"DDM","symbol":"DDM"},"DEM":{"displayName":{"few":"německé marky","many":"německé marky","one":"německá marka","other":"německých marek"},"narrow":"DEM","symbol":"DEM"},"DJF":{"displayName":{"few":"džibutské franky","many":"džibutského franku","one":"džibutský frank","other":"džibutských franků"},"narrow":"DJF","symbol":"DJF"},"DKK":{"displayName":{"few":"dánské koruny","many":"dánské koruny","one":"dánská koruna","other":"dánských korun"},"narrow":"kr","symbol":"DKK"},"DOP":{"displayName":{"few":"dominikánská pesa","many":"dominikánského pesa","one":"dominikánské peso","other":"dominikánských pes"},"narrow":"$","symbol":"DOP"},"DZD":{"displayName":{"few":"alžírské dináry","many":"alžírského dináru","one":"alžírský dinár","other":"alžírských dinárů"},"narrow":"DZD","symbol":"DZD"},"ECS":{"displayName":{"few":"ekvádorské sucre","many":"ekvádorského sucre","one":"ekvádorský sucre","other":"ekvádorských sucre"},"narrow":"ECS","symbol":"ECS"},"ECV":{"displayName":{"few":"ekvádorské jednotky konstantní hodnoty","many":"ekvádorské jednotky konstantní hodnoty","one":"ekvádorská jednotka konstantní hodnoty","other":"ekvádorských jednotek konstantní hodnoty"},"narrow":"ECV","symbol":"ECV"},"EEK":{"displayName":{"few":"estonské koruny","many":"estonské koruny","one":"estonská koruna","other":"estonských korun"},"narrow":"EEK","symbol":"EEK"},"EGP":{"displayName":{"few":"egyptské libry","many":"egyptské libry","one":"egyptská libra","other":"egyptských liber"},"narrow":"E£","symbol":"EGP"},"ERN":{"displayName":{"few":"eritrejské nakfy","many":"eritrejské nakfy","one":"eritrejská nakfa","other":"eritrejských nakf"},"narrow":"ERN","symbol":"ERN"},"ESA":{"displayName":{"few":"španělské pesety („A“ účet)","many":"španělské pesety („A“ účet)","one":"španělská peseta („A“ účet)","other":"španělských peset („A“ účet)"},"narrow":"ESA","symbol":"ESA"},"ESB":{"displayName":{"few":"španělské pesety (konvertibilní účet)","many":"španělské pesety (konvertibilní účet)","one":"španělská peseta (konvertibilní účet)","other":"španělských peset (konvertibilní účet)"},"narrow":"ESB","symbol":"ESB"},"ESP":{"displayName":{"few":"španělské pesety","many":"španělské pesety","one":"španělská peseta","other":"španělských peset"},"narrow":"₧","symbol":"ESP"},"ETB":{"displayName":{"few":"etiopské birry","many":"etiopského birru","one":"etiopský birr","other":"etiopských birrů"},"narrow":"ETB","symbol":"ETB"},"EUR":{"displayName":{"few":"eura","many":"eura","one":"euro","other":"eur"},"narrow":"€","symbol":"€"},"FIM":{"displayName":{"few":"finské marky","many":"finské marky","one":"finská marka","other":"finských marek"},"narrow":"FIM","symbol":"FIM"},"FJD":{"displayName":{"few":"fidžijské dolary","many":"fidžijského dolaru","one":"fidžijský dolar","other":"fidžijských dolarů"},"narrow":"$","symbol":"FJD"},"FKP":{"displayName":{"few":"falklandské libry","many":"falklandské libry","one":"falklandská libra","other":"falklandských liber"},"narrow":"£","symbol":"FKP"},"FRF":{"displayName":{"few":"francouzské franky","many":"francouzského franku","one":"francouzský frank","other":"francouzských franků"},"narrow":"FRF","symbol":"FRF"},"GBP":{"displayName":{"few":"britské libry","many":"britské libry","one":"britská libra","other":"britských liber"},"narrow":"£","symbol":"£"},"GEK":{"displayName":{"few":"gruzínské kuponové lari","many":"gruzínského kuponového lari","one":"gruzínské kuponové lari","other":"gruzínských kuponových lari"},"narrow":"GEK","symbol":"GEK"},"GEL":{"displayName":{"few":"gruzínské lari","many":"gruzínského lari","one":"gruzínské lari","other":"gruzínských lari"},"narrow":"₾","symbol":"GEL"},"GHC":{"displayName":{"few":"ghanské cedi (1979–2007)","many":"ghanského cedi (1979–2007)","one":"ghanský cedi (1979–2007)","other":"ghanských cedi (1979–2007)"},"narrow":"GHC","symbol":"GHC"},"GHS":{"displayName":{"few":"ghanské cedi","many":"ghanského cedi","one":"ghanský cedi","other":"ghanských cedi"},"narrow":"GH₵","symbol":"GHS"},"GIP":{"displayName":{"few":"gibraltarské libry","many":"gibraltarské libry","one":"gibraltarská libra","other":"gibraltarských liber"},"narrow":"£","symbol":"GIP"},"GMD":{"displayName":{"few":"gambijské dalasi","many":"gambijského dalasi","one":"gambijský dalasi","other":"gambijských dalasi"},"narrow":"GMD","symbol":"GMD"},"GNF":{"displayName":{"few":"guinejské franky","many":"guinejského franku","one":"guinejský frank","other":"guinejských franků"},"narrow":"FG","symbol":"GNF"},"GNS":{"displayName":{"few":"guinejské syli","many":"guinejského syli","one":"guinejský syli","other":"guinejských syli"},"narrow":"GNS","symbol":"GNS"},"GQE":{"displayName":{"few":"rovníkovoguinejské ekwele","many":"rovníkovoguinejského ekwele","one":"rovníkovoguinejský ekwele","other":"rovníkovoguinejských ekwele"},"narrow":"GQE","symbol":"GQE"},"GRD":{"displayName":{"few":"řecké drachmy","many":"řecké drachmy","one":"řecká drachma","other":"řeckých drachem"},"narrow":"GRD","symbol":"GRD"},"GTQ":{"displayName":{"few":"guatemalské quetzaly","many":"guatemalského quetzalu","one":"guatemalský quetzal","other":"guatemalských quetzalů"},"narrow":"Q","symbol":"GTQ"},"GWE":{"displayName":{"few":"portugalskoguinejská escuda","many":"portugalskoguinejského escuda","one":"portugalskoguinejské escudo","other":"portugalskoguinejských escud"},"narrow":"GWE","symbol":"GWE"},"GWP":{"displayName":{"few":"guinejsko-bissauská pesa","many":"guinejsko-bissauského pesa","one":"guinejsko-bissauské peso","other":"guinejsko-bissauských pes"},"narrow":"GWP","symbol":"GWP"},"GYD":{"displayName":{"few":"guyanské dolary","many":"guyanského dolaru","one":"guyanský dolar","other":"guyanských dolarů"},"narrow":"$","symbol":"GYD"},"HKD":{"displayName":{"few":"hongkongské dolary","many":"hongkongského dolaru","one":"hongkongský dolar","other":"hongkongských dolarů"},"narrow":"$","symbol":"HK$"},"HNL":{"displayName":{"few":"honduraské lempiry","many":"honduraské lempiry","one":"honduraská lempira","other":"honduraských lempir"},"narrow":"L","symbol":"HNL"},"HRD":{"displayName":{"few":"chorvatské dináry","many":"chorvatského dináru","one":"chorvatský dinár","other":"chorvatských dinárů"},"narrow":"HRD","symbol":"HRD"},"HRK":{"displayName":{"few":"chorvatské kuny","many":"chorvatské kuny","one":"chorvatská kuna","other":"chorvatských kun"},"narrow":"kn","symbol":"HRK"},"HTG":{"displayName":{"few":"haitské gourde","many":"haitského gourde","one":"haitský gourde","other":"haitských gourde"},"narrow":"HTG","symbol":"HTG"},"HUF":{"displayName":{"few":"maďarské forinty","many":"maďarského forintu","one":"maďarský forint","other":"maďarských forintů"},"narrow":"Ft","symbol":"HUF"},"IDR":{"displayName":{"few":"indonéské rupie","many":"indonéské rupie","one":"indonéská rupie","other":"indonéských rupií"},"narrow":"Rp","symbol":"IDR"},"IEP":{"displayName":{"few":"irské libry","many":"irské libry","one":"irská libra","other":"irských liber"},"narrow":"IEP","symbol":"IEP"},"ILP":{"displayName":{"few":"izraelské libry","many":"izraelské libry","one":"izraelská libra","other":"izraelských liber"},"narrow":"ILP","symbol":"ILP"},"ILR":{"displayName":{"few":"izraelské šekely (1980–1985)","many":"izraelského šekelu (1980–1985)","one":"izraelský šekel (1980–1985)","other":"izraelských šekelů (1980–1985)"},"narrow":"ILR","symbol":"ILR"},"ILS":{"displayName":{"few":"izraelské nové šekely","many":"izraelského nového šekelu","one":"izraelský nový šekel","other":"izraelských nových šekelů"},"narrow":"₪","symbol":"ILS"},"INR":{"displayName":{"few":"indické rupie","many":"indické rupie","one":"indická rupie","other":"indických rupií"},"narrow":"₹","symbol":"INR"},"IQD":{"displayName":{"few":"irácké dináry","many":"iráckého dináru","one":"irácký dinár","other":"iráckých dinárů"},"narrow":"IQD","symbol":"IQD"},"IRR":{"displayName":{"few":"íránské rijály","many":"íránského rijálu","one":"íránský rijál","other":"íránských rijálů"},"narrow":"IRR","symbol":"IRR"},"ISJ":{"displayName":{"few":"islandské koruny (1918–1981)","many":"islandské koruny (1918–1981)","one":"islandská koruna (1918–1981)","other":"islandských korun (1918–1981)"},"narrow":"ISJ","symbol":"ISJ"},"ISK":{"displayName":{"few":"islandské koruny","many":"islandské koruny","one":"islandská koruna","other":"islandských korun"},"narrow":"kr","symbol":"ISK"},"ITL":{"displayName":{"few":"italské liry","many":"italské liry","one":"italská lira","other":"italských lir"},"narrow":"ITL","symbol":"ITL"},"JMD":{"displayName":{"few":"jamajské dolary","many":"jamajského dolaru","one":"jamajský dolar","other":"jamajských dolarů"},"narrow":"$","symbol":"JMD"},"JOD":{"displayName":{"few":"jordánské dináry","many":"jordánského dináru","one":"jordánský dinár","other":"jordánských dinárů"},"narrow":"JOD","symbol":"JOD"},"JPY":{"displayName":{"few":"japonské jeny","many":"japonského jenu","one":"japonský jen","other":"japonských jenů"},"narrow":"¥","symbol":"JP¥"},"KES":{"displayName":{"few":"keňské šilinky","many":"keňského šilinku","one":"keňský šilink","other":"keňských šilinků"},"narrow":"KES","symbol":"KES"},"KGS":{"displayName":{"few":"kyrgyzské somy","many":"kyrgyzského somu","one":"kyrgyzský som","other":"kyrgyzských somů"},"narrow":"KGS","symbol":"KGS"},"KHR":{"displayName":{"few":"kambodžské riely","many":"kambodžského rielu","one":"kambodžský riel","other":"kambodžských rielů"},"narrow":"៛","symbol":"KHR"},"KMF":{"displayName":{"few":"komorské franky","many":"komorského franku","one":"komorský frank","other":"komorských franků"},"narrow":"CF","symbol":"KMF"},"KPW":{"displayName":{"few":"severokorejské wony","many":"severokorejského wonu","one":"severokorejský won","other":"severokorejských wonů"},"narrow":"₩","symbol":"KPW"},"KRH":{"displayName":{"few":"jihokorejské hwany (1953–1962)","many":"jihokorejského hwanu (1953–1962)","one":"jihokorejský hwan (1953–1962)","other":"jihokorejských hwanů (1953–1962)"},"narrow":"KRH","symbol":"KRH"},"KRO":{"displayName":{"few":"jihokorejské wony (1945–1953)","many":"jihokorejského wonu (1945–1953)","one":"jihokorejský won (1945–1953)","other":"jihokorejských wonů (1945–1953)"},"narrow":"KRO","symbol":"KRO"},"KRW":{"displayName":{"few":"jihokorejské wony","many":"jihokorejského wonu","one":"jihokorejský won","other":"jihokorejských wonů"},"narrow":"₩","symbol":"₩"},"KWD":{"displayName":{"few":"kuvajtské dináry","many":"kuvajtského dináru","one":"kuvajtský dinár","other":"kuvajtských dinárů"},"narrow":"KWD","symbol":"KWD"},"KYD":{"displayName":{"few":"kajmanské dolary","many":"kajmanského dolaru","one":"kajmanský dolar","other":"kajmanských dolarů"},"narrow":"$","symbol":"KYD"},"KZT":{"displayName":{"few":"kazašské tenge","many":"kazašského tenge","one":"kazašské tenge","other":"kazašských tenge"},"narrow":"₸","symbol":"KZT"},"LAK":{"displayName":{"few":"laoské kipy","many":"laoského kipu","one":"laoský kip","other":"laoských kipů"},"narrow":"₭","symbol":"LAK"},"LBP":{"displayName":{"few":"libanonské libry","many":"libanonské libry","one":"libanonská libra","other":"libanonských liber"},"narrow":"L£","symbol":"LBP"},"LKR":{"displayName":{"few":"srílanské rupie","many":"srílanské rupie","one":"srílanská rupie","other":"srílanských rupií"},"narrow":"Rs","symbol":"LKR"},"LRD":{"displayName":{"few":"liberijské dolary","many":"liberijského dolaru","one":"liberijský dolar","other":"liberijských dolarů"},"narrow":"$","symbol":"LRD"},"LSL":{"displayName":{"few":"lesothské maloti","many":"lesothského loti","one":"lesothský loti","other":"lesothských maloti"},"narrow":"LSL","symbol":"LSL"},"LTL":{"displayName":{"few":"litevské lity","many":"litevského litu","one":"litevský litas","other":"litevských litů"},"narrow":"Lt","symbol":"LTL"},"LTT":{"displayName":{"few":"litevské talony","many":"litevského talonu","one":"litevský talonas","other":"litevských talonů"},"narrow":"LTT","symbol":"LTT"},"LUC":{"displayName":{"few":"lucemburské konvertibilní franky","many":"lucemburského konvertibilního franku","one":"lucemburský konvertibilní frank","other":"lucemburských konvertibilních franků"},"narrow":"LUC","symbol":"LUC"},"LUF":{"displayName":{"few":"lucemburské franky","many":"lucemburského franku","one":"lucemburský frank","other":"lucemburských franků"},"narrow":"LUF","symbol":"LUF"},"LUL":{"displayName":{"few":"lucemburské finanční franky","many":"lucemburského finančního franku","one":"lucemburský finanční frank","other":"lucemburských finančních franků"},"narrow":"LUL","symbol":"LUL"},"LVL":{"displayName":{"few":"lotyšské laty","many":"lotyšského latu","one":"lotyšský lat","other":"lotyšských latů"},"narrow":"Ls","symbol":"LVL"},"LVR":{"displayName":{"few":"lotyšské rubly","many":"lotyšského rublu","one":"lotyšský rubl","other":"lotyšských rublů"},"narrow":"LVR","symbol":"LVR"},"LYD":{"displayName":{"few":"libyjské dináry","many":"libyjského dináru","one":"libyjský dinár","other":"libyjských dinárů"},"narrow":"LYD","symbol":"LYD"},"MAD":{"displayName":{"few":"marocké dináry","many":"marockého dináru","one":"marocký dinár","other":"marockých dinárů"},"narrow":"MAD","symbol":"MAD"},"MAF":{"displayName":{"few":"marocké franky","many":"marockého franku","one":"marocký frank","other":"marockých franků"},"narrow":"MAF","symbol":"MAF"},"MCF":{"displayName":{"few":"monacké franky","many":"monackého franku","one":"monacký frank","other":"monackých franků"},"narrow":"MCF","symbol":"MCF"},"MDC":{"displayName":{"few":"moldavské kupony","many":"moldavského kuponu","one":"moldavský kupon","other":"moldavských kuponů"},"narrow":"MDC","symbol":"MDC"},"MDL":{"displayName":{"few":"moldavské lei","many":"moldavského leu","one":"moldavský leu","other":"moldavských lei"},"narrow":"MDL","symbol":"MDL"},"MGA":{"displayName":{"few":"madagaskarské ariary","many":"madagaskarského ariary","one":"madagaskarský ariary","other":"madagaskarských ariary"},"narrow":"Ar","symbol":"MGA"},"MGF":{"displayName":{"few":"madagaskarské franky","many":"madagaskarského franku","one":"madagaskarský frank","other":"madagaskarských franků"},"narrow":"MGF","symbol":"MGF"},"MKD":{"displayName":{"few":"makedonské denáry","many":"makedonského denáru","one":"makedonský denár","other":"makedonských denárů"},"narrow":"MKD","symbol":"MKD"},"MKN":{"displayName":{"few":"makedonské denáry (1992–1993)","many":"makedonského denáru (1992–1993)","one":"makedonský denár (1992–1993)","other":"makedonských denárů (1992–1993)"},"narrow":"MKN","symbol":"MKN"},"MLF":{"displayName":{"few":"malijské franky","many":"malijského franku","one":"malijský frank","other":"malijských franků"},"narrow":"MLF","symbol":"MLF"},"MMK":{"displayName":{"few":"myanmarské kyaty","many":"myanmarského kyatu","one":"myanmarský kyat","other":"myanmarských kyatů"},"narrow":"K","symbol":"MMK"},"MNT":{"displayName":{"few":"mongolské tugriky","many":"mongolského tugriku","one":"mongolský tugrik","other":"mongolských tugriků"},"narrow":"₮","symbol":"MNT"},"MOP":{"displayName":{"few":"macajské patacy","many":"macajské patacy","one":"macajská pataca","other":"macajských patac"},"narrow":"MOP","symbol":"MOP"},"MRO":{"displayName":{"few":"mauritánské ouguiye (1973–2017)","many":"mauritánské ouguiye (1973–2017)","one":"mauritánská ouguiya (1973–2017)","other":"mauritánských ouguiyí (1973–2017)"},"narrow":"MRO","symbol":"MRO"},"MRU":{"displayName":{"few":"mauritánské ouguiye","many":"mauritánské ouguiye","one":"mauritánská ouguiya","other":"mauritánských ouguiyí"},"narrow":"MRU","symbol":"MRU"},"MTL":{"displayName":{"few":"maltské liry","many":"maltské liry","one":"maltská lira","other":"maltských lir"},"narrow":"MTL","symbol":"MTL"},"MTP":{"displayName":{"few":"maltské libry","many":"maltské libry","one":"maltská libra","other":"maltských liber"},"narrow":"MTP","symbol":"MTP"},"MUR":{"displayName":{"few":"mauricijské rupie","many":"mauricijské rupie","one":"mauricijská rupie","other":"mauricijských rupií"},"narrow":"Rs","symbol":"MUR"},"MVP":{"displayName":{"few":"maledivské rupie (1947–1981)","many":"maledivské rupie (1947–1981)","one":"maledivská rupie (1947–1981)","other":"maledivských rupií (1947–1981)"},"narrow":"MVP","symbol":"MVP"},"MVR":{"displayName":{"few":"maledivské rupie","many":"maledivské rupie","one":"maledivská rupie","other":"maledivských rupií"},"narrow":"MVR","symbol":"MVR"},"MWK":{"displayName":{"few":"malawijské kwachy","many":"malawijské kwachy","one":"malawijská kwacha","other":"malawijských kwach"},"narrow":"MWK","symbol":"MWK"},"MXN":{"displayName":{"few":"mexická pesa","many":"mexického pesa","one":"mexické peso","other":"mexických pes"},"narrow":"$","symbol":"MX$"},"MXP":{"displayName":{"few":"mexická stříbrná pesa (1861–1992)","many":"mexického stříbrného pesa (1861–1992)","one":"mexické stříbrné peso (1861–1992)","other":"mexických stříbrných pes (1861–1992)"},"narrow":"MXP","symbol":"MXP"},"MXV":{"displayName":{"few":"mexické investiční jednotky","many":"mexické investiční jednotky","one":"mexická investiční jednotka","other":"mexických investičních jednotek"},"narrow":"MXV","symbol":"MXV"},"MYR":{"displayName":{"few":"malajsijské ringgity","many":"malajsijského ringgitu","one":"malajsijský ringgit","other":"malajsijských ringgitů"},"narrow":"RM","symbol":"MYR"},"MZE":{"displayName":{"few":"mosambická escuda","many":"mosambického escuda","one":"mosambický escudo","other":"mosambických escud"},"narrow":"MZE","symbol":"MZE"},"MZM":{"displayName":{"few":"mosambické meticaly (1980–2006)","many":"mosambického meticalu (1980–2006)","one":"mosambický metical (1980–2006)","other":"mosambických meticalů (1980–2006)"},"narrow":"MZM","symbol":"MZM"},"MZN":{"displayName":{"few":"mozambické meticaly","many":"mozambického meticalu","one":"mozambický metical","other":"mozambických meticalů"},"narrow":"MZN","symbol":"MZN"},"NAD":{"displayName":{"few":"namibijské dolary","many":"namibijského dolaru","one":"namibijský dolar","other":"namibijských dolarů"},"narrow":"$","symbol":"NAD"},"NGN":{"displayName":{"few":"nigerijské nairy","many":"nigerijské nairy","one":"nigerijská naira","other":"nigerijských nair"},"narrow":"₦","symbol":"NGN"},"NIC":{"displayName":{"few":"nikaragujské córdoby (1988–1991)","many":"nikaragujské córdoby (1988–1991)","one":"nikaragujská córdoba (1988–1991)","other":"nikaragujských córdob (1988–1991)"},"narrow":"NIC","symbol":"NIC"},"NIO":{"displayName":{"few":"nikaragujské córdoby","many":"nikaragujské córdoby","one":"nikaragujská córdoba","other":"nikaragujských córdob"},"narrow":"C$","symbol":"NIO"},"NLG":{"displayName":{"few":"nizozemské guldeny","many":"nizozemského guldenu","one":"nizozemský gulden","other":"nizozemských guldenů"},"narrow":"NLG","symbol":"NLG"},"NOK":{"displayName":{"few":"norské koruny","many":"norské koruny","one":"norská koruna","other":"norských korun"},"narrow":"kr","symbol":"NOK"},"NPR":{"displayName":{"few":"nepálské rupie","many":"nepálské rupie","one":"nepálská rupie","other":"nepálských rupií"},"narrow":"Rs","symbol":"NPR"},"NZD":{"displayName":{"few":"novozélandské dolary","many":"novozélandského dolaru","one":"novozélandský dolar","other":"novozélandských dolarů"},"narrow":"$","symbol":"NZ$"},"OMR":{"displayName":{"few":"ománské rijály","many":"ománského rijálu","one":"ománský rijál","other":"ománských rijálů"},"narrow":"OMR","symbol":"OMR"},"PAB":{"displayName":{"few":"panamské balboy","many":"panamské balboy","one":"panamská balboa","other":"panamských balboí"},"narrow":"PAB","symbol":"PAB"},"PEI":{"displayName":{"few":"peruánské inti","many":"peruánské inti","one":"peruánská inti","other":"peruánských inti"},"narrow":"PEI","symbol":"PEI"},"PEN":{"displayName":{"few":"peruánské soly","many":"peruánského solu","one":"peruánský sol","other":"peruánských solů"},"narrow":"PEN","symbol":"PEN"},"PES":{"displayName":{"few":"peruánské soly (1863–1965)","many":"peruánského solu (1863–1965)","one":"peruánský sol (1863–1965)","other":"peruánských solů (1863–1965)"},"narrow":"PES","symbol":"PES"},"PGK":{"displayName":{"few":"papuánské nové kiny","many":"papuánské nové kiny","one":"papuánská nová kina","other":"papuánských nových kin"},"narrow":"PGK","symbol":"PGK"},"PHP":{"displayName":{"few":"filipínská pesa","many":"filipínského pesa","one":"filipínské peso","other":"filipínských pes"},"narrow":"₱","symbol":"PHP"},"PKR":{"displayName":{"few":"pákistánské rupie","many":"pákistánské rupie","one":"pákistánská rupie","other":"pákistánských rupií"},"narrow":"Rs","symbol":"PKR"},"PLN":{"displayName":{"few":"polské zloté","many":"polského zlotého","one":"polský zlotý","other":"polských zlotých"},"narrow":"zł","symbol":"PLN"},"PLZ":{"displayName":{"few":"polské zloté (1950–1995)","many":"polského zlotého (1950–1995)","one":"polský zlotý (1950–1995)","other":"polských zlotých (1950–1995)"},"narrow":"PLZ","symbol":"PLZ"},"PTE":{"displayName":{"few":"portugalská escuda","many":"portugalského escuda","one":"portugalské escudo","other":"portugalských escud"},"narrow":"PTE","symbol":"PTE"},"PYG":{"displayName":{"few":"paraguajská guarani","many":"paraguajského guarani","one":"paraguajské guarani","other":"paraguajských guarani"},"narrow":"₲","symbol":"PYG"},"QAR":{"displayName":{"few":"katarské rijály","many":"katarského rijálu","one":"katarský rijál","other":"katarských rijálů"},"narrow":"QAR","symbol":"QAR"},"RHD":{"displayName":{"few":"rhodéské dolary","many":"rhodéského dolaru","one":"rhodéský dolar","other":"rhodéských dolarů"},"narrow":"RHD","symbol":"RHD"},"ROL":{"displayName":{"few":"rumunské lei (1952–2006)","many":"rumunského leu (1952–2006)","one":"rumunské leu (1952–2006)","other":"rumunských lei (1952–2006)"},"narrow":"ROL","symbol":"ROL"},"RON":{"displayName":{"few":"rumunské lei","many":"rumunského leu","one":"rumunský leu","other":"rumunských lei"},"narrow":"L","symbol":"RON"},"RSD":{"displayName":{"few":"srbské dináry","many":"srbského dináru","one":"srbský dinár","other":"srbských dinárů"},"narrow":"RSD","symbol":"RSD"},"RUB":{"displayName":{"few":"ruské rubly","many":"ruského rublu","one":"ruský rubl","other":"ruských rublů"},"narrow":"₽","symbol":"RUB"},"RUR":{"displayName":{"few":"ruské rubly (1991–1998)","many":"ruského rublu (1991–1998)","one":"ruský rubl (1991–1998)","other":"ruských rublů (1991–1998)"},"narrow":"р.","symbol":"RUR"},"RWF":{"displayName":{"few":"rwandské franky","many":"rwandského franku","one":"rwandský frank","other":"rwandských franků"},"narrow":"RF","symbol":"RWF"},"SAR":{"displayName":{"few":"saúdské rijály","many":"saúdského rijálu","one":"saúdský rijál","other":"saúdských rijálů"},"narrow":"SAR","symbol":"SAR"},"SBD":{"displayName":{"few":"šalamounské dolary","many":"šalamounského dolaru","one":"šalamounský dolar","other":"šalamounských dolarů"},"narrow":"$","symbol":"SBD"},"SCR":{"displayName":{"few":"seychelské rupie","many":"seychelské rupie","one":"seychelská rupie","other":"seychelských rupií"},"narrow":"SCR","symbol":"SCR"},"SDD":{"displayName":{"few":"súdánské dináry (1992–2007)","many":"súdánského dináru (1992–2007)","one":"súdánský dinár (1992–2007)","other":"súdánských dinárů (1992–2007)"},"narrow":"SDD","symbol":"SDD"},"SDG":{"displayName":{"few":"súdánské libry","many":"súdánské libry","one":"súdánská libra","other":"súdánských liber"},"narrow":"SDG","symbol":"SDG"},"SDP":{"displayName":{"few":"súdánské libry (1957–1998)","many":"súdánské libry (1957–1998)","one":"súdánská libra (1957–1998)","other":"súdánských liber (1957–1998)"},"narrow":"SDP","symbol":"SDP"},"SEK":{"displayName":{"few":"švédské koruny","many":"švédské koruny","one":"švédská koruna","other":"švédských korun"},"narrow":"kr","symbol":"SEK"},"SGD":{"displayName":{"few":"singapurské dolary","many":"singapurského dolaru","one":"singapurský dolar","other":"singapurských dolarů"},"narrow":"$","symbol":"SGD"},"SHP":{"displayName":{"few":"svatohelenské libry","many":"svatohelenské libry","one":"svatohelenská libra","other":"svatohelenských liber"},"narrow":"£","symbol":"SHP"},"SIT":{"displayName":{"few":"slovinské tolary","many":"slovinského tolaru","one":"slovinský tolar","other":"slovinských tolarů"},"narrow":"SIT","symbol":"SIT"},"SKK":{"displayName":{"few":"slovenské koruny","many":"slovenské koruny","one":"slovenská koruna","other":"slovenských korun"},"narrow":"SKK","symbol":"SKK"},"SLL":{"displayName":{"few":"sierro-leonské leone","many":"sierro-leonského leone","one":"sierro-leonský leone","other":"sierro-leonských leone"},"narrow":"SLL","symbol":"SLL"},"SOS":{"displayName":{"few":"somálské šilinky","many":"somálského šilinku","one":"somálský šilink","other":"somálských šilinků"},"narrow":"SOS","symbol":"SOS"},"SRD":{"displayName":{"few":"surinamské dolary","many":"surinamského dolaru","one":"surinamský dolar","other":"surinamských dolarů"},"narrow":"$","symbol":"SRD"},"SRG":{"displayName":{"few":"surinamské zlaté","many":"surinamského zlatého","one":"surinamský zlatý","other":"surinamských zlatých"},"narrow":"SRG","symbol":"SRG"},"SSP":{"displayName":{"few":"jihosúdánské libry","many":"jihosúdánské libry","one":"jihosúdánská libra","other":"jihosúdánských liber"},"narrow":"£","symbol":"SSP"},"STD":{"displayName":{"few":"svatotomášské dobry (1977–2017)","many":"svatotomášské dobry (1977–2017)","one":"svatotomášská dobra (1977–2017)","other":"svatotomášských dober (1977–2017)"},"narrow":"STD","symbol":"STD"},"STN":{"displayName":{"few":"svatotomášské dobry","many":"svatotomášské dobry","one":"svatotomášská dobra","other":"svatotomášských dober"},"narrow":"Db","symbol":"STN"},"SUR":{"displayName":{"few":"sovětské rubly","many":"sovětského rublu","one":"sovětský rubl","other":"sovětských rublů"},"narrow":"SUR","symbol":"SUR"},"SVC":{"displayName":{"few":"salvadorské colóny","many":"salvadorského colónu","one":"salvadorský colón","other":"salvadorských colónů"},"narrow":"SVC","symbol":"SVC"},"SYP":{"displayName":{"few":"syrské libry","many":"syrské libry","one":"syrská libra","other":"syrských liber"},"narrow":"£","symbol":"SYP"},"SZL":{"displayName":{"few":"svazijské emalangeni","many":"svazijského lilangeni","one":"svazijský lilangeni","other":"svazijských emalangeni"},"narrow":"SZL","symbol":"SZL"},"THB":{"displayName":{"few":"thajské bahty","many":"thajského bahtu","one":"thajský baht","other":"thajských bahtů"},"narrow":"฿","symbol":"THB"},"TJR":{"displayName":{"few":"tádžické rubly","many":"tádžického rublu","one":"tádžický rubl","other":"tádžických rublů"},"narrow":"TJR","symbol":"TJR"},"TJS":{"displayName":{"few":"tádžická somoni","many":"tádžického somoni","one":"tádžické somoni","other":"tádžických somoni"},"narrow":"TJS","symbol":"TJS"},"TMM":{"displayName":{"few":"turkmenské manaty (1993–2009)","many":"turkmenského manatu (1993–2009)","one":"turkmenský manat (1993–2009)","other":"turkmenských manatů (1993–2009)"},"narrow":"TMM","symbol":"TMM"},"TMT":{"displayName":{"few":"turkmenské manaty","many":"turkmenského manatu","one":"turkmenský manat","other":"turkmenských manatů"},"narrow":"TMT","symbol":"TMT"},"TND":{"displayName":{"few":"tuniské dináry","many":"tuniského dináru","one":"tuniský dinár","other":"tuniských dinárů"},"narrow":"TND","symbol":"TND"},"TOP":{"displayName":{"few":"tonžské paangy","many":"tonžské paangy","one":"tonžská paanga","other":"tonžských paang"},"narrow":"T$","symbol":"TOP"},"TPE":{"displayName":{"few":"timorská escuda","many":"timorského escuda","one":"timorské escudo","other":"timorských escud"},"narrow":"TPE","symbol":"TPE"},"TRL":{"displayName":{"few":"turecké liry (1922–2005)","many":"turecké liry (1922–2005)","one":"turecká lira (1922–2005)","other":"tureckých lir (1922–2005)"},"narrow":"TRL","symbol":"TRL"},"TRY":{"displayName":{"few":"turecké liry","many":"turecké liry","one":"turecká lira","other":"tureckých lir"},"narrow":"₺","symbol":"TRY"},"TTD":{"displayName":{"few":"trinidadské dolary","many":"trinidadského dolaru","one":"trinidadský dolar","other":"trinidadských dolarů"},"narrow":"$","symbol":"TTD"},"TWD":{"displayName":{"few":"tchajwanské dolary","many":"tchajwanského dolaru","one":"tchajwanský dolar","other":"tchajwanských dolarů"},"narrow":"NT$","symbol":"NT$"},"TZS":{"displayName":{"few":"tanzanské šilinky","many":"tanzanského šilinku","one":"tanzanský šilink","other":"tanzanských šilinků"},"narrow":"TZS","symbol":"TZS"},"UAH":{"displayName":{"few":"ukrajinské hřivny","many":"ukrajinské hřivny","one":"ukrajinská hřivna","other":"ukrajinských hřiven"},"narrow":"₴","symbol":"UAH"},"UAK":{"displayName":{"few":"ukrajinské karbovance","many":"ukrajinského karbovance","one":"ukrajinský karbovanec","other":"ukrajinských karbovanců"},"narrow":"UAK","symbol":"UAK"},"UGS":{"displayName":{"few":"ugandské šilinky (1966–1987)","many":"ugandského šilinku (1966–1987)","one":"ugandský šilink (1966–1987)","other":"ugandských šilinků (1966–1987)"},"narrow":"UGS","symbol":"UGS"},"UGX":{"displayName":{"few":"ugandské šilinky","many":"ugandského šilinku","one":"ugandský šilink","other":"ugandských šilinků"},"narrow":"UGX","symbol":"UGX"},"USD":{"displayName":{"few":"americké dolary","many":"amerického dolaru","one":"americký dolar","other":"amerických dolarů"},"narrow":"$","symbol":"US$"},"USN":{"displayName":{"few":"americké dolary (příští den)","many":"amerického dolaru (příští den)","one":"americký dolar (příští den)","other":"amerických dolarů (příští den)"},"narrow":"USN","symbol":"USN"},"USS":{"displayName":{"few":"americké dolary (týž den)","many":"amerického dolaru (týž den)","one":"americký dolar (týž den)","other":"amerických dolarů (týž den)"},"narrow":"USS","symbol":"USS"},"UYI":{"displayName":{"few":"uruguayská pesa (v indexovaných jednotkách)","many":"uruguayského pesa (v indexovaných jednotkách)","one":"uruguayské peso (v indexovaných jednotkách)","other":"uruguayských pes (v indexovaných jednotkách)"},"narrow":"UYI","symbol":"UYI"},"UYP":{"displayName":{"few":"uruguayská pesa (1975–1993)","many":"uruguayského pesa (1975–1993)","one":"uruguayské peso (1975–1993)","other":"uruguayských pes (1975–1993)"},"narrow":"UYP","symbol":"UYP"},"UYU":{"displayName":{"few":"uruguayská pesa","many":"uruguayského pesa","one":"uruguayské peso","other":"uruguayských pes"},"narrow":"$","symbol":"UYU"},"UZS":{"displayName":{"few":"uzbecké sumy","many":"uzbeckého sumu","one":"uzbecký sum","other":"uzbeckých sumů"},"narrow":"UZS","symbol":"UZS"},"VEB":{"displayName":{"few":"venezuelské bolívary (1871–2008)","many":"venezuelského bolívaru (1871–2008)","one":"venezuelský bolívar (1871–2008)","other":"venezuelských bolívarů (1871–2008)"},"narrow":"VEB","symbol":"VEB"},"VEF":{"displayName":{"few":"venezuelské bolívary (2008–2018)","many":"venezuelského bolívaru (2008–2018)","one":"venezuelský bolívar (2008–2018)","other":"venezuelských bolívarů (2008–2018)"},"narrow":"Bs","symbol":"VEF"},"VES":{"displayName":{"few":"venezuelské bolívary","many":"venezuelského bolívaru","one":"venezuelský bolívar","other":"venezuelských bolívarů"},"narrow":"VES","symbol":"VES"},"VND":{"displayName":{"few":"vietnamské dongy","many":"vietnamského dongu","one":"vietnamský dong","other":"vietnamských dongů"},"narrow":"₫","symbol":"VND"},"VNN":{"displayName":{"few":"vietnamské dongy (1978–1985)","many":"vietnamského dongu (1978–1985)","one":"vietnamský dong (1978–1985)","other":"vietnamských dongů (1978–1985)"},"narrow":"VNN","symbol":"VNN"},"VUV":{"displayName":{"few":"vanuatské vatu","many":"vanuatského vatu","one":"vanuatský vatu","other":"vanuatských vatu"},"narrow":"VUV","symbol":"VUV"},"WST":{"displayName":{"few":"samojské taly","many":"samojské taly","one":"samojská tala","other":"samojských tal"},"narrow":"WST","symbol":"WST"},"XAF":{"displayName":{"few":"CFA/BEAC franky","many":"CFA/BEAC franku","one":"CFA/BEAC frank","other":"CFA/BEAC franků"},"narrow":"FCFA","symbol":"FCFA"},"XAG":{"displayName":{"few":"trojské unce stříbra","many":"trojské unce stříbra","one":"trojská unce stříbra","other":"trojských uncí stříbra"},"narrow":"XAG","symbol":"XAG"},"XAU":{"displayName":{"few":"trojské unce zlata","many":"trojské unce zlata","one":"trojská unce zlata","other":"trojských uncí zlata"},"narrow":"XAU","symbol":"XAU"},"XBA":{"displayName":{"few":"evropské smíšené jednotky","many":"evropské smíšené jednotky","one":"evropská smíšená jednotka","other":"evropských smíšených jednotek"},"narrow":"XBA","symbol":"XBA"},"XBB":{"displayName":{"few":"evropské peněžní jednotky","many":"evropské peněžní jednotky","one":"evropská peněžní jednotka","other":"evropských peněžních jednotek"},"narrow":"XBB","symbol":"XBB"},"XBC":{"displayName":{"few":"evropské jednotky účtu 9 (XBC)","many":"evropské jednotky účtu 9 (XBC)","one":"evropská jednotka účtu 9 (XBC)","other":"evropských jednotek účtu 9 (XBC)"},"narrow":"XBC","symbol":"XBC"},"XBD":{"displayName":{"few":"evropské jednotky účtu 17 (XBD)","many":"evropské jednotky účtu 17 (XBD)","one":"evropská jednotka účtu 17 (XBD)","other":"evropských jednotek účtu 17 (XBD)"},"narrow":"XBD","symbol":"XBD"},"XCD":{"displayName":{"few":"východokaribské dolary","many":"východokaribského dolaru","one":"východokaribský dolar","other":"východokaribských dolarů"},"narrow":"$","symbol":"EC$"},"XDR":{"displayName":{"other":"SDR"},"narrow":"XDR","symbol":"XDR"},"XEU":{"displayName":{"other":"ECU"},"narrow":"ECU","symbol":"ECU"},"XFO":{"displayName":{"few":"francouzské zlaté franky","many":"francouzského zlatého franku","one":"francouzský zlatý frank","other":"francouzských zlatých franků"},"narrow":"XFO","symbol":"XFO"},"XFU":{"displayName":{"few":"francouzské UIC franky","many":"francouzského UIC franku","one":"francouzský UIC frank","other":"francouzských UIC franků"},"narrow":"XFU","symbol":"XFU"},"XOF":{"displayName":{"few":"CFA/BCEAO franky","many":"CFA/BCEAO franku","one":"CFA/BCEAO frank","other":"CFA/BCEAO franků"},"narrow":"F CFA","symbol":"F CFA"},"XPD":{"displayName":{"few":"trojské unce palladia","many":"trojské unce palladia","one":"trojská unce palladia","other":"trojských uncí palladia"},"narrow":"XPD","symbol":"XPD"},"XPF":{"displayName":{"few":"CFP franky","many":"CFP franku","one":"CFP frank","other":"CFP franků"},"narrow":"CFPF","symbol":"CFPF"},"XPT":{"displayName":{"few":"trojské unce platiny","many":"trojské unce platiny","one":"trojská unce platiny","other":"trojských uncí platiny"},"narrow":"XPT","symbol":"XPT"},"XRE":{"displayName":{"other":"kód fondů RINET"},"narrow":"XRE","symbol":"XRE"},"XSU":{"displayName":{"other":"sucre"},"narrow":"XSU","symbol":"XSU"},"XTS":{"displayName":{"few":"kódy zvlášť vyhrazené pro testovací účely","many":"kódu zvlášť vyhrazeného pro testovací účely","one":"kód zvlášť vyhrazený pro testovací účely","other":"kódů zvlášť vyhrazených pro testovací účely"},"narrow":"XTS","symbol":"XTS"},"XUA":{"displayName":{},"narrow":"XUA","symbol":"XUA"},"XXX":{"displayName":{"other":"neznámá měna"},"narrow":"XXX","symbol":"XXX"},"YDD":{"displayName":{"few":"jemenské dináry","many":"jemenského dináru","one":"jemenský dinár","other":"jemenských dinárů"},"narrow":"YDD","symbol":"YDD"},"YER":{"displayName":{"few":"jemenské rijály","many":"jemenského rijálu","one":"jemenský rijál","other":"jemenských rijálů"},"narrow":"YER","symbol":"YER"},"YUD":{"displayName":{"few":"jugoslávské dináry (1966–1990)","many":"jugoslávského dináru (1966–1990)","one":"jugoslávský dinár (1966–1990)","other":"jugoslávských dinárů (1966–1990)"},"narrow":"YUD","symbol":"YUD"},"YUM":{"displayName":{"few":"jugoslávské nové dináry (1994–2002)","many":"jugoslávského nového dináru (1994–2002)","one":"jugoslávský nový dinár (1994–2002)","other":"jugoslávských nových dinárů (1994–2002)"},"narrow":"YUM","symbol":"YUM"},"YUN":{"displayName":{"few":"jugoslávské konvertibilní dináry (1990–1992)","many":"jugoslávského konvertibilního dináru (1990–1992)","one":"jugoslávský konvertibilní dinár (1990–1992)","other":"jugoslávských konvertibilních dinárů (1990–1992)"},"narrow":"YUN","symbol":"YUN"},"YUR":{"displayName":{"few":"jugoslávské reformované dináry (1992–1993)","many":"jugoslávského reformovaného dináru (1992–1993)","one":"jugoslávský reformovaný dinár (1992–1993)","other":"jugoslávských reformovaných dinárů (1992–1993)"},"narrow":"YUR","symbol":"YUR"},"ZAL":{"displayName":{"few":"jihoafrické finanční randy","many":"jihoafrického finančního randu","one":"jihoafrický finanční rand","other":"jihoafrických finančních randů"},"narrow":"ZAL","symbol":"ZAL"},"ZAR":{"displayName":{"few":"jihoafrické randy","many":"jihoafrického randu","one":"jihoafrický rand","other":"jihoafrických randů"},"narrow":"R","symbol":"ZAR"},"ZMK":{"displayName":{"few":"zambijské kwachy (1968–2012)","many":"zambijské kwachy (1968–2012)","one":"zambijská kwacha (1968–2012)","other":"zambijských kwach (1968–2012)"},"narrow":"ZMK","symbol":"ZMK"},"ZMW":{"displayName":{"few":"zambijské kwachy","many":"zambijské kwachy","one":"zambijská kwacha","other":"zambijských kwach"},"narrow":"ZK","symbol":"ZMW"},"ZRN":{"displayName":{"few":"zairské nové zairy (1993–1998)","many":"zairského nového zairu (1993–1998)","one":"zairský nový zaire (1993–1998)","other":"zairských nových zairů (1993–1998)"},"narrow":"ZRN","symbol":"ZRN"},"ZRZ":{"displayName":{"few":"zairské zairy (1971–1993)","many":"zairského zairu (1971–1993)","one":"zairský zaire (1971–1993)","other":"zairských zairů (1971–1993)"},"narrow":"ZRZ","symbol":"ZRZ"},"ZWD":{"displayName":{"few":"zimbabwské dolary (1980–2008)","many":"zimbabwského dolaru (1980–2008)","one":"zimbabwský dolar (1980–2008)","other":"zimbabwských dolarů (1980–2008)"},"narrow":"ZWD","symbol":"ZWD"},"ZWL":{"displayName":{"few":"zimbabwské dolary (2009)","many":"zimbabwského dolaru (2009)","one":"zimbabwský dolar (2009)","other":"zimbabwských dolarů (2009)"},"narrow":"ZWL","symbol":"ZWL"},"ZWR":{"displayName":{"few":"zimbabwské dolary (2008)","many":"zimbabwského dolaru (2008)","one":"zimbabwský dolar (2008)","other":"zimbabwských dolarů (2008)"},"narrow":"ZWR","symbol":"ZWR"}},"nu":["latn"],"numbers":{"currency":{"latn":{"accounting":"#,##0.00 ¤","currencySpacing":{"afterInsertBetween":" ","beforeInsertBetween":" "},"short":{"1000":{"other":"0 tis'.' ¤"},"10000":{"other":"00 tis'.' ¤"},"100000":{"other":"000 tis'.' ¤"},"1000000":{"other":"0 mil'.' ¤"},"10000000":{"other":"00 mil'.' ¤"},"100000000":{"other":"000 mil'.' ¤"},"1000000000":{"other":"0 mld'.' ¤"},"10000000000":{"other":"00 mld'.' ¤"},"100000000000":{"other":"000 mld'.' ¤"},"1000000000000":{"other":"0 bil'.' ¤"},"10000000000000":{"other":"00 bil'.' ¤"},"100000000000000":{"other":"000 bil'.' ¤"}},"standard":"#,##0.00 ¤","unitPattern":"{0} {1}"}},"decimal":{"latn":{"long":{"1000":{"few":"0 tisíce","many":"0 tisíce","other":"0 tisíc"},"10000":{"many":"00 tisíce","other":"00 tisíc"},"100000":{"many":"000 tisíce","other":"000 tisíc"},"1000000":{"few":"0 miliony","many":"0 milionu","one":"0 milion","other":"0 milionů"},"10000000":{"many":"00 milionu","other":"00 milionů"},"100000000":{"many":"000 milionu","other":"000 milionů"},"1000000000":{"few":"0 miliardy","many":"0 miliardy","one":"0 miliarda","other":"0 miliard"},"10000000000":{"many":"00 miliardy","other":"00 miliard"},"100000000000":{"many":"000 miliardy","other":"000 miliard"},"1000000000000":{"few":"0 biliony","many":"0 bilionu","one":"0 bilion","other":"0 bilionů"},"10000000000000":{"many":"00 bilionu","other":"00 bilionů"},"100000000000000":{"many":"000 bilionu","other":"000 bilionů"}},"short":{"1000":{"other":"0 tis'.'"},"10000":{"other":"00 tis'.'"},"100000":{"other":"000 tis'.'"},"1000000":{"other":"0 mil'.'"},"10000000":{"other":"00 mil'.'"},"100000000":{"other":"000 mil'.'"},"1000000000":{"other":"0 mld'.'"},"10000000000":{"other":"00 mld'.'"},"100000000000":{"other":"000 mld'.'"},"1000000000000":{"other":"0 bil'.'"},"10000000000000":{"other":"00 bil'.'"},"100000000000000":{"other":"000 bil'.'"}},"standard":"#,##0.###"}},"nu":["latn"],"percent":{"latn":"#,##0 %"},"symbols":{"latn":{"approximatelySign":"~","decimal":",","exponential":"E","group":" ","infinity":"∞","list":";","minusSign":"-","nan":"NaN","perMille":"‰","percentSign":"%","plusSign":"+","rangeSign":"–","superscriptingExponent":"×","timeSeparator":":"}}},"units":{"compound":{"per":{"long":"{0}/{1}","narrow":"{0}/{1}","short":"{0}/{1}"}},"simple":{"acre":{"long":{"few":"{0} akry","many":"{0} akru","one":"{0} akr","other":"{0} akrů"},"narrow":{"other":"{0} ac"},"perUnit":{},"short":{"other":"{0} ac"}},"bit":{"long":{"few":"{0} bity","many":"{0} bitu","one":"{0} bit","other":"{0} bitů"},"narrow":{"other":"{0} b"},"perUnit":{},"short":{"other":"{0} b"}},"byte":{"long":{"few":"{0} bajty","many":"{0} bajtu","one":"{0} bajt","other":"{0} bajtů"},"narrow":{"other":"{0} B"},"perUnit":{},"short":{"other":"{0} B"}},"celsius":{"long":{"few":"{0} stupně Celsia","many":"{0} stupně Celsia","one":"{0} stupeň Celsia","other":"{0} stupňů Celsia"},"narrow":{"other":"{0} °C"},"perUnit":{},"short":{"other":"{0} °C"}},"centimeter":{"long":{"few":"{0} centimetry","many":"{0} centimetru","one":"{0} centimetr","other":"{0} centimetrů"},"narrow":{"other":"{0} cm"},"perUnit":{"long":"{0} na centimetr","narrow":"{0}/cm","short":"{0}/cm"},"short":{"other":"{0} cm"}},"day":{"long":{"few":"{0} dny","many":"{0} dne","one":"{0} den","other":"{0} dnů"},"narrow":{"other":"{0} d."},"perUnit":{"long":"{0} za den","narrow":"{0}/d.","short":"{0}/den"},"short":{"few":"{0} dny","many":"{0} dne","one":"{0} den","other":"{0} dnů"}},"degree":{"long":{"few":"{0} stupně","many":"{0} stupně","one":"{0} stupeň","other":"{0} stupňů"},"narrow":{"other":"{0}°"},"perUnit":{},"short":{"other":"{0}°"}},"fahrenheit":{"long":{"few":"{0} stupně Fahrenheita","many":"{0} stupně Fahrenheita","one":"{0} stupeň Fahrenheita","other":"{0} stupňů Fahrenheita"},"narrow":{"other":"{0} °F"},"perUnit":{},"short":{"other":"{0} °F"}},"fluid-ounce":{"long":{"few":"{0} duté unce","many":"{0} duté unce","one":"{0} dutá unce","other":"{0} dutých uncí"},"narrow":{"other":"{0} fl oz"},"perUnit":{},"short":{"other":"{0} fl oz"}},"foot":{"long":{"few":"{0} stopy","many":"{0} stopy","one":"{0} stopa","other":"{0} stop"},"narrow":{"other":"{0}′"},"perUnit":{"long":"{0} na stopu","narrow":"{0}/ft","short":"{0}/ft"},"short":{"other":"{0} ft"}},"gallon":{"long":{"few":"{0} galony","many":"{0} galonu","one":"{0} galon","other":"{0} galonů"},"narrow":{"other":"{0} gal"},"perUnit":{"long":"{0} na galon","narrow":"{0}/gal","short":"{0}/gal"},"short":{"other":"{0} gal"}},"gigabit":{"long":{"few":"{0} gigabity","many":"{0} gigabitu","one":"{0} gigabit","other":"{0} gigabitů"},"narrow":{"other":"{0} Gb"},"perUnit":{},"short":{"other":"{0} Gb"}},"gigabyte":{"long":{"few":"{0} gigabajty","many":"{0} gigabajtu","one":"{0} gigabajt","other":"{0} gigabajtů"},"narrow":{"other":"{0} GB"},"perUnit":{},"short":{"other":"{0} GB"}},"gram":{"long":{"few":"{0} gramy","many":"{0} gramu","one":"{0} gram","other":"{0} gramů"},"narrow":{"other":"{0} g"},"perUnit":{"long":"{0} na gram","narrow":"{0}/g","short":"{0}/g"},"short":{"other":"{0} g"}},"hectare":{"long":{"few":"{0} hektary","many":"{0} hektaru","one":"{0} hektar","other":"{0} hektarů"},"narrow":{"other":"{0} ha"},"perUnit":{},"short":{"other":"{0} ha"}},"hour":{"long":{"few":"{0} hodiny","many":"{0} hodiny","one":"{0} hodina","other":"{0} hodin"},"narrow":{"other":"{0} h"},"perUnit":{"long":"{0} za hodinu","narrow":"{0}/h","short":"{0}/h"},"short":{"other":"{0} h"}},"inch":{"long":{"few":"{0} palce","many":"{0} palce","one":"{0} palec","other":"{0} palců"},"narrow":{"other":"{0}″"},"perUnit":{"long":"{0} na palec","narrow":"{0}/in","short":"{0}/in"},"short":{"other":"{0} in"}},"kilobit":{"long":{"few":"{0} kilobity","many":"{0} kilobitu","one":"{0} kilobit","other":"{0} kilobitů"},"narrow":{"other":"{0} kb"},"perUnit":{},"short":{"other":"{0} kb"}},"kilobyte":{"long":{"few":"{0} kilobajty","many":"{0} kilobajtu","one":"{0} kilobajt","other":"{0} kilobajtů"},"narrow":{"other":"{0} kB"},"perUnit":{},"short":{"other":"{0} kB"}},"kilogram":{"long":{"few":"{0} kilogramy","many":"{0} kilogramu","one":"{0} kilogram","other":"{0} kilogramů"},"narrow":{"other":"{0} kg"},"perUnit":{"long":"{0} na kilogram","narrow":"{0}/kg","short":"{0}/kg"},"short":{"other":"{0} kg"}},"kilometer":{"long":{"few":"{0} kilometry","many":"{0} kilometru","one":"{0} kilometr","other":"{0} kilometrů"},"narrow":{"other":"{0} km"},"perUnit":{"long":"{0} na kilometr","narrow":"{0}/km","short":"{0}/km"},"short":{"other":"{0} km"}},"kilometer-per-hour":{"long":{"few":"{0} kilometry za hodinu","many":"{0} kilometru za hodinu","one":"{0} kilometr za hodinu","other":"{0} kilometrů za hodinu"},"narrow":{"other":"{0} km/h"},"perUnit":{},"short":{"other":"{0} km/h"}},"liter":{"long":{"few":"{0} litry","many":"{0} litru","one":"{0} litr","other":"{0} litrů"},"narrow":{"other":"{0} l"},"perUnit":{"long":"{0} na litr","narrow":"{0}/l","short":"{0}/l"},"short":{"other":"{0} l"}},"liter-per-kilometer":{"long":{"few":"{0} litry na kilometr","many":"{0} litru na kilometr","one":"{0} litr na kilometr","other":"{0} litrů na kilometr"},"narrow":{"other":"{0} l/km"},"perUnit":{},"short":{"other":"{0} l/km"}},"megabit":{"long":{"few":"{0} megabity","many":"{0} megabitu","one":"{0} megabit","other":"{0} megabitů"},"narrow":{"other":"{0} Mb"},"perUnit":{},"short":{"other":"{0} Mb"}},"megabyte":{"long":{"few":"{0} megabajty","many":"{0} megabajtu","one":"{0} megabajt","other":"{0} megabajtů"},"narrow":{"other":"{0} MB"},"perUnit":{},"short":{"other":"{0} MB"}},"meter":{"long":{"few":"{0} metry","many":"{0} metru","one":"{0} metr","other":"{0} metrů"},"narrow":{"other":"{0} m"},"perUnit":{"long":"{0} na metr","narrow":"{0}/m","short":"{0}/m"},"short":{"other":"{0} m"}},"meter-per-second":{"long":{"few":"{0} metry za sekundu","many":"{0} metru za sekundu","one":"{0} metr za sekundu","other":"{0} metrů za sekundu"},"narrow":{"other":"{0} m/s"},"perUnit":{},"short":{"other":"{0} m/s"}},"mile":{"long":{"few":"{0} míle","many":"{0} míle","one":"{0} míle","other":"{0} mil"},"narrow":{"other":"{0} mi"},"perUnit":{},"short":{"other":"{0} mi"}},"mile-per-gallon":{"long":{"few":"{0} míle na galon","many":"{0} míle na galon","one":"{0} míle na galon","other":"{0} mil na galon"},"narrow":{"other":"{0} mpg"},"perUnit":{},"short":{"other":"{0} mpg"}},"mile-per-hour":{"long":{"few":"{0} míle za hodinu","many":"{0} míle za hodinu","one":"{0} míle za hodinu","other":"{0} mil za hodinu"},"narrow":{"other":"{0} mi/h"},"perUnit":{},"short":{"other":"{0} mi/h"}},"mile-scandinavian":{"long":{"few":"{0} skandinávské míle","many":"{0} skandinávské míle","one":"{0} skandinávská míle","other":"{0} skandinávských mil"},"narrow":{"other":"{0} smi"},"perUnit":{},"short":{"other":"{0} smi"}},"milliliter":{"long":{"few":"{0} mililitry","many":"{0} mililitru","one":"{0} mililitr","other":"{0} mililitrů"},"narrow":{"other":"{0} ml"},"perUnit":{},"short":{"other":"{0} ml"}},"millimeter":{"long":{"few":"{0} milimetry","many":"{0} milimetru","one":"{0} milimetr","other":"{0} milimetrů"},"narrow":{"other":"{0} mm"},"perUnit":{},"short":{"other":"{0} mm"}},"millisecond":{"long":{"few":"{0} milisekundy","many":"{0} milisekundy","one":"{0} milisekunda","other":"{0} milisekund"},"narrow":{"other":"{0} ms"},"perUnit":{},"short":{"other":"{0} ms"}},"minute":{"long":{"few":"{0} minuty","many":"{0} minuty","one":"{0} minuta","other":"{0} minut"},"narrow":{"other":"{0} m"},"perUnit":{"long":"{0} za minutu","narrow":"{0}/m","short":"{0}/min"},"short":{"other":"{0} min"}},"month":{"long":{"few":"{0} měsíce","many":"{0} měsíce","one":"{0} měsíc","other":"{0} měsíců"},"narrow":{"other":"{0} m."},"perUnit":{"long":"{0} za měsíc","narrow":"{0}/m.","short":"{0}/měs."},"short":{"other":"{0} měs."}},"ounce":{"long":{"few":"{0} unce","many":"{0} unce","one":"{0} unce","other":"{0} uncí"},"narrow":{"other":"{0} oz"},"perUnit":{"long":"{0} na unci","narrow":"{0}/oz","short":"{0}/oz"},"short":{"other":"{0} oz"}},"percent":{"long":{"few":"{0} procenta","many":"{0} procenta","one":"{0} procento","other":"{0} procent"},"narrow":{"other":"{0} %"},"perUnit":{},"short":{"other":"{0} %"}},"petabyte":{"long":{"few":"{0} petabajty","many":"{0} petabajtu","one":"{0} petabajt","other":"{0} petabajtů"},"narrow":{"other":"{0} PB"},"perUnit":{},"short":{"other":"{0} PB"}},"pound":{"long":{"few":"{0} libry","many":"{0} libry","one":"{0} libra","other":"{0} liber"},"narrow":{"other":"{0} lb"},"perUnit":{"long":"{0} na libru","narrow":"{0}/lb","short":"{0}/lb"},"short":{"other":"{0} lb"}},"second":{"long":{"few":"{0} sekundy","many":"{0} sekundy","one":"{0} sekunda","other":"{0} sekund"},"narrow":{"other":"{0} s"},"perUnit":{"long":"{0} za sekundu","narrow":"{0}/s","short":"{0}/s"},"short":{"other":"{0} s"}},"stone":{"long":{"few":"{0} kameny","many":"{0} kamene","one":"{0} kámen","other":"{0} kamenů"},"narrow":{"other":"{0} st"},"perUnit":{},"short":{"other":"{0} st"}},"terabit":{"long":{"few":"{0} terabity","many":"{0} terabitu","one":"{0} terabit","other":"{0} terabitů"},"narrow":{"other":"{0} Tb"},"perUnit":{},"short":{"other":"{0} Tb"}},"terabyte":{"long":{"few":"{0} terabajty","many":"{0} terabajtu","one":"{0} terabajt","other":"{0} terabajtů"},"narrow":{"other":"{0} TB"},"perUnit":{},"short":{"other":"{0} TB"}},"week":{"long":{"few":"{0} týdny","many":"{0} týdne","one":"{0} týden","other":"{0} týdnů"},"narrow":{"other":"{0} t."},"perUnit":{"long":"{0} za týden","narrow":"{0}/t.","short":"{0}/týd."},"short":{"other":"{0} týd."}},"yard":{"long":{"few":"{0} yardy","many":"{0} yardu","one":"{0} yard","other":"{0} yardů"},"narrow":{"other":"{0} yd"},"perUnit":{},"short":{"other":"{0} yd"}},"year":{"long":{"few":"{0} roky","many":"{0} roku","one":"{0} rok","other":"{0} let"},"narrow":{"few":"{0} r.","many":"{0} r.","one":"{0} r.","other":"{0} l."},"perUnit":{"long":"{0} za rok","narrow":"{0}/r.","short":"{0}/rok"},"short":{"few":"{0} roky","many":"{0} roku","one":"{0} rok","other":"{0} let"}}}}},"locale":"cs"}