{"data":{"currencies":{"ADP":{"displayName":{"one":"πεσέτα Ανδόρας","other":"πεσέτες Ανδόρας"},"narrow":"ADP","symbol":"ADP"},"AED":{"displayName":{"other":"ντιράμ Ηνωμένων Αραβικών Εμιράτων"},"narrow":"AED","symbol":"AED"},"AFA":{"displayName":{"other":"αφγάνι Αφγανιστάν (AFA)"},"narrow":"AFA","symbol":"AFA"},"AFN":{"displayName":{"one":"αφγάνι Αφγανιστάν","other":"αφγάνια Αφγανιστάν"},"narrow":"؋","symbol":"AFN"},"ALL":{"displayName":{"other":"λεκ Αλβανίας"},"narrow":"ALL","symbol":"ALL"},"AMD":{"displayName":{"other":"ντραμ Αρμενίας"},"narrow":"֏","symbol":"AMD"},"ANG":{"displayName":{"one":"γκίλντα Ολλανδικών Αντιλλών","other":"γκίλντες Ολλανδικών Αντιλλών"},"narrow":"ANG","symbol":"ANG"},"AOA":{"displayName":{"other":"κουάνζα Ανγκόλας"},"narrow":"Kz","symbol":"AOA"},"AOK":{"displayName":{"other":"κουάνζα Ανγκόλας (AOK)"},"narrow":"AOK","symbol":"AOK"},"AON":{"displayName":{"one":"νέο κουάνζα Ανγκόλας (1990–2000)","other":"νέα κουάνζα Ανγκόλας (1990–2000)"},"narrow":"AON","symbol":"AON"},"ARA":{"displayName":{"other":"αουστράλ Αργεντινής"},"narrow":"ARA","symbol":"ARA"},"ARP":{"displayName":{"other":"πέσο Αργεντινής (ARP)"},"narrow":"ARP","symbol":"ARP"},"ARS":{"displayName":{"other":"πέσο Αργεντινής"},"narrow":"$","symbol":"ARS"},"ATS":{"displayName":{"one":"σελίνι Αυστρίας","other":"σελίνια Αυστρίας"},"narrow":"ATS","symbol":"ATS"},"AUD":{"displayName":{"one":"δολάριο Αυστραλίας","other":"δολάρια Αυστραλίας"},"narrow":"$","symbol":"A$"},"AWG":{"displayName":{"one":"φλορίνι Αρούμπας","other":"φλορίνια Αρούμπας"},"narrow":"AWG","symbol":"AWG"},"AZM":{"displayName":{"other":"μανάτ Αζερμπαϊτζάν (1993–2006)"},"narrow":"AZM","symbol":"AZM"},"AZN":{"displayName":{"other":"μανάτ Αζερμπαϊτζάν"},"narrow":"₼","symbol":"AZN"},"BAD":{"displayName":{"one":"δηνάριο Βοσνίας-Ερζεγοβίνης","other":"δηνάρια Βοσνίας-Ερζεγοβίνης"},"narrow":"BAD","symbol":"BAD"},"BAM":{"displayName":{"one":"μετατρέψιμο μάρκο Βοσνίας-Ερζεγοβίνης","other":"μετατρέψιμα μάρκα Βοσνίας-Ερζεγοβίνης"},"narrow":"KM","symbol":"BAM"},"BBD":{"displayName":{"one":"δολάριο Μπαρμπέιντος","other":"δολάρια Μπαρμπέιντος"},"narrow":"$","symbol":"BBD"},"BDT":{"displayName":{"other":"τάκα Μπαγκλαντές"},"narrow":"৳","symbol":"BDT"},"BEC":{"displayName":{"one":"φράγκο Βελγίου (μετατρέψιμο)","other":"φράγκα Βελγίου (μετατρέψιμα)"},"narrow":"BEC","symbol":"BEC"},"BEF":{"displayName":{"one":"φράγκο Βελγίου","other":"φράγκα Βελγίου"},"narrow":"BEF","symbol":"BEF"},"BEL":{"displayName":{"one":"φράγκο Βελγίου (οικονομικό)","other":"φράγκα Βελγίου (οικονομικό)"},"narrow":"BEL","symbol":"BEL"},"BGL":{"displayName":{"one":"μεταλλικό λεβ Βουλγαρίας","other":"μεταλλικά λεβ Βουλγαρίας"},"narrow":"BGL","symbol":"BGL"},"BGN":{"displayName":{"other":"λεβ Βουλγαρίας"},"narrow":"BGN","symbol":"BGN"},"BHD":{"displayName":{"one":"δηνάριο Μπαχρέιν","other":"δηνάρια Μπαχρέιν"},"narrow":"BHD","symbol":"BHD"},"BIF":{"displayName":{"one":"φράγκο Μπουρούντι","other":"φράγκα Μπουρούντι"},"narrow":"BIF","symbol":"BIF"},"BMD":{"displayName":{"one":"δολάριο Βερμούδων","other":"δολάρια Βερμούδων"},"narrow":"$","symbol":"BMD"},"BND":{"displayName":{"one":"δολάριο Μπρουνέι","other":"δολάρια Μπρουνέι"},"narrow":"$","symbol":"BND"},"BOB":{"displayName":{"other":"μπολιβιάνο Βολιβίας"},"narrow":"Bs","symbol":"BOB"},"BOP":{"displayName":{"other":"πέσο Βολιβίας"},"narrow":"BOP","symbol":"BOP"},"BOV":{"displayName":{"other":"μβντολ Βολιβίας"},"narrow":"BOV","symbol":"BOV"},"BRB":{"displayName":{"one":"νέο κρουζέιρο Βραζιλίας (BRB)","other":"νέα κρουζέιρο Βραζιλίας (BRB)"},"narrow":"BRB","symbol":"BRB"},"BRC":{"displayName":{"other":"κρουζάντο Βραζιλίας"},"narrow":"BRC","symbol":"BRC"},"BRE":{"displayName":{"other":"κρουζέιρο Βραζιλίας (BRE)"},"narrow":"BRE","symbol":"BRE"},"BRL":{"displayName":{"other":"ρεάλ Βραζιλίας"},"narrow":"R$","symbol":"R$"},"BRN":{"displayName":{"one":"νέο κρουζάντο Βραζιλίας","other":"νέα κρουζάντο Βραζιλίας"},"narrow":"BRN","symbol":"BRN"},"BRR":{"displayName":{"other":"κρουζέιρο Βραζιλίας"},"narrow":"BRR","symbol":"BRR"},"BSD":{"displayName":{"one":"δολάριο Μπαχαμών","other":"δολάρια Μπαχαμών"},"narrow":"$","symbol":"BSD"},"BTN":{"displayName":{"other":"νγκούλτρουμ Μπουτάν"},"narrow":"BTN","symbol":"BTN"},"BUK":{"displayName":{"other":"κιάτ Βιρμανίας"},"narrow":"BUK","symbol":"BUK"},"BWP":{"displayName":{"other":"πούλα Μποτσουάνας"},"narrow":"P","symbol":"BWP"},"BYB":{"displayName":{"one":"νέο ρούβλι Λευκορωσίας (1994–1999)","other":"νέα ρούβλια Λευκορωσίας (1994–1999)"},"narrow":"BYB","symbol":"BYB"},"BYN":{"displayName":{"one":"ρούβλι Λευκορωσίας","other":"ρούβλια Λευκορωσίας"},"narrow":"р.","symbol":"BYN"},"BYR":{"displayName":{"one":"ρούβλι Λευκορωσίας (2000–2016)","other":"ρούβλια Λευκορωσίας (2000–2016)"},"narrow":"BYR","symbol":"BYR"},"BZD":{"displayName":{"one":"δολάριο Μπελίζ","other":"δολάρια Μπελίζ"},"narrow":"$","symbol":"BZD"},"CAD":{"displayName":{"one":"δολάριο Καναδά","other":"δολάρια Καναδά"},"narrow":"$","symbol":"CA$"},"CDF":{"displayName":{"one":"φράγκο Κονγκό","other":"φράγκα Κονγκό"},"narrow":"CDF","symbol":"CDF"},"CHE":{"displayName":{"other":"ευρώ WIR"},"narrow":"CHE","symbol":"CHE"},"CHF":{"displayName":{"one":"φράγκο Ελβετίας","other":"φράγκα Ελβετίας"},"narrow":"CHF","symbol":"CHF"},"CHW":{"displayName":{"one":"φράγκο WIR","other":"φράγκα WIR"},"narrow":"CHW","symbol":"CHW"},"CLF":{"displayName":{"other":"ουνιδάδες ντε φομέντο Χιλής"},"narrow":"CLF","symbol":"CLF"},"CLP":{"displayName":{"other":"πέσο Χιλής"},"narrow":"$","symbol":"CLP"},"CNH":{"displayName":{"one":"γουάν Κίνας (υπεράκτιο)","other":"γουάν Κίνας (υπεράκτια)"},"narrow":"CNH","symbol":"CNH"},"CNY":{"displayName":{"other":"γουάν Κίνας"},"narrow":"¥","symbol":"CN¥"},"COP":{"displayName":{"other":"πέσο Κολομβίας"},"narrow":"$","symbol":"COP"},"CRC":{"displayName":{"other":"κολόν Κόστα Ρίκα"},"narrow":"₡","symbol":"CRC"},"CSD":{"displayName":{"one":"παλιό δινάρη Σερβίας","other":"παλιά δινάρια Σερβίας"},"narrow":"CSD","symbol":"CSD"},"CSK":{"displayName":{"one":"σκληρή κορόνα Τσεχοσλοβακίας","other":"σκληρές κορόνες Τσεχοσλοβακίας"},"narrow":"CSK","symbol":"CSK"},"CUC":{"displayName":{"one":"μετατρέψιμο πέσο Κούβας","other":"μετατρέψιμα πέσο Κούβας"},"narrow":"$","symbol":"CUC"},"CUP":{"displayName":{"other":"πέσο Κούβας"},"narrow":"$","symbol":"CUP"},"CVE":{"displayName":{"other":"εσκούδο Πράσινου Ακρωτηρίου"},"narrow":"CVE","symbol":"CVE"},"CYP":{"displayName":{"one":"λίρα Κύπρου","other":"λίρες Κύπρου"},"narrow":"CYP","symbol":"CYP"},"CZK":{"displayName":{"one":"κορόνα Τσεχίας","other":"κορόνες Τσεχίας"},"narrow":"Kč","symbol":"CZK"},"DDM":{"displayName":{"other":"όστμαρκ Ανατολικής Γερμανίας"},"narrow":"DDM","symbol":"DDM"},"DEM":{"displayName":{"one":"μάρκο Γερμανίας","other":"μάρκα Γερμανίας"},"narrow":"DEM","symbol":"DEM"},"DJF":{"displayName":{"one":"φράγκο Τζιμπουτί","other":"φράγκα Τζιμπουτί"},"narrow":"DJF","symbol":"DJF"},"DKK":{"displayName":{"one":"κορόνα Δανίας","other":"κορόνες Δανίας"},"narrow":"kr","symbol":"DKK"},"DOP":{"displayName":{"other":"πέσο Δομινικανής Δημοκρατίας"},"narrow":"$","symbol":"DOP"},"DZD":{"displayName":{"one":"δηνάριο Αλγερίας","other":"δηνάρια Αλγερίας"},"narrow":"DZD","symbol":"DZD"},"ECS":{"displayName":{"other":"σούκρε Εκουαδόρ"},"narrow":"ECS","symbol":"ECS"},"EEK":{"displayName":{"one":"κορόνα Εσθονίας","other":"κορόνες Εσθονίας"},"narrow":"EEK","symbol":"EEK"},"EGP":{"displayName":{"one":"λίρα Αιγύπτου","other":"λίρες Αιγύπτου"},"narrow":"E£","symbol":"EGP"},"ERN":{"displayName":{"other":"νάκφα Ερυθραίας"},"narrow":"ERN","symbol":"ERN"},"ESA":{"displayName":{"one":"πεσέτα Ισπανίας (λογαριασμός Α)","other":"πεσέτες Ισπανίας (λογαριασμός Α)"},"narrow":"ESA","symbol":"ESA"},"ESB":{"displayName":{"one":"πεσέτα Ισπανίας (μετατρέψιμος λογαριασμός)","other":"πεσέτες Ισπανίας (μετατρέψιμες)"},"narrow":"ESB","symbol":"ESB"},"ESP":{"displayName":{"one":"πεσέτα Ισπανίας","other":"πεσέτες Ισπανίας"},"narrow":"₧","symbol":"ESP"},"ETB":{"displayName":{"other":"μπιρ Αιθιοπίας"},"narrow":"ETB","symbol":"ETB"},"EUR":{"displayName":{"other":"ευρώ"},"narrow":"€","symbol":"€"},"FIM":{"displayName":{"one":"μάρκο Φινλανδίας","other":"μάρκα Φινλανδίας"},"narrow":"FIM","symbol":"FIM"},"FJD":{"displayName":{"one":"δολάριο Φίτζι","other":"δολάρια Φίτζι"},"narrow":"$","symbol":"FJD"},"FKP":{"displayName":{"one":"λίρα Νήσων Φόκλαντ","other":"λίρες Νήσων Φόκλαντ"},"narrow":"£","symbol":"FKP"},"FRF":{"displayName":{"one":"φράγκο Γαλλίας","other":"φράγκα Γαλλίας"},"narrow":"FRF","symbol":"FRF"},"GBP":{"displayName":{"one":"λίρα στερλίνα Βρετανίας","other":"λίρες στερλίνες Βρετανίας"},"narrow":"£","symbol":"£"},"GEK":{"displayName":{"other":"κούπον λάρι Γεωργίας"},"narrow":"GEK","symbol":"GEK"},"GEL":{"displayName":{"other":"λάρι Γεωργίας"},"narrow":"₾","symbol":"GEL"},"GHC":{"displayName":{"other":"σέντι Γκάνας (GHC)"},"narrow":"GHC","symbol":"GHC"},"GHS":{"displayName":{"other":"σέντι Γκάνας"},"narrow":"GH₵","symbol":"GHS"},"GIP":{"displayName":{"one":"λίρα Γιβραλτάρ","other":"λίρες Γιβραλτάρ"},"narrow":"£","symbol":"GIP"},"GMD":{"displayName":{"other":"νταλάσι Γκάμπιας"},"narrow":"GMD","symbol":"GMD"},"GNF":{"displayName":{"one":"φράγκο Γουινέας","other":"φράγκα Γουινέας"},"narrow":"FG","symbol":"GNF"},"GNS":{"displayName":{"other":"συλί Γουινέας"},"narrow":"GNS","symbol":"GNS"},"GQE":{"displayName":{"other":"εκουέλε Ισημερινής Γουινέας"},"narrow":"GQE","symbol":"GQE"},"GRD":{"displayName":{"one":"δραχμή Ελλάδας","other":"δραχμές Ελλάδας"},"narrow":"Δρχ","symbol":"Δρχ"},"GTQ":{"displayName":{"other":"κουετσάλ Γουατεμάλας"},"narrow":"Q","symbol":"GTQ"},"GWE":{"displayName":{"other":"γκινέα εσκούδο Πορτογαλίας"},"narrow":"GWE","symbol":"GWE"},"GWP":{"displayName":{"other":"πέσο Γουινέα-Μπισάου"},"narrow":"GWP","symbol":"GWP"},"GYD":{"displayName":{"one":"δολάριο Γουιάνας","other":"δολάρια Γουιάνας"},"narrow":"$","symbol":"GYD"},"HKD":{"displayName":{"one":"δολάριο Χονγκ Κονγκ","other":"δολάρια Χονγκ Κονγκ"},"narrow":"$","symbol":"HK$"},"HNL":{"displayName":{"other":"λεμπίρα Ονδούρας"},"narrow":"L","symbol":"HNL"},"HRD":{"displayName":{"one":"δηνάριο Κροατίας","other":"δηνάρια Κροατίας"},"narrow":"HRD","symbol":"HRD"},"HRK":{"displayName":{"other":"κούνα Κροατίας"},"narrow":"kn","symbol":"HRK"},"HTG":{"displayName":{"other":"γκουρντ Αϊτής"},"narrow":"HTG","symbol":"HTG"},"HUF":{"displayName":{"one":"φιορίνι Ουγγαρίας","other":"φιορίνια Ουγγαρίας"},"narrow":"Ft","symbol":"HUF"},"IDR":{"displayName":{"other":"ρουπία Ινδονησίας"},"narrow":"Rp","symbol":"IDR"},"IEP":{"displayName":{"one":"λίρα Ιρλανδίας","other":"λίρες Ιρλανδίας"},"narrow":"IEP","symbol":"IEP"},"ILP":{"displayName":{"one":"λίρα Ισραήλ","other":"λίρες Ισραήλ"},"narrow":"ILP","symbol":"ILP"},"ILR":{"displayName":{"one":"παλιό σεκέλ Ισραήλ","other":"παλιά σεκέλ Ισραήλ"},"narrow":"ILR","symbol":"ILR"},"ILS":{"displayName":{"one":"νέο σέκελ Ισραήλ","other":"νέα σέκελ Ισραήλ"},"narrow":"₪","symbol":"₪"},"INR":{"displayName":{"one":"ρουπία Ινδίας","other":"ρουπίες Ινδίας"},"narrow":"₹","symbol":"₹"},"IQD":{"displayName":{"one":"δηνάριο Ιράκ","other":"δηνάρια Ιράκ"},"narrow":"IQD","symbol":"IQD"},"IRR":{"displayName":{"other":"ριάλ Ιράν"},"narrow":"IRR","symbol":"IRR"},"ISJ":{"displayName":{"one":"Παλιά κορόνα Ισλανδίας","other":"παλιές κορόνες Ισλανδίας"},"narrow":"ISJ","symbol":"ISJ"},"ISK":{"displayName":{"one":"κορόνα Ισλανδίας","other":"κορόνες Ισλανδίας"},"narrow":"kr","symbol":"ISK"},"ITL":{"displayName":{"one":"λιρέτα Ιταλίας","other":"λιρέτες Ιταλίας"},"narrow":"ITL","symbol":"ITL"},"JMD":{"displayName":{"one":"δολάριο Τζαμάικας","other":"δολάρια Τζαμάικας"},"narrow":"$","symbol":"JMD"},"JOD":{"displayName":{"one":"δηνάριο Ιορδανίας","other":"δηνάρια Ιορδανίας"},"narrow":"JOD","symbol":"JOD"},"JPY":{"displayName":{"other":"γιεν Ιαπωνίας"},"narrow":"¥","symbol":"JP¥"},"KES":{"displayName":{"one":"σελίνι Κένυας","other":"σελίνια Κένυας"},"narrow":"KES","symbol":"KES"},"KGS":{"displayName":{"other":"σομ Κιργιζίας"},"narrow":"KGS","symbol":"KGS"},"KHR":{"displayName":{"other":"ρίελ Καμπότζης"},"narrow":"៛","symbol":"KHR"},"KMF":{"displayName":{"one":"φράγκο Κομορών","other":"φράγκα Κομορών"},"narrow":"CF","symbol":"KMF"},"KPW":{"displayName":{"other":"γουόν Βόρειας Κορέας"},"narrow":"₩","symbol":"KPW"},"KRW":{"displayName":{"other":"γουόν Νότιας Κορέας"},"narrow":"₩","symbol":"₩"},"KWD":{"displayName":{"one":"δηνάριο Κουβέιτ","other":"δηνάρια Κουβέιτ"},"narrow":"KWD","symbol":"KWD"},"KYD":{"displayName":{"one":"δολάριο Νήσων Κέιμαν","other":"δολάρια Νήσων Κέιμαν"},"narrow":"$","symbol":"KYD"},"KZT":{"displayName":{"other":"τένγκε Καζακστάν"},"narrow":"₸","symbol":"KZT"},"LAK":{"displayName":{"other":"κιπ Λάος"},"narrow":"₭","symbol":"LAK"},"LBP":{"displayName":{"one":"λίρα Λιβάνου","other":"λίρες Λιβάνου"},"narrow":"L£","symbol":"LBP"},"LKR":{"displayName":{"one":"ρουπία Σρι Λάνκα","other":"ρουπίες Σρι Λάνκα"},"narrow":"Rs","symbol":"LKR"},"LRD":{"displayName":{"one":"δολάριο Λιβερίας","other":"δολάρια Λιβερίας"},"narrow":"$","symbol":"LRD"},"LSL":{"displayName":{"other":"λότι Λεσότο"},"narrow":"LSL","symbol":"LSL"},"LTL":{"displayName":{"other":"λίτα Λιθουανίας"},"narrow":"Lt","symbol":"LTL"},"LTT":{"displayName":{"other":"ταλόνας Λιθουανίας"},"narrow":"LTT","symbol":"LTT"},"LUC":{"displayName":{"other":"Μετατρέψιμο Φράγκο Λουξεμβούργου"},"narrow":"LUC","symbol":"LUC"},"LUF":{"displayName":{"one":"φράγκο Λουξεμβούργου","other":"φράγκα Λουξεμβούργου"},"narrow":"LUF","symbol":"LUF"},"LUL":{"displayName":{"other":"Οικονομικό Φράγκο Λουξεμβούργου"},"narrow":"LUL","symbol":"LUL"},"LVL":{"displayName":{"other":"λατς Λετονίας"},"narrow":"Ls","symbol":"LVL"},"LVR":{"displayName":{"one":"ρούβλι Λετονίας","other":"ρούβλια Λετονίας"},"narrow":"LVR","symbol":"LVR"},"LYD":{"displayName":{"one":"δηνάριο Λιβύης","other":"δηνάρια Λιβύης"},"narrow":"LYD","symbol":"LYD"},"MAD":{"displayName":{"other":"ντιράμ Μαρόκου"},"narrow":"MAD","symbol":"MAD"},"MAF":{"displayName":{"one":"φράγκο Μαρόκου","other":"φράγκα Μαρόκου"},"narrow":"MAF","symbol":"MAF"},"MDL":{"displayName":{"other":"λέου Μολδαβίας"},"narrow":"MDL","symbol":"MDL"},"MGA":{"displayName":{"other":"αριάρι Μαδαγασκάρης"},"narrow":"Ar","symbol":"MGA"},"MGF":{"displayName":{"one":"φράγκο Μαδαγασκάρης","other":"φράγκα Μαδαγασκάρης"},"narrow":"MGF","symbol":"MGF"},"MKD":{"displayName":{"one":"δηνάριο ΠΓΔΜ","other":"δηνάρια ΠΓΔΜ"},"narrow":"MKD","symbol":"MKD"},"MLF":{"displayName":{"one":"φράγκο Μαλί","other":"φράγκα Μαλί"},"narrow":"MLF","symbol":"MLF"},"MMK":{"displayName":{"other":"κιάτ Μιανμάρ"},"narrow":"K","symbol":"MMK"},"MNT":{"displayName":{"other":"τουγκρίκ Μογγολίας"},"narrow":"₮","symbol":"MNT"},"MOP":{"displayName":{"other":"πατάκα Μακάο"},"narrow":"MOP","symbol":"MOP"},"MRO":{"displayName":{"other":"ουγκίγια Μαυριτανίας (1973–2017)"},"narrow":"MRO","symbol":"MRO"},"MRU":{"displayName":{"other":"ουγκίγια Μαυριτανίας"},"narrow":"MRU","symbol":"MRU"},"MTL":{"displayName":{"one":"λιρέτα Μάλτας","other":"λιρέτες Μάλτας"},"narrow":"MTL","symbol":"MTL"},"MTP":{"displayName":{"one":"λίρα Μάλτας","other":"λίρες Μάλτας"},"narrow":"MTP","symbol":"MTP"},"MUR":{"displayName":{"one":"ρουπία Μαυρικίου","other":"ρουπίες Μαυρικίου"},"narrow":"Rs","symbol":"MUR"},"MVR":{"displayName":{"one":"ρουφίγια Μαλδίβων","other":"ρουφίγιες Μαλδίβων"},"narrow":"MVR","symbol":"MVR"},"MWK":{"displayName":{"other":"κουάτσα Μαλάουι"},"narrow":"MWK","symbol":"MWK"},"MXN":{"displayName":{"other":"πέσο Μεξικού"},"narrow":"$","symbol":"MX$"},"MXP":{"displayName":{"one":"ασημένιο πέσο Μεξικού (MXP)","other":"ασημένια πέσο Μεξικού (MXP)"},"narrow":"MXP","symbol":"MXP"},"MYR":{"displayName":{"other":"ρινγκίτ Μαλαισίας"},"narrow":"RM","symbol":"MYR"},"MZE":{"displayName":{"other":"εσκούδο Μοζαμβίκης"},"narrow":"MZE","symbol":"MZE"},"MZM":{"displayName":{"one":"παλιό μετικάλ Μοζαμβίκης","other":"παλιά μετικάλ Μοζαμβίκης"},"narrow":"MZM","symbol":"MZM"},"MZN":{"displayName":{"other":"μετικάλ Μοζαμβίκης"},"narrow":"MZN","symbol":"MZN"},"NAD":{"displayName":{"one":"δολάριο Ναμίμπιας","other":"δολάρια Ναμίμπιας"},"narrow":"$","symbol":"NAD"},"NGN":{"displayName":{"other":"νάιρα Νιγηρίας"},"narrow":"₦","symbol":"NGN"},"NIC":{"displayName":{"other":"κόρδοβα Νικαράγουας"},"narrow":"NIC","symbol":"NIC"},"NIO":{"displayName":{"one":"χρυσή κόρδοβα Νικαράγουας","other":"χρυσές κόρδοβα Νικαράγουας"},"narrow":"C$","symbol":"NIO"},"NLG":{"displayName":{"other":"γκίλντα Ολλανδίας"},"narrow":"NLG","symbol":"NLG"},"NOK":{"displayName":{"one":"κορόνα Νορβηγίας","other":"κορόνες Νορβηγίας"},"narrow":"kr","symbol":"NOK"},"NPR":{"displayName":{"one":"ρουπία Νεπάλ","other":"ρουπίες Νεπάλ"},"narrow":"Rs","symbol":"NPR"},"NZD":{"displayName":{"one":"δολάριο Νέας Ζηλανδίας","other":"δολάρια Νέας Ζηλανδίας"},"narrow":"$","symbol":"NZ$"},"OMR":{"displayName":{"other":"ριάλ Ομάν"},"narrow":"OMR","symbol":"OMR"},"PAB":{"displayName":{"other":"μπαλμπόα Παναμά"},"narrow":"PAB","symbol":"PAB"},"PEI":{"displayName":{"other":"ίντι Περού"},"narrow":"PEI","symbol":"PEI"},"PEN":{"displayName":{"other":"σολ Περού"},"narrow":"PEN","symbol":"PEN"},"PES":{"displayName":{"other":"σολ Περού (1863–1965)"},"narrow":"PES","symbol":"PES"},"PGK":{"displayName":{"other":"κίνα Παπούας Νέας Γουινέας"},"narrow":"PGK","symbol":"PGK"},"PHP":{"displayName":{"other":"πέσο Φιλιππίνων"},"narrow":"₱","symbol":"PHP"},"PKR":{"displayName":{"one":"ρουπία Πακιστάν","other":"ρουπίες Πακιστάν"},"narrow":"Rs","symbol":"PKR"},"PLN":{"displayName":{"other":"ζλότι Πολωνίας"},"narrow":"zł","symbol":"PLN"},"PLZ":{"displayName":{"other":"ζλότυ Πολωνίας (PLZ)"},"narrow":"PLZ","symbol":"PLZ"},"PTE":{"displayName":{"other":"εσκούδο Πορτογαλίας"},"narrow":"PTE","symbol":"PTE"},"PYG":{"displayName":{"other":"γκουαρανί Παραγουάης"},"narrow":"₲","symbol":"PYG"},"QAR":{"displayName":{"other":"ριάλ Κατάρ"},"narrow":"QAR","symbol":"QAR"},"RHD":{"displayName":{"one":"δολάριο Ροδεσίας","other":"δολάρια Ροδεσίας"},"narrow":"RHD","symbol":"RHD"},"ROL":{"displayName":{"one":"παλιό λέι Ρουμανίας","other":"παλιά λέι Ρουμανίας"},"narrow":"ROL","symbol":"ROL"},"RON":{"displayName":{"other":"λέου Ρουμανίας"},"narrow":"lei","symbol":"RON"},"RSD":{"displayName":{"one":"δηνάριο Σερβίας","other":"δηνάρια Σερβίας"},"narrow":"RSD","symbol":"RSD"},"RUB":{"displayName":{"one":"ρούβλι Ρωσίας","other":"ρούβλια Ρωσίας"},"narrow":"₽","symbol":"RUB"},"RUR":{"displayName":{"one":"ρούβλι Ρωσίας (RUR)","other":"ρούβλια Ρωσίας (1991–1998)"},"narrow":"RUR","symbol":"RUR"},"RWF":{"displayName":{"one":"φράγκο Ρουάντας","other":"φράγκα Ρουάντας"},"narrow":"RF","symbol":"RWF"},"SAR":{"displayName":{"other":"ριάλ Σαουδικής Αραβίας"},"narrow":"SAR","symbol":"SAR"},"SBD":{"displayName":{"one":"δολάριο Νήσων Σολομώντος","other":"δολάρια Νήσων Σολομώντος"},"narrow":"$","symbol":"SBD"},"SCR":{"displayName":{"one":"ρουπία Σεϋχελλών","other":"ρουπίες Σεϋχελλών"},"narrow":"SCR","symbol":"SCR"},"SDD":{"displayName":{"one":"δηνάριο Σουδάν","other":"δηνάρια Σουδάν"},"narrow":"SDD","symbol":"SDD"},"SDG":{"displayName":{"one":"λίρα Σουδάν","other":"λίρες Σουδάν"},"narrow":"SDG","symbol":"SDG"},"SDP":{"displayName":{"one":"παλιά λίρα Σουδάν","other":"παλαιές λίρες Σουδάν"},"narrow":"SDP","symbol":"SDP"},"SEK":{"displayName":{"one":"κορόνα Σουηδίας","other":"κορόνες Σουηδίας"},"narrow":"kr","symbol":"SEK"},"SGD":{"displayName":{"one":"δολάριο Σιγκαπούρης","other":"δολάρια Σιγκαπούρης"},"narrow":"$","symbol":"SGD"},"SHP":{"displayName":{"one":"λίρα Αγίας Ελένης","other":"λίρες Αγίας Ελένης"},"narrow":"£","symbol":"SHP"},"SIT":{"displayName":{"one":"τόλαρ Σλοβενίας","other":"τόλαρ Σλοβ"},"narrow":"SIT","symbol":"SIT"},"SKK":{"displayName":{"one":"κορόνα Σλοβενίας","other":"κορόνες Σλοβενίας"},"narrow":"SKK","symbol":"SKK"},"SLL":{"displayName":{"other":"λεόνε Σιέρα Λεόνε"},"narrow":"SLL","symbol":"SLL"},"SOS":{"displayName":{"one":"σελίνι Σομαλίας","other":"σελίνια Σομαλίας"},"narrow":"SOS","symbol":"SOS"},"SRD":{"displayName":{"one":"δολάριο Σουρινάμ","other":"δολάρια Σουρινάμ"},"narrow":"$","symbol":"SRD"},"SRG":{"displayName":{"other":"γκίλντα Σουρινάμ"},"narrow":"SRG","symbol":"SRG"},"SSP":{"displayName":{"one":"λίρα Νότιου Σουδάν","other":"λίρες Νότιου Σουδάν"},"narrow":"£","symbol":"SSP"},"STD":{"displayName":{"other":"ντόμπρα Σάο Τομέ και Πρίνσιπε (1977–2017)"},"narrow":"STD","symbol":"STD"},"STN":{"displayName":{"other":"ντόμπρα Σάο Τομέ και Πρίνσιπε"},"narrow":"Db","symbol":"STN"},"SUR":{"displayName":{"one":"σοβιετικό ρούβλι","other":"σοβιετικά ρούβλια"},"narrow":"SUR","symbol":"SUR"},"SVC":{"displayName":{"other":"κολόν Ελ Σαλβαδόρ"},"narrow":"SVC","symbol":"SVC"},"SYP":{"displayName":{"one":"λίρα Συρίας","other":"λίρες Συρίας"},"narrow":"£","symbol":"SYP"},"SZL":{"displayName":{"other":"λιλανγκένι Σουαζιλάνδης"},"narrow":"SZL","symbol":"SZL"},"THB":{"displayName":{"other":"μπατ Ταϊλάνδης"},"narrow":"฿","symbol":"฿"},"TJR":{"displayName":{"one":"ρούβλι Τατζικιστάν","other":"ρούβλια Τατζικιστάν"},"narrow":"TJR","symbol":"TJR"},"TJS":{"displayName":{"other":"σομόνι Τατζικιστάν"},"narrow":"TJS","symbol":"TJS"},"TMM":{"displayName":{"other":"μανάτ Τουρκμενιστάν"},"narrow":"TMM","symbol":"TMM"},"TMT":{"displayName":{"other":"μάνατ Τουρκμενιστάν"},"narrow":"TMT","symbol":"TMT"},"TND":{"displayName":{"one":"δηνάριο Τυνησίας","other":"δηνάρια Τυνησίας"},"narrow":"TND","symbol":"TND"},"TOP":{"displayName":{"other":"παάγκα Τόνγκα"},"narrow":"T$","symbol":"TOP"},"TPE":{"displayName":{"other":"εσκούδο Τιμόρ"},"narrow":"TPE","symbol":"TPE"},"TRL":{"displayName":{"one":"παλιά λίρα Τουρκίας","other":"παλιές λίρες Τουρκίας"},"narrow":"TRL","symbol":"TRL"},"TRY":{"displayName":{"one":"λίρα Τουρκίας","other":"λίρες Τουρκίας"},"narrow":"₺","symbol":"TRY"},"TTD":{"displayName":{"one":"δολάριο Τρινιντάντ και Τομπάγκο","other":"δολάρια Τρινιντάντ και Τομπάγκο"},"narrow":"$","symbol":"TTD"},"TWD":{"displayName":{"one":"νέο δολάριο Ταϊβάν","other":"νέα δολάρια Ταϊβάν"},"narrow":"$","symbol":"NT$"},"TZS":{"displayName":{"one":"σελίνι Τανζανίας","other":"σελίνια Τανζανίας"},"narrow":"TZS","symbol":"TZS"},"UAH":{"displayName":{"other":"γρίβνα Ουκρανίας"},"narrow":"₴","symbol":"UAH"},"UAK":{"displayName":{"other":"καρμποβανέτς Ουκρανίας"},"narrow":"UAK","symbol":"UAK"},"UGS":{"displayName":{"one":"σελίνι Ουγκάντας (UGS)","other":"σελίνια Ουγκάντας (UGS)"},"narrow":"UGS","symbol":"UGS"},"UGX":{"displayName":{"one":"σελίνι Ουγκάντας","other":"σελίνια Ουγκάντας"},"narrow":"UGX","symbol":"UGX"},"USD":{"displayName":{"one":"δολάριο ΗΠΑ","other":"δολάρια ΗΠΑ"},"narrow":"$","symbol":"$"},"USN":{"displayName":{"one":"δολάριο Η.Π.Α. (επόμενη ημέρα)","other":"δολάρια Η.Π.Α. (επόμενη ημέρα)"},"narrow":"USN","symbol":"USN"},"USS":{"displayName":{"one":"δολάριο Η.Π.Α. (ίδια ημέρα)","other":"δολάρια Η.Π.Α. (ίδια ημέρα)"},"narrow":"USS","symbol":"USS"},"UYP":{"displayName":{"other":"πέσο Ουρουγουάης (UYP)"},"narrow":"UYP","symbol":"UYP"},"UYU":{"displayName":{"other":"πέσο Ουρουγουάης"},"narrow":"$","symbol":"UYU"},"UZS":{"displayName":{"other":"σομ Ουζμπεκιστάν"},"narrow":"UZS","symbol":"UZS"},"VEB":{"displayName":{"other":"μπολιβάρ Βενεζουέλας (1871–2008)"},"narrow":"VEB","symbol":"VEB"},"VEF":{"displayName":{"other":"μπολιβάρ Βενεζουέλας (2008–2018)"},"narrow":"Bs","symbol":"VEF"},"VES":{"displayName":{"other":"μπολιβάρ Βενεζουέλας"},"narrow":"VES","symbol":"VES"},"VND":{"displayName":{"other":"ντονγκ Βιετνάμ"},"narrow":"₫","symbol":"₫"},"VUV":{"displayName":{"other":"βατού Βανουάτου"},"narrow":"VUV","symbol":"VUV"},"WST":{"displayName":{"other":"τάλα Σαμόα"},"narrow":"WST","symbol":"WST"},"XAF":{"displayName":{"one":"φράγκο CFA Κεντρικής Αφρικής","other":"φράγκα CFA Κεντρικής Αφρικής"},"narrow":"FCFA","symbol":"FCFA"},"XBA":{"displayName":{"one":"ευρωπαϊκή σύνθετη μονάδα","other":"ευρωπαϊκές σύνθετες μονάδες"},"narrow":"XBA","symbol":"XBA"},"XBB":{"displayName":{"one":"ευρωπαϊκή νομισματική μονάδα","other":"ευρωπαϊκές νομισματικές μονάδες"},"narrow":"XBB","symbol":"XBB"},"XBC":{"displayName":{"one":"ευρωπαϊκή μονάδα λογαριασμού (XBC)","other":"ευρωπαϊκές μονάδες λογαριασμού (XBC)"},"narrow":"XBC","symbol":"XBC"},"XBD":{"displayName":{"one":"ευρωπαϊκή μονάδα λογαριασμού (XBD)","other":"ευρωπαϊκές μονάδες λογαριασμού (XBD)"},"narrow":"XBD","symbol":"XBD"},"XCD":{"displayName":{"one":"δολάριο Ανατολικής Καραϊβικής","other":"δολάρια Ανατολικής Καραϊβικής"},"narrow":"$","symbol":"EC$"},"XDR":{"displayName":{"one":"ειδικό δικαίωμα ανάληψης","other":"ειδικά δικαιώματα ανάληψης"},"narrow":"XDR","symbol":"XDR"},"XEU":{"displayName":{"one":"ευρωπαϊκή συναλλαγματική μονάδα","other":"ευρωπαϊκές συναλλαγματικές μονάδες"},"narrow":"XEU","symbol":"XEU"},"XFO":{"displayName":{"one":"χρυσό φράγκο Γαλλίας","other":"χρυσά φράγκα Γαλλίας"},"narrow":"XFO","symbol":"XFO"},"XFU":{"displayName":{"one":"UIC-φράγκο Γαλλίας","other":"UIC-φράγκα Γαλλίας"},"narrow":"XFU","symbol":"XFU"},"XOF":{"displayName":{"one":"φράγκο CFA Δυτικής Αφρικής","other":"φράγκα CFA Δυτικής Αφρικής"},"narrow":"F CFA","symbol":"F CFA"},"XPF":{"displayName":{"one":"φράγκο CFP","other":"φράγκα CFP"},"narrow":"CFPF","symbol":"CFPF"},"XXX":{"displayName":{"other":"(άγνωστο νόμισμα)"},"narrow":"¤","symbol":"¤"},"YDD":{"displayName":{"one":"δηνάριο Υεμένης","other":"δηνάρια Υεμένης"},"narrow":"YDD","symbol":"YDD"},"YER":{"displayName":{"other":"ριάλ Υεμένης"},"narrow":"YER","symbol":"YER"},"YUD":{"displayName":{"one":"μεταλλικό δηνάριο Γιουγκοσλαβίας","other":"μεταλλικά δηνάρια Γιουγκοσλαβίας"},"narrow":"YUD","symbol":"YUD"},"YUM":{"displayName":{"other":"νέο δηνάριο Γιουγκοσλαβίας"},"narrow":"YUM","symbol":"YUM"},"YUN":{"displayName":{"one":"μετατρέψιμο δινάριο Γιουγκοσλαβίας","other":"μετατρέψιμο δηνάριο Γιουγκοσλαβίας"},"narrow":"YUN","symbol":"YUN"},"ZAL":{"displayName":{"other":"ραντ Νότιας Αφρικής (οικονομικό)"},"narrow":"ZAL","symbol":"ZAL"},"ZAR":{"displayName":{"other":"ραντ Νότιας Αφρικής"},"narrow":"R","symbol":"ZAR"},"ZMK":{"displayName":{"other":"κουάτσα Ζάμπιας (1968–2012)"},"narrow":"ZMK","symbol":"ZMK"},"ZMW":{"displayName":{"other":"κουάτσα Ζάμπιας"},"narrow":"ZK","symbol":"ZMW"},"ZRN":{"displayName":{"one":"νέο ζαΐρ Ζαΐρ","other":"νέα ζαΐρ Ζαΐρ"},"narrow":"ZRN","symbol":"ZRN"},"ZRZ":{"displayName":{"other":"ζαΐρ Ζαΐρ"},"narrow":"ZRZ","symbol":"ZRZ"},"ZWD":{"displayName":{"one":"δολάριο Ζιμπάμπουε","other":"δολάρια Ζιμπάμπουε"},"narrow":"ZWD","symbol":"ZWD"},"ZWL":{"displayName":{"other":"Δολάριο Ζιμπάμπουε (2009)"},"narrow":"ZWL","symbol":"ZWL"}},"nu":["latn"],"numbers":{"currency":{"latn":{"accounting":"#,##0.00 ¤","currencySpacing":{"afterInsertBetween":" ","beforeInsertBetween":" "},"short":{"1000":{"other":"0 χιλ'.' ¤"},"10000":{"other":"00 χιλ'.' ¤"},"100000":{"other":"000 χιλ'.' ¤"},"1000000":{"other":"0 εκ'.' ¤"},"10000000":{"other":"00 εκ'.' ¤"},"100000000":{"other":"000 εκ'.' ¤"},"1000000000":{"other":"0 δισ'.' ¤"},"10000000000":{"other":"00 δισ'.' ¤"},"100000000000":{"other":"000 δισ'.' ¤"},"1000000000000":{"other":"0 τρισ'.' ¤"},"10000000000000":{"other":"00 τρισ'.' ¤"},"100000000000000":{"other":"000 τρισ'.' ¤"}},"standard":"#,##0.00 ¤","unitPattern":"{0} {1}"}},"decimal":{"latn":{"long":{"1000":{"one":"0 χιλιάδα","other":"0 χιλιάδες"},"10000":{"other":"00 χιλιάδες"},"100000":{"other":"000 χιλιάδες"},"1000000":{"one":"0 εκατομμύριο","other":"0 εκατομμύρια"},"10000000":{"other":"00 εκατομμύρια"},"100000000":{"other":"000 εκατομμύρια"},"1000000000":{"one":"0 δισεκατομμύριο","other":"0 δισεκατομμύρια"},"10000000000":{"other":"00 δισεκατομμύρια"},"100000000000":{"other":"000 δισεκατομμύρια"},"1000000000000":{"one":"0 τρισεκατομμύριο","other":"0 τρισεκατομμύρια"},"10000000000000":{"other":"00 τρισεκατομμύρια"},"100000000000000":{"other":"000 τρισεκατομμύρια"}},"short":{"1000":{"other":"0 χιλ'.'"},"10000":{"other":"00 χιλ'.'"},"100000":{"other":"000 χιλ'.'"},"1000000":{"other":"0 εκ'.'"},"10000000":{"other":"00 εκ'.'"},"100000000":{"other":"000 εκ'.'"},"1000000000":{"other":"0 δισ'.'"},"10000000000":{"other":"00 δισ'.'"},"100000000000":{"other":"000 δισ'.'"},"1000000000000":{"other":"0 τρισ'.'"},"10000000000000":{"other":"00 τρισ'.'"},"100000000000000":{"other":"000 τρισ'.'"}},"standard":"#,##0.###"}},"nu":["latn"],"percent":{"latn":"#,##0%"},"symbols":{"latn":{"approximatelySign":"~","decimal":",","exponential":"e","group":".","infinity":"∞","list":";","minusSign":"-","nan":"NaN","perMille":"‰","percentSign":"%","plusSign":"+","rangeSign":"–","superscriptingExponent":"×","timeSeparator":":"}}},"units":{"compound":{"per":{"long":"{0} ανά {1}","narrow":"{0}/{1}","short":"{0}/{1}"}},"simple":{"acre":{"long":{"other":"{0} ακρ"},"narrow":{"other":"{0} ακρ"},"perUnit":{},"short":{"other":"{0} ακρ"}},"bit":{"long":{"other":"{0} bit"},"narrow":{"other":"{0} bit"},"perUnit":{},"short":{"other":"{0} bit"}},"byte":{"long":{"other":"{0} byte"},"narrow":{"other":"{0} byte"},"perUnit":{},"short":{"other":"{0} byte"}},"celsius":{"long":{"one":"{0} βαθμός Κελσίου","other":"{0} βαθμοί Κελσίου"},"narrow":{"other":"{0}°C"},"perUnit":{},"short":{"other":"{0}°C"}},"centimeter":{"long":{"one":"{0} εκατοστό","other":"{0} εκατοστά"},"narrow":{"other":"{0} εκ."},"perUnit":{"long":"{0} ανά εκατοστό","narrow":"{0}/εκ.","short":"{0}/εκ."},"short":{"other":"{0} εκ."}},"day":{"long":{"one":"{0} ημέρα","other":"{0} ημέρες"},"narrow":{"other":"{0} η"},"perUnit":{"long":"{0} ανά ημέρα","narrow":"{0}/η","short":"{0}/ημ."},"short":{"one":"{0} ημέρα","other":"{0} ημέρες"}},"degree":{"long":{"one":"{0} μοίρα","other":"{0} μοίρες"},"narrow":{"other":"{0}°"},"perUnit":{},"short":{"other":"{0}°"}},"fahrenheit":{"long":{"one":"{0} βαθμός Φαρενάιτ","other":"{0} βαθμοί Φαρενάιτ"},"narrow":{"other":"{0}°F"},"perUnit":{},"short":{"other":"{0}°F"}},"fluid-ounce":{"long":{"one":"{0} ουγγιά όγκου","other":"{0} ουγγιές όγκου"},"narrow":{"other":"{0} fl oz"},"perUnit":{},"short":{"other":"{0} fl oz"}},"foot":{"long":{"one":"{0} πόδι","other":"{0} πόδια"},"narrow":{"other":"{0} ft"},"perUnit":{"long":"{0} ανά πόδι","narrow":"{0}/πδ","short":"{0}/πδ"},"short":{"other":"{0} πδ"}},"gallon":{"long":{"one":"{0} γαλόνι","other":"{0} γαλόνια"},"narrow":{"other":"{0} γαλ."},"perUnit":{"long":"{0} ανά γαλόνι","narrow":"{0}/γαλ.","short":"{0}/γαλ."},"short":{"other":"{0} γαλ."}},"gigabit":{"long":{"other":"{0} gigabit"},"narrow":{"other":"{0} Gb"},"perUnit":{},"short":{"other":"{0} Gb"}},"gigabyte":{"long":{"other":"{0} gigabyte"},"narrow":{"other":"{0} GB"},"perUnit":{},"short":{"other":"{0} GB"}},"gram":{"long":{"one":"{0} γραμμάριο","other":"{0} γραμμάρια"},"narrow":{"other":"{0} γρ."},"perUnit":{"long":"{0} ανά γραμμάριο","narrow":"{0}/γρ.","short":"{0}/γρ."},"short":{"other":"{0} γρ."}},"hectare":{"long":{"one":"{0} εκτάριο","other":"{0} εκτάρια"},"narrow":{"other":"{0} ha"},"perUnit":{},"short":{"other":"{0} εκτ."}},"hour":{"long":{"one":"{0} ώρα","other":"{0} ώρες"},"narrow":{"other":"{0} ώ"},"perUnit":{"long":"{0} ανά ώρα","narrow":"{0}/ώ","short":"{0}/ώ."},"short":{"other":"{0} ώ."}},"inch":{"long":{"one":"{0} ίντσα","other":"{0} ίντσες"},"narrow":{"other":"{0} in"},"perUnit":{"long":"{0} ανά ίντσα","narrow":"{0}/ίν.","short":"{0}/ίν."},"short":{"other":"{0} ίν."}},"kilobit":{"long":{"other":"{0} kilobit"},"narrow":{"other":"{0} kb"},"perUnit":{},"short":{"other":"{0} kb"}},"kilobyte":{"long":{"other":"{0} kilobyte"},"narrow":{"other":"{0} kB"},"perUnit":{},"short":{"other":"{0} kB"}},"kilogram":{"long":{"one":"{0} χιλιόγραμμο","other":"{0} χιλιόγραμμα"},"narrow":{"other":"{0} kg"},"perUnit":{"long":"{0} ανά χιλιόγραμμο","narrow":"{0}/kg","short":"{0}/κιλό"},"short":{"one":"{0} κιλό","other":"{0} κιλά"}},"kilometer":{"long":{"one":"{0} χιλιόμετρο","other":"{0} χιλιόμετρα"},"narrow":{"other":"{0} χλμ."},"perUnit":{"long":"{0} ανά χιλιόμετρο","narrow":"{0}/χλμ.","short":"{0}/χλμ."},"short":{"other":"{0} χλμ."}},"kilometer-per-hour":{"long":{"one":"{0} χιλιόμετρο ανά ώρα","other":"{0} χιλιόμετρα ανά ώρα"},"narrow":{"other":"{0} χλμ/ώ."},"perUnit":{},"short":{"other":"{0} χλμ./ώρα"}},"liter":{"long":{"one":"{0} λίτρο","other":"{0} λίτρα"},"narrow":{"other":"{0} λ."},"perUnit":{"long":"{0} ανά λίτρο","narrow":"{0}/λ.","short":"{0}/λ."},"short":{"other":"{0} λίτ."}},"liter-per-kilometer":{"long":{"one":"{0} λίτρο ανά χιλιόμετρο","other":"{0} λίτρα ανά χιλιόμετρο"},"narrow":{"other":"{0} λ/χλμ"},"perUnit":{},"short":{"one":"{0} λίτρο/χλμ.","other":"{0} λίτρα/χλμ."}},"megabit":{"long":{"other":"{0} megabit"},"narrow":{"other":"{0} Mb"},"perUnit":{},"short":{"other":"{0} Mb"}},"megabyte":{"long":{"other":"{0} megabyte"},"narrow":{"other":"{0} MB"},"perUnit":{},"short":{"other":"{0} MB"}},"meter":{"long":{"one":"{0} μέτρο","other":"{0} μέτρα"},"narrow":{"other":"{0} μ."},"perUnit":{"long":"{0} ανά μέτρο","narrow":"{0}/μ.","short":"{0}/μ."},"short":{"other":"{0} μ."}},"meter-per-second":{"long":{"one":"{0} μέτρο ανά δευτερόλεπτο","other":"{0} μέτρα ανά δευτερόλεπτο"},"narrow":{"other":"{0} μ./δ."},"perUnit":{},"short":{"one":"{0} μέτρο/δευτ.","other":"{0} μέτρα/δευτ."}},"mile":{"long":{"one":"{0} μίλι","other":"{0} μίλια"},"narrow":{"other":"{0} mi"},"perUnit":{},"short":{"other":"{0} μίλ."}},"mile-per-gallon":{"long":{"one":"{0} μίλι ανά γαλόνι","other":"{0} μίλια ανά γαλόνι"},"narrow":{"other":"{0} mpg"},"perUnit":{},"short":{"other":"{0} mpg"}},"mile-per-hour":{"long":{"one":"{0} μίλι ανά ώρα","other":"{0} μίλια ανά ώρα"},"narrow":{"one":"{0} μίλι/ώ.","other":"{0} μίλια/ώ."},"perUnit":{},"short":{"one":"{0} μίλι/ώρα","other":"{0} μίλια/ώρα"}},"mile-scandinavian":{"long":{"one":"{0} σκανδιναβικό μίλι","other":"{0} σκανδιναβικά μίλια"},"narrow":{"other":"{0}smi"},"perUnit":{},"short":{"one":"{0} σκανδ. μίλι","other":"{0} σκανδ. μίλια"}},"milliliter":{"long":{"one":"{0} χιλιοστόλιτρο","other":"{0} χιλιοστόλιτρα"},"narrow":{"other":"{0} mL"},"perUnit":{},"short":{"other":"{0} mL"}},"millimeter":{"long":{"one":"{0} χιλιοστόμετρο","other":"{0} χιλιοστόμετρα"},"narrow":{"other":"{0} χλστ."},"perUnit":{},"short":{"other":"{0} χλστ."}},"millisecond":{"long":{"one":"{0} χιλιοστό του δευτερολέπτου","other":"{0} χιλιοστά του δευτερολέπτου"},"narrow":{"other":"{0} ms"},"perUnit":{},"short":{"other":"{0} ms"}},"minute":{"long":{"one":"{0} λεπτό","other":"{0} λεπτά"},"narrow":{"other":"{0} λ"},"perUnit":{"long":"{0} ανά λεπτό","narrow":"{0}/λ","short":"{0}/λ."},"short":{"other":"{0} λ."}},"month":{"long":{"one":"{0} μήνας","other":"{0} μήνες"},"narrow":{"other":"{0} μ"},"perUnit":{"long":"{0} ανά μήνα","narrow":"{0}/μ","short":"{0}/μ."},"short":{"other":"{0} μήν."}},"ounce":{"long":{"one":"{0} ουγγιά","other":"{0} ουγγιές"},"narrow":{"other":"{0} oz"},"perUnit":{"long":"{0} ανά ουγγιά","narrow":"{0}/oz","short":"{0}/oz"},"short":{"other":"{0} oz"}},"percent":{"long":{"other":"{0} τοις εκατό"},"narrow":{"other":"{0}%"},"perUnit":{},"short":{"other":"{0}%"}},"petabyte":{"long":{"other":"{0} petabyte"},"narrow":{"other":"{0} PB"},"perUnit":{},"short":{"other":"{0} PB"}},"pound":{"long":{"one":"{0} λίβρα","other":"{0} λίβρες"},"narrow":{"other":"{0} λβ"},"perUnit":{"long":"{0} ανά λίβρα","narrow":"{0}/λβ","short":"{0}/λβ"},"short":{"other":"{0} λβ"}},"second":{"long":{"one":"{0} δευτερόλεπτο","other":"{0} δευτερόλεπτα"},"narrow":{"other":"{0} δ"},"perUnit":{"long":"{0} ανά δευτερόλεπτο","narrow":"{0}/δ","short":"{0}/δευτ."},"short":{"other":"{0} δευτ."}},"stone":{"long":{"other":"{0} stone"},"narrow":{"other":"{0} st"},"perUnit":{},"short":{"other":"{0} st"}},"terabit":{"long":{"other":"{0} terabit"},"narrow":{"other":"{0} Tb"},"perUnit":{},"short":{"other":"{0} Tb"}},"terabyte":{"long":{"other":"{0} terabyte"},"narrow":{"other":"{0} TB"},"perUnit":{},"short":{"other":"{0} TB"}},"week":{"long":{"one":"{0} εβδομάδα","other":"{0} εβδομάδες"},"narrow":{"other":"{0} ε"},"perUnit":{"long":"{0} ανά εβδομάδα","narrow":"{0}/ε","short":"{0}/εβδ."},"short":{"other":"{0} εβδ."}},"yard":{"long":{"one":"{0} γιάρδα","other":"{0} γιάρδες"},"narrow":{"other":"{0} yd"},"perUnit":{},"short":{"other":"{0} γρδ"}},"year":{"long":{"one":"{0} έτος","other":"{0} έτη"},"narrow":{"other":"{0} έ"},"perUnit":{"long":"{0} ανά έτος","narrow":"{0}/έ","short":"{0}/έτ."},"short":{"other":"{0} έτ."}}}}},"locale":"el"}