{"data":{"currencies":{"ADP":{"displayName":{"one":"Andorran peseta","other":"Andorran pesetaa"},"narrow":"ADP","symbol":"ADP"},"AED":{"displayName":{"one":"Arabiemiirikuntien dirhami","other":"Arabiemiirikuntien dirhamia"},"narrow":"AED","symbol":"AED"},"AFA":{"displayName":{"one":"Afganistanin afgaani (1927–2002)","other":"Afganistanin afgaania (1927–2002)"},"narrow":"AFA","symbol":"AFA"},"AFN":{"displayName":{"one":"Afganistanin afgaani","other":"Afganistanin afgaania"},"narrow":"؋","symbol":"AFN"},"ALK":{"displayName":{"one":"Albanian lek (1946–1965)","other":"Albanian lekiä (1946–1965)"},"narrow":"ALK","symbol":"ALK"},"ALL":{"displayName":{"one":"Albanian lek","other":"Albanian lekiä"},"narrow":"ALL","symbol":"ALL"},"AMD":{"displayName":{"one":"Armenian dram","other":"Armenian dramia"},"narrow":"֏","symbol":"AMD"},"ANG":{"displayName":{"one":"Alankomaiden Antillien guldeni","other":"Alankomaiden Antillien guldenia"},"narrow":"ANG","symbol":"ANG"},"AOA":{"displayName":{"one":"Angolan kwanza","other":"Angolan kwanzaa"},"narrow":"AOA","symbol":"AOA"},"AOK":{"displayName":{"one":"Angolan kwanza (1977–1990)","other":"Angolan kwanzaa (1977–1990)"},"narrow":"AOK","symbol":"AOK"},"AON":{"displayName":{"one":"Angolan uusi kwanza (1990–2000)","other":"Angolan uutta kwanzaa (1990–2000)"},"narrow":"AON","symbol":"AON"},"AOR":{"displayName":{"one":"Angolan kwanza reajustado (1995–1999)","other":"Angolan kwanza reajustadoa (1995–1999)"},"narrow":"AOR","symbol":"AOR"},"ARA":{"displayName":{"one":"Argentiinan austral","other":"Argentiinan australia"},"narrow":"ARA","symbol":"ARA"},"ARL":{"displayName":{"one":"Argentiinan ley-peso (1970–1983)","other":"Argentiinan ley-pesoa (1970–1983)"},"narrow":"ARL","symbol":"ARL"},"ARM":{"displayName":{"one":"Argentiinan peso (1881–1970)","other":"Argentiinan pesoa (1881–1970)"},"narrow":"ARM","symbol":"ARM"},"ARP":{"displayName":{"one":"Argentiinan peso (1983–1985)","other":"Argentiinan pesoa (1983–1985)"},"narrow":"ARP","symbol":"ARP"},"ARS":{"displayName":{"one":"Argentiinan peso","other":"Argentiinan pesoa"},"narrow":"ARS","symbol":"ARS"},"ATS":{"displayName":{"one":"Itävallan šillinki","other":"Itävallan šillinkiä"},"narrow":"ATS","symbol":"ATS"},"AUD":{"displayName":{"one":"Australian dollari","other":"Australian dollaria"},"narrow":"AUD","symbol":"AUD"},"AWG":{"displayName":{"one":"Aruban floriini","other":"Aruban floriinia"},"narrow":"AWG","symbol":"AWG"},"AZM":{"displayName":{"one":"Azerbaidžanin manat (1993–2006)","other":"Azerbaidžanin manatia (1993–2006)"},"narrow":"AZM","symbol":"AZM"},"AZN":{"displayName":{"one":"Azerbaidžanin manat","other":"Azerbaidžanin manatia"},"narrow":"₼","symbol":"AZN"},"BAD":{"displayName":{"one":"Bosnia-Hertsegovinan dinaari (1992–1994)","other":"Bosnia-Hertsegovinan dinaaria (1992–1994)"},"narrow":"BAD","symbol":"BAD"},"BAM":{"displayName":{"one":"Bosnia-Hertsegovinan vaihdettava markka","other":"Bosnia-Hertsegovinan vaihdettavaa markkaa"},"narrow":"BAM","symbol":"BAM"},"BAN":{"displayName":{"one":"Bosnia-Hertsegovinan uusi dinaari (1994–1997)","other":"Bosnia-Hertsegovinan uutta dinaaria (1994–1997)"},"narrow":"BAN","symbol":"BAN"},"BBD":{"displayName":{"one":"Barbadosin dollari","other":"Barbadosin dollaria"},"narrow":"BBD","symbol":"BBD"},"BDT":{"displayName":{"one":"Bangladeshin taka","other":"Bangladeshin takaa"},"narrow":"BDT","symbol":"BDT"},"BEC":{"displayName":{"one":"Belgian vaihdettava frangi","other":"Belgian vaihdettavaa frangia"},"narrow":"BEC","symbol":"BEC"},"BEF":{"displayName":{"one":"Belgian frangi","other":"Belgian frangia"},"narrow":"BEF","symbol":"BEF"},"BEL":{"displayName":{"one":"Belgian rahoitusfrangi","other":"Belgian rahoitusfrangia"},"narrow":"BEL","symbol":"BEL"},"BGL":{"displayName":{"one":"Bulgarian kova lev","other":"Bulgarian kovaa leviä"},"narrow":"BGL","symbol":"BGL"},"BGM":{"displayName":{"one":"Bulgarian sosialistinen lev","other":"Bulgarian sosialistista leviä"},"narrow":"BGM","symbol":"BGM"},"BGN":{"displayName":{"one":"Bulgarian lev","other":"Bulgarian leviä"},"narrow":"BGN","symbol":"BGN"},"BGO":{"displayName":{"one":"Bulgarian lev (1879–1952)","other":"Bulgarian leviä (1879–1952)"},"narrow":"BGO","symbol":"BGO"},"BHD":{"displayName":{"one":"Bahrainin dinaari","other":"Bahrainin dinaaria"},"narrow":"BHD","symbol":"BHD"},"BIF":{"displayName":{"one":"Burundin frangi","other":"Burundin frangia"},"narrow":"BIF","symbol":"BIF"},"BMD":{"displayName":{"one":"Bermudan dollari","other":"Bermudan dollaria"},"narrow":"BMD","symbol":"BMD"},"BND":{"displayName":{"one":"Brunein dollari","other":"Brunein dollaria"},"narrow":"BND","symbol":"BND"},"BOB":{"displayName":{"one":"Bolivian boliviano","other":"Bolivian bolivianoa"},"narrow":"BOB","symbol":"BOB"},"BOL":{"displayName":{"one":"Bolivian boliviano (1863–1963)","other":"Bolivian bolivianoa (1863–1963)"},"narrow":"BOL","symbol":"BOL"},"BOP":{"displayName":{"one":"Bolivian peso","other":"Bolivian pesoa"},"narrow":"BOP","symbol":"BOP"},"BOV":{"displayName":{"one":"Bolivian mvdol","other":"Bolivian mvdol’ia"},"narrow":"BOV","symbol":"BOV"},"BRB":{"displayName":{"one":"Brasilian uusi cruzeiro (1967–1986)","other":"Brasilian uutta cruzeiroa (1967–1986)"},"narrow":"BRB","symbol":"BRB"},"BRC":{"displayName":{"one":"Brasilian cruzado (1986–1989)","other":"Brasilian cruzadoa (1986–1989)"},"narrow":"BRC","symbol":"BRC"},"BRE":{"displayName":{"one":"Brasilian cruzeiro (1990–1993)","other":"Brasilian cruzeiroa (1990–1993)"},"narrow":"BRE","symbol":"BRE"},"BRL":{"displayName":{"one":"Brasilian real","other":"Brasilian realia"},"narrow":"BRL","symbol":"BRL"},"BRN":{"displayName":{"one":"Brasilian uusi cruzado (1989–1990)","other":"Brasilian uutta cruzadoa (1989–1990)"},"narrow":"BRN","symbol":"BRN"},"BRR":{"displayName":{"one":"Brasilian cruzeiro (1993–1994)","other":"Brasilian cruzeiroa (1993–1994)"},"narrow":"BRR","symbol":"BRR"},"BRZ":{"displayName":{"one":"Brasilian cruzeiro (1942–1967)","other":"Brasilian cruzeiroa (1942–1967)"},"narrow":"BRZ","symbol":"BRZ"},"BSD":{"displayName":{"one":"Bahaman dollari","other":"Bahaman dollaria"},"narrow":"BSD","symbol":"BSD"},"BTN":{"displayName":{"one":"Bhutanin ngultrum","other":"Bhutanin ngultrumia"},"narrow":"BTN","symbol":"BTN"},"BUK":{"displayName":{"one":"Burman kyat","other":"Burman kyatia"},"narrow":"BUK","symbol":"BUK"},"BWP":{"displayName":{"one":"Botswanan pula","other":"Botswanan pulaa"},"narrow":"BWP","symbol":"BWP"},"BYB":{"displayName":{"one":"Valko-Venäjän uusi rupla (1994–1999)","other":"Valko-Venäjän uutta ruplaa (1994–1999)"},"narrow":"BYB","symbol":"BYB"},"BYN":{"displayName":{"one":"Valko-Venäjän rupla","other":"Valko-Venäjän ruplaa"},"narrow":"BYN","symbol":"BYN"},"BYR":{"displayName":{"one":"Valko-Venäjän rupla (2000–2016)","other":"Valko-Venäjän ruplaa (2000–2016)"},"narrow":"BYR","symbol":"BYR"},"BZD":{"displayName":{"one":"Belizen dollari","other":"Belizen dollaria"},"narrow":"BZD","symbol":"BZD"},"CAD":{"displayName":{"one":"Kanadan dollari","other":"Kanadan dollaria"},"narrow":"CAD","symbol":"CAD"},"CDF":{"displayName":{"one":"Kongon frangi","other":"Kongon frangia"},"narrow":"CDF","symbol":"CDF"},"CHE":{"displayName":{"one":"Sveitsin WIR-euro","other":"Sveitsin WIR-euroa"},"narrow":"CHE","symbol":"CHE"},"CHF":{"displayName":{"one":"Sveitsin frangi","other":"Sveitsin frangia"},"narrow":"CHF","symbol":"CHF"},"CHW":{"displayName":{"one":"Sveitsin WIR-frangi","other":"Sveitsin WIR-frangia"},"narrow":"CHW","symbol":"CHW"},"CLE":{"displayName":{"one":"Chilen escudo","other":"Chilen escudoa"},"narrow":"CLE","symbol":"CLE"},"CLF":{"displayName":{"one":"Chilen unidades de fomento","other":"Chilen unidades de fomentoa"},"narrow":"CLF","symbol":"CLF"},"CLP":{"displayName":{"one":"Chilen peso","other":"Chilen pesoa"},"narrow":"CLP","symbol":"CLP"},"CNH":{"displayName":{"one":"Kiinan juan (offshore)","other":"Kiinan juania (offshore)"},"narrow":"CNH","symbol":"CNH"},"CNX":{"displayName":{"one":"Kiinan kansanpankin dollari","other":"Kiinan kansanpankin dollaria"},"narrow":"CNX","symbol":"CNX"},"CNY":{"displayName":{"one":"Kiinan juan","other":"Kiinan juania"},"narrow":"CNY","symbol":"CNY"},"COP":{"displayName":{"one":"Kolumbian peso","other":"Kolumbian pesoa"},"narrow":"COP","symbol":"COP"},"COU":{"displayName":{"one":"Kolumbian unidad de valor real","other":"Kolumbian unidad de valor realia"},"narrow":"COU","symbol":"COU"},"CRC":{"displayName":{"one":"Costa Rican colón","other":"Costa Rican colónia"},"narrow":"CRC","symbol":"CRC"},"CSD":{"displayName":{"one":"Serbian dinaari (2002–2006)","other":"Serbian dinaaria (2002–2006)"},"narrow":"CSD","symbol":"CSD"},"CSK":{"displayName":{"one":"Tšekkoslovakian kova koruna","other":"Tšekkoslovakian kovaa korunaa"},"narrow":"CSK","symbol":"CSK"},"CUC":{"displayName":{"one":"Kuuban vaihdettava peso","other":"Kuuban vaihdettavaa pesoa"},"narrow":"CUC","symbol":"CUC"},"CUP":{"displayName":{"one":"Kuuban peso","other":"Kuuban pesoa"},"narrow":"CUP","symbol":"CUP"},"CVE":{"displayName":{"one":"Kap Verden escudo","other":"Kap Verden escudoa"},"narrow":"CVE","symbol":"CVE"},"CYP":{"displayName":{"one":"Kyproksen punta","other":"Kyproksen puntaa"},"narrow":"CYP","symbol":"CYP"},"CZK":{"displayName":{"one":"Tšekin koruna","other":"Tšekin korunaa"},"narrow":"CZK","symbol":"CZK"},"DDM":{"displayName":{"one":"Itä-Saksan markka","other":"Itä-Saksan markkaa"},"narrow":"DDM","symbol":"DDM"},"DEM":{"displayName":{"one":"Saksan markka","other":"Saksan markkaa"},"narrow":"DEM","symbol":"DEM"},"DJF":{"displayName":{"one":"Djiboutin frangi","other":"Djiboutin frangia"},"narrow":"DJF","symbol":"DJF"},"DKK":{"displayName":{"one":"Tanskan kruunu","other":"Tanskan kruunua"},"narrow":"DKK","symbol":"DKK"},"DOP":{"displayName":{"one":"Dominikaanisen tasavallan peso","other":"Dominikaanisen tasavallan pesoa"},"narrow":"DOP","symbol":"DOP"},"DZD":{"displayName":{"one":"Algerian dinaari","other":"Algerian dinaaria"},"narrow":"DZD","symbol":"DZD"},"ECS":{"displayName":{"one":"Ecuadorin sucre","other":"Ecuadorin sucrea"},"narrow":"ECS","symbol":"ECS"},"ECV":{"displayName":{"one":"Ecuadorin UVC","other":"Ecuadorin UVC’ta"},"narrow":"ECV","symbol":"ECV"},"EEK":{"displayName":{"one":"Viron kruunu","other":"Viron kruunua"},"narrow":"EEK","symbol":"EEK"},"EGP":{"displayName":{"one":"Egyptin punta","other":"Egyptin puntaa"},"narrow":"EGP","symbol":"EGP"},"ERN":{"displayName":{"one":"Eritrean nakfa","other":"Eritrean nakfaa"},"narrow":"ERN","symbol":"ERN"},"ESA":{"displayName":{"one":"Espanjan peseta (A-tili)","other":"Espanjan pesetaa (A-tili)"},"narrow":"ESA","symbol":"ESA"},"ESB":{"displayName":{"one":"Espanjan peseta (vaihdettava tili)","other":"Espanjan pesetaa (vaihdettava tili)"},"narrow":"ESB","symbol":"ESB"},"ESP":{"displayName":{"one":"Espanjan peseta","other":"Espanjan pesetaa"},"narrow":"ESP","symbol":"ESP"},"ETB":{"displayName":{"one":"Etiopian birr","other":"Etiopian birriä"},"narrow":"ETB","symbol":"ETB"},"EUR":{"displayName":{"one":"euro","other":"euroa"},"narrow":"€","symbol":"€"},"FIM":{"displayName":{"one":"Suomen markka","other":"Suomen markkaa"},"narrow":"mk","symbol":"mk"},"FJD":{"displayName":{"one":"Fidžin dollari","other":"Fidžin dollaria"},"narrow":"FJD","symbol":"FJD"},"FKP":{"displayName":{"one":"Falklandinsaarten punta","other":"Falklandinsaarten puntaa"},"narrow":"FKP","symbol":"FKP"},"FRF":{"displayName":{"one":"Ranskan frangi","other":"Ranskan frangia"},"narrow":"FRF","symbol":"FRF"},"GBP":{"displayName":{"one":"Englannin punta","other":"Englannin puntaa"},"narrow":"£","symbol":"£"},"GEK":{"displayName":{"one":"Georgian kuponkilari","other":"Georgian kuponkilaria"},"narrow":"GEK","symbol":"GEK"},"GEL":{"displayName":{"one":"Georgian lari","other":"Georgian laria"},"narrow":"GEL","symbol":"GEL"},"GHC":{"displayName":{"one":"Ghanan cedi (1979–2007)","other":"Ghanan cediä (1979–2007)"},"narrow":"GHC","symbol":"GHC"},"GHS":{"displayName":{"one":"Ghanan cedi","other":"Ghanan cediä"},"narrow":"GH₵","symbol":"GHS"},"GIP":{"displayName":{"one":"Gibraltarin punta","other":"Gibraltarin puntaa"},"narrow":"GIP","symbol":"GIP"},"GMD":{"displayName":{"one":"Gambian dalasi","other":"Gambian dalasia"},"narrow":"GMD","symbol":"GMD"},"GNF":{"displayName":{"one":"Guinean frangi","other":"Guinean frangia"},"narrow":"GNF","symbol":"GNF"},"GNS":{"displayName":{"one":"Guinean syli","other":"Guinean syliä"},"narrow":"GNS","symbol":"GNS"},"GQE":{"displayName":{"one":"Päiväntasaajan Guinean ekwele","other":"Päiväntasaajan Guinean ekweleä"},"narrow":"GQE","symbol":"GQE"},"GRD":{"displayName":{"one":"Kreikan drakma","other":"Kreikan drakmaa"},"narrow":"GRD","symbol":"GRD"},"GTQ":{"displayName":{"one":"Guatemalan quetzal","other":"Guatemalan quetzalia"},"narrow":"GTQ","symbol":"GTQ"},"GWE":{"displayName":{"one":"Portugalin Guinean escudo","other":"Portugalin Guinean escudoa"},"narrow":"GWE","symbol":"GWE"},"GWP":{"displayName":{"one":"Guinea-Bissaun peso","other":"Guinea-Bissaun pesoa"},"narrow":"GWP","symbol":"GWP"},"GYD":{"displayName":{"one":"Guyanan dollari","other":"Guyanan dollaria"},"narrow":"GYD","symbol":"GYD"},"HKD":{"displayName":{"one":"Hongkongin dollari","other":"Hongkongin dollaria"},"narrow":"HKD","symbol":"HKD"},"HNL":{"displayName":{"one":"Hondurasin lempira","other":"Hondurasin lempiraa"},"narrow":"HNL","symbol":"HNL"},"HRD":{"displayName":{"one":"Kroatian dinaari","other":"Kroatian dinaaria"},"narrow":"HRD","symbol":"HRD"},"HRK":{"displayName":{"one":"Kroatian kuna","other":"Kroatian kunaa"},"narrow":"HRK","symbol":"HRK"},"HTG":{"displayName":{"one":"Haitin gourde","other":"Haitin gourdea"},"narrow":"HTG","symbol":"HTG"},"HUF":{"displayName":{"one":"Unkarin forintti","other":"Unkarin forinttia"},"narrow":"HUF","symbol":"HUF"},"IDR":{"displayName":{"one":"Indonesian rupia","other":"Indonesian rupiaa"},"narrow":"IDR","symbol":"IDR"},"IEP":{"displayName":{"one":"Irlannin punta","other":"Irlannin puntaa"},"narrow":"IEP","symbol":"IEP"},"ILP":{"displayName":{"one":"Israelin punta","other":"Israelin puntaa"},"narrow":"ILP","symbol":"ILP"},"ILR":{"displayName":{"one":"Israelin sekeli (1980–1985)","other":"Israelin sekeliä (1980–1985)"},"narrow":"ILR","symbol":"ILR"},"ILS":{"displayName":{"one":"Israelin uusi sekeli","other":"Israelin uutta sekeliä"},"narrow":"ILS","symbol":"ILS"},"INR":{"displayName":{"one":"Intian rupia","other":"Intian rupiaa"},"narrow":"INR","symbol":"INR"},"IQD":{"displayName":{"one":"Irakin dinaari","other":"Irakin dinaaria"},"narrow":"IQD","symbol":"IQD"},"IRR":{"displayName":{"one":"Iranin rial","other":"Iranin rialia"},"narrow":"IRR","symbol":"IRR"},"ISJ":{"displayName":{"one":"Islannin kruunu (1918–1981)","other":"Islannin kruunua (1918–1981)"},"narrow":"ISJ","symbol":"ISJ"},"ISK":{"displayName":{"one":"Islannin kruunu","other":"Islannin kruunua"},"narrow":"ISK","symbol":"ISK"},"ITL":{"displayName":{"one":"Italian liira","other":"Italian liiraa"},"narrow":"ITL","symbol":"ITL"},"JMD":{"displayName":{"one":"Jamaikan dollari","other":"Jamaikan dollaria"},"narrow":"JMD","symbol":"JMD"},"JOD":{"displayName":{"one":"Jordanian dinaari","other":"Jordanian dinaaria"},"narrow":"JOD","symbol":"JOD"},"JPY":{"displayName":{"one":"Japanin jeni","other":"Japanin jeniä"},"narrow":"¥","symbol":"¥"},"KES":{"displayName":{"one":"Kenian šillinki","other":"Kenian šillinkiä"},"narrow":"KES","symbol":"KES"},"KGS":{"displayName":{"one":"Kirgisian som","other":"Kirgisian somia"},"narrow":"KGS","symbol":"KGS"},"KHR":{"displayName":{"one":"Kambodžan riel","other":"Kambodžan rieliä"},"narrow":"KHR","symbol":"KHR"},"KMF":{"displayName":{"one":"Komorien frangi","other":"Komorien frangia"},"narrow":"KMF","symbol":"KMF"},"KPW":{"displayName":{"one":"Pohjois-Korean won","other":"Pohjois-Korean wonia"},"narrow":"KPW","symbol":"KPW"},"KRH":{"displayName":{"one":"Etelä-Korean hwan (1953–1962)","other":"Etelä-Korean hwania (1953–1962)"},"narrow":"KRH","symbol":"KRH"},"KRO":{"displayName":{"one":"Etelä-Korean won (1945–1953)","other":"Etelä-Korean wonia (1945–1953)"},"narrow":"KRO","symbol":"KRO"},"KRW":{"displayName":{"one":"Etelä-Korean won","other":"Etelä-Korean wonia"},"narrow":"KRW","symbol":"KRW"},"KWD":{"displayName":{"one":"Kuwaitin dinaari","other":"Kuwaitin dinaaria"},"narrow":"KWD","symbol":"KWD"},"KYD":{"displayName":{"one":"Caymansaarten dollari","other":"Caymansaarten dollaria"},"narrow":"KYD","symbol":"KYD"},"KZT":{"displayName":{"one":"Kazakstanin tenge","other":"Kazakstanin tengeä"},"narrow":"KZT","symbol":"KZT"},"LAK":{"displayName":{"one":"Laosin kip","other":"Laosin kipiä"},"narrow":"LAK","symbol":"LAK"},"LBP":{"displayName":{"one":"Libanonin punta","other":"Libanonin puntaa"},"narrow":"LBP","symbol":"LBP"},"LKR":{"displayName":{"one":"Sri Lankan rupia","other":"Sri Lankan rupiaa"},"narrow":"LKR","symbol":"LKR"},"LRD":{"displayName":{"one":"Liberian dollari","other":"Liberian dollaria"},"narrow":"LRD","symbol":"LRD"},"LSL":{"displayName":{"one":"Lesothon loti","other":"Lesothon lotia"},"narrow":"LSL","symbol":"LSL"},"LTL":{"displayName":{"one":"Liettuan liti","other":"Liettuan litiä"},"narrow":"LTL","symbol":"LTL"},"LTT":{"displayName":{"one":"Liettuan talonas","other":"Liettuan talonasia"},"narrow":"LTT","symbol":"LTT"},"LUC":{"displayName":{"one":"Luxemburgin vaihdettava frangi","other":"Luxemburgin vaihdettavaa frangia"},"narrow":"LUC","symbol":"LUC"},"LUF":{"displayName":{"one":"Luxemburgin frangi","other":"Luxemburgin frangia"},"narrow":"LUF","symbol":"LUF"},"LUL":{"displayName":{"one":"Luxemburgin rahoitusfrangi","other":"Luxemburgin rahoitusfrangia"},"narrow":"LUL","symbol":"LUL"},"LVL":{"displayName":{"one":"Latvian lati","other":"Latvian latia"},"narrow":"LVL","symbol":"LVL"},"LVR":{"displayName":{"one":"Latvian rupla","other":"Latvian ruplaa"},"narrow":"LVR","symbol":"LVR"},"LYD":{"displayName":{"one":"Libyan dinaari","other":"Libyan dinaaria"},"narrow":"LYD","symbol":"LYD"},"MAD":{"displayName":{"one":"Marokon dirhami","other":"Marokon dirhamia"},"narrow":"MAD","symbol":"MAD"},"MAF":{"displayName":{"one":"Marokon frangi","other":"Marokon frangia"},"narrow":"MAF","symbol":"MAF"},"MCF":{"displayName":{"one":"Monacon frangi","other":"Monacon frangia"},"narrow":"MCF","symbol":"MCF"},"MDC":{"displayName":{"one":"Moldovan kuponkileu","other":"Moldovan kuponkileuta"},"narrow":"MDC","symbol":"MDC"},"MDL":{"displayName":{"one":"Moldovan leu","other":"Moldovan leuta"},"narrow":"MDL","symbol":"MDL"},"MGA":{"displayName":{"one":"Madagaskarin ariary","other":"Madagaskarin ariarya"},"narrow":"MGA","symbol":"MGA"},"MGF":{"displayName":{"one":"Madagaskarin frangi","other":"Madagaskarin frangia"},"narrow":"MGF","symbol":"MGF"},"MKD":{"displayName":{"one":"Makedonian denaari","other":"Makedonian denaaria"},"narrow":"MKD","symbol":"MKD"},"MKN":{"displayName":{"one":"Makedonian dinaari (1992–1993)","other":"Makedonian dinaaria (1992–1993)"},"narrow":"MKN","symbol":"MKN"},"MLF":{"displayName":{"one":"Malin frangi","other":"Malin frangia"},"narrow":"MLF","symbol":"MLF"},"MMK":{"displayName":{"one":"Myanmarin kyat","other":"Myanmarin kyatia"},"narrow":"MMK","symbol":"MMK"},"MNT":{"displayName":{"one":"Mongolian tugrik","other":"Mongolian tugrikia"},"narrow":"MNT","symbol":"MNT"},"MOP":{"displayName":{"one":"Macaon pataca","other":"Macaon patacaa"},"narrow":"MOP","symbol":"MOP"},"MRO":{"displayName":{"one":"Mauritanian ouguiya (1973–2017)","other":"Mauritanian ouguiyaa (1973–2017)"},"narrow":"MRO","symbol":"MRO"},"MRU":{"displayName":{"one":"Mauritanian ouguiya","other":"Mauritanian ouguiyaa"},"narrow":"MRU","symbol":"MRU"},"MTL":{"displayName":{"one":"Maltan liira","other":"Maltan liiraa"},"narrow":"MTL","symbol":"MTL"},"MTP":{"displayName":{"one":"Maltan punta","other":"Maltan puntaa"},"narrow":"MTP","symbol":"MTP"},"MUR":{"displayName":{"one":"Mauritiuksen rupia","other":"Mauritiuksen rupiaa"},"narrow":"MUR","symbol":"MUR"},"MVP":{"displayName":{"one":"Malediivien rupia (1947–1981)","other":"Malediivien rupiaa (1947–1981)"},"narrow":"MVP","symbol":"MVP"},"MVR":{"displayName":{"one":"Malediivien rufiyaa","other":"Malediivien rufiyaata"},"narrow":"MVR","symbol":"MVR"},"MWK":{"displayName":{"one":"Malawin kwacha","other":"Malawin kwachaa"},"narrow":"MWK","symbol":"MWK"},"MXN":{"displayName":{"one":"Meksikon peso","other":"Meksikon pesoa"},"narrow":"MXN","symbol":"MXN"},"MXP":{"displayName":{"one":"Meksikon hopeapeso (1861–1992)","other":"Meksikon hopeapesoa (1861–1992)"},"narrow":"MXP","symbol":"MXP"},"MXV":{"displayName":{"one":"Meksikon UDI","other":"Meksikon UDI’ta"},"narrow":"MXV","symbol":"MXV"},"MYR":{"displayName":{"one":"Malesian ringgit","other":"Malesian ringgitiä"},"narrow":"MYR","symbol":"MYR"},"MZE":{"displayName":{"one":"Mosambikin escudo","other":"Mosambikin escudoa"},"narrow":"MZE","symbol":"MZE"},"MZM":{"displayName":{"one":"Mosambikin metical (1980–2006)","other":"Mosambikin meticalia (1980–2006)"},"narrow":"MZM","symbol":"MZM"},"MZN":{"displayName":{"one":"Mosambikin metical","other":"Mosambikin meticalia"},"narrow":"MZN","symbol":"MZN"},"NAD":{"displayName":{"one":"Namibian dollari","other":"Namibian dollaria"},"narrow":"NAD","symbol":"NAD"},"NGN":{"displayName":{"one":"Nigerian naira","other":"Nigerian nairaa"},"narrow":"NGN","symbol":"NGN"},"NIC":{"displayName":{"one":"Nicaraguan córdoba (1988–1991)","other":"Nicaraguan córdobaa (1988–1991)"},"narrow":"NIC","symbol":"NIC"},"NIO":{"displayName":{"one":"Nicaraguan córdoba","other":"Nicaraguan córdobaa"},"narrow":"NIO","symbol":"NIO"},"NLG":{"displayName":{"one":"Alankomaiden guldeni","other":"Alankomaiden guldenia"},"narrow":"NLG","symbol":"NLG"},"NOK":{"displayName":{"one":"Norjan kruunu","other":"Norjan kruunua"},"narrow":"NOK","symbol":"NOK"},"NPR":{"displayName":{"one":"Nepalin rupia","other":"Nepalin rupiaa"},"narrow":"NPR","symbol":"NPR"},"NZD":{"displayName":{"one":"Uuden-Seelannin dollari","other":"Uuden-Seelannin dollaria"},"narrow":"NZD","symbol":"NZD"},"OMR":{"displayName":{"one":"Omanin rial","other":"Omanin rialia"},"narrow":"OMR","symbol":"OMR"},"PAB":{"displayName":{"one":"Panaman balboa","other":"Panaman balboaa"},"narrow":"PAB","symbol":"PAB"},"PEI":{"displayName":{"one":"Perun inti","other":"Perun intiä"},"narrow":"PEI","symbol":"PEI"},"PEN":{"displayName":{"one":"Perun sol","other":"Perun solia"},"narrow":"PEN","symbol":"PEN"},"PES":{"displayName":{"one":"Perun sol (1863–1965)","other":"Perun solia (1863–1965)"},"narrow":"PES","symbol":"PES"},"PGK":{"displayName":{"one":"Papua-Uuden-Guinean kina","other":"Papua-Uuden-Guinean kinaa"},"narrow":"PGK","symbol":"PGK"},"PHP":{"displayName":{"one":"Filippiinien peso","other":"Filippiinien pesoa"},"narrow":"PHP","symbol":"PHP"},"PKR":{"displayName":{"one":"Pakistanin rupia","other":"Pakistanin rupiaa"},"narrow":"PKR","symbol":"PKR"},"PLN":{"displayName":{"one":"Puolan złoty","other":"Puolan złotya"},"narrow":"PLN","symbol":"PLN"},"PLZ":{"displayName":{"one":"Puolan złoty (1950–1995)","other":"Puolan złotya (1950–1995)"},"narrow":"PLZ","symbol":"PLZ"},"PTE":{"displayName":{"one":"Portugalin escudo","other":"Portugalin escudoa"},"narrow":"PTE","symbol":"PTE"},"PYG":{"displayName":{"one":"Paraguayn guarani","other":"Paraguayn guarania"},"narrow":"PYG","symbol":"PYG"},"QAR":{"displayName":{"one":"Qatarin rial","other":"Qatarin rialia"},"narrow":"QAR","symbol":"QAR"},"RHD":{"displayName":{"one":"Rhodesian dollari","other":"Rhodesian dollaria"},"narrow":"RHD","symbol":"RHD"},"ROL":{"displayName":{"one":"Romanian leu (1952–2006)","other":"Romanian leuta (1952–2006)"},"narrow":"ROL","symbol":"ROL"},"RON":{"displayName":{"one":"Romanian leu","other":"Romanian leuta"},"narrow":"RON","symbol":"RON"},"RSD":{"displayName":{"one":"Serbian dinaari","other":"Serbian dinaaria"},"narrow":"RSD","symbol":"RSD"},"RUB":{"displayName":{"one":"Venäjän rupla","other":"Venäjän ruplaa"},"narrow":"₽","symbol":"RUB"},"RUR":{"displayName":{"one":"Venäjän rupla (1991–1998)","other":"Venäjän ruplaa (1991–1998)"},"narrow":"RUR","symbol":"RUR"},"RWF":{"displayName":{"one":"Ruandan frangi","other":"Ruandan frangia"},"narrow":"RWF","symbol":"RWF"},"SAR":{"displayName":{"one":"Saudi-Arabian rial","other":"Saudi-Arabian rialia"},"narrow":"SAR","symbol":"SAR"},"SBD":{"displayName":{"one":"Salomonsaarten dollari","other":"Salomonsaarten dollaria"},"narrow":"SBD","symbol":"SBD"},"SCR":{"displayName":{"one":"Seychellien rupia","other":"Seychellien rupiaa"},"narrow":"SCR","symbol":"SCR"},"SDD":{"displayName":{"one":"Sudanin dinaari (1992–2007)","other":"Sudanin dinaaria (1992–2007)"},"narrow":"SDD","symbol":"SDD"},"SDG":{"displayName":{"one":"Sudanin punta","other":"Sudanin puntaa"},"narrow":"SDG","symbol":"SDG"},"SDP":{"displayName":{"one":"Sudanin punta (1957–1998)","other":"Sudanin puntaa (1957–1998)"},"narrow":"SDP","symbol":"SDP"},"SEK":{"displayName":{"one":"Ruotsin kruunu","other":"Ruotsin kruunua"},"narrow":"SEK","symbol":"SEK"},"SGD":{"displayName":{"one":"Singaporen dollari","other":"Singaporen dollaria"},"narrow":"SGD","symbol":"SGD"},"SHP":{"displayName":{"one":"Saint Helenan punta","other":"Saint Helenan puntaa"},"narrow":"SHP","symbol":"SHP"},"SIT":{"displayName":{"one":"Slovenian tolar","other":"Slovenian tolaria"},"narrow":"SIT","symbol":"SIT"},"SKK":{"displayName":{"one":"Slovakian koruna","other":"Slovakian korunaa"},"narrow":"SKK","symbol":"SKK"},"SLE":{"displayName":{"other":"Sierra Leonen leonea"},"narrow":"SLE","symbol":"SLE"},"SLL":{"displayName":{"one":"Sierra Leonen leone (1964—2022)","other":"Sierra Leonen leonea (1964—2022)"},"narrow":"SLL","symbol":"SLL"},"SOS":{"displayName":{"one":"Somalian šillinki","other":"Somalian šillinkiä"},"narrow":"SOS","symbol":"SOS"},"SRD":{"displayName":{"one":"Surinamen dollari","other":"Surinamen dollaria"},"narrow":"SRD","symbol":"SRD"},"SRG":{"displayName":{"other":"Surinamen guldeni"},"narrow":"SRG","symbol":"SRG"},"SSP":{"displayName":{"one":"Etelä-Sudanin punta","other":"Etelä-Sudanin puntaa"},"narrow":"SSP","symbol":"SSP"},"STD":{"displayName":{"one":"São Tomén ja Príncipen dobra (1977–2017)","other":"São Tomén ja Príncipen dobraa (1977–2017)"},"narrow":"STD","symbol":"STD"},"STN":{"displayName":{"one":"São Tomén ja Príncipen dobra","other":"São Tomén ja Príncipen dobraa"},"narrow":"STD","symbol":"STN"},"SUR":{"displayName":{"one":"Neuvostoliiton rupla","other":"Neuvostoliiton ruplaa"},"narrow":"SUR","symbol":"SUR"},"SVC":{"displayName":{"one":"El Salvadorin colón","other":"El Salvadorin colónia"},"narrow":"SVC","symbol":"SVC"},"SYP":{"displayName":{"one":"Syyrian punta","other":"Syyrian puntaa"},"narrow":"SYP","symbol":"SYP"},"SZL":{"displayName":{"one":"Swazimaan lilangeni","other":"Swazimaan lilangenia"},"narrow":"SZL","symbol":"SZL"},"THB":{"displayName":{"one":"Thaimaan baht","other":"Thaimaan bahtia"},"narrow":"THB","symbol":"THB"},"TJR":{"displayName":{"one":"Tadžikistanin rupla","other":"Tadžikistanin ruplaa"},"narrow":"TJR","symbol":"TJR"},"TJS":{"displayName":{"one":"Tadžikistanin somoni","other":"Tadžikistanin somonia"},"narrow":"TJS","symbol":"TJS"},"TMM":{"displayName":{"one":"Turkmenistanin manat (1993–2009)","other":"Turkmenistanin manatia (1993–2009)"},"narrow":"TMM","symbol":"TMM"},"TMT":{"displayName":{"one":"Turkmenistanin manat","other":"Turkmenistanin manatia"},"narrow":"TMT","symbol":"TMT"},"TND":{"displayName":{"one":"Tunisian dinaari","other":"Tunisian dinaaria"},"narrow":"TND","symbol":"TND"},"TOP":{"displayName":{"one":"Tongan pa’anga","other":"Tongan pa’angaa"},"narrow":"TOP","symbol":"TOP"},"TPE":{"displayName":{"one":"Timorin escudo","other":"Timorin escudoa"},"narrow":"TPE","symbol":"TPE"},"TRL":{"displayName":{"one":"Turkin liira (1922–2005)","other":"Turkin liiraa (1922–2005)"},"narrow":"TRL","symbol":"TRL"},"TRY":{"displayName":{"one":"Turkin liira","other":"Turkin liiraa"},"narrow":"TRY","symbol":"TRY"},"TTD":{"displayName":{"one":"Trinidadin ja Tobagon dollari","other":"Trinidadin ja Tobagon dollaria"},"narrow":"TTD","symbol":"TTD"},"TWD":{"displayName":{"one":"Taiwanin uusi dollari","other":"Taiwanin uutta dollaria"},"narrow":"TWD","symbol":"TWD"},"TZS":{"displayName":{"one":"Tansanian šillinki","other":"Tansanian šillinkiä"},"narrow":"TZS","symbol":"TZS"},"UAH":{"displayName":{"one":"Ukrainan hryvnia","other":"Ukrainan hryvniaa"},"narrow":"UAH","symbol":"UAH"},"UAK":{"displayName":{"one":"Ukrainan karbovanetz","other":"Ukrainan karbovanetzia"},"narrow":"UAK","symbol":"UAK"},"UGS":{"displayName":{"one":"Ugandan šillinki (1966–1987)","other":"Ugandan šillinkiä (1966–1987)"},"narrow":"UGS","symbol":"UGS"},"UGX":{"displayName":{"one":"Ugandan šillinki","other":"Ugandan šillinkiä"},"narrow":"UGX","symbol":"UGX"},"USD":{"displayName":{"one":"Yhdysvaltain dollari","other":"Yhdysvaltain dollaria"},"narrow":"$","symbol":"$"},"USN":{"displayName":{"one":"Yhdysvaltain dollari (seuraava päivä)","other":"Yhdysvaltain dollaria (seuraava päivä)"},"narrow":"USN","symbol":"USN"},"USS":{"displayName":{"one":"Yhdysvaltain dollari (sama päivä)","other":"Yhdysvaltain dollaria (sama päivä)"},"narrow":"USS","symbol":"USS"},"UYI":{"displayName":{"one":"Uruguayn peso en unidades indexadas","other":"Uruguayn pesoa en unidades indexadas"},"narrow":"UYI","symbol":"UYI"},"UYP":{"displayName":{"one":"Uruguayn peso (1975–1993)","other":"Uruguayn pesoa (1975–1993)"},"narrow":"UYP","symbol":"UYP"},"UYU":{"displayName":{"one":"Uruguayn peso","other":"Uruguayn pesoa"},"narrow":"UYU","symbol":"UYU"},"UYW":{"displayName":{"one":"Uruguayn nimellinen palkkaindeksiyksikkö","other":"Uruguayn nimellistä palkkaindeksiyksikköä"},"narrow":"UYW","symbol":"UYW"},"UZS":{"displayName":{"one":"Uzbekistanin som","other":"Uzbekistanin somia"},"narrow":"UZS","symbol":"UZS"},"VEB":{"displayName":{"one":"Venezuelan bolivar (1871–2008)","other":"Venezuelan bolivaria (1871–2008)"},"narrow":"VEB","symbol":"VEB"},"VEF":{"displayName":{"one":"Venezuelan bolívar (2008–2018)","other":"Venezuelan bolívaria (2008–2018)"},"narrow":"VEF","symbol":"VEF"},"VES":{"displayName":{"one":"Venezuelan suvereeni bolívar","other":"Venezuelan suvereenia bolívaria"},"narrow":"VES","symbol":"VES"},"VND":{"displayName":{"one":"Vietnamin dong","other":"Vietnamin dongia"},"narrow":"VND","symbol":"VND"},"VNN":{"displayName":{"one":"Vietnamin dong (1978–1985)","other":"Vietnamin dongia (1978–1985)"},"narrow":"VNN","symbol":"VNN"},"VUV":{"displayName":{"one":"Vanuatun vatu","other":"Vanuatun vatua"},"narrow":"VUV","symbol":"VUV"},"WST":{"displayName":{"one":"Samoan tala","other":"Samoan talaa"},"narrow":"WST","symbol":"WST"},"XAF":{"displayName":{"one":"CFA-frangi BEAC","other":"CFA-frangia BEAC"},"narrow":"FCFA","symbol":"FCFA"},"XAG":{"displayName":{"one":"troy-unssi hopeaa","other":"troy-unssia hopeaa"},"narrow":"XAG","symbol":"XAG"},"XAU":{"displayName":{"one":"troy-unssi kultaa","other":"troy-unssia kultaa"},"narrow":"XAU","symbol":"XAU"},"XBA":{"displayName":{"one":"EURCO","other":"EURCO’a"},"narrow":"XBA","symbol":"XBA"},"XBB":{"displayName":{"one":"Euroopan rahayksikkö (EMU)","other":"Euroopan rahayksikköä (EMU)"},"narrow":"XBB","symbol":"XBB"},"XBC":{"displayName":{"one":"EUA (XBC)","other":"EUA’ta (XBC)"},"narrow":"XBC","symbol":"XBC"},"XBD":{"displayName":{"one":"EUA (XBD)","other":"EUA’ta (XBD)"},"narrow":"XBD","symbol":"XBD"},"XCD":{"displayName":{"one":"Itä-Karibian dollari","other":"Itä-Karibian dollaria"},"narrow":"XCD","symbol":"XCD"},"XDR":{"displayName":{"one":"erityisnosto-oikeus (SDR)","other":"erityisnosto-oikeutta (SDR)"},"narrow":"XDR","symbol":"XDR"},"XEU":{"displayName":{"one":"Euroopan valuuttayksikkö (ECU)","other":"Euroopan valuuttayksikköä (ECU)"},"narrow":"XEU","symbol":"XEU"},"XFO":{"displayName":{"one":"Ranskan kultafrangi","other":"Ranskan kultafrangia"},"narrow":"XFO","symbol":"XFO"},"XFU":{"displayName":{"one":"Ranskan UIC-frangi","other":"Ranskan UIC-frangia"},"narrow":"XFU","symbol":"XFU"},"XOF":{"displayName":{"one":"CFA-frangi BCEAO","other":"CFA-frangia BCEAO"},"narrow":"F CFA","symbol":"F CFA"},"XPD":{"displayName":{"one":"troy-unssi palladiumia","other":"troy-unssia palladiumia"},"narrow":"XPD","symbol":"XPD"},"XPF":{"displayName":{"one":"CFP-frangi","other":"CFP-frangia"},"narrow":"XPF","symbol":"XPF"},"XPT":{"displayName":{"one":"troy-unssi platinaa","other":"troy-unssia platinaa"},"narrow":"XPT","symbol":"XPT"},"XRE":{"displayName":{"one":"RINET-rahastoyksikkö","other":"RINET-rahastoyksikköä"},"narrow":"XRE","symbol":"XRE"},"XSU":{"displayName":{"one":"sucre","other":"sucrea"},"narrow":"XSU","symbol":"XSU"},"XTS":{"displayName":{"one":"testaustarkoitukseen varattu valuuttakoodi","other":"testaustarkoitukseen varattua valuuttakoodia"},"narrow":"XTS","symbol":"XTS"},"XUA":{"displayName":{"one":"AfDB-laskentayksikkö","other":"AfDB-laskentayksikköä"},"narrow":"XUA","symbol":"XUA"},"XXX":{"displayName":{"one":"tuntematon rahayksikkö","other":"tuntematonta rahayksikköä"},"narrow":"XXX","symbol":"XXX"},"YDD":{"displayName":{"one":"Jemenin dinaari","other":"Jemenin dinaaria"},"narrow":"YDD","symbol":"YDD"},"YER":{"displayName":{"one":"Jemenin rial","other":"Jemenin rialia"},"narrow":"YER","symbol":"YER"},"YUD":{"displayName":{"one":"Jugoslavian kova dinaari (1966–1990)","other":"Jugoslavian kovaa dinaaria (1966–1990)"},"narrow":"YUD","symbol":"YUD"},"YUM":{"displayName":{"one":"Jugoslavian uusi dinaari (1994–2002)","other":"Jugoslavian uutta dinaaria (1994–2002)"},"narrow":"YUM","symbol":"YUM"},"YUN":{"displayName":{"one":"Jugoslavian vaihdettava dinaari (1990–1992)","other":"Jugoslavian vaihdettavaa dinaaria (1990–1992)"},"narrow":"YUN","symbol":"YUN"},"YUR":{"displayName":{"one":"Jugoslavian uudistettu dinaari (1992–1993)","other":"Jugoslavian uudistettua dinaaria (1992–1993)"},"narrow":"YUR","symbol":"YUR"},"ZAL":{"displayName":{"one":"Etelä-Afrikan rahoitusrandi","other":"Etelä-Afrikan rahoitusrandia"},"narrow":"ZAL","symbol":"ZAL"},"ZAR":{"displayName":{"one":"Etelä-Afrikan randi","other":"Etelä-Afrikan randia"},"narrow":"ZAR","symbol":"ZAR"},"ZMK":{"displayName":{"one":"Sambian kwacha (1968–2012)","other":"Sambian kwachaa (1968–2012)"},"narrow":"ZMK","symbol":"ZMK"},"ZMW":{"displayName":{"one":"Sambian kwacha","other":"Sambian kwachaa"},"narrow":"ZMW","symbol":"ZMW"},"ZRN":{"displayName":{"one":"Zairen uusi zaire (1993–1998)","other":"Zairen uutta zairea (1993–1998)"},"narrow":"ZRN","symbol":"ZRN"},"ZRZ":{"displayName":{"one":"Zairen zaire (1971–1993)","other":"Zairen zairea (1971–1993)"},"narrow":"ZRZ","symbol":"ZRZ"},"ZWD":{"displayName":{"one":"Zimbabwen dollari (1980–2008)","other":"Zimbabwen dollaria (1980–2008)"},"narrow":"ZWD","symbol":"ZWD"},"ZWL":{"displayName":{"one":"Zimbabwen dollari (2009)","other":"Zimbabwen dollaria (2009)"},"narrow":"ZWL","symbol":"ZWL"},"ZWR":{"displayName":{"one":"Zimbabwen dollari (2008)","other":"Zimbabwen dollaria (2008)"},"narrow":"ZWR","symbol":"ZWR"}},"nu":["latn"],"numbers":{"currency":{"latn":{"accounting":"#,##0.00 ¤","currencySpacing":{"afterInsertBetween":" ","beforeInsertBetween":" "},"short":{"1000":{"other":"0 t'.' ¤"},"10000":{"other":"00 t'.' ¤"},"100000":{"other":"000 t'.' ¤"},"1000000":{"other":"0 milj'.' ¤"},"10000000":{"other":"00 milj'.' ¤"},"100000000":{"other":"000 milj'.' ¤"},"1000000000":{"other":"0 mrd'.' ¤"},"10000000000":{"other":"00 mrd'.' ¤"},"100000000000":{"other":"000 mrd'.' ¤"},"1000000000000":{"other":"0 bilj'.' ¤"},"10000000000000":{"other":"00 bilj'.' ¤"},"100000000000000":{"other":"000 bilj'.' ¤"}},"standard":"#,##0.00 ¤","unitPattern":"{0} {1}"}},"decimal":{"latn":{"long":{"1000":{"one":"0 tuhat","other":"0 tuhatta"},"10000":{"other":"00 tuhatta"},"100000":{"other":"000 tuhatta"},"1000000":{"one":"0 miljoona","other":"0 miljoonaa"},"10000000":{"other":"00 miljoonaa"},"100000000":{"other":"000 miljoonaa"},"1000000000":{"one":"0 miljardi","other":"0 miljardia"},"10000000000":{"other":"00 miljardia"},"100000000000":{"other":"000 miljardia"},"1000000000000":{"one":"0 biljoona","other":"0 biljoonaa"},"10000000000000":{"other":"00 biljoonaa"},"100000000000000":{"other":"000 biljoonaa"}},"short":{"1000":{"other":"0 t'.'"},"10000":{"other":"00 t'.'"},"100000":{"other":"000 t'.'"},"1000000":{"other":"0 milj'.'"},"10000000":{"other":"00 milj'.'"},"100000000":{"other":"000 milj'.'"},"1000000000":{"other":"0 mrd'.'"},"10000000000":{"other":"00 mrd'.'"},"100000000000":{"other":"000 mrd'.'"},"1000000000000":{"other":"0 bilj'.'"},"10000000000000":{"other":"00 bilj'.'"},"100000000000000":{"other":"000 bilj'.'"}},"standard":"#,##0.###"}},"nu":["latn"],"percent":{"latn":"#,##0 %"},"symbols":{"latn":{"approximatelySign":"~","decimal":",","exponential":"E","group":" ","infinity":"∞","list":";","minusSign":"−","nan":"epäluku","perMille":"‰","percentSign":"%","plusSign":"+","rangeSign":"–","superscriptingExponent":"×","timeSeparator":"."}}},"units":{"compound":{"per":{"long":"{0}/{1}","narrow":"{0}/{1}","short":"{0}/{1}"}},"simple":{"acre":{"long":{"one":"{0} eekkeri","other":"{0} eekkeriä"},"narrow":{"other":"{0}ac"},"perUnit":{},"short":{"other":"{0} ac"}},"bit":{"long":{"one":"{0} bitti","other":"{0} bittiä"},"narrow":{"other":"{0}b"},"perUnit":{},"short":{"other":"{0} b"}},"byte":{"long":{"one":"{0} tavu","other":"{0} tavua"},"narrow":{"other":"{0}t"},"perUnit":{},"short":{"other":"{0} t"}},"celsius":{"long":{"one":"{0} celsiusaste","other":"{0} celsiusastetta"},"narrow":{"other":"{0}°"},"perUnit":{},"short":{"other":"{0} °C"}},"centimeter":{"long":{"one":"{0} senttimetri","other":"{0} senttimetriä"},"narrow":{"other":"{0}cm"},"perUnit":{"long":"{0} / senttimetri","narrow":"{0}/cm","short":"{0}/cm"},"short":{"other":"{0} cm"}},"day":{"long":{"one":"{0} päivä","other":"{0} päivää"},"narrow":{"other":"{0}pv"},"perUnit":{"long":"{0} / päivä","narrow":"{0}/pv","short":"{0}/pv"},"short":{"other":"{0} pv"}},"degree":{"long":{"one":"{0} aste","other":"{0} astetta"},"narrow":{"other":"{0}°"},"perUnit":{},"short":{"other":"{0}°"}},"fahrenheit":{"long":{"one":"{0} fahrenheitaste","other":"{0} fahrenheitastetta"},"narrow":{"other":"{0}°F"},"perUnit":{},"short":{"other":"{0} °F"}},"fluid-ounce":{"long":{"one":"{0} nesteunssi","other":"{0} nesteunssia"},"narrow":{"other":"{0}fl oz"},"perUnit":{},"short":{"other":"{0} fl oz"}},"foot":{"long":{"one":"{0} jalka","other":"{0} jalkaa"},"narrow":{"other":"{0}′"},"perUnit":{"long":"{0} / jalka","narrow":"{0}/′","short":"{0}/ft"},"short":{"other":"{0} ft"}},"gallon":{"long":{"one":"{0} am. gallona","other":"{0} am. gallonaa"},"narrow":{"other":"{0}am.gal"},"perUnit":{"long":"{0} / am. gallona","narrow":"{0}/am.gal","short":"{0}/am. gal"},"short":{"other":"{0} am. gal"}},"gigabit":{"long":{"one":"{0} gigabitti","other":"{0} gigabittiä"},"narrow":{"other":"{0}Gb"},"perUnit":{},"short":{"other":"{0} Gb"}},"gigabyte":{"long":{"one":"{0} gigatavu","other":"{0} gigatavua"},"narrow":{"other":"{0}Gt"},"perUnit":{},"short":{"other":"{0} Gt"}},"gram":{"long":{"one":"{0} gramma","other":"{0} grammaa"},"narrow":{"other":"{0}g"},"perUnit":{"long":"{0} / gramma","narrow":"{0}/g","short":"{0}/g"},"short":{"other":"{0} g"}},"hectare":{"long":{"one":"{0} hehtaari","other":"{0} hehtaaria"},"narrow":{"other":"{0}ha"},"perUnit":{},"short":{"other":"{0} ha"}},"hour":{"long":{"one":"{0} tunti","other":"{0} tuntia"},"narrow":{"other":"{0}t"},"perUnit":{"long":"{0} / tunti","narrow":"{0}/t","short":"{0}/t"},"short":{"other":"{0} t"}},"inch":{"long":{"one":"{0} tuuma","other":"{0} tuumaa"},"narrow":{"other":"{0}″"},"perUnit":{"long":"{0} / tuuma","narrow":"{0}/″","short":"{0}/in"},"short":{"other":"{0} in"}},"kilobit":{"long":{"one":"{0} kilobitti","other":"{0} kilobittiä"},"narrow":{"other":"{0}kb"},"perUnit":{},"short":{"other":"{0} kb"}},"kilobyte":{"long":{"one":"{0} kilotavu","other":"{0} kilotavua"},"narrow":{"other":"{0}kt"},"perUnit":{},"short":{"other":"{0} kt"}},"kilogram":{"long":{"one":"{0} kilogramma","other":"{0} kilogrammaa"},"narrow":{"other":"{0}kg"},"perUnit":{"long":"{0} / kilogramma","narrow":"{0}/kg","short":"{0}/kg"},"short":{"other":"{0} kg"}},"kilometer":{"long":{"one":"{0} kilometri","other":"{0} kilometriä"},"narrow":{"other":"{0}km"},"perUnit":{"long":"{0} / kilometri","narrow":"{0}/km","short":"{0}/km"},"short":{"other":"{0} km"}},"kilometer-per-hour":{"long":{"one":"{0} kilometri tunnissa","other":"{0} kilometriä tunnissa"},"narrow":{"other":"{0}km/h"},"perUnit":{},"short":{"other":"{0} km/h"}},"liter":{"long":{"one":"{0} litra","other":"{0} litraa"},"narrow":{"other":"{0}l"},"perUnit":{"long":"{0} / litra","narrow":"{0}/l","short":"{0}/l"},"short":{"other":"{0} l"}},"liter-per-kilometer":{"long":{"one":"{0} litra / kilometri","other":"{0} litraa / kilometri"},"narrow":{"other":"{0}l/km"},"perUnit":{},"short":{"other":"{0} l/km"}},"megabit":{"long":{"one":"{0} megabitti","other":"{0} megabittiä"},"narrow":{"other":"{0}Mb"},"perUnit":{},"short":{"other":"{0} Mb"}},"megabyte":{"long":{"one":"{0} megatavu","other":"{0} megatavua"},"narrow":{"other":"{0}Mt"},"perUnit":{},"short":{"other":"{0} Mt"}},"meter":{"long":{"one":"{0} metri","other":"{0} metriä"},"narrow":{"other":"{0}m"},"perUnit":{"long":"{0} / metri","narrow":"{0}/m","short":"{0}/m"},"short":{"other":"{0} m"}},"meter-per-second":{"long":{"one":"{0} metri sekunnissa","other":"{0} metriä sekunnissa"},"narrow":{"other":"{0}m/s"},"perUnit":{},"short":{"other":"{0} m/s"}},"mile":{"long":{"one":"{0} maili","other":"{0} mailia"},"narrow":{"other":"{0}mi"},"perUnit":{},"short":{"other":"{0} mi"}},"mile-per-gallon":{"long":{"one":"{0} maili / am. gallona","other":"{0} mailia / am. gallona"},"narrow":{"other":"{0}mpg-am"},"perUnit":{},"short":{"other":"{0} mpg-am"}},"mile-per-hour":{"long":{"one":"{0} maili tunnissa","other":"{0} mailia tunnissa"},"narrow":{"other":"{0}mi/h"},"perUnit":{},"short":{"other":"{0} mi/h"}},"mile-scandinavian":{"long":{"one":"{0} peninkulma","other":"{0} peninkulmaa"},"narrow":{"other":"{0}pnk"},"perUnit":{},"short":{"other":"{0} pnk"}},"milliliter":{"long":{"one":"{0} millilitra","other":"{0} millilitraa"},"narrow":{"other":"{0}ml"},"perUnit":{},"short":{"other":"{0} ml"}},"millimeter":{"long":{"one":"{0} millimetri","other":"{0} millimetriä"},"narrow":{"other":"{0}mm"},"perUnit":{},"short":{"other":"{0} mm"}},"millisecond":{"long":{"one":"{0} millisekunti","other":"{0} millisekuntia"},"narrow":{"other":"{0}ms"},"perUnit":{},"short":{"other":"{0} ms"}},"minute":{"long":{"one":"{0} minuutti","other":"{0} minuuttia"},"narrow":{"other":"{0}min"},"perUnit":{"long":"{0} / minuutti","narrow":"{0}/min","short":"{0}/min"},"short":{"other":"{0} min"}},"month":{"long":{"one":"{0} kuukausi","other":"{0} kuukautta"},"narrow":{"other":"{0}kk"},"perUnit":{"long":"{0} / kuukausi","narrow":"{0}/kk","short":"{0}/kk"},"short":{"other":"{0} kk"}},"ounce":{"long":{"one":"{0} unssi","other":"{0} unssia"},"narrow":{"other":"{0}oz"},"perUnit":{"long":"{0} / unssi","narrow":"{0}/oz","short":"{0}/oz"},"short":{"other":"{0} oz"}},"percent":{"long":{"one":"{0} prosentti","other":"{0} prosenttia"},"narrow":{"other":"{0} %"},"perUnit":{},"short":{"other":"{0} %"}},"petabyte":{"long":{"one":"{0} petatavu","other":"{0} petatavua"},"narrow":{"other":"{0}Pt"},"perUnit":{},"short":{"other":"{0} Pt"}},"pound":{"long":{"one":"{0} pauna","other":"{0} paunaa"},"narrow":{"other":"{0}lb"},"perUnit":{"long":"{0} / pauna","narrow":"{0}/lb","short":"{0}/lb"},"short":{"other":"{0} lb"}},"second":{"long":{"one":"{0} sekunti","other":"{0} sekuntia"},"narrow":{"other":"{0}s"},"perUnit":{"long":"{0} / sekunti","narrow":"{0}/s","short":"{0}/s"},"short":{"other":"{0} s"}},"stone":{"long":{"one":"{0} stone","other":"{0} stonea"},"narrow":{"other":"{0}st"},"perUnit":{},"short":{"other":"{0} st"}},"terabit":{"long":{"one":"{0} terabitti","other":"{0} terabittiä"},"narrow":{"other":"{0}Tb"},"perUnit":{},"short":{"other":"{0} Tb"}},"terabyte":{"long":{"one":"{0} teratavu","other":"{0} teratavua"},"narrow":{"other":"{0}Tt"},"perUnit":{},"short":{"other":"{0} Tt"}},"week":{"long":{"one":"{0} viikko","other":"{0} viikkoa"},"narrow":{"other":"{0}vk"},"perUnit":{"long":"{0} / viikko","narrow":"{0}/vk","short":"{0}/vk"},"short":{"other":"{0} vk"}},"yard":{"long":{"one":"{0} jaardi","other":"{0} jaardia"},"narrow":{"other":"{0}yd"},"perUnit":{},"short":{"other":"{0} yd"}},"year":{"long":{"one":"{0} vuosi","other":"{0} vuotta"},"narrow":{"other":"{0}v"},"perUnit":{"long":"{0} / vuosi","narrow":"{0}/v","short":"{0}/v"},"short":{"other":"{0} v"}}}}},"locale":"fi"}