{"data":{"currencies":{"ADP":{"displayName":{"one":"peseta andorrana","other":"pesetas andorranas"},"narrow":"ADP","symbol":"ADP"},"AED":{"displayName":{"one":"dirham dos Emiratos Árabes Unidos","other":"dirhams dos Emiratos Árabes Unidos"},"narrow":"AED","symbol":"AED"},"AFN":{"displayName":{"one":"afgani afgán","other":"afganis afgáns"},"narrow":"؋","symbol":"AFN"},"ALL":{"displayName":{"one":"lek albanés","other":"lekë albaneses"},"narrow":"ALL","symbol":"ALL"},"AMD":{"displayName":{"one":"dram armenio","other":"drams armenios"},"narrow":"֏","symbol":"AMD"},"ANG":{"displayName":{"one":"florín das Antillas Neerlandesas","other":"floríns das Antillas Neerlandesas"},"narrow":"ANG","symbol":"ANG"},"AOA":{"displayName":{"one":"kwanza angolano","other":"kwanzas angolanos"},"narrow":"Kz","symbol":"AOA"},"ARP":{"displayName":{"one":"peso arxentino (ARP)","other":"pesos arxentinos (ARP)"},"narrow":"ARP","symbol":"ARP"},"ARS":{"displayName":{"one":"peso arxentino","other":"pesos arxentinos"},"narrow":"$","symbol":"ARS"},"AUD":{"displayName":{"one":"dólar australiano","other":"dólares australianos"},"narrow":"$","symbol":"A$"},"AWG":{"displayName":{"one":"florín de Aruba","other":"floríns de Aruba"},"narrow":"AWG","symbol":"AWG"},"AZN":{"displayName":{"one":"manat acerbaixano","other":"manats acerbaixanos"},"narrow":"₼","symbol":"AZN"},"BAM":{"displayName":{"one":"marco convertible de Bosnia e Hercegovina","other":"marcos convertibles de Bosnia e Hercegovina"},"narrow":"KM","symbol":"BAM"},"BBD":{"displayName":{"one":"dólar de Barbados","other":"dólares de Barbados"},"narrow":"$","symbol":"BBD"},"BDT":{"displayName":{"one":"taka de Bangladesh","other":"takas de Bangladesh"},"narrow":"৳","symbol":"BDT"},"BEC":{"displayName":{"one":"franco belga (convertible)","other":"francos belgas (convertibles)"},"narrow":"BEC","symbol":"BEC"},"BEF":{"displayName":{"one":"franco belga","other":"francos belgas"},"narrow":"BEF","symbol":"BEF"},"BEL":{"displayName":{"one":"franco belga (financeiro)","other":"francos belgas (financeiros)"},"narrow":"BEL","symbol":"BEL"},"BGN":{"displayName":{"one":"lev búlgaro","other":"leva búlgaros"},"narrow":"BGN","symbol":"BGN"},"BHD":{"displayName":{"one":"dinar de Bahrain","other":"dinares de Bahrain"},"narrow":"BHD","symbol":"BHD"},"BIF":{"displayName":{"one":"franco burundiano","other":"francos burundianos"},"narrow":"BIF","symbol":"BIF"},"BMD":{"displayName":{"one":"dólar bermudano","other":"dólares bermudanos"},"narrow":"$","symbol":"BMD"},"BND":{"displayName":{"one":"dólar de Brunei","other":"dólares de Brunei"},"narrow":"$","symbol":"BND"},"BOB":{"displayName":{"one":"boliviano","other":"bolivianos"},"narrow":"Bs","symbol":"BOB"},"BOP":{"displayName":{"one":"peso boliviano","other":"pesos bolivianos"},"narrow":"BOP","symbol":"BOP"},"BOV":{"displayName":{"other":"MVDOL boliviano"},"narrow":"BOV","symbol":"BOV"},"BRB":{"displayName":{"one":"cruzeiro novo brasileiro","other":"cruzeiros novos brasileiros"},"narrow":"BRB","symbol":"BRB"},"BRC":{"displayName":{"one":"cruzado brasileiro","other":"cruzados brasileiros"},"narrow":"BRC","symbol":"BRC"},"BRE":{"displayName":{"one":"cruzeiro brasileiro (BRE)","other":"cruzeiros brasileiros (BRE)"},"narrow":"BRE","symbol":"BRE"},"BRL":{"displayName":{"one":"real brasileiro","other":"reais brasileiros"},"narrow":"R$","symbol":"R$"},"BRN":{"displayName":{"one":"cruzado novo brasileiro","other":"cruzados novos brasileiros"},"narrow":"BRN","symbol":"BRN"},"BRR":{"displayName":{"one":"cruzeiro brasileiro","other":"cruzeiros brasileiros"},"narrow":"BRR","symbol":"BRR"},"BSD":{"displayName":{"one":"dólar bahamés","other":"dólares bahameses"},"narrow":"$","symbol":"BSD"},"BTN":{"displayName":{"one":"ngultrum butanés","other":"ngultrums butaneses"},"narrow":"BTN","symbol":"BTN"},"BWP":{"displayName":{"one":"pula botswaniano","other":"pulas botswanianos"},"narrow":"P","symbol":"BWP"},"BYN":{"displayName":{"one":"rublo belaruso","other":"rublos belarusos"},"narrow":"Br","symbol":"BYN"},"BYR":{"displayName":{"one":"rublo bielorruso (2000–2016)","other":"rublos bielorrusos (2000–2016)"},"narrow":"BYR","symbol":"BYR"},"BZD":{"displayName":{"one":"dólar belizense","other":"dólares belizenses"},"narrow":"$","symbol":"BZD"},"CAD":{"displayName":{"one":"dólar canadense","other":"dólares canadenses"},"narrow":"$","symbol":"CA$"},"CDF":{"displayName":{"one":"franco congolés","other":"francos congoleses"},"narrow":"CDF","symbol":"CDF"},"CHF":{"displayName":{"one":"franco suízo","other":"francos suízos"},"narrow":"CHF","symbol":"CHF"},"CLF":{"displayName":{"one":"unidade de fomento chilena","other":"unidades de fomento chilenas"},"narrow":"CLF","symbol":"CLF"},"CLP":{"displayName":{"one":"peso chileno","other":"pesos chilenos"},"narrow":"$","symbol":"CLP"},"CNH":{"displayName":{"one":"iuán chinés (extracontinental)","other":"iuáns chineses (extracontinentais)"},"narrow":"CNH","symbol":"CNH"},"CNY":{"displayName":{"one":"iuán chinés","other":"iuáns chineses"},"narrow":"¥","symbol":"CN¥"},"COP":{"displayName":{"one":"peso colombiano","other":"pesos colombianos"},"narrow":"$","symbol":"COP"},"CRC":{"displayName":{"one":"colón costarriqueño","other":"colóns costarriqueños"},"narrow":"₡","symbol":"CRC"},"CUC":{"displayName":{"one":"peso cubano convertible","other":"pesos cubanos convertibles"},"narrow":"$","symbol":"CUC"},"CUP":{"displayName":{"one":"peso cubano","other":"pesos cubanos"},"narrow":"$","symbol":"CUP"},"CVE":{"displayName":{"one":"escudo caboverdiano","other":"escudos caboverdianos"},"narrow":"CVE","symbol":"CVE"},"CZK":{"displayName":{"one":"coroa checa","other":"coroas checas"},"narrow":"Kč","symbol":"CZK"},"DEM":{"displayName":{"one":"marco alemán","other":"marcos alemáns"},"narrow":"DEM","symbol":"DEM"},"DJF":{"displayName":{"one":"franco djibutiano","other":"francos djibutianos"},"narrow":"DJF","symbol":"DJF"},"DKK":{"displayName":{"one":"coroa dinamarquesa","other":"coroas dinamarquesas"},"narrow":"kr","symbol":"DKK"},"DOP":{"displayName":{"one":"peso dominicano","other":"pesos dominicanos"},"narrow":"$","symbol":"DOP"},"DZD":{"displayName":{"one":"dinar alxeriano","other":"dinares alxerianos"},"narrow":"DZD","symbol":"DZD"},"ECS":{"displayName":{"one":"sucre ecuatoriano","other":"sucres ecuatorianos"},"narrow":"ECS","symbol":"ECS"},"ECV":{"displayName":{"other":"Unidade de valor constante ecuatoriana"},"narrow":"ECV","symbol":"ECV"},"EGP":{"displayName":{"one":"libra exipcia","other":"libras exipcias"},"narrow":"E£","symbol":"EGP"},"ERN":{"displayName":{"one":"nakfa eritreo","other":"nakfas eritreos"},"narrow":"ERN","symbol":"ERN"},"ESA":{"displayName":{"other":"Peseta española (conta A)"},"narrow":"ESA","symbol":"ESA"},"ESB":{"displayName":{"other":"Peseta española (conta convertible)"},"narrow":"ESB","symbol":"ESB"},"ESP":{"displayName":{"one":"peseta","other":"pesetas"},"narrow":"₧","symbol":"₧"},"ETB":{"displayName":{"one":"birr etíope","other":"birres etíopes"},"narrow":"ETB","symbol":"ETB"},"EUR":{"displayName":{"one":"euro","other":"euros"},"narrow":"€","symbol":"€"},"FJD":{"displayName":{"one":"dólar fixiano","other":"dólares fixianos"},"narrow":"$","symbol":"FJD"},"FKP":{"displayName":{"one":"libra das Illas Malvinas","other":"libras das Illas Malvinas"},"narrow":"£","symbol":"FKP"},"FRF":{"displayName":{"one":"franco francés","other":"francos franceses"},"narrow":"FRF","symbol":"FRF"},"GBP":{"displayName":{"one":"libra esterlina","other":"libras esterlinas"},"narrow":"£","symbol":"£"},"GEL":{"displayName":{"one":"lari xeorxiano","other":"laris xeorxianos"},"narrow":"₾","symbol":"GEL"},"GHS":{"displayName":{"one":"cedi ghanés","other":"cedis ghaneses"},"narrow":"GH₵","symbol":"GHS"},"GIP":{"displayName":{"one":"libra xibraltareña","other":"libras xibraltareñas"},"narrow":"£","symbol":"GIP"},"GMD":{"displayName":{"one":"dalasi gambiano","other":"dalasis gambianos"},"narrow":"GMD","symbol":"GMD"},"GNF":{"displayName":{"one":"franco guineano","other":"francos guineanos"},"narrow":"FG","symbol":"GNF"},"GNS":{"displayName":{"other":"Syli guineano"},"narrow":"GNS","symbol":"GNS"},"GQE":{"displayName":{"other":"Ekwele guineana"},"narrow":"GQE","symbol":"GQE"},"GRD":{"displayName":{"other":"Dracma grego"},"narrow":"GRD","symbol":"GRD"},"GTQ":{"displayName":{"one":"quetzal guatemalteco","other":"quetzais guatemaltecos"},"narrow":"Q","symbol":"GTQ"},"GYD":{"displayName":{"one":"dólar güianés","other":"dólares güianeses"},"narrow":"$","symbol":"GYD"},"HKD":{"displayName":{"one":"dólar de Hong Kong","other":"dólares de Hong Kong"},"narrow":"$","symbol":"HK$"},"HNL":{"displayName":{"one":"lempira hondureño","other":"lempiras hondureños"},"narrow":"L","symbol":"HNL"},"HRK":{"displayName":{"one":"kuna croata","other":"kunas croatas"},"narrow":"kn","symbol":"HRK"},"HTG":{"displayName":{"one":"gourde haitiana","other":"gourdes haitianas"},"narrow":"HTG","symbol":"HTG"},"HUF":{"displayName":{"one":"florín húngaro","other":"floríns húngaros"},"narrow":"Ft","symbol":"HUF"},"IDR":{"displayName":{"one":"rupia indonesia","other":"rupias indonesias"},"narrow":"Rp","symbol":"IDR"},"IEP":{"displayName":{"one":"libra irlandesa","other":"libras irlandesas"},"narrow":"IEP","symbol":"IEP"},"ILS":{"displayName":{"one":"novo shequel israelí","other":"novos shequeis israelís"},"narrow":"₪","symbol":"₪"},"INR":{"displayName":{"one":"rupia india","other":"rupias indias"},"narrow":"₹","symbol":"₹"},"IQD":{"displayName":{"one":"dinar iraquí","other":"dinares iraquíes"},"narrow":"IQD","symbol":"IQD"},"IRR":{"displayName":{"one":"rial iraniano","other":"riales iranianos"},"narrow":"IRR","symbol":"IRR"},"ISK":{"displayName":{"one":"coroa islandesa","other":"coroas islandesas"},"narrow":"kr","symbol":"ISK"},"ITL":{"displayName":{"other":"Lira italiana"},"narrow":"ITL","symbol":"ITL"},"JMD":{"displayName":{"one":"dólar xamaicano","other":"dólares xamaicanos"},"narrow":"$","symbol":"JMD"},"JOD":{"displayName":{"one":"dinar xordano","other":"dinares xordanos"},"narrow":"JOD","symbol":"JOD"},"JPY":{"displayName":{"one":"ien xaponés","other":"iens xaponeses"},"narrow":"¥","symbol":"JP¥"},"KES":{"displayName":{"one":"xilin kenyano","other":"xilins kenyanos"},"narrow":"KES","symbol":"KES"},"KGS":{"displayName":{"one":"som kirguiz","other":"soms kirguiz"},"narrow":"KGS","symbol":"KGS"},"KHR":{"displayName":{"one":"riel camboxano","other":"rieis camboxanos"},"narrow":"៛","symbol":"KHR"},"KMF":{"displayName":{"one":"franco comoriano","other":"francos comorianos"},"narrow":"FC","symbol":"KMF"},"KPW":{"displayName":{"one":"won norcoreano","other":"wons norcoreanos"},"narrow":"₩","symbol":"KPW"},"KRW":{"displayName":{"one":"won surcoreano","other":"wons surcoreanos"},"narrow":"₩","symbol":"₩"},"KWD":{"displayName":{"one":"dinar kuwaití","other":"dinares kuwaitís"},"narrow":"KWD","symbol":"KWD"},"KYD":{"displayName":{"one":"dólar das Illas Caimán","other":"dólares das Illas Caimán"},"narrow":"$","symbol":"KYD"},"KZT":{"displayName":{"one":"tenge kazako","other":"tenges kazakos"},"narrow":"₸","symbol":"KZT"},"LAK":{"displayName":{"one":"kip laosiano","other":"kips laosianos"},"narrow":"₭","symbol":"LAK"},"LBP":{"displayName":{"one":"libra libanesa","other":"libras libanesas"},"narrow":"L£","symbol":"LBP"},"LKR":{"displayName":{"one":"rupia srilankesa","other":"rupias srilankesas"},"narrow":"Rs","symbol":"LKR"},"LRD":{"displayName":{"one":"dólar liberiano","other":"dólares liberianos"},"narrow":"$","symbol":"LRD"},"LSL":{"displayName":{"one":"loti de Lesoto","other":"lotis de Lesoto"},"narrow":"LSL","symbol":"LSL"},"LTL":{"displayName":{"one":"litas lituana","other":"litas lituanas"},"narrow":"Lt","symbol":"LTL"},"LUC":{"displayName":{"other":"Franco convertible luxemburgués"},"narrow":"LUC","symbol":"LUC"},"LUF":{"displayName":{"other":"Franco luxemburgués"},"narrow":"LUF","symbol":"LUF"},"LUL":{"displayName":{"other":"Franco financeiro luxemburgués"},"narrow":"LUL","symbol":"LUL"},"LVL":{"displayName":{"one":"lats letón","other":"lats letóns"},"narrow":"Ls","symbol":"LVL"},"LYD":{"displayName":{"one":"dinar libio","other":"dinares libios"},"narrow":"LYD","symbol":"LYD"},"MAD":{"displayName":{"one":"dirham marroquí","other":"dirhams marroquís"},"narrow":"MAD","symbol":"MAD"},"MAF":{"displayName":{"other":"Franco marroquí"},"narrow":"MAF","symbol":"MAF"},"MDL":{"displayName":{"one":"leu moldavo","other":"lei moldavos"},"narrow":"MDL","symbol":"MDL"},"MGA":{"displayName":{"one":"ariary malgaxe","other":"ariarys malgaxes"},"narrow":"Ar","symbol":"MGA"},"MKD":{"displayName":{"one":"dinar macedonio","other":"dinares macedonios"},"narrow":"MKD","symbol":"MKD"},"MMK":{"displayName":{"one":"kyat birmano","other":"kyats birmanos"},"narrow":"K","symbol":"MMK"},"MNT":{"displayName":{"one":"tugrik mongol","other":"tugriks mongois"},"narrow":"₮","symbol":"MNT"},"MOP":{"displayName":{"one":"pataca macaense","other":"patacas macaenses"},"narrow":"MOP","symbol":"MOP"},"MRO":{"displayName":{"one":"ouguiya mauritano (1973–2017)","other":"ouguiyas mauritanos (1973–2017)"},"narrow":"MRO","symbol":"MRO"},"MRU":{"displayName":{"one":"ouguiya mauritano","other":"ouguiyas mauritanos"},"narrow":"MRU","symbol":"MRU"},"MUR":{"displayName":{"one":"rupia mauriciana","other":"rupias mauricianas"},"narrow":"Rs","symbol":"MUR"},"MVR":{"displayName":{"one":"rupia maldivana","other":"rupias maldivanas"},"narrow":"MVR","symbol":"MVR"},"MWK":{"displayName":{"one":"kwacha de Malawi","other":"kwachas de Malawi"},"narrow":"MWK","symbol":"MWK"},"MXN":{"displayName":{"one":"peso mexicano","other":"pesos mexicanos"},"narrow":"$","symbol":"$MX"},"MXP":{"displayName":{"other":"Peso de prata mexicano (1861–1992)"},"narrow":"MXP","symbol":"MXP"},"MXV":{"displayName":{"other":"Unidade de inversión mexicana"},"narrow":"MXV","symbol":"MXV"},"MYR":{"displayName":{"one":"ringgit malaio","other":"ringgits malaios"},"narrow":"RM","symbol":"MYR"},"MZN":{"displayName":{"one":"metical mozambicano","other":"meticais mozambicanos"},"narrow":"MZN","symbol":"MZN"},"NAD":{"displayName":{"one":"dólar namibio","other":"dólares namibios"},"narrow":"$","symbol":"NAD"},"NGN":{"displayName":{"one":"naira nixeriano","other":"nairas nixerianos"},"narrow":"₦","symbol":"NGN"},"NIC":{"displayName":{"other":"Córdoba nicaragüense"},"narrow":"NIC","symbol":"NIC"},"NIO":{"displayName":{"one":"córdoba nicaraguano","other":"córdobas nicaraguanos"},"narrow":"C$","symbol":"NIO"},"NLG":{"displayName":{"other":"Florín holandés"},"narrow":"NLG","symbol":"NLG"},"NOK":{"displayName":{"one":"coroa norueguesa","other":"coroas norueguesas"},"narrow":"kr","symbol":"NOK"},"NPR":{"displayName":{"one":"rupia nepalesa","other":"rupias nepalesas"},"narrow":"Rs","symbol":"NPR"},"NZD":{"displayName":{"one":"dólar neozelandés","other":"dólares neozelandeses"},"narrow":"$","symbol":"NZ$"},"OMR":{"displayName":{"one":"rial omaní","other":"riais omanís"},"narrow":"OMR","symbol":"OMR"},"PAB":{"displayName":{"one":"balboa panameño","other":"balboas panameños"},"narrow":"PAB","symbol":"PAB"},"PEI":{"displayName":{"other":"Inti peruano"},"narrow":"PEI","symbol":"PEI"},"PEN":{"displayName":{"one":"sol peruano","other":"soles peruanos"},"narrow":"PEN","symbol":"PEN"},"PES":{"displayName":{"one":"sol peruano (1863–1965)","other":"soles peruanos (1863–1965)"},"narrow":"PES","symbol":"PES"},"PGK":{"displayName":{"one":"kina de Papúa-Nova Guinea","other":"kinas de Papúa-Nova Guinea"},"narrow":"PGK","symbol":"PGK"},"PHP":{"displayName":{"one":"peso filipino","other":"pesos filipinos"},"narrow":"₱","symbol":"PHP"},"PKR":{"displayName":{"one":"rupia paquistaní","other":"rupias paquistanís"},"narrow":"Rs","symbol":"PKR"},"PLN":{"displayName":{"one":"zloty polaco","other":"zlotys polacos"},"narrow":"zł","symbol":"PLN"},"PTE":{"displayName":{"one":"escudo portugués","other":"escudos portugueses"},"narrow":"PTE","symbol":"PTE"},"PYG":{"displayName":{"one":"guaraní paraguaio","other":"guaranís paraguaios"},"narrow":"₲","symbol":"PYG"},"QAR":{"displayName":{"one":"rial qatarí","other":"riais qatarís"},"narrow":"QAR","symbol":"QAR"},"RON":{"displayName":{"one":"leu romanés","other":"lei romaneses"},"narrow":"lei","symbol":"RON"},"RSD":{"displayName":{"one":"dinar serbio","other":"dinares serbios"},"narrow":"RSD","symbol":"RSD"},"RUB":{"displayName":{"one":"rublo ruso","other":"rublos rusos"},"narrow":"руб","symbol":"RUB"},"RUR":{"displayName":{"other":"Rublo ruso (1991–1998)"},"narrow":"RUR","symbol":"RUR"},"RWF":{"displayName":{"one":"franco ruandés","other":"francos ruandeses"},"narrow":"RF","symbol":"RWF"},"SAR":{"displayName":{"one":"rial saudita","other":"riais sauditas"},"narrow":"SAR","symbol":"SAR"},"SBD":{"displayName":{"one":"dólar das Illas Salomón","other":"dólares das Illas Salomón"},"narrow":"$","symbol":"SBD"},"SCR":{"displayName":{"one":"rupia de Seychelles","other":"rupias de Seychelles"},"narrow":"SCR","symbol":"SCR"},"SDG":{"displayName":{"one":"libra sudanesa","other":"libras sudanesas"},"narrow":"SDG","symbol":"SDG"},"SEK":{"displayName":{"one":"coroa sueca","other":"coroas suecas"},"narrow":"kr","symbol":"SEK"},"SGD":{"displayName":{"one":"dólar de Singapur","other":"dólares de Singapur"},"narrow":"$","symbol":"SGD"},"SHP":{"displayName":{"one":"libra de Santa Helena","other":"libras de Santa Helena"},"narrow":"£","symbol":"SHP"},"SLL":{"displayName":{"one":"leone de Serra Leoa","other":"leones de Serra Leoa"},"narrow":"SLL","symbol":"SLL"},"SOS":{"displayName":{"one":"xilin somalí","other":"xilins somalís"},"narrow":"SOS","symbol":"SOS"},"SRD":{"displayName":{"one":"dólar surinamés","other":"dólares surinamés"},"narrow":"$","symbol":"SRD"},"SSP":{"displayName":{"one":"libra sursudanesa","other":"libras sursudanesa"},"narrow":"£","symbol":"SSP"},"STD":{"displayName":{"one":"dobra de São Tomé e Príncipe (1977–2017)","other":"dobras de São Tomé e Príncipe (1977–2017)"},"narrow":"STD","symbol":"STD"},"STN":{"displayName":{"one":"dobra de San Tomé e Príncipe","other":"dobras de San Tomé e Príncipe"},"narrow":"Db","symbol":"STN"},"SUR":{"displayName":{"one":"rublo soviético","other":"rublos soviéticos"},"narrow":"SUR","symbol":"SUR"},"SVC":{"displayName":{"one":"colón salvadoreño","other":"colóns salvadoreños"},"narrow":"SVC","symbol":"SVC"},"SYP":{"displayName":{"one":"libra siria","other":"libras sirias"},"narrow":"£","symbol":"SYP"},"SZL":{"displayName":{"one":"lilangeni de Swazilandia","other":"lilangenis de Swazilandia"},"narrow":"SZL","symbol":"SZL"},"THB":{"displayName":{"one":"baht tailandés","other":"bahts tailandeses"},"narrow":"฿","symbol":"฿"},"TJS":{"displayName":{"one":"somoni taxiquistano","other":"somonis taxiquistanos"},"narrow":"TJS","symbol":"TJS"},"TMT":{"displayName":{"one":"manat turkmeno","other":"manats turkmenos"},"narrow":"TMT","symbol":"TMT"},"TND":{"displayName":{"one":"dinar tunisiano","other":"dinares tunisianos"},"narrow":"TND","symbol":"TND"},"TOP":{"displayName":{"one":"paʻanga tongano","other":"pa’angas tonganos"},"narrow":"T$","symbol":"TOP"},"TRY":{"displayName":{"one":"lira turca","other":"liras turcas"},"narrow":"₺","symbol":"TRY"},"TTD":{"displayName":{"one":"dólar trinitense","other":"dólares trinitenses"},"narrow":"$","symbol":"TTD"},"TWD":{"displayName":{"one":"novo dólar taiwanés","other":"novos dólares taiwaneses"},"narrow":"NT$","symbol":"NT$"},"TZS":{"displayName":{"one":"xilin tanzano","other":"xilins tanzanos"},"narrow":"TZS","symbol":"TZS"},"UAH":{"displayName":{"one":"hrivna ucraína","other":"hrivnas ucraínas"},"narrow":"₴","symbol":"UAH"},"UGX":{"displayName":{"one":"xilin ugandés","other":"xilins ugandeses"},"narrow":"UGX","symbol":"UGX"},"USD":{"displayName":{"one":"dólar estadounidense","other":"dólares estadounidenses"},"narrow":"$","symbol":"$"},"UYI":{"displayName":{"other":"Peso en unidades indexadas uruguaio"},"narrow":"UYI","symbol":"UYI"},"UYP":{"displayName":{"other":"Peso uruguaio (1975–1993)"},"narrow":"UYP","symbol":"UYP"},"UYU":{"displayName":{"one":"peso uruguaio","other":"pesos uruguaios"},"narrow":"$","symbol":"UYU"},"UZS":{"displayName":{"one":"som uzbeko","other":"soms uzbekos"},"narrow":"UZS","symbol":"UZS"},"VEB":{"displayName":{"one":"bolívar venezolano (1871–2008)","other":"bolívares venezolanos (1871–2008)"},"narrow":"VEB","symbol":"VEB"},"VEF":{"displayName":{"one":"bolívar venezolano (2008–2018)","other":"bolívares venezolanos (2008–2018)"},"narrow":"Bs","symbol":"VEF"},"VES":{"displayName":{"one":"bolívar venezolano","other":"bolívares venezolanos"},"narrow":"VES","symbol":"VES"},"VND":{"displayName":{"one":"dong vietnamita","other":"dongs vietnamitas"},"narrow":"₫","symbol":"₫"},"VUV":{"displayName":{"one":"vatu vanuatiano","other":"vatus vanuatianos"},"narrow":"VUV","symbol":"VUV"},"WST":{"displayName":{"one":"tala samoano","other":"talas samoanos"},"narrow":"WST","symbol":"WST"},"XAF":{"displayName":{"one":"franco CFA (BEAC)","other":"francos CFA (BEAC)"},"narrow":"FCFA","symbol":"FCFA"},"XAG":{"displayName":{"other":"Prata"},"narrow":"XAG","symbol":"XAG"},"XAU":{"displayName":{"other":"Ouro"},"narrow":"XAU","symbol":"XAU"},"XCD":{"displayName":{"one":"dólar do Caribe Oriental","other":"dólares do Caribe Oriental"},"narrow":"$","symbol":"XCD"},"XOF":{"displayName":{"one":"franco CFA (BCEAO)","other":"francos CFA (BCEAO)"},"narrow":"F CFA","symbol":"F CFA"},"XPD":{"displayName":{"other":"Paladio"},"narrow":"XPD","symbol":"XPD"},"XPF":{"displayName":{"one":"franco CFP","other":"francos CFP"},"narrow":"CFPF","symbol":"CFPF"},"XPT":{"displayName":{"other":"Platino"},"narrow":"XPT","symbol":"XPT"},"XXX":{"displayName":{"one":"(moeda descoñecida)","other":"(moedas descoñecidas)"},"narrow":"¤","symbol":"¤"},"YER":{"displayName":{"one":"rial iemení","other":"riais iemenís"},"narrow":"YER","symbol":"YER"},"ZAR":{"displayName":{"one":"rand surafricano","other":"rands surafricanos"},"narrow":"R","symbol":"ZAR"},"ZMK":{"displayName":{"other":"Kwacha zambiano (1968–2012)"},"narrow":"ZMK","symbol":"ZMK"},"ZMW":{"displayName":{"one":"kwacha zambiano","other":"kwachas zambianos"},"narrow":"ZK","symbol":"ZMW"}},"nu":["latn"],"numbers":{"currency":{"latn":{"accounting":"#,##0.00 ¤","currencySpacing":{"afterInsertBetween":" ","beforeInsertBetween":" "},"short":{"1000":{"other":"0"},"10000":{"other":"0"},"100000":{"other":"0"},"1000000":{"other":"0 M¤"},"10000000":{"other":"00 M¤"},"100000000":{"other":"000 M¤"},"1000000000":{"other":"0000 M¤"},"10000000000":{"other":"00000 M¤"},"100000000000":{"other":"000000 M¤"},"1000000000000":{"other":"0 B¤"},"10000000000000":{"other":"00 B¤"},"100000000000000":{"other":"000 B¤"}},"standard":"#,##0.00 ¤","unitPattern":"{0} {1}"}},"decimal":{"latn":{"long":{"1000":{"other":"0"},"10000":{"other":"0"},"100000":{"other":"0"},"1000000":{"one":"0 millón","other":"0 millóns"},"10000000":{"other":"00 millóns"},"100000000":{"other":"000 millóns"},"1000000000":{"other":"0000 millóns"},"10000000000":{"other":"00000 millóns"},"100000000000":{"other":"000000 millóns"},"1000000000000":{"one":"0 billón","other":"0 billóns"},"10000000000000":{"other":"00 billóns"},"100000000000000":{"other":"000 billóns"}},"short":{"1000":{"other":"0"},"10000":{"other":"0"},"100000":{"other":"0"},"1000000":{"other":"0 M"},"10000000":{"other":"00 M"},"100000000":{"other":"000 M"},"1000000000":{"other":"0000 M"},"10000000000":{"other":"00000 M"},"100000000000":{"other":"000000 M"},"1000000000000":{"other":"0 B"},"10000000000000":{"other":"00 B"},"100000000000000":{"other":"000 B"}},"standard":"#,##0.###"}},"nu":["latn"],"percent":{"latn":"#,##0 %"},"symbols":{"latn":{"approximatelySign":"~","decimal":",","exponential":"E","group":".","infinity":"∞","list":";","minusSign":"-","nan":"NaN","perMille":"‰","percentSign":"%","plusSign":"+","rangeSign":"–","superscriptingExponent":"×","timeSeparator":":"}}},"units":{"compound":{"per":{"long":"{0} por {1}","narrow":"{0}/{1}","short":"{0}/{1}"}},"simple":{"acre":{"long":{"one":"{0} acre","other":"{0} acres"},"narrow":{"one":"{0} acre","other":"{0} acres"},"perUnit":{},"short":{"one":"{0} acre","other":"{0} acres"}},"bit":{"long":{"one":"{0} bit","other":"{0} bits"},"narrow":{"other":"{0} b"},"perUnit":{},"short":{"other":"{0} b"}},"byte":{"long":{"one":"{0} byte","other":"{0} bytes"},"narrow":{"other":"{0} B"},"perUnit":{},"short":{"other":"{0} B"}},"celsius":{"long":{"one":"{0} grao Celsius","other":"{0} graos Celsius"},"narrow":{"other":"{0} °C"},"perUnit":{},"short":{"other":"{0} °C"}},"centimeter":{"long":{"one":"{0} centímetro","other":"{0} centímetros"},"narrow":{"other":"{0} cm"},"perUnit":{"long":"{0} por centímetro","narrow":"{0}/cm","short":"{0}/cm"},"short":{"other":"{0} cm"}},"day":{"long":{"one":"{0} día","other":"{0} días"},"narrow":{"other":"{0} d"},"perUnit":{"long":"{0} por día","narrow":"{0}/d","short":"{0}/día"},"short":{"one":"{0} día","other":"{0} días"}},"degree":{"long":{"one":"{0} grao","other":"{0} graos"},"narrow":{"other":"{0}°"},"perUnit":{},"short":{"other":"{0}°"}},"fahrenheit":{"long":{"one":"{0} grao Fahrenheit","other":"{0} graos Fahrenheit"},"narrow":{"other":"{0}°F"},"perUnit":{},"short":{"other":"{0} °F"}},"fluid-ounce":{"long":{"one":"{0} onza líquida","other":"{0} onzas líquidas"},"narrow":{"other":"{0} fl oz"},"perUnit":{},"short":{"other":"{0} fl oz"}},"foot":{"long":{"one":"{0} pé","other":"{0} pés"},"narrow":{"other":"{0} ft"},"perUnit":{"long":"{0} por pé","narrow":"{0}/ft","short":"{0}/ft"},"short":{"other":"{0} ft"}},"gallon":{"long":{"one":"{0} galón estadounidense","other":"{0} galóns estadounidenses"},"narrow":{"other":"{0} gal EUA"},"perUnit":{"long":"{0} por galón estadounidense","narrow":"{0}/gal EUA","short":"{0}/gal EUA"},"short":{"other":"{0} gal EUA"}},"gigabit":{"long":{"one":"{0} xigabit","other":"{0} xigabits"},"narrow":{"other":"{0} Gb"},"perUnit":{},"short":{"other":"{0} Gb"}},"gigabyte":{"long":{"one":"{0} xigabyte","other":"{0} xigabytes"},"narrow":{"other":"{0} GB"},"perUnit":{},"short":{"other":"{0} GB"}},"gram":{"long":{"one":"{0} gramo","other":"{0} gramos"},"narrow":{"other":"{0} g"},"perUnit":{"long":"{0} por gramo","narrow":"{0}/g","short":"{0}/g"},"short":{"other":"{0} g"}},"hectare":{"long":{"one":"{0} hectárea","other":"{0} hectáreas"},"narrow":{"other":"{0} ha"},"perUnit":{},"short":{"other":"{0} ha"}},"hour":{"long":{"one":"{0} hora","other":"{0} horas"},"narrow":{"other":"{0} h"},"perUnit":{"long":"{0} por hora","narrow":"{0}/h","short":"{0}/h"},"short":{"other":"{0} h"}},"inch":{"long":{"one":"{0} polgada","other":"{0} polgadas"},"narrow":{"other":"{0} in"},"perUnit":{"long":"{0} por polgada","narrow":"{0}/in","short":"{0}/in"},"short":{"other":"{0} in"}},"kilobit":{"long":{"one":"{0} kilobit","other":"{0} kilobits"},"narrow":{"other":"{0} kb"},"perUnit":{},"short":{"other":"{0} kb"}},"kilobyte":{"long":{"one":"{0} kilobyte","other":"{0} kilobytes"},"narrow":{"other":"{0} kB"},"perUnit":{},"short":{"other":"{0} kB"}},"kilogram":{"long":{"one":"{0} quilogramo","other":"{0} quilogramos"},"narrow":{"other":"{0} kg"},"perUnit":{"long":"{0} por quilogramo","narrow":"{0}/kg","short":"{0}/kg"},"short":{"other":"{0} kg"}},"kilometer":{"long":{"one":"{0} quilómetro","other":"{0} quilómetros"},"narrow":{"other":"{0} km"},"perUnit":{"long":"{0} por quilómetro","narrow":"{0}/km","short":"{0}/km"},"short":{"other":"{0} km"}},"kilometer-per-hour":{"long":{"one":"{0} quilómetro por hora","other":"{0} quilómetros por hora"},"narrow":{"other":"{0} km/h"},"perUnit":{},"short":{"other":"{0} km/h"}},"liter":{"long":{"one":"{0} litro","other":"{0} litros"},"narrow":{"other":"{0} l"},"perUnit":{"long":"{0} por litro","narrow":"{0}/l","short":"{0}/l"},"short":{"other":"{0} l"}},"liter-per-kilometer":{"long":{"one":"{0} litro por quilómetro","other":"{0} litros por quilómetro"},"narrow":{"other":"{0} l/km"},"perUnit":{},"short":{"other":"{0} l/km"}},"megabit":{"long":{"one":"{0} megabit","other":"{0} megabits"},"narrow":{"other":"{0} Mb"},"perUnit":{},"short":{"other":"{0} Mb"}},"megabyte":{"long":{"one":"{0} megabyte","other":"{0} megabytes"},"narrow":{"other":"{0} MB"},"perUnit":{},"short":{"other":"{0} MB"}},"meter":{"long":{"one":"{0} metro","other":"{0} metros"},"narrow":{"other":"{0} m"},"perUnit":{"long":"{0} por metro","narrow":"{0}/m","short":"{0}/m"},"short":{"other":"{0} m"}},"meter-per-second":{"long":{"one":"{0} metro por segundo","other":"{0} metros por segundo"},"narrow":{"other":"{0} m/s"},"perUnit":{},"short":{"other":"{0} m/s"}},"mile":{"long":{"one":"{0} milla","other":"{0} millas"},"narrow":{"other":"{0} mi"},"perUnit":{},"short":{"other":"{0} mi"}},"mile-per-gallon":{"long":{"one":"{0} milla por galón estadounidense","other":"{0} millas por galón estadounidense"},"narrow":{"other":"{0} mpg EUA"},"perUnit":{},"short":{"other":"{0} mpg EUA"}},"mile-per-hour":{"long":{"one":"{0} milla por hora","other":"{0} millas por hora"},"narrow":{"other":"{0} mi/h"},"perUnit":{},"short":{"other":"{0} mi/h"}},"mile-scandinavian":{"long":{"one":"{0} milla escandinava","other":"{0} millas escandinavas"},"narrow":{"other":"{0} mi esc."},"perUnit":{},"short":{"other":"{0} mi esc."}},"milliliter":{"long":{"one":"{0} mililitro","other":"{0} mililitros"},"narrow":{"other":"{0} ml"},"perUnit":{},"short":{"other":"{0} ml"}},"millimeter":{"long":{"one":"{0} milímetro","other":"{0} milímetros"},"narrow":{"other":"{0} mm"},"perUnit":{},"short":{"other":"{0} mm"}},"millisecond":{"long":{"one":"{0} milisegundo","other":"{0} milisegundos"},"narrow":{"other":"{0} ms"},"perUnit":{},"short":{"other":"{0} ms"}},"minute":{"long":{"one":"{0} minuto","other":"{0} minutos"},"narrow":{"other":"{0} min"},"perUnit":{"long":"{0} por minuto","narrow":"{0}/min","short":"{0}/min"},"short":{"other":"{0} min"}},"month":{"long":{"one":"{0} mes","other":"{0} meses"},"narrow":{"other":"{0} m."},"perUnit":{"long":"{0} por mes","narrow":"{0}/m.","short":"{0}/mes"},"short":{"one":"{0} mes","other":"{0} meses"}},"ounce":{"long":{"one":"{0} onza","other":"{0} onzas"},"narrow":{"other":"{0} oz"},"perUnit":{"long":"{0} por onza","narrow":"{0}/oz","short":"{0}/oz"},"short":{"other":"{0} oz"}},"percent":{"long":{"other":"{0} %"},"narrow":{"other":"{0} %"},"perUnit":{},"short":{"other":"{0} %"}},"petabyte":{"long":{"one":"{0} petabyte","other":"{0} petabytes"},"narrow":{"other":"{0} PB"},"perUnit":{},"short":{"other":"{0} PB"}},"pound":{"long":{"one":"{0} libra","other":"{0} libras"},"narrow":{"other":"{0} lb"},"perUnit":{"long":"{0} por libra","narrow":"{0}/lb","short":"{0}/lb"},"short":{"other":"{0} lb"}},"second":{"long":{"one":"{0} segundo","other":"{0} segundos"},"narrow":{"other":"{0} s"},"perUnit":{"long":"{0} por segundo","narrow":"{0}/s","short":"{0}/s"},"short":{"other":"{0} s"}},"stone":{"long":{"one":"{0} stone","other":"{0} stones"},"narrow":{"other":"{0} st"},"perUnit":{},"short":{"other":"{0} st"}},"terabit":{"long":{"one":"{0} terabit","other":"{0} terabits"},"narrow":{"other":"{0} Tb"},"perUnit":{},"short":{"other":"{0} Tb"}},"terabyte":{"long":{"one":"{0} terabyte","other":"{0} terabytes"},"narrow":{"other":"{0} TB"},"perUnit":{},"short":{"other":"{0} TB"}},"week":{"long":{"one":"{0} semana","other":"{0} semanas"},"narrow":{"other":"{0} sem."},"perUnit":{"long":"{0} por semana","narrow":"{0}/sem.","short":"{0}/sem."},"short":{"other":"{0} sem."}},"yard":{"long":{"one":"{0} iarda","other":"{0} iardas"},"narrow":{"other":"{0} yd"},"perUnit":{},"short":{"other":"{0} yd"}},"year":{"long":{"one":"{0} ano","other":"{0} anos"},"narrow":{"other":"{0} a."},"perUnit":{"long":"{0} por ano","narrow":"{0}/a.","short":"{0}/ano"},"short":{"one":"{0} ano","other":"{0} anos"}}}}},"locale":"gl"}