{"data":{"currencies":{"AED":{"displayName":{"other":"संयुक्त अरब अमीरात दिरहाम"},"narrow":"AED","symbol":"AED"},"AFA":{"displayName":{"other":"अफगानी (1927–2002)"},"narrow":"AFA","symbol":"AFA"},"AFN":{"displayName":{"other":"अफ़गान अफ़गानी"},"narrow":"؋","symbol":"AFN"},"ALL":{"displayName":{"other":"अल्बानियाई लेक"},"narrow":"ALL","symbol":"ALL"},"AMD":{"displayName":{"other":"आर्मेनियाई द्राम"},"narrow":"֏","symbol":"AMD"},"ANG":{"displayName":{"other":"नीदरलैंड एंटीलियन गिल्डर"},"narrow":"ANG","symbol":"ANG"},"AOA":{"displayName":{"other":"अंगोला क्वांज़ा"},"narrow":"Kz","symbol":"AOA"},"ARS":{"displayName":{"other":"अर्जेंटीनी पेसो"},"narrow":"$","symbol":"ARS"},"AUD":{"displayName":{"other":"ऑस्ट्रेलियाई डॉलर"},"narrow":"$","symbol":"A$"},"AWG":{"displayName":{"other":"अरूबाई फ़्लोरिन"},"narrow":"AWG","symbol":"AWG"},"AZN":{"displayName":{"other":"अज़रबैजानी मैनेट"},"narrow":"₼","symbol":"AZN"},"BAM":{"displayName":{"other":"बोस्निया हर्ज़ेगोविना परिवर्तनीय मार्क"},"narrow":"KM","symbol":"BAM"},"BBD":{"displayName":{"other":"बार्बेडियन डॉलर"},"narrow":"$","symbol":"BBD"},"BDT":{"displayName":{"other":"बांग्लादेशी टका"},"narrow":"৳","symbol":"BDT"},"BGN":{"displayName":{"other":"बुल्गारियाई लेव"},"narrow":"BGN","symbol":"BGN"},"BHD":{"displayName":{"other":"बहरीनी दिनार"},"narrow":"BHD","symbol":"BHD"},"BIF":{"displayName":{"other":"बुरूंडी फ़्रैंक"},"narrow":"BIF","symbol":"BIF"},"BMD":{"displayName":{"other":"बरमूडा डॉलर"},"narrow":"$","symbol":"BMD"},"BND":{"displayName":{"other":"ब्रूनेई डॉलर"},"narrow":"$","symbol":"BND"},"BOB":{"displayName":{"other":"बोलिवियाई बोलिवियानो"},"narrow":"Bs","symbol":"BOB"},"BRL":{"displayName":{"other":"ब्राज़ीली रियाल"},"narrow":"R$","symbol":"R$"},"BSD":{"displayName":{"other":"बहामाई डॉलर"},"narrow":"$","symbol":"BSD"},"BTN":{"displayName":{"other":"भूटानी नंगलट्रम"},"narrow":"BTN","symbol":"BTN"},"BUK":{"displayName":{"other":"बर्मी क्यात"},"narrow":"BUK","symbol":"BUK"},"BWP":{"displayName":{"other":"बोत्सवानियाई पुला"},"narrow":"P","symbol":"BWP"},"BYN":{"displayName":{"other":"बेलारूसी रूबल"},"narrow":"р.","symbol":"BYN"},"BYR":{"displayName":{"other":"बेलारूसी रूबल (2000–2016)"},"narrow":"BYR","symbol":"BYR"},"BZD":{"displayName":{"other":"बेलीज़ डॉलर"},"narrow":"$","symbol":"BZD"},"CAD":{"displayName":{"other":"कनाडाई डॉलर"},"narrow":"$","symbol":"CA$"},"CDF":{"displayName":{"other":"कोंगोली फ़्रैंक"},"narrow":"CDF","symbol":"CDF"},"CHF":{"displayName":{"other":"स्विस फ़्रैंक"},"narrow":"CHF","symbol":"CHF"},"CLP":{"displayName":{"other":"चिली पेसो"},"narrow":"$","symbol":"CLP"},"CNH":{"displayName":{"other":"चीनी युआन (ऑफ़शोर)"},"narrow":"CNH","symbol":"CNH"},"CNY":{"displayName":{"other":"चीनी युआन"},"narrow":"¥","symbol":"CN¥"},"COP":{"displayName":{"other":"कोलंबियाई पेसो"},"narrow":"$","symbol":"COP"},"CRC":{"displayName":{"other":"कोस्टा रिका कोलोन"},"narrow":"₡","symbol":"CRC"},"CSD":{"displayName":{"other":"सर्बिय का ढीनार"},"narrow":"CSD","symbol":"CSD"},"CUC":{"displayName":{"other":"क्यूबाई परिवर्तनीय पेसो"},"narrow":"$","symbol":"CUC"},"CUP":{"displayName":{"other":"क्यूबाई पेसो"},"narrow":"$","symbol":"CUP"},"CVE":{"displayName":{"other":"केप वर्ड एस्कूडो"},"narrow":"CVE","symbol":"CVE"},"CYP":{"displayName":{"other":"साईप्रस पाऊंड"},"narrow":"CYP","symbol":"CYP"},"CZK":{"displayName":{"other":"चेक गणराज्य कोरुना"},"narrow":"Kč","symbol":"CZK"},"DEM":{"displayName":{"other":"डच मार्क"},"narrow":"DEM","symbol":"DEM"},"DJF":{"displayName":{"other":"जिबूती फ़्रैंक"},"narrow":"DJF","symbol":"DJF"},"DKK":{"displayName":{"other":"डैनिश क्रोन"},"narrow":"kr","symbol":"DKK"},"DOP":{"displayName":{"other":"डोमिनिकन पेसो"},"narrow":"$","symbol":"DOP"},"DZD":{"displayName":{"other":"अल्जीरियाई दिनार"},"narrow":"DZD","symbol":"DZD"},"EEK":{"displayName":{"other":"एस्टोनियाई क्रून्"},"narrow":"EEK","symbol":"EEK"},"EGP":{"displayName":{"other":"मिस्र पाउंड"},"narrow":"E£","symbol":"EGP"},"ERN":{"displayName":{"other":"इरीट्रियन नाक्फ़ा"},"narrow":"ERN","symbol":"ERN"},"ESP":{"displayName":{},"narrow":"₧","symbol":"ESP"},"ETB":{"displayName":{"other":"इथियोपियन बिर"},"narrow":"ETB","symbol":"ETB"},"EUR":{"displayName":{"other":"यूरो"},"narrow":"€","symbol":"€"},"FJD":{"displayName":{"other":"फ़िजी डॉलर"},"narrow":"$","symbol":"FJD"},"FKP":{"displayName":{"other":"फ़ॉकलैंड द्वीपसमूह पाउंड"},"narrow":"£","symbol":"FKP"},"FRF":{"displayName":{"other":"फ़्रांसीसी फ़्रैंक"},"narrow":"FRF","symbol":"FRF"},"GBP":{"displayName":{"other":"ब्रिटिश पाउंड स्टर्लिंग"},"narrow":"£","symbol":"£"},"GEL":{"displayName":{"other":"जॉर्जियन लारी"},"narrow":"₾","symbol":"GEL"},"GHS":{"displayName":{"other":"घानियन सेडी"},"narrow":"GH₵","symbol":"GHS"},"GIP":{"displayName":{"other":"जिब्राल्टर पाउंड"},"narrow":"£","symbol":"GIP"},"GMD":{"displayName":{"other":"गैंबियन डलासी"},"narrow":"GMD","symbol":"GMD"},"GNF":{"displayName":{"other":"गिनीयन फ़्रैंक"},"narrow":"FG","symbol":"GNF"},"GTQ":{"displayName":{"other":"ग्वाटेमाला क्वेटज़ल"},"narrow":"Q","symbol":"GTQ"},"GYD":{"displayName":{"other":"गयानीज़ डॉलर"},"narrow":"$","symbol":"GYD"},"HKD":{"displayName":{"other":"हाँगकाँग डॉलर"},"narrow":"$","symbol":"HK$"},"HNL":{"displayName":{"other":"होंडुरन लेम्पिरा"},"narrow":"L","symbol":"HNL"},"HRD":{"displayName":{"other":"क्रोएशियन दिनार"},"narrow":"HRD","symbol":"HRD"},"HRK":{"displayName":{"other":"क्रोएशियाई कुना"},"narrow":"kn","symbol":"HRK"},"HTG":{"displayName":{"other":"हैतियाई गर्ड"},"narrow":"HTG","symbol":"HTG"},"HUF":{"displayName":{"other":"हंगेरियन फ़ोरिंट"},"narrow":"Ft","symbol":"HUF"},"IDR":{"displayName":{"one":"इंडोनेशियाई रुपिया","other":"इंडोनेशियाई रुपिये"},"narrow":"Rp","symbol":"IDR"},"ILS":{"displayName":{"other":"इज़राइली न्यू शेकेल"},"narrow":"₪","symbol":"₪"},"INR":{"displayName":{"one":"भारतीय रुपया","other":"भारतीय रुपए"},"narrow":"₹","symbol":"₹"},"IQD":{"displayName":{"other":"इराकी दिनार"},"narrow":"IQD","symbol":"IQD"},"IRR":{"displayName":{"other":"ईरानी रियाल"},"narrow":"IRR","symbol":"IRR"},"ISK":{"displayName":{"other":"आइसलैंडिक क्रोना"},"narrow":"kr","symbol":"ISK"},"ITL":{"displayName":{"other":"इतली का लीरा"},"narrow":"ITL","symbol":"ITL"},"JMD":{"displayName":{"other":"जमैकन डॉलर"},"narrow":"$","symbol":"JMD"},"JOD":{"displayName":{"other":"जॉर्डनियन दिनार"},"narrow":"JOD","symbol":"JOD"},"JPY":{"displayName":{"other":"जापानी येन"},"narrow":"¥","symbol":"JP¥"},"KES":{"displayName":{"other":"केन्याई शिलिंग"},"narrow":"KES","symbol":"KES"},"KGS":{"displayName":{"other":"किर्गिस्तानी सोम"},"narrow":"KGS","symbol":"KGS"},"KHR":{"displayName":{"other":"कंबोडियाई रियाल"},"narrow":"៛","symbol":"KHR"},"KMF":{"displayName":{"other":"कोमोरियन फ़्रैंक"},"narrow":"CF","symbol":"KMF"},"KPW":{"displayName":{"other":"उत्तर कोरियाई वॉन"},"narrow":"₩","symbol":"KPW"},"KRW":{"displayName":{"other":"दक्षिण कोरियाई वॉन"},"narrow":"₩","symbol":"₩"},"KWD":{"displayName":{"other":"कुवैती दिनार"},"narrow":"KWD","symbol":"KWD"},"KYD":{"displayName":{"other":"कैमेन द्वीपसमूह डॉलर"},"narrow":"$","symbol":"KYD"},"KZT":{"displayName":{"other":"कज़ाखिस्तानी टेंज़"},"narrow":"₸","symbol":"KZT"},"LAK":{"displayName":{"other":"लाओशियन किप"},"narrow":"₭","symbol":"LAK"},"LBP":{"displayName":{"other":"लेबनानी पाउंड"},"narrow":"L£","symbol":"LBP"},"LKR":{"displayName":{"one":"श्रीलंकाई रुपया","other":"श्रीलंकाई रुपए"},"narrow":"Rs","symbol":"LKR"},"LRD":{"displayName":{"other":"लाइबेरियाई डॉलर"},"narrow":"$","symbol":"LRD"},"LSL":{"displayName":{"other":"लेसोथो लोटी"},"narrow":"LSL","symbol":"LSL"},"LTL":{"displayName":{"other":"लिथुआनियाई लितास"},"narrow":"Lt","symbol":"LTL"},"LVL":{"displayName":{"other":"लात्वियन लैत्स"},"narrow":"Ls","symbol":"LVL"},"LYD":{"displayName":{"other":"लीबियाई दिनार"},"narrow":"LYD","symbol":"LYD"},"MAD":{"displayName":{"other":"मोरक्को दिरहम"},"narrow":"MAD","symbol":"MAD"},"MAF":{"displayName":{"other":"मोरक्को फ्रैंक"},"narrow":"MAF","symbol":"MAF"},"MDL":{"displayName":{"other":"मोल्डोवन लियू"},"narrow":"MDL","symbol":"MDL"},"MGA":{"displayName":{"other":"मालागासी आरियरी"},"narrow":"Ar","symbol":"MGA"},"MKD":{"displayName":{"other":"मैसीडोनियन दिनार"},"narrow":"MKD","symbol":"MKD"},"MMK":{"displayName":{"other":"म्यांमार क्याट"},"narrow":"K","symbol":"MMK"},"MNT":{"displayName":{"other":"मंगोलियाई टगरिक"},"narrow":"₮","symbol":"MNT"},"MOP":{"displayName":{"other":"मेकानीज़ पाटाका"},"narrow":"MOP","symbol":"MOP"},"MRO":{"displayName":{"other":"मॉरीटेनियन ओगुइया (1973–2017)"},"narrow":"MRO","symbol":"MRO"},"MRU":{"displayName":{"other":"मॉरीटेनियन ओगुइया"},"narrow":"MRU","symbol":"MRU"},"MUR":{"displayName":{"other":"मॉरिशियन रुपया"},"narrow":"Rs","symbol":"MUR"},"MVR":{"displayName":{"other":"मालदीवी रुफ़िया"},"narrow":"MVR","symbol":"MVR"},"MWK":{"displayName":{"other":"मालावियन क्वाचा"},"narrow":"MWK","symbol":"MWK"},"MXN":{"displayName":{"other":"मैक्सिकन पेसो"},"narrow":"$","symbol":"MX$"},"MYR":{"displayName":{"other":"मलेशियाई रिंगित"},"narrow":"RM","symbol":"MYR"},"MZN":{"displayName":{"other":"मोज़ाम्बिकन मेटिकल"},"narrow":"MZN","symbol":"MZN"},"NAD":{"displayName":{"other":"नामीबियाई डॉलर"},"narrow":"$","symbol":"NAD"},"NGN":{"displayName":{"other":"नाइजीरियाई नाइरा"},"narrow":"₦","symbol":"NGN"},"NIO":{"displayName":{"other":"निकारागुअन कोरडोबा"},"narrow":"C$","symbol":"NIO"},"NOK":{"displayName":{"other":"नॉर्वेजियन क्रोन"},"narrow":"kr","symbol":"NOK"},"NPR":{"displayName":{"one":"नेपाली रुपया","other":"नेपाली रुपए"},"narrow":"Rs","symbol":"NPR"},"NZD":{"displayName":{"other":"न्यूज़ीलैंड डॉलर"},"narrow":"$","symbol":"NZ$"},"OMR":{"displayName":{"other":"ओमानी रियाल"},"narrow":"OMR","symbol":"OMR"},"PAB":{"displayName":{"other":"पनामेनियन बैल्बोआ"},"narrow":"PAB","symbol":"PAB"},"PEN":{"displayName":{"other":"पेरूवियन सोल"},"narrow":"PEN","symbol":"PEN"},"PGK":{"displayName":{"other":"पापुआ न्यू गिनीयन किना"},"narrow":"PGK","symbol":"PGK"},"PHP":{"displayName":{"other":"फ़िलिपीनी पेसो"},"narrow":"₱","symbol":"PHP"},"PKR":{"displayName":{"one":"पाकिस्तानी रुपया","other":"पाकिस्तानी रुपए"},"narrow":"Rs","symbol":"PKR"},"PLN":{"displayName":{"other":"पोलिश ज़्लॉटी"},"narrow":"zł","symbol":"PLN"},"PYG":{"displayName":{"other":"पैराग्वियन गुआरानी"},"narrow":"₲","symbol":"PYG"},"QAR":{"displayName":{"other":"क़तरी रियाल"},"narrow":"QAR","symbol":"QAR"},"RHD":{"displayName":{"other":"रोडेशियाई डालर"},"narrow":"RHD","symbol":"RHD"},"RON":{"displayName":{"other":"रोमानियाई ल्यू"},"narrow":"लेई","symbol":"RON"},"RSD":{"displayName":{"other":"सर्बियन दिनार"},"narrow":"RSD","symbol":"RSD"},"RUB":{"displayName":{"other":"रूसी रूबल"},"narrow":"₽","symbol":"RUB"},"RWF":{"displayName":{"other":"रवांडाई फ़्रैंक"},"narrow":"RF","symbol":"RWF"},"SAR":{"displayName":{"other":"सउदी रियाल"},"narrow":"SAR","symbol":"SAR"},"SBD":{"displayName":{"other":"सोलोमन द्वीपसमूह डॉलर"},"narrow":"$","symbol":"SBD"},"SCR":{"displayName":{"other":"सेशेल्सियाई रुपया"},"narrow":"SCR","symbol":"SCR"},"SDD":{"displayName":{"other":"पुरानी सूडानी दिनार"},"narrow":"SDD","symbol":"SDD"},"SDG":{"displayName":{"other":"सूडानी पाउंड"},"narrow":"SDG","symbol":"SDG"},"SDP":{"displayName":{"other":"पुराना सूडानी पाउंड"},"narrow":"SDP","symbol":"SDP"},"SEK":{"displayName":{"other":"स्वीडीश क्रोना"},"narrow":"kr","symbol":"SEK"},"SGD":{"displayName":{"other":"सिंगापुर डॉलर"},"narrow":"$","symbol":"SGD"},"SHP":{"displayName":{"other":"सेंट हेलेना पाउंड"},"narrow":"£","symbol":"SHP"},"SIT":{"displayName":{"other":"स्लोवेनियाई तोलार"},"narrow":"SIT","symbol":"SIT"},"SKK":{"displayName":{"other":"स्लोवाक कोरुना"},"narrow":"SKK","symbol":"SKK"},"SLL":{"displayName":{"other":"सिएरा लियोनियन लियोन"},"narrow":"SLL","symbol":"SLL"},"SOS":{"displayName":{"other":"सोमाली शिलिंग"},"narrow":"SOS","symbol":"SOS"},"SRD":{"displayName":{"other":"सूरीनामी डॉलर"},"narrow":"$","symbol":"SRD"},"SRG":{"displayName":{"other":"सूरीनामी गिल्डर"},"narrow":"SRG","symbol":"SRG"},"SSP":{"displayName":{"other":"दक्षिण सूडानी पाउंड"},"narrow":"£","symbol":"SSP"},"STD":{"displayName":{"other":"साओ तोम और प्रिंसिपे डोबरा (1977–2017)"},"narrow":"STD","symbol":"STD"},"STN":{"displayName":{"other":"साओ टोम और प्रिंसिपे डोबरा"},"narrow":"Db","symbol":"STN"},"SUR":{"displayName":{"other":"सोवियत रूबल"},"narrow":"SUR","symbol":"SUR"},"SYP":{"displayName":{"other":"सीरियाई पाउंड"},"narrow":"£","symbol":"SYP"},"SZL":{"displayName":{"other":"स्वाज़ी लिलांजेनी"},"narrow":"SZL","symbol":"SZL"},"THB":{"displayName":{"other":"थाई बहत"},"narrow":"฿","symbol":"฿"},"TJR":{"displayName":{"other":"तजाखी रूबल"},"narrow":"TJR","symbol":"TJR"},"TJS":{"displayName":{"other":"ताजिकिस्तानी सोमोनी"},"narrow":"TJS","symbol":"TJS"},"TMT":{"displayName":{"other":"तुर्कमेनिस्तानी मैनत"},"narrow":"TMT","symbol":"TMT"},"TND":{"displayName":{"other":"ट्यूनीशियाई दिनार"},"narrow":"TND","symbol":"TND"},"TOP":{"displayName":{"other":"टोंगन पांगा"},"narrow":"T$","symbol":"TOP"},"TPE":{"displayName":{"other":"तिमोरी एस्कूडो"},"narrow":"TPE","symbol":"TPE"},"TRL":{"displayName":{"other":"पुरानी तुर्की लीरा"},"narrow":"TRL","symbol":"TRL"},"TRY":{"displayName":{"other":"तुर्की लीरा"},"narrow":"₺","symbol":"TRY"},"TTD":{"displayName":{"other":"त्रिनिदाद और टोबैगो डॉलर"},"narrow":"$","symbol":"TTD"},"TWD":{"displayName":{"other":"नया ताईवानी डॉलर"},"narrow":"NT$","symbol":"NT$"},"TZS":{"displayName":{"other":"तंज़ानियाई शिलिंग"},"narrow":"TZS","symbol":"TZS"},"UAH":{"displayName":{"other":"यूक्रेनियन रिव्निया"},"narrow":"₴","symbol":"UAH"},"UGX":{"displayName":{"other":"युगांडाई शिलिंग"},"narrow":"UGX","symbol":"UGX"},"USD":{"displayName":{"other":"यूएस डॉलर"},"narrow":"$","symbol":"$"},"USN":{"displayName":{"other":"अमेरीकी डालर (कल)"},"narrow":"USN","symbol":"USN"},"USS":{"displayName":{"other":"अमेरीकी डालर (आज)"},"narrow":"USS","symbol":"USS"},"UYU":{"displayName":{"other":"उरुग्वियन पेसो"},"narrow":"$","symbol":"UYU"},"UZS":{"displayName":{"other":"उज़्बेकिस्तानी सोम"},"narrow":"UZS","symbol":"UZS"},"VEB":{"displayName":{"other":"वेनेज़ुएला बोलिवर (1871–2008)"},"narrow":"VEB","symbol":"VEB"},"VEF":{"displayName":{"other":"वेनेज़ुएला बोलिवर (2008–2018)"},"narrow":"Bs","symbol":"VEF"},"VES":{"displayName":{"other":"वेनेज़ुएला बोलिवर"},"narrow":"VES","symbol":"VES"},"VND":{"displayName":{"other":"वियतनामी डोंग"},"narrow":"₫","symbol":"₫"},"VNN":{"displayName":{"other":"वियतनामी डोंग (1978–1985)"},"narrow":"VNN","symbol":"VNN"},"VUV":{"displayName":{"other":"वनुआतू वातू"},"narrow":"VUV","symbol":"VUV"},"WST":{"displayName":{"other":"समोआई ताला"},"narrow":"WST","symbol":"WST"},"XAF":{"displayName":{"other":"केंद्रीय अफ़्रीकी CFA फ़्रैंक"},"narrow":"FCFA","symbol":"FCFA"},"XCD":{"displayName":{"other":"पूर्वी कैरिबियाई डॉलर"},"narrow":"$","symbol":"EC$"},"XEU":{"displayName":{"other":"यूरोपीय मुद्रा इकाई"},"narrow":"XEU","symbol":"XEU"},"XOF":{"displayName":{"other":"पश्चिमी अफ़्रीकी CFA फ़्रैंक"},"narrow":"F CFA","symbol":"F CFA"},"XPF":{"displayName":{"other":"[CFP] फ़्रैंक"},"narrow":"CFPF","symbol":"CFPF"},"XXX":{"displayName":{"one":"(मुद्रा की अज्ञात इकाई)","other":"(अज्ञात मुद्रा)"},"narrow":"¤","symbol":"¤"},"YER":{"displayName":{"other":"यमनी रियाल"},"narrow":"YER","symbol":"YER"},"ZAR":{"displayName":{"other":"दक्षिण अफ़्रीकी रैंड"},"narrow":"R","symbol":"ZAR"},"ZMK":{"displayName":{"other":"ज़ाम्बियन क्वाचा (1968–2012)"},"narrow":"ZMK","symbol":"ZMK"},"ZMW":{"displayName":{"other":"ज़ाम्बियन क्वाचा"},"narrow":"ZK","symbol":"ZMW"}},"nu":["latn"],"numbers":{"currency":{"latn":{"accounting":"¤#,##,##0.00","currencySpacing":{"afterInsertBetween":" ","beforeInsertBetween":" "},"short":{"1000":{"other":"¤0 हज़ार"},"10000":{"other":"¤00 हज़ार"},"100000":{"other":"¤0 लाख"},"1000000":{"other":"¤00 लाख"},"10000000":{"other":"¤0 क॰"},"100000000":{"other":"¤00 क॰"},"1000000000":{"other":"¤0 अ॰"},"10000000000":{"other":"¤00 अ॰"},"100000000000":{"other":"¤0 ख॰"},"1000000000000":{"other":"¤00 ख॰"},"10000000000000":{"other":"¤0 नील"},"100000000000000":{"other":"¤00 नील"}},"standard":"¤#,##,##0.00","unitPattern":"{0} {1}"}},"decimal":{"latn":{"long":{"1000":{"other":"0 हज़ार"},"10000":{"other":"00 हज़ार"},"100000":{"other":"0 लाख"},"1000000":{"other":"00 लाख"},"10000000":{"other":"0 करोड़"},"100000000":{"other":"00 करोड़"},"1000000000":{"other":"0 अरब"},"10000000000":{"other":"00 अरब"},"100000000000":{"other":"0 खरब"},"1000000000000":{"other":"00 खरब"},"10000000000000":{"other":"000 खरब"},"100000000000000":{"other":"0000 खरब"}},"short":{"1000":{"other":"0 हज़ार"},"10000":{"other":"00 हज़ार"},"100000":{"other":"0 लाख"},"1000000":{"other":"00 लाख"},"10000000":{"other":"0 क॰"},"100000000":{"other":"00 क॰"},"1000000000":{"other":"0 अ॰"},"10000000000":{"other":"00 अ॰"},"100000000000":{"other":"0 ख॰"},"1000000000000":{"other":"00 ख॰"},"10000000000000":{"other":"0 नील"},"100000000000000":{"other":"00 नील"}},"standard":"#,##,##0.###"}},"nu":["latn"],"percent":{"latn":"#,##,##0%"},"symbols":{"latn":{"approximatelySign":"~","decimal":".","exponential":"E","group":",","infinity":"∞","list":";","minusSign":"-","nan":"NaN","perMille":"‰","percentSign":"%","plusSign":"+","rangeSign":"–","superscriptingExponent":"×","timeSeparator":":"}}},"units":{"compound":{"per":{"long":"{0} प्रति {1}","narrow":"{0}/{1}","short":"{0}/{1}"}},"simple":{"acre":{"long":{"other":"{0} एकड़"},"narrow":{"other":"{0} एकड़"},"perUnit":{},"short":{"other":"{0} एकड़"}},"bit":{"long":{"other":"{0} बिट"},"narrow":{"other":"{0} बिट"},"perUnit":{},"short":{"other":"{0} बिट"}},"byte":{"long":{"other":"{0} बाइट"},"narrow":{"other":"{0} बाइट"},"perUnit":{},"short":{"other":"{0} बाइट"}},"celsius":{"long":{"other":"{0} डिग्री सेल्सियस"},"narrow":{"other":"{0}°से॰"},"perUnit":{},"short":{"other":"{0}°से॰"}},"centimeter":{"long":{"other":"{0} सेंटीमीटर"},"narrow":{"other":"{0} सें॰मी॰"},"perUnit":{"long":"{0}/सेंटीमीटर","narrow":"{0}/सेंमी","short":"{0}/सें॰मी॰"},"short":{"other":"{0} सें॰मी॰"}},"day":{"long":{"other":"{0} दिन"},"narrow":{"other":"{0} दि"},"perUnit":{"long":"{0} प्रति दिन","narrow":"{0}/दि","short":"{0}/दिन"},"short":{"other":"{0} दिन"}},"degree":{"long":{"other":"{0} अंश"},"narrow":{"other":"{0}°"},"perUnit":{},"short":{"other":"{0} अंश"}},"fahrenheit":{"long":{"other":"{0} डिग्री फ़ेरनहाइट"},"narrow":{"other":"{0}°F"},"perUnit":{},"short":{"other":"{0}°फ़ेरन"}},"fluid-ounce":{"long":{"other":"{0} फ़्लूइड आउंस"},"narrow":{"other":"{0} fl oz"},"perUnit":{},"short":{"other":"{0} फ़्लूइड आउंस"}},"foot":{"long":{"one":"{0} फ़ुट","other":"{0} फ़ीट"},"narrow":{"other":"{0}′"},"perUnit":{"long":"{0}/फ़ीट","narrow":"{0}/फ़ीट","short":"{0}/फ़ीट"},"short":{"other":"{0} फ़ीट"}},"gallon":{"long":{"other":"{0} गैलन"},"narrow":{"other":"{0} गै"},"perUnit":{"long":"{0}/गैलन","narrow":"{0}/गै","short":"{0}/गैलन"},"short":{"other":"{0} गैलन"}},"gigabit":{"long":{"other":"{0} गीगाबिट"},"narrow":{"other":"{0} Gb"},"perUnit":{},"short":{"other":"{0} Gb"}},"gigabyte":{"long":{"other":"{0} गीगाबाइट"},"narrow":{"other":"{0} GB"},"perUnit":{},"short":{"other":"{0} GB"}},"gram":{"long":{"other":"{0} ग्राम"},"narrow":{"other":"{0} ग्रा॰"},"perUnit":{"long":"{0}/ग्राम","narrow":"{0}/ग्रा॰","short":"{0}/ग्रा॰"},"short":{"other":"{0} ग्रा॰"}},"hectare":{"long":{"other":"{0} हेक्टेयर"},"narrow":{"other":"{0} हे॰"},"perUnit":{},"short":{"other":"{0} हे॰"}},"hour":{"long":{"one":"{0} घंटा","other":"{0} घंटे"},"narrow":{"one":"{0}घं॰","other":"{0} घं"},"perUnit":{"long":"{0} प्रति घंटा","narrow":"{0}/घं","short":"{0}/घं॰"},"short":{"other":"{0} घं॰"}},"inch":{"long":{"other":"{0} इंच"},"narrow":{"other":"{0}″"},"perUnit":{"long":"{0}/इंच","narrow":"{0}/इंच","short":"{0}/इंच"},"short":{"other":"{0} इंच"}},"kilobit":{"long":{"other":"{0} किलोबिट"},"narrow":{"other":"{0} kb"},"perUnit":{},"short":{"other":"{0} kb"}},"kilobyte":{"long":{"other":"{0} किलोबाइट"},"narrow":{"other":"{0} kB"},"perUnit":{},"short":{"other":"{0} kB"}},"kilogram":{"long":{"other":"{0} किलोग्राम"},"narrow":{"other":"{0} किग्रा"},"perUnit":{"long":"{0}/किलोग्राम","narrow":"{0}/कि॰ग्रा॰","short":"{0}/कि॰ग्रा॰"},"short":{"other":"{0} कि॰ग्रा॰"}},"kilometer":{"long":{"other":"{0} किलोमीटर"},"narrow":{"other":"{0} किमी"},"perUnit":{"long":"{0}/किलोमीटर","narrow":"{0}/किमी","short":"{0}/कि॰मी॰"},"short":{"other":"{0} कि॰मी॰"}},"kilometer-per-hour":{"long":{"other":"{0} किलोमीटर प्रति घंटा"},"narrow":{"other":"{0} किमी/घं"},"perUnit":{},"short":{"other":"{0} कि॰मी॰/घं॰"}},"liter":{"long":{"other":"{0} लीटर"},"narrow":{"other":"{0} ली"},"perUnit":{"long":"{0}/लीटर","narrow":"{0}/ली","short":"{0}/ली॰"},"short":{"other":"{0} ली॰"}},"liter-per-kilometer":{"long":{"other":"{0} लीटर प्रति किलोमीटर"},"narrow":{"other":"{0} ली/किमी"},"perUnit":{},"short":{"other":"{0} ली/किमी"}},"megabit":{"long":{"other":"{0} मेगाबिट"},"narrow":{"other":"{0} Mb"},"perUnit":{},"short":{"other":"{0} Mb"}},"megabyte":{"long":{"other":"{0} मेगाबाइट"},"narrow":{"other":"{0} MB"},"perUnit":{},"short":{"other":"{0} MB"}},"meter":{"long":{"other":"{0} मीटर"},"narrow":{"other":"{0} मी"},"perUnit":{"long":"{0}/मीटर","narrow":"{0}/मी","short":"{0}/मी"},"short":{"other":"{0} मी"}},"meter-per-second":{"long":{"other":"{0} मीटर प्रति सेकंड"},"narrow":{"one":"{0} मी/से","other":"{0}मी॰/से॰"},"perUnit":{},"short":{"other":"{0} मी॰/से॰"}},"mile":{"long":{"other":"{0} मील"},"narrow":{"other":"{0} मील"},"perUnit":{},"short":{"other":"{0} मील"}},"mile-per-gallon":{"long":{"other":"{0} मील प्रति गैलन"},"narrow":{"other":"{0} mpg"},"perUnit":{},"short":{"other":"{0} mpg"}},"mile-per-hour":{"long":{"other":"{0} मील प्रति घंटा"},"narrow":{"other":"{0} मीप्रघं"},"perUnit":{},"short":{"other":"{0} मी॰प्र॰घं॰"}},"mile-scandinavian":{"long":{"other":"{0} मील-स्कैण्डिनेवियन"},"narrow":{"other":"{0} smi"},"perUnit":{},"short":{"other":"{0} smi"}},"milliliter":{"long":{"other":"{0} मिलीलीटर"},"narrow":{"other":"{0} मिली"},"perUnit":{},"short":{"other":"{0} मि॰ ली॰"}},"millimeter":{"long":{"other":"{0} मिलीमीटर"},"narrow":{"other":"{0} मिमी"},"perUnit":{},"short":{"other":"{0} मि॰मी॰"}},"millisecond":{"long":{"other":"{0} मिलीसेकंड"},"narrow":{"other":"{0} मि॰से॰"},"perUnit":{},"short":{"other":"{0} मि॰से॰"}},"minute":{"long":{"other":"{0} मिनट"},"narrow":{"other":"{0} मि"},"perUnit":{"long":"{0} प्रति मिनट","narrow":"{0}/मि","short":"{0}/मिनट"},"short":{"other":"{0} मि॰"}},"month":{"long":{"one":"{0} महीना","other":"{0} महीने"},"narrow":{"other":"{0}माह"},"perUnit":{"long":"{0} प्रति महीना","narrow":"{0}/माह","short":"{0}/माह"},"short":{"other":"{0} माह"}},"ounce":{"long":{"other":"{0} औंस"},"narrow":{"other":"{0} औं॰"},"perUnit":{"long":"{0}/औंस","narrow":"{0}/औंस","short":"{0}/औंस"},"short":{"other":"{0} औंस"}},"percent":{"long":{"other":"{0} प्रतिशत"},"narrow":{"other":"{0}%"},"perUnit":{},"short":{"other":"{0}%"}},"petabyte":{"long":{"other":"{0} पेटाबाइट"},"narrow":{"other":"{0} PB"},"perUnit":{},"short":{"other":"{0} PB"}},"pound":{"long":{"other":"{0} पौंड"},"narrow":{"other":"{0}#"},"perUnit":{"long":"{0}/पौंड","narrow":"{0}/पौंड","short":"{0}/पौंड"},"short":{"other":"{0} पौंड"}},"second":{"long":{"other":"{0} सेकंड"},"narrow":{"other":"{0} से"},"perUnit":{"long":"{0} प्रति सेकंड","narrow":"{0}/से","short":"{0}/से॰"},"short":{"other":"{0} से॰"}},"stone":{"long":{"other":"{0} 14 पौंड का बट्टा"},"narrow":{"one":"{0} ला","other":"{0}st"},"perUnit":{},"short":{"other":"{0} st"}},"terabit":{"long":{"other":"{0} टेराबिट"},"narrow":{"other":"{0} Tb"},"perUnit":{},"short":{"other":"{0} Tb"}},"terabyte":{"long":{"other":"{0} टेराबाइट"},"narrow":{"other":"{0} TB"},"perUnit":{},"short":{"other":"{0} TB"}},"week":{"long":{"other":"{0} सप्ताह"},"narrow":{"other":"{0} सप्ताह"},"perUnit":{"long":"{0} प्रति सप्ताह","narrow":"{0}/स","short":"{0}/सप्ताह"},"short":{"other":"{0} सप्ताह"}},"yard":{"long":{"other":"{0} यार्ड"},"narrow":{"other":"{0} यार्ड"},"perUnit":{},"short":{"other":"{0} यार्ड"}},"year":{"long":{"other":"{0} वर्ष"},"narrow":{"other":"{0}वर्ष"},"perUnit":{"long":"{0} प्रति वर्ष","narrow":"{0}/व","short":"{0}/वर्ष"},"short":{"other":"{0} वर्ष"}}}}},"locale":"hi"}