{"data":{"currencies":{"ADP":{"displayName":{"other":"Andorrai peseta"},"narrow":"ADP","symbol":"ADP"},"AED":{"displayName":{"other":"EAE-dirham"},"narrow":"AED","symbol":"AED"},"AFA":{"displayName":{"other":"afgán afghani (1927–2002)"},"narrow":"AFA","symbol":"AFA"},"AFN":{"displayName":{"other":"afgán afghani"},"narrow":"؋","symbol":"AFN"},"ALK":{"displayName":{"other":"albán lek (1946–1965)"},"narrow":"ALK","symbol":"ALK"},"ALL":{"displayName":{"other":"albán lek"},"narrow":"ALL","symbol":"ALL"},"AMD":{"displayName":{"other":"örmény dram"},"narrow":"֏","symbol":"AMD"},"ANG":{"displayName":{"other":"holland antilláki forint"},"narrow":"ANG","symbol":"ANG"},"AOA":{"displayName":{"other":"angolai kwanza"},"narrow":"Kz","symbol":"AOA"},"AOK":{"displayName":{"other":"Angolai kwanza (1977–1990)"},"narrow":"AOK","symbol":"AOK"},"AON":{"displayName":{"other":"Angolai új kwanza (1990–2000)"},"narrow":"AON","symbol":"AON"},"AOR":{"displayName":{"other":"Angolai kwanza reajustado (1995–1999)"},"narrow":"AOR","symbol":"AOR"},"ARA":{"displayName":{"other":"Argentin austral"},"narrow":"ARA","symbol":"ARA"},"ARP":{"displayName":{"other":"Argentín peso (1983–1985)"},"narrow":"ARP","symbol":"ARP"},"ARS":{"displayName":{"other":"argentin peso"},"narrow":"$","symbol":"ARS"},"ATS":{"displayName":{"other":"Osztrák schilling"},"narrow":"ATS","symbol":"ATS"},"AUD":{"displayName":{"other":"ausztrál dollár"},"narrow":"$","symbol":"AUD"},"AWG":{"displayName":{"other":"arubai florin"},"narrow":"AWG","symbol":"AWG"},"AZM":{"displayName":{"other":"azerbajdzsáni manat (1993–2006)"},"narrow":"AZM","symbol":"AZM"},"AZN":{"displayName":{"other":"azerbajdzsáni manat"},"narrow":"₼","symbol":"AZN"},"BAD":{"displayName":{"other":"Bosznia-hercegovinai dínár (1992–1994)"},"narrow":"BAD","symbol":"BAD"},"BAM":{"displayName":{"other":"bosznia-hercegovinai konvertibilis márka"},"narrow":"KM","symbol":"BAM"},"BAN":{"displayName":{"other":"bosznia-hercegovinai új dínár (1994–1997)"},"narrow":"BAN","symbol":"BAN"},"BBD":{"displayName":{"other":"barbadosi dollár"},"narrow":"$","symbol":"BBD"},"BDT":{"displayName":{"other":"bangladesi taka"},"narrow":"৳","symbol":"BDT"},"BEC":{"displayName":{"other":"Belga frank (konvertibilis)"},"narrow":"BEC","symbol":"BEC"},"BEF":{"displayName":{"other":"Belga frank"},"narrow":"BEF","symbol":"BEF"},"BEL":{"displayName":{"other":"Belga frank (pénzügyi)"},"narrow":"BEL","symbol":"BEL"},"BGL":{"displayName":{"other":"Bolgár kemény leva"},"narrow":"BGL","symbol":"BGL"},"BGM":{"displayName":{"other":"bolgár szocialista leva"},"narrow":"BGM","symbol":"BGM"},"BGN":{"displayName":{"other":"bolgár új leva"},"narrow":"BGN","symbol":"BGN"},"BGO":{"displayName":{"other":"bolgár leva (1879–1952)"},"narrow":"BGO","symbol":"BGO"},"BHD":{"displayName":{"other":"bahreini dinár"},"narrow":"BHD","symbol":"BHD"},"BIF":{"displayName":{"other":"burundi frank"},"narrow":"BIF","symbol":"BIF"},"BMD":{"displayName":{"other":"bermudai dollár"},"narrow":"$","symbol":"BMD"},"BND":{"displayName":{"other":"brunei dollár"},"narrow":"$","symbol":"BND"},"BOB":{"displayName":{"other":"bolíviai boliviano"},"narrow":"Bs","symbol":"BOB"},"BOP":{"displayName":{"other":"Bolíviai peso"},"narrow":"BOP","symbol":"BOP"},"BOV":{"displayName":{"other":"Bolíviai mvdol"},"narrow":"BOV","symbol":"BOV"},"BRB":{"displayName":{"other":"Brazi cruzeiro novo (1967–1986)"},"narrow":"BRB","symbol":"BRB"},"BRC":{"displayName":{"other":"Brazi cruzado (1986–1989)"},"narrow":"BRC","symbol":"BRC"},"BRE":{"displayName":{"other":"Brazil cruzeiro (1990–1993)"},"narrow":"BRE","symbol":"BRE"},"BRL":{"displayName":{"other":"brazil real"},"narrow":"R$","symbol":"BRL"},"BRN":{"displayName":{"other":"Brazil cruzado novo (1989–1990)"},"narrow":"BRN","symbol":"BRN"},"BRR":{"displayName":{"other":"Brazil cruzeiro (1993–1994)"},"narrow":"BRR","symbol":"BRR"},"BSD":{"displayName":{"other":"bahamai dollár"},"narrow":"$","symbol":"BSD"},"BTN":{"displayName":{"other":"bhutáni ngultrum"},"narrow":"BTN","symbol":"BTN"},"BUK":{"displayName":{"other":"burmai kjap"},"narrow":"BUK","symbol":"BUK"},"BWP":{"displayName":{"other":"botswanai pula"},"narrow":"P","symbol":"BWP"},"BYB":{"displayName":{"other":"fehérorosz új rubel (1994–1999)"},"narrow":"BYB","symbol":"BYB"},"BYN":{"displayName":{"other":"belarusz rubel"},"narrow":"р.","symbol":"BYN"},"BYR":{"displayName":{"other":"fehérorosz rubel (2000–2016)"},"narrow":"BYR","symbol":"BYR"},"BZD":{"displayName":{"other":"belize-i dollár"},"narrow":"$","symbol":"BZD"},"CAD":{"displayName":{"other":"kanadai dollár"},"narrow":"$","symbol":"CAD"},"CDF":{"displayName":{"other":"kongói frank"},"narrow":"CDF","symbol":"CDF"},"CHE":{"displayName":{"other":"WIR euro"},"narrow":"CHE","symbol":"CHE"},"CHF":{"displayName":{"other":"svájci frank"},"narrow":"CHF","symbol":"CHF"},"CHW":{"displayName":{"other":"WIR frank"},"narrow":"CHW","symbol":"CHW"},"CLF":{"displayName":{"other":"Chilei unidades de fomento"},"narrow":"CLF","symbol":"CLF"},"CLP":{"displayName":{"other":"chilei peso"},"narrow":"$","symbol":"CLP"},"CNH":{"displayName":{"other":"kínai jüan (offshore)"},"narrow":"CNH","symbol":"CNH"},"CNY":{"displayName":{"other":"kínai jüan"},"narrow":"¥","symbol":"CNY"},"COP":{"displayName":{"other":"kolumbiai peso"},"narrow":"$","symbol":"COP"},"COU":{"displayName":{"other":"Unidad de Valor Real"},"narrow":"COU","symbol":"COU"},"CRC":{"displayName":{"other":"Costa Rica-i colon"},"narrow":"₡","symbol":"CRC"},"CSD":{"displayName":{"other":"szerb dinár (2002–2006)"},"narrow":"CSD","symbol":"CSD"},"CSK":{"displayName":{"other":"csehszlovák kemény korona"},"narrow":"CSK","symbol":"CSK"},"CUC":{"displayName":{"other":"kubai konvertibilis peso"},"narrow":"$","symbol":"CUC"},"CUP":{"displayName":{"other":"kubai peso"},"narrow":"$","symbol":"CUP"},"CVE":{"displayName":{"other":"Zöld-foki escudo"},"narrow":"CVE","symbol":"CVE"},"CYP":{"displayName":{"other":"Ciprusi font"},"narrow":"CYP","symbol":"CYP"},"CZK":{"displayName":{"other":"cseh korona"},"narrow":"Kč","symbol":"CZK"},"DDM":{"displayName":{"other":"Kelet-Német márka"},"narrow":"DDM","symbol":"DDM"},"DEM":{"displayName":{"other":"Német márka"},"narrow":"DEM","symbol":"DEM"},"DJF":{"displayName":{"other":"dzsibuti frank"},"narrow":"DJF","symbol":"DJF"},"DKK":{"displayName":{"other":"dán korona"},"narrow":"kr","symbol":"DKK"},"DOP":{"displayName":{"other":"dominikai peso"},"narrow":"$","symbol":"DOP"},"DZD":{"displayName":{"other":"algériai dínár"},"narrow":"DZD","symbol":"DZD"},"ECS":{"displayName":{"other":"Ecuadori sucre"},"narrow":"ECS","symbol":"ECS"},"ECV":{"displayName":{"other":"Ecuadori Unidad de Valor Constante (UVC)"},"narrow":"ECV","symbol":"ECV"},"EEK":{"displayName":{"other":"észt korona"},"narrow":"EEK","symbol":"EEK"},"EGP":{"displayName":{"other":"egyiptomi font"},"narrow":"E£","symbol":"EGP"},"ERN":{"displayName":{"other":"eritreai nakfa"},"narrow":"ERN","symbol":"ERN"},"ESA":{"displayName":{"other":"spanyol peseta (A–kontó)"},"narrow":"ESA","symbol":"ESA"},"ESB":{"displayName":{"other":"spanyol peseta (konvertibilis kontó)"},"narrow":"ESB","symbol":"ESB"},"ESP":{"displayName":{"other":"spanyol peseta"},"narrow":"₧","symbol":"ESP"},"ETB":{"displayName":{"other":"etiópiai birr"},"narrow":"ETB","symbol":"ETB"},"EUR":{"displayName":{"other":"euró"},"narrow":"€","symbol":"EUR"},"FIM":{"displayName":{"other":"Finn markka"},"narrow":"FIM","symbol":"FIM"},"FJD":{"displayName":{"other":"fidzsi dollár"},"narrow":"$","symbol":"FJD"},"FKP":{"displayName":{"other":"falkland-szigeteki font"},"narrow":"£","symbol":"FKP"},"FRF":{"displayName":{"other":"Francia frank"},"narrow":"FRF","symbol":"FRF"},"GBP":{"displayName":{"other":"angol font"},"narrow":"£","symbol":"GBP"},"GEK":{"displayName":{"other":"Grúz kupon larit"},"narrow":"GEK","symbol":"GEK"},"GEL":{"displayName":{"other":"grúz lari"},"narrow":"₾","symbol":"GEL"},"GHC":{"displayName":{"other":"Ghánai cedi (1979–2007)"},"narrow":"GHC","symbol":"GHC"},"GHS":{"displayName":{"other":"ghánai cedi"},"narrow":"GH₵","symbol":"GHS"},"GIP":{"displayName":{"other":"gibraltári font"},"narrow":"£","symbol":"GIP"},"GMD":{"displayName":{"other":"gambiai dalasi"},"narrow":"GMD","symbol":"GMD"},"GNF":{"displayName":{"other":"guineai frank"},"narrow":"FG","symbol":"GNF"},"GNS":{"displayName":{"other":"Guineai syli"},"narrow":"GNS","symbol":"GNS"},"GQE":{"displayName":{"other":"Egyenlítői-guineai ekwele"},"narrow":"GQE","symbol":"GQE"},"GRD":{"displayName":{"other":"görög drachma"},"narrow":"GRD","symbol":"GRD"},"GTQ":{"displayName":{"other":"guatemalai quetzal"},"narrow":"Q","symbol":"GTQ"},"GWE":{"displayName":{"other":"Portugál guinea escudo"},"narrow":"GWE","symbol":"GWE"},"GWP":{"displayName":{"other":"Guinea-Bissaui peso"},"narrow":"GWP","symbol":"GWP"},"GYD":{"displayName":{"other":"guyanai dollár"},"narrow":"$","symbol":"GYD"},"HKD":{"displayName":{"other":"hongkongi dollár"},"narrow":"$","symbol":"HKD"},"HNL":{"displayName":{"other":"hodurasi lempira"},"narrow":"L","symbol":"HNL"},"HRD":{"displayName":{"other":"horvát dínár"},"narrow":"HRD","symbol":"HRD"},"HRK":{"displayName":{"other":"horvát kuna"},"narrow":"kn","symbol":"HRK"},"HTG":{"displayName":{"other":"haiti gourde"},"narrow":"HTG","symbol":"HTG"},"HUF":{"displayName":{"other":"magyar forint"},"narrow":"Ft","symbol":"Ft"},"IDR":{"displayName":{"other":"indonéz rúpia"},"narrow":"Rp","symbol":"IDR"},"IEP":{"displayName":{"other":"Ír font"},"narrow":"IEP","symbol":"IEP"},"ILP":{"displayName":{"other":"Izraeli font"},"narrow":"ILP","symbol":"ILP"},"ILS":{"displayName":{"other":"izraeli új sékel"},"narrow":"₪","symbol":"ILS"},"INR":{"displayName":{"other":"indiai rúpia"},"narrow":"₹","symbol":"INR"},"IQD":{"displayName":{"other":"iraki dínár"},"narrow":"IQD","symbol":"IQD"},"IRR":{"displayName":{"other":"iráni rial"},"narrow":"IRR","symbol":"IRR"},"ISK":{"displayName":{"other":"izlandi korona"},"narrow":"kr","symbol":"ISK"},"ITL":{"displayName":{"other":"olasz líra"},"narrow":"ITL","symbol":"ITL"},"JMD":{"displayName":{"other":"jamaicai dollár"},"narrow":"$","symbol":"JMD"},"JOD":{"displayName":{"other":"jordániai dínár"},"narrow":"JOD","symbol":"JOD"},"JPY":{"displayName":{"other":"japán jen"},"narrow":"¥","symbol":"¥"},"KES":{"displayName":{"other":"kenyai shilling"},"narrow":"KES","symbol":"KES"},"KGS":{"displayName":{"other":"kirgizisztáni szom"},"narrow":"KGS","symbol":"KGS"},"KHR":{"displayName":{"other":"kambodzsai riel"},"narrow":"៛","symbol":"KHR"},"KMF":{"displayName":{"other":"comorei frank"},"narrow":"CF","symbol":"KMF"},"KPW":{"displayName":{"other":"észak-koreai won"},"narrow":"₩","symbol":"KPW"},"KRW":{"displayName":{"other":"dél-koreai won"},"narrow":"₩","symbol":"KRW"},"KWD":{"displayName":{"other":"kuvaiti dínár"},"narrow":"KWD","symbol":"KWD"},"KYD":{"displayName":{"other":"kajmán-szigeteki dollár"},"narrow":"$","symbol":"KYD"},"KZT":{"displayName":{"other":"kazahsztáni tenge"},"narrow":"₸","symbol":"KZT"},"LAK":{"displayName":{"other":"laoszi kip"},"narrow":"₭","symbol":"LAK"},"LBP":{"displayName":{"other":"libanoni font"},"narrow":"L£","symbol":"LBP"},"LKR":{"displayName":{"other":"Srí Lanka-i rúpia"},"narrow":"Rs","symbol":"LKR"},"LRD":{"displayName":{"other":"libériai dollár"},"narrow":"$","symbol":"LRD"},"LSL":{"displayName":{"other":"lesothoi loti"},"narrow":"LSL","symbol":"LSL"},"LTL":{"displayName":{"other":"litvániai litas"},"narrow":"Lt","symbol":"LTL"},"LTT":{"displayName":{"other":"Litvániai talonas"},"narrow":"LTT","symbol":"LTT"},"LUC":{"displayName":{"other":"luxemburgi konvertibilis frank"},"narrow":"LUC","symbol":"LUC"},"LUF":{"displayName":{"other":"Luxemburgi frank"},"narrow":"LUF","symbol":"LUF"},"LUL":{"displayName":{"other":"luxemburgi pénzügyi frank"},"narrow":"LUL","symbol":"LUL"},"LVL":{"displayName":{"other":"lett lats"},"narrow":"Ls","symbol":"LVL"},"LVR":{"displayName":{"other":"Lett rubel"},"narrow":"LVR","symbol":"LVR"},"LYD":{"displayName":{"other":"líbiai dínár"},"narrow":"LYD","symbol":"LYD"},"MAD":{"displayName":{"other":"marokkói dirham"},"narrow":"MAD","symbol":"MAD"},"MAF":{"displayName":{"other":"Marokkói frank"},"narrow":"MAF","symbol":"MAF"},"MDC":{"displayName":{"other":"moldáv kupon"},"narrow":"MDC","symbol":"MDC"},"MDL":{"displayName":{"other":"moldován lei"},"narrow":"MDL","symbol":"MDL"},"MGA":{"displayName":{"other":"madagaszkári ariary"},"narrow":"Ar","symbol":"MGA"},"MGF":{"displayName":{"other":"Madagaszkári frank"},"narrow":"MGF","symbol":"MGF"},"MKD":{"displayName":{"other":"macedon dínár"},"narrow":"MKD","symbol":"MKD"},"MKN":{"displayName":{"other":"macedón dénár (1992–1993)"},"narrow":"MKN","symbol":"MKN"},"MLF":{"displayName":{"other":"Mali frank"},"narrow":"MLF","symbol":"MLF"},"MMK":{"displayName":{"other":"mianmari kyat"},"narrow":"K","symbol":"MMK"},"MNT":{"displayName":{"other":"mongóliai tugrik"},"narrow":"₮","symbol":"MNT"},"MOP":{"displayName":{"other":"makaói pataca"},"narrow":"MOP","symbol":"MOP"},"MRO":{"displayName":{"other":"mauritániai ouguiya (1973–2017)"},"narrow":"MRO","symbol":"MRO"},"MRU":{"displayName":{"other":"mauritániai ouguiya"},"narrow":"MRU","symbol":"MRU"},"MTL":{"displayName":{"other":"máltai líra"},"narrow":"MTL","symbol":"MTL"},"MTP":{"displayName":{"other":"máltai font"},"narrow":"MTP","symbol":"MTP"},"MUR":{"displayName":{"other":"mauritiusi rúpia"},"narrow":"Rs","symbol":"MUR"},"MVR":{"displayName":{"other":"maldív-szigeteki rufiyaa"},"narrow":"MVR","symbol":"MVR"},"MWK":{"displayName":{"other":"malawi kwacha"},"narrow":"MWK","symbol":"MWK"},"MXN":{"displayName":{"other":"mexikói peso"},"narrow":"$","symbol":"MXN"},"MXP":{"displayName":{"other":"mexikói ezüst peso (1861–1992)"},"narrow":"MXP","symbol":"MXP"},"MXV":{"displayName":{"other":"mexikói befektetési egység (UDI)"},"narrow":"MXV","symbol":"MXV"},"MYR":{"displayName":{"other":"malajziai ringgit"},"narrow":"RM","symbol":"MYR"},"MZE":{"displayName":{"other":"Mozambik escudo"},"narrow":"MZE","symbol":"MZE"},"MZM":{"displayName":{"other":"Mozambik metical"},"narrow":"MZM","symbol":"MZM"},"MZN":{"displayName":{"other":"mozambiki metikális"},"narrow":"MZN","symbol":"MZN"},"NAD":{"displayName":{"other":"namíbiai dollár"},"narrow":"$","symbol":"NAD"},"NGN":{"displayName":{"other":"nigériai naira"},"narrow":"₦","symbol":"NGN"},"NIC":{"displayName":{"other":"nicaraguai córdoba (1988–1911)"},"narrow":"NIC","symbol":"NIC"},"NIO":{"displayName":{"other":"nicaraguai córdoba"},"narrow":"C$","symbol":"NIO"},"NLG":{"displayName":{"other":"Holland forint"},"narrow":"NLG","symbol":"NLG"},"NOK":{"displayName":{"other":"norvég korona"},"narrow":"kr","symbol":"NOK"},"NPR":{"displayName":{"other":"nepáli rúpia"},"narrow":"Rs","symbol":"NPR"},"NZD":{"displayName":{"other":"új-zélandi dollár"},"narrow":"$","symbol":"NZD"},"OMR":{"displayName":{"other":"ománi rial"},"narrow":"OMR","symbol":"OMR"},"PAB":{"displayName":{"other":"panamai balboa"},"narrow":"PAB","symbol":"PAB"},"PEI":{"displayName":{"other":"perui inti"},"narrow":"PEI","symbol":"PEI"},"PEN":{"displayName":{"other":"perui sol"},"narrow":"PEN","symbol":"PEN"},"PES":{"displayName":{"other":"perui sol (1863–1965)"},"narrow":"PES","symbol":"PES"},"PGK":{"displayName":{"other":"pápua új-guineai kina"},"narrow":"PGK","symbol":"PGK"},"PHP":{"displayName":{"other":"fülöp-szigeteki peso"},"narrow":"₱","symbol":"PHP"},"PKR":{"displayName":{"other":"pakisztáni rúpia"},"narrow":"Rs","symbol":"PKR"},"PLN":{"displayName":{"other":"lengyel zloty"},"narrow":"zł","symbol":"PLN"},"PLZ":{"displayName":{"other":"lengyel zloty (PLZ)"},"narrow":"PLZ","symbol":"PLZ"},"PTE":{"displayName":{"other":"portugál escudo"},"narrow":"PTE","symbol":"PTE"},"PYG":{"displayName":{"other":"paraguayi guarani"},"narrow":"₲","symbol":"PYG"},"QAR":{"displayName":{"other":"katari rial"},"narrow":"QAR","symbol":"QAR"},"RHD":{"displayName":{"other":"Rhodéziai dollár"},"narrow":"RHD","symbol":"RHD"},"ROL":{"displayName":{"other":"román lej (1952–2006)"},"narrow":"ROL","symbol":"ROL"},"RON":{"displayName":{"other":"román lej"},"narrow":"lei","symbol":"RON"},"RSD":{"displayName":{"other":"szerb dínár"},"narrow":"RSD","symbol":"RSD"},"RUB":{"displayName":{"other":"orosz rubel"},"narrow":"₽","symbol":"RUB"},"RUR":{"displayName":{"other":"orosz rubel (1991–1998)"},"narrow":"RUR","symbol":"RUR"},"RWF":{"displayName":{"other":"ruandai frank"},"narrow":"RF","symbol":"RWF"},"SAR":{"displayName":{"other":"szaúdi riyal"},"narrow":"SAR","symbol":"SAR"},"SBD":{"displayName":{"other":"salamon-szigeteki dollár"},"narrow":"$","symbol":"SBD"},"SCR":{"displayName":{"other":"seychelle-szigeteki rúpia"},"narrow":"SCR","symbol":"SCR"},"SDD":{"displayName":{"other":"Szudáni dínár (1992–2007)"},"narrow":"SDD","symbol":"SDD"},"SDG":{"displayName":{"other":"szudáni font"},"narrow":"SDG","symbol":"SDG"},"SDP":{"displayName":{"other":"Szudáni font (1957–1998)"},"narrow":"SDP","symbol":"SDP"},"SEK":{"displayName":{"other":"svéd korona"},"narrow":"kr","symbol":"SEK"},"SGD":{"displayName":{"other":"szingapúri dollár"},"narrow":"$","symbol":"SGD"},"SHP":{"displayName":{"other":"Szent Ilona-i font"},"narrow":"£","symbol":"SHP"},"SIT":{"displayName":{"other":"szlovén tolár"},"narrow":"SIT","symbol":"SIT"},"SKK":{"displayName":{"other":"szlovák korona"},"narrow":"SKK","symbol":"SKK"},"SLL":{"displayName":{"other":"Sierra Leone-i leone"},"narrow":"SLL","symbol":"SLL"},"SOS":{"displayName":{"other":"szomáli shilling"},"narrow":"SOS","symbol":"SOS"},"SRD":{"displayName":{"other":"suriname-i dollár"},"narrow":"$","symbol":"SRD"},"SRG":{"displayName":{"other":"Suriname-i gulden"},"narrow":"SRG","symbol":"SRG"},"SSP":{"displayName":{"other":"dél-szudáni font"},"narrow":"£","symbol":"SSP"},"STD":{"displayName":{"other":"São Tomé és Príncipe-i dobra (1977–2017)"},"narrow":"STD","symbol":"STD"},"STN":{"displayName":{"other":"São Tomé és Príncipe-i dobra"},"narrow":"Db","symbol":"STN"},"SUR":{"displayName":{"other":"szovjet rubel"},"narrow":"SUR","symbol":"SUR"},"SVC":{"displayName":{"other":"salvadori colón"},"narrow":"SVC","symbol":"SVC"},"SYP":{"displayName":{"other":"szíriai font"},"narrow":"£","symbol":"SYP"},"SZL":{"displayName":{"other":"szvázi lilangeni"},"narrow":"SZL","symbol":"SZL"},"THB":{"displayName":{"other":"thai baht"},"narrow":"฿","symbol":"THB"},"TJR":{"displayName":{"other":"Tádzsikisztáni rubel"},"narrow":"TJR","symbol":"TJR"},"TJS":{"displayName":{"other":"tádzsikisztáni somoni"},"narrow":"TJS","symbol":"TJS"},"TMM":{"displayName":{"other":"türkmenisztáni manat (1993–2009)"},"narrow":"TMM","symbol":"TMM"},"TMT":{"displayName":{"other":"türkmenisztáni manat"},"narrow":"TMT","symbol":"TMT"},"TND":{"displayName":{"other":"tunéziai dínár"},"narrow":"TND","symbol":"TND"},"TOP":{"displayName":{"other":"tongai paanga"},"narrow":"T$","symbol":"TOP"},"TPE":{"displayName":{"other":"timori escudo"},"narrow":"TPE","symbol":"TPE"},"TRL":{"displayName":{"other":"török líra (1922–2005)"},"narrow":"TRL","symbol":"TRL"},"TRY":{"displayName":{"other":"török líra"},"narrow":"₺","symbol":"TRY"},"TTD":{"displayName":{"other":"Trinidad és Tobago-i dollár"},"narrow":"$","symbol":"TTD"},"TWD":{"displayName":{"other":"tajvani új dollár"},"narrow":"NT$","symbol":"TWD"},"TZS":{"displayName":{"other":"tanzániai shilling"},"narrow":"TZS","symbol":"TZS"},"UAH":{"displayName":{"other":"ukrán hrivnya"},"narrow":"₴","symbol":"UAH"},"UAK":{"displayName":{"other":"ukrán karbovanec"},"narrow":"UAK","symbol":"UAK"},"UGS":{"displayName":{"other":"Ugandai shilling (1966–1987)"},"narrow":"UGS","symbol":"UGS"},"UGX":{"displayName":{"other":"ugandai shilling"},"narrow":"UGX","symbol":"UGX"},"USD":{"displayName":{"other":"USA-dollár"},"narrow":"$","symbol":"USD"},"USN":{"displayName":{"other":"USA-dollár (következő napi)"},"narrow":"USN","symbol":"USN"},"USS":{"displayName":{"other":"USA-dollár (aznapi)"},"narrow":"USS","symbol":"USS"},"UYI":{"displayName":{"other":"Uruguayi peso en unidades indexadas"},"narrow":"UYI","symbol":"UYI"},"UYP":{"displayName":{"other":"Uruguayi peso (1975–1993)"},"narrow":"UYP","symbol":"UYP"},"UYU":{"displayName":{"other":"uruguayi peso"},"narrow":"$","symbol":"UYU"},"UZS":{"displayName":{"other":"üzbegisztáni szum"},"narrow":"UZS","symbol":"UZS"},"VEB":{"displayName":{"other":"Venezuelai bolivar (1871–2008)"},"narrow":"VEB","symbol":"VEB"},"VEF":{"displayName":{"other":"venezuelai bolivar (2008–2018)"},"narrow":"Bs","symbol":"VEF"},"VES":{"displayName":{"other":"venezuelai bolivar"},"narrow":"VES","symbol":"VES"},"VND":{"displayName":{"other":"vietnámi dong"},"narrow":"₫","symbol":"VND"},"VNN":{"displayName":{"other":"vietnámi dong (1978–1985)"},"narrow":"VNN","symbol":"VNN"},"VUV":{"displayName":{"other":"vanuatui vatu"},"narrow":"VUV","symbol":"VUV"},"WST":{"displayName":{"other":"nyugat-szamoai tala"},"narrow":"WST","symbol":"WST"},"XAF":{"displayName":{"other":"CFA frank BEAC"},"narrow":"FCFA","symbol":"FCFA"},"XAG":{"displayName":{"other":"Ezüst"},"narrow":"XAG","symbol":"XAG"},"XAU":{"displayName":{"other":"Arany"},"narrow":"XAU","symbol":"XAU"},"XBA":{"displayName":{"other":"Európai kompozit egység"},"narrow":"XBA","symbol":"XBA"},"XBB":{"displayName":{"other":"Európai monetáris egység"},"narrow":"XBB","symbol":"XBB"},"XBC":{"displayName":{"other":"Európai kontó egység (XBC)"},"narrow":"XBC","symbol":"XBC"},"XBD":{"displayName":{"other":"Európai kontó egység (XBD)"},"narrow":"XBD","symbol":"XBD"},"XCD":{"displayName":{"other":"kelet-karibi dollár"},"narrow":"$","symbol":"XCD"},"XDR":{"displayName":{"other":"Special Drawing Rights"},"narrow":"XDR","symbol":"XDR"},"XEU":{"displayName":{"other":"Európai pénznemegység"},"narrow":"XEU","symbol":"XEU"},"XFO":{"displayName":{"other":"Francia arany frank"},"narrow":"XFO","symbol":"XFO"},"XFU":{"displayName":{"other":"Francia UIC-frank"},"narrow":"XFU","symbol":"XFU"},"XOF":{"displayName":{"other":"CFA frank BCEAO"},"narrow":"F CFA","symbol":"F CFA"},"XPD":{"displayName":{"other":"Palládium"},"narrow":"XPD","symbol":"XPD"},"XPF":{"displayName":{"other":"csendes-óceáni valutaközösségi frank"},"narrow":"CFPF","symbol":"CFPF"},"XPT":{"displayName":{"other":"Platina"},"narrow":"XPT","symbol":"XPT"},"XRE":{"displayName":{"other":"RINET tőke"},"narrow":"XRE","symbol":"XRE"},"XTS":{"displayName":{"other":"Tesztelési pénznemkód"},"narrow":"XTS","symbol":"XTS"},"XXX":{"displayName":{"other":"(ismeretlen pénznem)"},"narrow":"¤","symbol":"¤"},"YDD":{"displayName":{"other":"Jemeni dínár"},"narrow":"YDD","symbol":"YDD"},"YER":{"displayName":{"other":"jemeni rial"},"narrow":"YER","symbol":"YER"},"YUD":{"displayName":{"other":"jugoszláv kemény dinár (1966–1990)"},"narrow":"YUD","symbol":"YUD"},"YUM":{"displayName":{"other":"jugoszláv új dinár (1994–2002)"},"narrow":"YUM","symbol":"YUM"},"YUN":{"displayName":{"other":"jugoszláv konvertibilis dinár (1990–1992)"},"narrow":"YUN","symbol":"YUN"},"YUR":{"displayName":{"other":"jugoszláv reformált dinár (1992–1993)"},"narrow":"YUR","symbol":"YUR"},"ZAL":{"displayName":{"other":"Dél-afrikai rand (pénzügyi)"},"narrow":"ZAL","symbol":"ZAL"},"ZAR":{"displayName":{"other":"dél-afrikai rand"},"narrow":"R","symbol":"ZAR"},"ZMK":{"displayName":{"other":"Zambiai kwacha (1968–2012)"},"narrow":"ZMK","symbol":"ZMK"},"ZMW":{"displayName":{"other":"zambiai kwacha"},"narrow":"ZK","symbol":"ZMW"},"ZRN":{"displayName":{"other":"Zairei új zaire"},"narrow":"ZRN","symbol":"ZRN"},"ZRZ":{"displayName":{"other":"Zairei zaire"},"narrow":"ZRZ","symbol":"ZRZ"},"ZWD":{"displayName":{"other":"Zimbabwei dollár (1980–2008)"},"narrow":"ZWD","symbol":"ZWD"},"ZWL":{"displayName":{"other":"Zimbabwei dollár (2009)"},"narrow":"ZWL","symbol":"ZWL"},"ZWR":{"displayName":{"other":"Zimbabwei dollár (2008)"},"narrow":"ZWR","symbol":"ZWR"}},"nu":["latn"],"numbers":{"currency":{"latn":{"accounting":"#,##0.00 ¤","currencySpacing":{"afterInsertBetween":" ","beforeInsertBetween":" "},"short":{"1000":{"other":"0 E ¤"},"10000":{"other":"00 E ¤"},"100000":{"other":"000 E ¤"},"1000000":{"other":"0 M ¤"},"10000000":{"other":"00 M ¤"},"100000000":{"other":"000 M ¤"},"1000000000":{"other":"0 Mrd ¤"},"10000000000":{"other":"00 Mrd ¤"},"100000000000":{"other":"000 Mrd ¤"},"1000000000000":{"other":"0 B ¤"},"10000000000000":{"other":"00 B ¤"},"100000000000000":{"other":"000 B ¤"}},"standard":"#,##0.00 ¤","unitPattern":"{0} {1}"}},"decimal":{"latn":{"long":{"1000":{"other":"0 ezer"},"10000":{"other":"00 ezer"},"100000":{"other":"000 ezer"},"1000000":{"other":"0 millió"},"10000000":{"other":"00 millió"},"100000000":{"other":"000 millió"},"1000000000":{"other":"0 milliárd"},"10000000000":{"other":"00 milliárd"},"100000000000":{"other":"000 milliárd"},"1000000000000":{"other":"0 billió"},"10000000000000":{"other":"00 billió"},"100000000000000":{"other":"000 billió"}},"short":{"1000":{"other":"0 E"},"10000":{"other":"00 E"},"100000":{"other":"000 E"},"1000000":{"other":"0 M"},"10000000":{"other":"00 M"},"100000000":{"other":"000 M"},"1000000000":{"other":"0 Mrd"},"10000000000":{"other":"00 Mrd"},"100000000000":{"other":"000 Mrd"},"1000000000000":{"other":"0 B"},"10000000000000":{"other":"00 B"},"100000000000000":{"other":"000 B"}},"standard":"#,##0.###"}},"nu":["latn"],"percent":{"latn":"#,##0%"},"symbols":{"latn":{"approximatelySign":"~","decimal":",","exponential":"E","group":" ","infinity":"∞","list":";","minusSign":"-","nan":"NaN","perMille":"‰","percentSign":"%","plusSign":"+","rangeSign":"–","superscriptingExponent":"×","timeSeparator":":"}}},"units":{"compound":{"per":{"long":"{0} per {1}","narrow":"{0}/{1}","short":"{0}/{1}"}},"simple":{"acre":{"long":{"other":"{0} hold"},"narrow":{"other":"{0} ac"},"perUnit":{},"short":{"other":"{0} kh"}},"bit":{"long":{"other":"{0} bit"},"narrow":{"other":"{0} bit"},"perUnit":{},"short":{"other":"{0} bit"}},"byte":{"long":{"other":"{0} bájt"},"narrow":{"other":"{0} B"},"perUnit":{},"short":{"other":"{0} bájt"}},"celsius":{"long":{"other":"{0} Celsius-fok"},"narrow":{"other":"{0} °C"},"perUnit":{},"short":{"other":"{0} °C"}},"centimeter":{"long":{"other":"{0} centiméter"},"narrow":{"other":"{0} cm"},"perUnit":{"long":"{0}/centimeter","narrow":"{0}/cm","short":"{0}/cm"},"short":{"other":"{0} cm"}},"day":{"long":{"other":"{0} nap"},"narrow":{"other":"{0} nap"},"perUnit":{"long":"{0}/nap","narrow":"{0}/nap","short":"{0}/nap"},"short":{"other":"{0} nap"}},"degree":{"long":{"other":"{0} fok"},"narrow":{"other":"{0}°"},"perUnit":{},"short":{"other":"{0} fok"}},"fahrenheit":{"long":{"other":"{0} Fahrenheit-fok"},"narrow":{"other":"{0} °F"},"perUnit":{},"short":{"other":"{0} °F"}},"fluid-ounce":{"long":{"other":"{0} folyadékuncia"},"narrow":{"other":"{0} fl oz"},"perUnit":{},"short":{"other":"{0} fl oz"}},"foot":{"long":{"other":"{0} láb"},"narrow":{"other":"{0} láb"},"perUnit":{"long":"{0}/láb","narrow":"{0}/láb","short":"{0}/láb"},"short":{"other":"{0} láb"}},"gallon":{"long":{"other":"{0} gallon"},"narrow":{"other":"{0} gal"},"perUnit":{"long":"{0}/gallon","narrow":"{0}/gal","short":"{0}/gal"},"short":{"other":"{0} gal"}},"gigabit":{"long":{"other":"{0} gigabit"},"narrow":{"other":"{0} Gb"},"perUnit":{},"short":{"other":"{0} Gb"}},"gigabyte":{"long":{"other":"{0} gigabájt"},"narrow":{"other":"{0} GB"},"perUnit":{},"short":{"other":"{0} GB"}},"gram":{"long":{"other":"{0} gramm"},"narrow":{"other":"{0} g"},"perUnit":{"long":"{0}/gramm","narrow":"{0}/g","short":"{0}/g"},"short":{"other":"{0} g"}},"hectare":{"long":{"other":"{0} hektár"},"narrow":{"other":"{0} ha"},"perUnit":{},"short":{"other":"{0} ha"}},"hour":{"long":{"other":"{0} óra"},"narrow":{"other":"{0} ó"},"perUnit":{"long":"{0}/óra","narrow":"{0}/ó","short":"{0}/ó"},"short":{"other":"{0} ó"}},"inch":{"long":{"other":"{0} hüvelyk"},"narrow":{"other":"{0} hüvelyk"},"perUnit":{"long":"{0}/hüvelyk","narrow":"{0}/in","short":"{0}/in"},"short":{"other":"{0} hüvelyk"}},"kilobit":{"long":{"other":"{0} kilobit"},"narrow":{"other":"{0} kb"},"perUnit":{},"short":{"other":"{0} kb"}},"kilobyte":{"long":{"other":"{0} kilobájt"},"narrow":{"other":"{0} kB"},"perUnit":{},"short":{"other":"{0} kB"}},"kilogram":{"long":{"other":"{0} kilogramm"},"narrow":{"other":"{0} kg"},"perUnit":{"long":"{0}/kilogramm","narrow":"{0}/kg","short":"{0}/kg"},"short":{"other":"{0} kg"}},"kilometer":{"long":{"other":"{0} kilométer"},"narrow":{"other":"{0} km"},"perUnit":{"long":"{0}/kilométer","narrow":"{0}/km","short":"{0}/km"},"short":{"other":"{0} km"}},"kilometer-per-hour":{"long":{"other":"{0} kilométer per óra"},"narrow":{"other":"{0} km/h"},"perUnit":{},"short":{"other":"{0} km/h"}},"liter":{"long":{"other":"{0} liter"},"narrow":{"other":"{0} l"},"perUnit":{"long":"{0}/liter","narrow":"{0}/l","short":"{0}/l"},"short":{"other":"{0} l"}},"liter-per-kilometer":{"long":{"other":"{0} liter per kilométer"},"narrow":{"other":"{0} l/km"},"perUnit":{},"short":{"other":"{0} l/km"}},"megabit":{"long":{"other":"{0} megabit"},"narrow":{"other":"{0} Mb"},"perUnit":{},"short":{"other":"{0} Mb"}},"megabyte":{"long":{"other":"{0} megabájt"},"narrow":{"other":"{0} MB"},"perUnit":{},"short":{"other":"{0} MB"}},"meter":{"long":{"other":"{0} méter"},"narrow":{"other":"{0} m"},"perUnit":{"long":"{0}/méter","narrow":"{0}/m","short":"{0}/m"},"short":{"other":"{0} m"}},"meter-per-second":{"long":{"other":"{0} méter per másodperc"},"narrow":{"other":"{0} m/s"},"perUnit":{},"short":{"other":"{0} m/s"}},"mile":{"long":{"other":"{0} mérföld"},"narrow":{"other":"{0} mf"},"perUnit":{},"short":{"other":"{0} mf"}},"mile-per-gallon":{"long":{"other":"{0} mérföld per gallon"},"narrow":{"other":"{0} mpg"},"perUnit":{},"short":{"other":"{0} mpg"}},"mile-per-hour":{"long":{"other":"{0} mérföld per óra"},"narrow":{"other":"{0} mph"},"perUnit":{},"short":{"other":"{0} mph"}},"mile-scandinavian":{"long":{"other":"{0} svéd mérföld"},"narrow":{"other":"{0} mil"},"perUnit":{},"short":{"other":"{0} mil"}},"milliliter":{"long":{"other":"{0} milliliter"},"narrow":{"other":"{0} ml"},"perUnit":{},"short":{"other":"{0} ml"}},"millimeter":{"long":{"other":"{0} milliméter"},"narrow":{"other":"{0} mm"},"perUnit":{},"short":{"other":"{0} mm"}},"millisecond":{"long":{"other":"{0} ezredmásodperc"},"narrow":{"other":"{0} ms"},"perUnit":{},"short":{"other":"{0} ms"}},"minute":{"long":{"other":"{0} perc"},"narrow":{"other":"{0} p"},"perUnit":{"long":"{0}/perc","narrow":"{0}/p","short":"{0}/p"},"short":{"other":"{0} p"}},"month":{"long":{"other":"{0} hónap"},"narrow":{"other":"{0} h."},"perUnit":{"long":"{0}/hónap","narrow":"{0}/hó","short":"{0}/hó"},"short":{"other":"{0} hónap"}},"ounce":{"long":{"other":"{0} uncia"},"narrow":{"one":"{0} oz","other":"{0} uncia"},"perUnit":{"long":"{0}/uncia","narrow":"{0}/oz","short":"{0}/oz"},"short":{"other":"{0} oz"}},"percent":{"long":{"other":"{0} százalék"},"narrow":{"other":"{0}%"},"perUnit":{},"short":{"other":"{0}%"}},"petabyte":{"long":{"other":"{0} petabájt"},"narrow":{"other":"{0} PB"},"perUnit":{},"short":{"other":"{0} PB"}},"pound":{"long":{"other":"{0} font"},"narrow":{"one":"{0} lb","other":"{0} font"},"perUnit":{"long":"{0}/font","narrow":"{0}/lb","short":"{0}/lb"},"short":{"other":"{0} lb"}},"second":{"long":{"other":"{0} másodperc"},"narrow":{"other":"{0} mp"},"perUnit":{"long":"{0}/másodperc","narrow":"{0}/mp","short":"{0}/mp"},"short":{"other":"{0} mp"}},"stone":{"long":{"other":"{0} stone"},"narrow":{"other":"{0} st"},"perUnit":{},"short":{"other":"{0} st"}},"terabit":{"long":{"other":"{0} terabit"},"narrow":{"other":"{0} Tb"},"perUnit":{},"short":{"other":"{0} Tb"}},"terabyte":{"long":{"other":"{0} terabájt"},"narrow":{"other":"{0} TB"},"perUnit":{},"short":{"other":"{0} TB"}},"week":{"long":{"other":"{0} hét"},"narrow":{"other":"{0} hét"},"perUnit":{"long":"{0}/hét","narrow":"{0}/hét","short":"{0}/hét"},"short":{"other":"{0} hét"}},"yard":{"long":{"other":"{0} yard"},"narrow":{"other":"{0} yd"},"perUnit":{},"short":{"other":"{0} yd"}},"year":{"long":{"other":"{0} év"},"narrow":{"other":"{0} év"},"perUnit":{"long":"{0}/év","narrow":"{0}/év","short":"{0}/év"},"short":{"other":"{0} év"}}}}},"locale":"hu"}