{"data":{"currencies":{"AED":{"displayName":{"other":"ԱՄԷ դիրհամ"},"narrow":"AED","symbol":"AED"},"AFN":{"displayName":{"other":"աֆղանական աֆղանի"},"narrow":"؋","symbol":"AFN"},"ALL":{"displayName":{"other":"ալբանական լեկ"},"narrow":"ALL","symbol":"ALL"},"AMD":{"displayName":{"other":"հայկական դրամ"},"narrow":"֏","symbol":"֏"},"ANG":{"displayName":{"other":"նիդեռլանդական անտիլյան գուլդեն"},"narrow":"ANG","symbol":"ANG"},"AOA":{"displayName":{"other":"անգոլական կվանզա"},"narrow":"Kz","symbol":"AOA"},"ARS":{"displayName":{"other":"արգենտինական պեսո"},"narrow":"$","symbol":"ARS"},"AUD":{"displayName":{"other":"ավստրալիական դոլար"},"narrow":"$","symbol":"A$"},"AWG":{"displayName":{"other":"արուբական ֆլորին"},"narrow":"AWG","symbol":"AWG"},"AZN":{"displayName":{"other":"ադրբեջանական մանաթ"},"narrow":"₼","symbol":"AZN"},"BAM":{"displayName":{"other":"Բոսնիա և Հերցեգովինայի փոխարկվող մարկ"},"narrow":"KM","symbol":"BAM"},"BBD":{"displayName":{"other":"բարբադոսյան դոլար"},"narrow":"$","symbol":"BBD"},"BDT":{"displayName":{"other":"Բանգլադեշի տակա"},"narrow":"৳","symbol":"BDT"},"BGN":{"displayName":{"other":"բուլղարական լև"},"narrow":"BGN","symbol":"BGN"},"BHD":{"displayName":{"other":"Բահրեյնի դինար"},"narrow":"BHD","symbol":"BHD"},"BIF":{"displayName":{"other":"բուրունդիական ֆրանկ"},"narrow":"BIF","symbol":"BIF"},"BMD":{"displayName":{"other":"բերմուդյան դոլար"},"narrow":"$","symbol":"BMD"},"BND":{"displayName":{"other":"Բրունեյի դոլար"},"narrow":"$","symbol":"BND"},"BOB":{"displayName":{"other":"բոլիվիական բոլիվիանո"},"narrow":"Bs","symbol":"BOB"},"BRL":{"displayName":{"other":"բրազիլական ռեալ"},"narrow":"R$","symbol":"R$"},"BSD":{"displayName":{"other":"բահամյան դոլար"},"narrow":"$","symbol":"BSD"},"BTN":{"displayName":{"other":"բութանական նգուլտրում"},"narrow":"BTN","symbol":"BTN"},"BWP":{"displayName":{"other":"բոթսվանական պուլա"},"narrow":"P","symbol":"BWP"},"BYN":{"displayName":{"other":"բելառուսական ռուբլի"},"narrow":"р.","symbol":"BYN"},"BYR":{"displayName":{"other":"բելառուսական ռուբլի (2000–2016)"},"narrow":"BYR","symbol":"BYR"},"BZD":{"displayName":{"other":"Բելիզի դոլար"},"narrow":"$","symbol":"BZD"},"CAD":{"displayName":{"other":"կանադական դոլար"},"narrow":"$","symbol":"CA$"},"CDF":{"displayName":{"other":"Կոնգոյի ֆրանկ"},"narrow":"CDF","symbol":"CDF"},"CHF":{"displayName":{"other":"շվեյցարական ֆրանկ"},"narrow":"CHF","symbol":"CHF"},"CLP":{"displayName":{"other":"չիլիական պեսո"},"narrow":"$","symbol":"CLP"},"CNH":{"displayName":{"other":"չինական օֆշորային յուան"},"narrow":"CNH","symbol":"CNH"},"CNY":{"displayName":{"other":"չինական յուան"},"narrow":"¥","symbol":"CN¥"},"COP":{"displayName":{"other":"կոլումբիական պեսո"},"narrow":"$","symbol":"COP"},"CRC":{"displayName":{"other":"Կոստա Ռիկայի կոլոն"},"narrow":"₡","symbol":"CRC"},"CUC":{"displayName":{"other":"կուբայական փոխարկվող պեսո"},"narrow":"$","symbol":"CUC"},"CUP":{"displayName":{"other":"կուբայական պեսո"},"narrow":"$","symbol":"CUP"},"CVE":{"displayName":{"other":"Կաբո Վերդեի էսկուդո"},"narrow":"CVE","symbol":"CVE"},"CZK":{"displayName":{"other":"չեխական կրոն"},"narrow":"Kč","symbol":"CZK"},"DJF":{"displayName":{"other":"Ջիբութիի ֆրանկ"},"narrow":"DJF","symbol":"DJF"},"DKK":{"displayName":{"other":"դանիական կրոն"},"narrow":"kr","symbol":"DKK"},"DOP":{"displayName":{"other":"դոմինիկյան պեսո"},"narrow":"$","symbol":"DOP"},"DZD":{"displayName":{"other":"ալժիրական դինար"},"narrow":"DZD","symbol":"DZD"},"EGP":{"displayName":{"other":"եգիպտական ֆունտ"},"narrow":"E£","symbol":"EGP"},"ERN":{"displayName":{"other":"էրիթրեական նակֆա"},"narrow":"ERN","symbol":"ERN"},"ESP":{"displayName":{},"narrow":"₧","symbol":"ESP"},"ETB":{"displayName":{"other":"եթովպիական բիր"},"narrow":"ETB","symbol":"ETB"},"EUR":{"displayName":{"other":"եվրո"},"narrow":"€","symbol":"€"},"FJD":{"displayName":{"other":"ֆիջիական դոլար"},"narrow":"$","symbol":"FJD"},"FKP":{"displayName":{"other":"Ֆոլքլենդյան կղզիների ֆունտ"},"narrow":"£","symbol":"FKP"},"GBP":{"displayName":{"other":"բրիտանական ֆունտ ստերլինգ"},"narrow":"£","symbol":"£"},"GEL":{"displayName":{"other":"վրացական լարի"},"narrow":"₾","symbol":"GEL"},"GHS":{"displayName":{"other":"գանայական սեդի"},"narrow":"GH₵","symbol":"GHS"},"GIP":{"displayName":{"other":"Ջիբրալթարի ֆունտ"},"narrow":"£","symbol":"GIP"},"GMD":{"displayName":{"other":"գամբիական դալասի"},"narrow":"GMD","symbol":"GMD"},"GNF":{"displayName":{"other":"գվինեական ֆրանկ"},"narrow":"FG","symbol":"GNF"},"GTQ":{"displayName":{"other":"գվատեմալական կետսալ"},"narrow":"Q","symbol":"GTQ"},"GYD":{"displayName":{"other":"գայանական դոլար"},"narrow":"$","symbol":"GYD"},"HKD":{"displayName":{"other":"Հոնկոնգի դոլար"},"narrow":"$","symbol":"HK$"},"HNL":{"displayName":{"other":"հոնդուրասական լեմպիրա"},"narrow":"L","symbol":"HNL"},"HRK":{"displayName":{"other":"խորվաթական կունա"},"narrow":"kn","symbol":"HRK"},"HTG":{"displayName":{"other":"հայիթյան գուրդ"},"narrow":"HTG","symbol":"HTG"},"HUF":{"displayName":{"other":"հունգարական ֆորինտ"},"narrow":"Ft","symbol":"HUF"},"IDR":{"displayName":{"other":"ինդոնեզիական ռուփի"},"narrow":"Rp","symbol":"IDR"},"ILS":{"displayName":{"other":"Իսրայելի նոր շեկել"},"narrow":"₪","symbol":"₪"},"INR":{"displayName":{"other":"հնդկական ռուփի"},"narrow":"₹","symbol":"₹"},"IQD":{"displayName":{"other":"իրաքյան դինար"},"narrow":"IQD","symbol":"IQD"},"IRR":{"displayName":{"other":"իրանական ռիալ"},"narrow":"IRR","symbol":"IRR"},"ISK":{"displayName":{"other":"իսլանդական կրոն"},"narrow":"kr","symbol":"ISK"},"JMD":{"displayName":{"other":"Ճամայկայի դոլար"},"narrow":"$","symbol":"JMD"},"JOD":{"displayName":{"other":"հորդանանյան դինար"},"narrow":"JOD","symbol":"JOD"},"JPY":{"displayName":{"other":"ճապոնական իեն"},"narrow":"¥","symbol":"JP¥"},"KES":{"displayName":{"other":"քենիական շիլինգ"},"narrow":"KES","symbol":"KES"},"KGS":{"displayName":{"other":"ղրղզական սոմ"},"narrow":"KGS","symbol":"KGS"},"KHR":{"displayName":{"other":"կամբոջական ռիել"},"narrow":"៛","symbol":"KHR"},"KMF":{"displayName":{"other":"կոմորյան ֆրանկ"},"narrow":"CF","symbol":"KMF"},"KPW":{"displayName":{"other":"հյուսիսկորեական վոն"},"narrow":"₩","symbol":"KPW"},"KRW":{"displayName":{"other":"հարավկորեական վոն"},"narrow":"₩","symbol":"₩"},"KWD":{"displayName":{"other":"Քուվեյթի դինար"},"narrow":"KWD","symbol":"KWD"},"KYD":{"displayName":{"other":"Կայմանյան կղզիների դոլար"},"narrow":"$","symbol":"KYD"},"KZT":{"displayName":{"other":"ղազախական տենգե"},"narrow":"₸","symbol":"KZT"},"LAK":{"displayName":{"other":"լաոսական կիպ"},"narrow":"₭","symbol":"LAK"},"LBP":{"displayName":{"other":"լիբանանյան ֆունտ"},"narrow":"L£","symbol":"LBP"},"LKR":{"displayName":{"other":"Շրի Լանկայի ռուփի"},"narrow":"Rs","symbol":"LKR"},"LRD":{"displayName":{"other":"լիբերիական դոլար"},"narrow":"$","symbol":"LRD"},"LSL":{"displayName":{"other":"լեսոթոյական լոտի"},"narrow":"LSL","symbol":"LSL"},"LTL":{"displayName":{"other":"Լիտվական լիտ"},"narrow":"Lt","symbol":"LTL"},"LVL":{"displayName":{"other":"Լատվիական լատ"},"narrow":"Ls","symbol":"LVL"},"LYD":{"displayName":{"other":"լիբիական դինար"},"narrow":"LYD","symbol":"LYD"},"MAD":{"displayName":{"other":"Մարոկկոյի դիրհամ"},"narrow":"MAD","symbol":"MAD"},"MDL":{"displayName":{"other":"մոլդովական լեյ"},"narrow":"MDL","symbol":"MDL"},"MGA":{"displayName":{"other":"Մադագասկարի արիարի"},"narrow":"Ar","symbol":"MGA"},"MKD":{"displayName":{"other":"մակեդոնական դենար"},"narrow":"MKD","symbol":"MKD"},"MMK":{"displayName":{"other":"Մյանմայի կյատ"},"narrow":"K","symbol":"MMK"},"MNT":{"displayName":{"other":"մոնղոլական տուգրիկ"},"narrow":"₮","symbol":"MNT"},"MOP":{"displayName":{"other":"Մակաոյի պատակա"},"narrow":"MOP","symbol":"MOP"},"MRO":{"displayName":{"other":"մավրիտանական ուգիյա (1973–2017)"},"narrow":"MRO","symbol":"MRO"},"MRU":{"displayName":{"other":"մավրիտանական ուգիյա"},"narrow":"MRU","symbol":"MRU"},"MUR":{"displayName":{"other":"մավրիկյան ռուփի"},"narrow":"Rs","symbol":"MUR"},"MVR":{"displayName":{"other":"մալդիվյան ռուֆիյա"},"narrow":"MVR","symbol":"MVR"},"MWK":{"displayName":{"other":"մալավիական կվաչա"},"narrow":"MWK","symbol":"MWK"},"MXN":{"displayName":{"other":"մեքսիկական պեսո"},"narrow":"$","symbol":"MX$"},"MYR":{"displayName":{"other":"մալայզիական ռինգիտ"},"narrow":"RM","symbol":"MYR"},"MZN":{"displayName":{"other":"մոզամբիկյան մետիկալ"},"narrow":"MZN","symbol":"MZN"},"NAD":{"displayName":{"other":"նամիբիական դոլար"},"narrow":"$","symbol":"NAD"},"NGN":{"displayName":{"other":"նիգերիական նայրա"},"narrow":"₦","symbol":"NGN"},"NIO":{"displayName":{"other":"նիկարագուական կորդոբա"},"narrow":"C$","symbol":"NIO"},"NOK":{"displayName":{"other":"նորվեգական կրոն"},"narrow":"kr","symbol":"NOK"},"NPR":{"displayName":{"other":"Նեպալի ռուփի"},"narrow":"Rs","symbol":"NPR"},"NZD":{"displayName":{"other":"նորզելանդական դոլար"},"narrow":"$","symbol":"NZ$"},"OMR":{"displayName":{"other":"Օմանի ռիալ"},"narrow":"OMR","symbol":"OMR"},"PAB":{"displayName":{"other":"պանամական բալբոա"},"narrow":"PAB","symbol":"PAB"},"PEN":{"displayName":{"other":"Պերուի սոլ"},"narrow":"PEN","symbol":"PEN"},"PGK":{"displayName":{"other":"Պապուա Նոր Գվինեայի կինա"},"narrow":"PGK","symbol":"PGK"},"PHP":{"displayName":{"other":"ֆիլիպինյան պեսո"},"narrow":"₱","symbol":"PHP"},"PKR":{"displayName":{"other":"պակիստանյան ռուփի"},"narrow":"Rs","symbol":"PKR"},"PLN":{"displayName":{"other":"լեհական զլոտի"},"narrow":"zł","symbol":"PLN"},"PYG":{"displayName":{"other":"պարագվայական գուարանի"},"narrow":"₲","symbol":"PYG"},"QAR":{"displayName":{"other":"Կատարի ռիալ"},"narrow":"QAR","symbol":"QAR"},"RON":{"displayName":{"other":"ռումինական լեյ"},"narrow":"lei","symbol":"RON"},"RSD":{"displayName":{"other":"սերբական դինար"},"narrow":"RSD","symbol":"RSD"},"RUB":{"displayName":{"other":"ռուսական ռուբլի"},"narrow":"₽","symbol":"RUB"},"RWF":{"displayName":{"other":"ռուանդական ֆրանկ"},"narrow":"RF","symbol":"RWF"},"SAR":{"displayName":{"other":"Սաուդյան Արաբիայի ռիալ"},"narrow":"SAR","symbol":"SAR"},"SBD":{"displayName":{"other":"Սողոմոնյան կղզիների դոլար"},"narrow":"$","symbol":"SBD"},"SCR":{"displayName":{"other":"սեյշելյան ռուփի"},"narrow":"SCR","symbol":"SCR"},"SDG":{"displayName":{"other":"սուդանական ֆունտ"},"narrow":"SDG","symbol":"SDG"},"SEK":{"displayName":{"other":"շվեդական կրոն"},"narrow":"kr","symbol":"SEK"},"SGD":{"displayName":{"other":"Սինգապուրի դոլար"},"narrow":"$","symbol":"SGD"},"SHP":{"displayName":{"other":"Սուրբ Հեղինեի ֆունտ"},"narrow":"£","symbol":"SHP"},"SLL":{"displayName":{"other":"Սիեռա Լեոնեի լեոնե"},"narrow":"SLL","symbol":"SLL"},"SOS":{"displayName":{"other":"սոմալիական շիլինգ"},"narrow":"SOS","symbol":"SOS"},"SRD":{"displayName":{"other":"սուրինամական դոլար"},"narrow":"$","symbol":"SRD"},"SSP":{"displayName":{"other":"հարավսուդանական ֆունտ"},"narrow":"£","symbol":"SSP"},"STD":{"displayName":{"other":"Սան Տոմե և Փրինսիպիի դոբրա (1977–2017)"},"narrow":"STD","symbol":"STD"},"STN":{"displayName":{"other":"Սան Տոմե և Փրինսիպիի դոբրա"},"narrow":"Db","symbol":"STN"},"SYP":{"displayName":{"other":"սիրիական ֆունտ"},"narrow":"£","symbol":"SYP"},"SZL":{"displayName":{"other":"սվազիլենդական լիլանգենի"},"narrow":"SZL","symbol":"SZL"},"THB":{"displayName":{"other":"թայլանդական բատ"},"narrow":"฿","symbol":"฿"},"TJS":{"displayName":{"other":"տաջիկական սոմոնի"},"narrow":"TJS","symbol":"TJS"},"TMT":{"displayName":{"other":"թուրքմենական մանաթ"},"narrow":"TMT","symbol":"TMT"},"TND":{"displayName":{"other":"թունիսյան դինար"},"narrow":"TND","symbol":"TND"},"TOP":{"displayName":{"other":"Տոնգայի պաանգա"},"narrow":"T$","symbol":"TOP"},"TRY":{"displayName":{"other":"թուրքական լիրա"},"narrow":"₺","symbol":"TRY"},"TTD":{"displayName":{"other":"Տրինիդադ և Տոբագոյի դոլար"},"narrow":"$","symbol":"TTD"},"TWD":{"displayName":{"other":"թայվանական նոր դոլար"},"narrow":"NT$","symbol":"NT$"},"TZS":{"displayName":{"other":"տանզանիական շիլինգ"},"narrow":"TZS","symbol":"TZS"},"UAH":{"displayName":{"other":"ուկրաինական գրիվնա"},"narrow":"₴","symbol":"UAH"},"UGX":{"displayName":{"other":"ուգանդական շիլինգ"},"narrow":"UGX","symbol":"UGX"},"USD":{"displayName":{"other":"ԱՄՆ դոլար"},"narrow":"$","symbol":"$"},"UYU":{"displayName":{"other":"ուրուգվայական պեսո"},"narrow":"$","symbol":"UYU"},"UZS":{"displayName":{"other":"ուզբեկական սոմ"},"narrow":"UZS","symbol":"UZS"},"VEF":{"displayName":{"other":"վենեսուելական բոլիվար (2008–2018)"},"narrow":"Bs","symbol":"VEF"},"VES":{"displayName":{"other":"վենեսուելական բոլիվար"},"narrow":"VES","symbol":"VES"},"VND":{"displayName":{"other":"վիետնամական դոնգ"},"narrow":"₫","symbol":"₫"},"VUV":{"displayName":{"other":"Վանուատուի վատու"},"narrow":"VUV","symbol":"VUV"},"WST":{"displayName":{"other":"սամոական տալա"},"narrow":"WST","symbol":"WST"},"XAF":{"displayName":{"other":"Կենտրոնական Աֆրիկայի ԿՖԱ ֆրանկ"},"narrow":"FCFA","symbol":"FCFA"},"XCD":{"displayName":{"other":"արևելակարիբյան դոլար"},"narrow":"$","symbol":"EC$"},"XOF":{"displayName":{"other":"Արևմտյան Աֆրիկայի ԿՖԱ ֆրանկ"},"narrow":"F CFA","symbol":"F CFA"},"XPF":{"displayName":{"other":"ԿՊՖ ֆրանկ"},"narrow":"CFPF","symbol":"CFPF"},"XXX":{"displayName":{"other":"(անհայտ արժույթ)"},"narrow":"¤","symbol":"¤"},"YER":{"displayName":{"other":"եմենական ռիալ"},"narrow":"YER","symbol":"YER"},"ZAR":{"displayName":{"other":"հարավաֆրիկյան ռանդ"},"narrow":"R","symbol":"ZAR"},"ZMK":{"displayName":{"other":"Զամբիական կվաչա (1968–2012)"},"narrow":"ZMK","symbol":"ZMK"},"ZMW":{"displayName":{"other":"զամբիական կվաչա"},"narrow":"ZK","symbol":"ZMW"}},"nu":["latn"],"numbers":{"currency":{"latn":{"accounting":"#,##0.00 ¤","currencySpacing":{"afterInsertBetween":" ","beforeInsertBetween":" "},"short":{"1000":{"other":"0 հզր ¤"},"10000":{"other":"00 հզր ¤"},"100000":{"other":"000 հզր ¤"},"1000000":{"other":"0 մլն ¤"},"10000000":{"other":"00 մլն ¤"},"100000000":{"other":"000 մլն ¤"},"1000000000":{"other":"0 մլրդ ¤"},"10000000000":{"other":"00 մլրդ ¤"},"100000000000":{"other":"000 մլրդ ¤"},"1000000000000":{"other":"0 տրլն ¤"},"10000000000000":{"other":"00 տրլն ¤"},"100000000000000":{"other":"000 տրլն ¤"}},"standard":"#,##0.00 ¤","unitPattern":"{0} {1}"}},"decimal":{"latn":{"long":{"1000":{"other":"0 հազար"},"10000":{"other":"00 հազար"},"100000":{"other":"000 հազար"},"1000000":{"other":"0 միլիոն"},"10000000":{"other":"00 միլիոն"},"100000000":{"other":"000 միլիոն"},"1000000000":{"other":"0 միլիարդ"},"10000000000":{"other":"00 միլիարդ"},"100000000000":{"other":"000 միլիարդ"},"1000000000000":{"other":"0 տրիլիոն"},"10000000000000":{"other":"00 տրիլիոն"},"100000000000000":{"other":"000 տրիլիոն"}},"short":{"1000":{"other":"0 հզր"},"10000":{"other":"00 հզր"},"100000":{"other":"000 հզր"},"1000000":{"other":"0 մլն"},"10000000":{"other":"00 մլն"},"100000000":{"other":"000 մլն"},"1000000000":{"other":"0 մլրդ"},"10000000000":{"other":"00 մլրդ"},"100000000000":{"other":"000 մլրդ"},"1000000000000":{"other":"0 տրլն"},"10000000000000":{"other":"00 տրլն"},"100000000000000":{"other":"000 տրլն"}},"standard":"#,##0.###"}},"nu":["latn"],"percent":{"latn":"#,##0%"},"symbols":{"latn":{"approximatelySign":"~","decimal":",","exponential":"E","group":" ","infinity":"∞","list":";","minusSign":"-","nan":"ՈչԹ","perMille":"‰","percentSign":"%","plusSign":"+","rangeSign":"–","superscriptingExponent":"×","timeSeparator":":"}}},"units":{"compound":{"per":{"long":"{0}/{1}","narrow":"{0}/{1}","short":"{0}/{1}"}},"simple":{"acre":{"long":{"other":"{0} ակր"},"narrow":{"other":"{0}ակր"},"perUnit":{},"short":{"other":"{0} ակր"}},"bit":{"long":{"other":"{0} բիթ"},"narrow":{"other":"{0} բիթ"},"perUnit":{},"short":{"other":"{0} բիթ"}},"byte":{"long":{"other":"{0} բայթ"},"narrow":{"other":"{0} Բ"},"perUnit":{},"short":{"one":"{0} Բայթ","other":"{0} Բ"}},"celsius":{"long":{"other":"{0} աստիճան ըստ Ցելսիուսի"},"narrow":{"other":"{0} °C"},"perUnit":{},"short":{"other":"{0} °C"}},"centimeter":{"long":{"other":"{0} սանտիմետր"},"narrow":{"other":"{0} սմ"},"perUnit":{"long":"{0} սանտիմետրի վրա","narrow":"{0}/սմ","short":"{0}/սմ"},"short":{"other":"{0} սմ"}},"day":{"long":{"other":"{0} օր"},"narrow":{"other":"{0} օ"},"perUnit":{"long":"օրական {0}","narrow":"{0}/օր","short":"{0}/օր"},"short":{"other":"{0} օր"}},"degree":{"long":{"other":"{0} աստիճան"},"narrow":{"other":"{0}°"},"perUnit":{},"short":{"other":"{0}°"}},"fahrenheit":{"long":{"other":"{0} աստիճան ըստ Ֆարենհայթի"},"narrow":{"other":"{0}°F"},"perUnit":{},"short":{"other":"{0}°F"}},"fluid-ounce":{"long":{"other":"{0} հեղուկ ունկի"},"narrow":{"other":"{0} հղ. ունկ․"},"perUnit":{},"short":{"other":"{0} հղ. ունկ․"}},"foot":{"long":{"other":"{0} ֆուտ"},"narrow":{"other":"{0}′"},"perUnit":{"long":"{0} ֆուտի վրա","narrow":"{0}/ֆտ","short":"{0}/ֆտ"},"short":{"other":"{0} ֆտ"}},"gallon":{"long":{"other":"{0} գալոն"},"narrow":{"other":"{0} գալ"},"perUnit":{"long":"{0} գալոնի վրա","narrow":"{0}/գալ","short":"{0}/գալ"},"short":{"other":"{0} գալ"}},"gigabit":{"long":{"other":"{0} գիգաբիթ"},"narrow":{"other":"{0} Գբիթ"},"perUnit":{},"short":{"other":"{0} Գբիթ"}},"gigabyte":{"long":{"other":"{0} գիգաբայթ"},"narrow":{"other":"{0} ԳԲ"},"perUnit":{},"short":{"other":"{0} ԳԲ"}},"gram":{"long":{"other":"{0} գրամ"},"narrow":{"other":"{0} գ"},"perUnit":{"long":"{0} գրամի վրա","narrow":"{0}/գ","short":"{0}/գ"},"short":{"other":"{0} գ"}},"hectare":{"long":{"other":"{0} հեկտար"},"narrow":{"other":"{0} հա"},"perUnit":{},"short":{"other":"{0} հա"}},"hour":{"long":{"other":"{0} ժամ"},"narrow":{"other":"{0} ժ"},"perUnit":{"long":"{0} ժամում","narrow":"{0}/ժ","short":"{0}/ժ"},"short":{"other":"{0} ժ"}},"inch":{"long":{"other":"{0} մատնաչափ"},"narrow":{"other":"{0}″"},"perUnit":{"long":"{0} մատնաչափի վրա","narrow":"{0}/մատ","short":"{0}/մատ"},"short":{"other":"{0} մատ"}},"kilobit":{"long":{"other":"{0} կիլոբիթ"},"narrow":{"other":"{0} կբիթ"},"perUnit":{},"short":{"other":"{0} կբիթ"}},"kilobyte":{"long":{"other":"{0} կիլոբայթ"},"narrow":{"other":"{0} կԲ"},"perUnit":{},"short":{"other":"{0} կԲ"}},"kilogram":{"long":{"other":"{0} կիլոգրամ"},"narrow":{"other":"{0} կգ"},"perUnit":{"long":"{0} կիլոգրամի վրա","narrow":"{0}/կգ","short":"{0}/կգ"},"short":{"other":"{0} կգ"}},"kilometer":{"long":{"other":"{0} կիլոմետր"},"narrow":{"other":"{0} կմ"},"perUnit":{"long":"{0} կիլոմետրի վրա","narrow":"{0}/կմ","short":"{0}/կմ"},"short":{"other":"{0} կմ"}},"kilometer-per-hour":{"long":{"other":"{0} կիլոմետր ժամում"},"narrow":{"other":"{0} կմ/ժ"},"perUnit":{},"short":{"other":"{0} կմ/ժ"}},"liter":{"long":{"other":"{0} լիտր"},"narrow":{"other":"{0} լ"},"perUnit":{"long":"{0} լիտրի վրա","narrow":"{0}/լ","short":"{0}/լ"},"short":{"other":"{0} լ"}},"liter-per-kilometer":{"long":{"other":"{0} լիտր կիլոմետրի վրա"},"narrow":{"other":"{0}լ/կմ"},"perUnit":{},"short":{"other":"{0} լ/կմ"}},"megabit":{"long":{"other":"{0} մեգաբիթ"},"narrow":{"other":"{0} Մբիթ"},"perUnit":{},"short":{"other":"{0} Մբիթ"}},"megabyte":{"long":{"other":"{0} մեգաբայթ"},"narrow":{"other":"{0} ՄԲ"},"perUnit":{},"short":{"other":"{0} ՄԲ"}},"meter":{"long":{"other":"{0} մետր"},"narrow":{"other":"{0} մ"},"perUnit":{"long":"{0} մետրի վրա","narrow":"{0}/մ","short":"{0}/մ"},"short":{"other":"{0} մ"}},"meter-per-second":{"long":{"other":"{0} մետր վայրկյանում"},"narrow":{"other":"{0}մ/վ"},"perUnit":{},"short":{"other":"{0} մ/վ"}},"mile":{"long":{"other":"{0} մղոն"},"narrow":{"other":"{0} մղ"},"perUnit":{},"short":{"other":"{0} մղ"}},"mile-per-gallon":{"long":{"other":"{0} մղոն գալոնի վրա"},"narrow":{"other":"{0} մղ/գալ"},"perUnit":{},"short":{"other":"{0} մղ/գալ"}},"mile-per-hour":{"long":{"other":"{0} մղոն ժամում"},"narrow":{"other":"{0}մղ/ժ"},"perUnit":{},"short":{"other":"{0} մղ/ժ"}},"mile-scandinavian":{"long":{"other":"{0} սկանդինավյան մղոն"},"narrow":{"other":"{0} սկանդ․ մղ"},"perUnit":{},"short":{"other":"{0} սկանդ․ մղ"}},"milliliter":{"long":{"other":"{0} միլիլիտր"},"narrow":{"other":"{0} մլ"},"perUnit":{},"short":{"other":"{0} մլ"}},"millimeter":{"long":{"other":"{0} միլիմետր"},"narrow":{"other":"{0} մմ"},"perUnit":{},"short":{"other":"{0} մմ"}},"millisecond":{"long":{"other":"{0} միլիվայրկյան"},"narrow":{"other":"{0} մվ"},"perUnit":{},"short":{"other":"{0} մվ"}},"minute":{"long":{"other":"{0} րոպե"},"narrow":{"other":"{0} ր"},"perUnit":{"long":"{0} րոպեում","narrow":"{0}/ր","short":"{0}/ր"},"short":{"other":"{0} ր"}},"month":{"long":{"other":"{0} ամիս"},"narrow":{"other":"{0} ա"},"perUnit":{"long":"ամսական {0}","narrow":"{0}/ամս","short":"{0}/ամս"},"short":{"other":"{0} ամս"}},"ounce":{"long":{"other":"{0} ունկի"},"narrow":{"other":"{0} ունց"},"perUnit":{"long":"{0} ունկիի վրա","narrow":"{0}/ունկ.","short":"{0}/ունկ."},"short":{"other":"{0} ունկ."}},"percent":{"long":{"other":"{0} տոկոս"},"narrow":{"other":"{0}%"},"perUnit":{},"short":{"other":"{0}%"}},"petabyte":{"long":{"other":"{0} պետաբայթ"},"narrow":{"other":"{0} ՊԲ"},"perUnit":{},"short":{"other":"{0} ՊԲ"}},"pound":{"long":{"other":"{0} ֆունտ"},"narrow":{"other":"{0}#"},"perUnit":{"long":"{0} ֆունտի վրա","narrow":"{0}/ֆունտ","short":"{0}/ֆունտ"},"short":{"other":"{0} ֆունտ"}},"second":{"long":{"other":"{0} վայրկյան"},"narrow":{"other":"{0} վ"},"perUnit":{"long":"{0} վայրկյանում","narrow":"{0}/վ","short":"{0}/վրկ"},"short":{"other":"{0} վրկ"}},"stone":{"long":{"other":"{0} սթոուն"},"narrow":{"other":"{0} սթոուն"},"perUnit":{},"short":{"other":"{0} սթոուն"}},"terabit":{"long":{"other":"{0} տերաբիթ"},"narrow":{"other":"{0} Տբիթ"},"perUnit":{},"short":{"other":"{0} Տբիթ"}},"terabyte":{"long":{"other":"{0} տերաբայթ"},"narrow":{"other":"{0} ՏԲ"},"perUnit":{},"short":{"other":"{0} ՏԲ"}},"week":{"long":{"other":"{0} շաբաթ"},"narrow":{"other":"{0} շ"},"perUnit":{"long":"շաբաթական {0}","narrow":"{0}/շաբ","short":"{0}/շաբ"},"short":{"other":"{0} շաբ"}},"yard":{"long":{"other":"{0} յարդ"},"narrow":{"other":"{0} յդ."},"perUnit":{},"short":{"other":"{0} յրդ"}},"year":{"long":{"other":"{0} տարի"},"narrow":{"other":"{0} տ"},"perUnit":{"long":"տարեկան {0}","narrow":"{0}/տ","short":"{0}/տ"},"short":{"other":"{0} տ"}}}}},"locale":"hy"}