{"data":{"currencies":{"ADP":{"displayName":{"other":"Andorrskur peseti"},"narrow":"ADP","symbol":"ADP"},"AED":{"displayName":{"one":"arabískt dírham","other":"arabísk dírhöm"},"narrow":"AED","symbol":"AED"},"AFN":{"displayName":{"one":"afgani","other":"afganar"},"narrow":"؋","symbol":"AFN"},"ALL":{"displayName":{"one":"albanskt lek","other":"albönsk lek"},"narrow":"ALL","symbol":"ALL"},"AMD":{"displayName":{"one":"armenskt dramm","other":"armensk drömm"},"narrow":"֏","symbol":"AMD"},"ANG":{"displayName":{"one":"hollenskt Antillugyllini","other":"hollensk Antillugyllini"},"narrow":"ANG","symbol":"ANG"},"AOA":{"displayName":{"one":"angólsk kvansa","other":"angólskar kvönsur"},"narrow":"Kz","symbol":"AOA"},"ARA":{"displayName":{"other":"Argentine Austral"},"narrow":"ARA","symbol":"ARA"},"ARP":{"displayName":{"other":"Argentískur pesi (1983–1985)"},"narrow":"ARP","symbol":"ARP"},"ARS":{"displayName":{"one":"argentínskur pesi","other":"argentínskir pesar"},"narrow":"$","symbol":"ARS"},"ATS":{"displayName":{"other":"Austurrískur skildingur"},"narrow":"ATS","symbol":"ATS"},"AUD":{"displayName":{"one":"ástralskur dalur","other":"ástralskir dalir"},"narrow":"$","symbol":"AUD"},"AWG":{"displayName":{"one":"arúbönsk flórína","other":"arúbanskar flórínur"},"narrow":"AWG","symbol":"AWG"},"AZN":{"displayName":{"one":"aserskt manat","other":"asersk manöt"},"narrow":"₼","symbol":"AZN"},"BAM":{"displayName":{"one":"skiptanlegt Bosníu og Hersegóvínu-mark","other":"skiptanleg Bosníu og Hersegóvínu-mörk"},"narrow":"KM","symbol":"BAM"},"BBD":{"displayName":{"one":"barbadoskur dalur","other":"barbadoskir dalir"},"narrow":"$","symbol":"BBD"},"BDT":{"displayName":{"one":"bangladessk taka","other":"bangladesskar tökur"},"narrow":"৳","symbol":"BDT"},"BEF":{"displayName":{"other":"Belgískur franki"},"narrow":"BEF","symbol":"BEF"},"BGL":{"displayName":{"other":"Lef"},"narrow":"BGL","symbol":"BGL"},"BGN":{"displayName":{"one":"búlgarskt lef","other":"búlgörsk lef"},"narrow":"BGN","symbol":"BGN"},"BHD":{"displayName":{"one":"bareinskur denari","other":"bareinskir denarar"},"narrow":"BHD","symbol":"BHD"},"BIF":{"displayName":{"one":"búrúndískur franki","other":"búrúndískir frankar"},"narrow":"BIF","symbol":"BIF"},"BMD":{"displayName":{"one":"Bermúdadalur","other":"Bermúdadalir"},"narrow":"$","symbol":"BMD"},"BND":{"displayName":{"one":"brúneiskur dalur","other":"brúneiskir dalir"},"narrow":"$","symbol":"BND"},"BOB":{"displayName":{"one":"bólivíani","other":"bólivíanar"},"narrow":"Bs","symbol":"BOB"},"BOP":{"displayName":{"other":"Bólivískur pesi"},"narrow":"BOP","symbol":"BOP"},"BOV":{"displayName":{"other":"Bolivian Mvdol"},"narrow":"BOV","symbol":"BOV"},"BRL":{"displayName":{"one":"brasilískt ríal","other":"brasilísk ríöl"},"narrow":"R$","symbol":"BRL"},"BSD":{"displayName":{"one":"Bahamadalur","other":"Bahamadalir"},"narrow":"$","symbol":"BSD"},"BTN":{"displayName":{"one":"bútanskt núltrum","other":"bútönsk núltrum"},"narrow":"BTN","symbol":"BTN"},"BUK":{"displayName":{"other":"Búrmverskt kjat"},"narrow":"BUK","symbol":"BUK"},"BWP":{"displayName":{"one":"botsvönsk púla","other":"botsvanskar púlur"},"narrow":"P","symbol":"BWP"},"BYN":{"displayName":{"one":"hvítrússnesk rúbla","other":"hvítrússneskar rúblur"},"narrow":"BYN","symbol":"BYN"},"BYR":{"displayName":{"one":"hvítrússnesk rúbla (2000–2016)","other":"hvítrússneskar rúblur (2000–2016)"},"narrow":"BYR","symbol":"BYR"},"BZD":{"displayName":{"one":"belískur dalur","other":"belískir dalir"},"narrow":"$","symbol":"BZD"},"CAD":{"displayName":{"one":"Kanadadalur","other":"Kanadadalir"},"narrow":"$","symbol":"CAD"},"CDF":{"displayName":{"one":"kongóskur franki","other":"kongóskir frankar"},"narrow":"CDF","symbol":"CDF"},"CHF":{"displayName":{"one":"svissneskur franki","other":"svissneskir frankar"},"narrow":"CHF","symbol":"CHF"},"CLF":{"displayName":{"other":"Chilean Unidades de Fomento"},"narrow":"CLF","symbol":"CLF"},"CLP":{"displayName":{"one":"síleskur pesi","other":"síleskir pesar"},"narrow":"$","symbol":"CLP"},"CNH":{"displayName":{"one":"kínverskt júan (utan heimalands)","other":"kínversk júön (utan heimalands)"},"narrow":"CNH","symbol":"CNH"},"CNY":{"displayName":{"one":"kínverskt júan","other":"kínversk júön"},"narrow":"¥","symbol":"CN¥"},"COP":{"displayName":{"one":"kólumbískur pesi","other":"kólumbískir pesar"},"narrow":"$","symbol":"COP"},"CRC":{"displayName":{"one":"kostarískt kólon","other":"kostarísk kólon"},"narrow":"₡","symbol":"CRC"},"CSK":{"displayName":{"other":"Tékknesk króna, eldri"},"narrow":"CSK","symbol":"CSK"},"CUC":{"displayName":{"one":"kúbverskur skiptanlegur pesi","other":"kúbverskir skiptanlegir pesar"},"narrow":"$","symbol":"CUC"},"CUP":{"displayName":{"one":"kúbverskur pesi","other":"kúbverskir pesar"},"narrow":"$","symbol":"CUP"},"CVE":{"displayName":{"one":"grænhöfðeyskur skúti","other":"grænhöfðeyskir skútar"},"narrow":"CVE","symbol":"CVE"},"CYP":{"displayName":{"other":"Kýpverskt pund"},"narrow":"CYP","symbol":"CYP"},"CZK":{"displayName":{"one":"tékknesk króna","other":"tékkneskar krónur"},"narrow":"Kč","symbol":"CZK"},"DDM":{"displayName":{"other":"Austurþýskt mark"},"narrow":"DDM","symbol":"DDM"},"DEM":{"displayName":{"other":"Þýskt mark"},"narrow":"DEM","symbol":"DEM"},"DJF":{"displayName":{"one":"djíbútískur franki","other":"djíbútískir frankar"},"narrow":"DJF","symbol":"DJF"},"DKK":{"displayName":{"one":"dönsk króna","other":"danskar krónur"},"narrow":"kr.","symbol":"DKK"},"DOP":{"displayName":{"one":"dóminískur pesi","other":"dóminískir pesar"},"narrow":"$","symbol":"DOP"},"DZD":{"displayName":{"one":"alsírskur denari","other":"alsírskir denarar"},"narrow":"DZD","symbol":"DZD"},"ECS":{"displayName":{"other":"Ecuador Sucre"},"narrow":"ECS","symbol":"ECS"},"EEK":{"displayName":{"one":"eistnesk króna","other":"eistneskar krónur"},"narrow":"EEK","symbol":"EEK"},"EGP":{"displayName":{"one":"egypskt pund","other":"egypsk pund"},"narrow":"E£","symbol":"EGP"},"ERN":{"displayName":{"one":"erítresk nakfa","other":"erítreskar nökfur"},"narrow":"ERN","symbol":"ERN"},"ESP":{"displayName":{"other":"Spænskur peseti"},"narrow":"₧","symbol":"ESP"},"ETB":{"displayName":{"one":"eþíópískt birr","other":"eþíópísk birr"},"narrow":"ETB","symbol":"ETB"},"EUR":{"displayName":{"one":"evra","other":"evrur"},"narrow":"€","symbol":"EUR"},"FIM":{"displayName":{"other":"Finnskt mark"},"narrow":"FIM","symbol":"FIM"},"FJD":{"displayName":{"one":"fídjískur dalur","other":"fídjískir dalir"},"narrow":"$","symbol":"FJD"},"FKP":{"displayName":{"one":"falklenskt pund","other":"falklensk pund"},"narrow":"£","symbol":"FKP"},"FRF":{"displayName":{"other":"Franskur franki"},"narrow":"FRF","symbol":"FRF"},"GBP":{"displayName":{"other":"sterlingspund"},"narrow":"£","symbol":"GBP"},"GEL":{"displayName":{"one":"georgískur lari","other":"georgískir larar"},"narrow":"₾","symbol":"GEL"},"GHS":{"displayName":{"one":"ganverskur sedi","other":"ganverskir sedar"},"narrow":"GH₵","symbol":"GHS"},"GIP":{"displayName":{"other":"Gíbraltarspund"},"narrow":"£","symbol":"GIP"},"GMD":{"displayName":{"one":"gambískur dalasi","other":"gambískir dalasar"},"narrow":"GMD","symbol":"GMD"},"GNF":{"displayName":{"one":"Gíneufranki","other":"Gíneufrankar"},"narrow":"FG","symbol":"GNF"},"GRD":{"displayName":{"other":"Drakma"},"narrow":"GRD","symbol":"GRD"},"GTQ":{"displayName":{"one":"gvatemalskt kvesal","other":"gvatemölsk kvesöl"},"narrow":"Q","symbol":"GTQ"},"GWE":{"displayName":{"other":"Portúgalskur, gíneskur skúti"},"narrow":"GWE","symbol":"GWE"},"GYD":{"displayName":{"one":"gvæjanskur dalur","other":"gvæjanskir dalir"},"narrow":"$","symbol":"GYD"},"HKD":{"displayName":{"one":"Hong Kong-dalur","other":"Hong Kong-dalir"},"narrow":"$","symbol":"HK$"},"HNL":{"displayName":{"one":"hondúrsk lempíra","other":"hondúrskar lempírur"},"narrow":"L","symbol":"HNL"},"HRK":{"displayName":{"one":"króatísk kúna","other":"króatískar kúnur"},"narrow":"kn","symbol":"HRK"},"HTG":{"displayName":{"one":"haítískur gúrdi","other":"haítískir gúrdar"},"narrow":"HTG","symbol":"HTG"},"HUF":{"displayName":{"one":"ungversk fórinta","other":"ungverskar fórintur"},"narrow":"Ft","symbol":"HUF"},"IDR":{"displayName":{"one":"indónesísk rúpía","other":"indónesískar rúpíur"},"narrow":"Rp","symbol":"IDR"},"IEP":{"displayName":{"other":"Írskt pund"},"narrow":"IEP","symbol":"IEP"},"ILP":{"displayName":{"other":"Ísraelskt pund"},"narrow":"ILP","symbol":"ILP"},"ILS":{"displayName":{"one":"nýr ísraelskur sikill","other":"nýir ísraelskir siklar"},"narrow":"₪","symbol":"₪"},"INR":{"displayName":{"one":"indversk rúpía","other":"indverskar rúpíur"},"narrow":"₹","symbol":"INR"},"IQD":{"displayName":{"one":"írakskur denari","other":"írakskir denarar"},"narrow":"IQD","symbol":"IQD"},"IRR":{"displayName":{"one":"íranskt ríal","other":"írönsk ríöl"},"narrow":"IRR","symbol":"IRR"},"ISK":{"displayName":{"one":"íslensk króna","other":"íslenskar krónur"},"narrow":"kr.","symbol":"kr."},"ITL":{"displayName":{"other":"Ítölsk líra"},"narrow":"ITL","symbol":"ITL"},"JMD":{"displayName":{"one":"jamaískur dalur","other":"jamaískir dalir"},"narrow":"$","symbol":"JMD"},"JOD":{"displayName":{"one":"jórdanskur denari","other":"jórdanskir denarar"},"narrow":"JOD","symbol":"JOD"},"JPY":{"displayName":{"one":"japanskt jen","other":"japönsk jen"},"narrow":"¥","symbol":"JP¥"},"KES":{"displayName":{"one":"kenískur skildingur","other":"kenískir skildingar"},"narrow":"KES","symbol":"KES"},"KGS":{"displayName":{"one":"kirgiskt som","other":"kirgisk som"},"narrow":"KGS","symbol":"KGS"},"KHR":{"displayName":{"one":"kambódískt ríal","other":"kambódísk ríöl"},"narrow":"៛","symbol":"KHR"},"KMF":{"displayName":{"one":"kómoreyskur franki","other":"kómoreyskir frankar"},"narrow":"CF","symbol":"KMF"},"KPW":{"displayName":{"one":"norðurkóreskt vonn","other":"norðurkóresk vonn"},"narrow":"₩","symbol":"KPW"},"KRW":{"displayName":{"one":"suðurkóreskt vonn","other":"suðurkóresk vonn"},"narrow":"₩","symbol":"KRW"},"KWD":{"displayName":{"one":"kúveiskur denari","other":"kúveiskir denarar"},"narrow":"KWD","symbol":"KWD"},"KYD":{"displayName":{"one":"caymaneyskur dalur","other":"caymaneyskir dalir"},"narrow":"$","symbol":"KYD"},"KZT":{"displayName":{"one":"kasakst tengi","other":"kasöksk tengi"},"narrow":"₸","symbol":"KZT"},"LAK":{"displayName":{"one":"laoskt kip","other":"laosk kip"},"narrow":"₭","symbol":"LAK"},"LBP":{"displayName":{"one":"líbanskt pund","other":"líbönsk pund"},"narrow":"L£","symbol":"LBP"},"LKR":{"displayName":{"one":"srílönsk rúpía","other":"srílanskar rúpíur"},"narrow":"Rs","symbol":"LKR"},"LRD":{"displayName":{"one":"líberískur dalur","other":"líberískir dalir"},"narrow":"$","symbol":"LRD"},"LSL":{"displayName":{"one":"lesótóskur lóti","other":"lesótóskir lótar"},"narrow":"LSL","symbol":"LSL"},"LTL":{"displayName":{"one":"litháískt lít","other":"litháísk lít"},"narrow":"Lt","symbol":"LTL"},"LTT":{"displayName":{"other":"Lithuanian Talonas"},"narrow":"LTT","symbol":"LTT"},"LUF":{"displayName":{"other":"Lúxemborgarfranki"},"narrow":"LUF","symbol":"LUF"},"LVL":{"displayName":{"one":"lettneskt lat","other":"lettnesk löt"},"narrow":"Ls","symbol":"LVL"},"LVR":{"displayName":{"other":"Lettnesk rúbla"},"narrow":"LVR","symbol":"LVR"},"LYD":{"displayName":{"one":"líbískur denari","other":"líbískir denarar"},"narrow":"LYD","symbol":"LYD"},"MAD":{"displayName":{"one":"marokkóskt dírham","other":"marokkósk dírhöm"},"narrow":"MAD","symbol":"MAD"},"MAF":{"displayName":{"other":"Marokkóskur franki"},"narrow":"MAF","symbol":"MAF"},"MDL":{"displayName":{"one":"moldavískt lei","other":"moldavísk lei"},"narrow":"MDL","symbol":"MDL"},"MGA":{"displayName":{"one":"Madagaskararjari","other":"Madagaskararjarar"},"narrow":"Ar","symbol":"MGA"},"MGF":{"displayName":{"other":"Madagaskur franki"},"narrow":"MGF","symbol":"MGF"},"MKD":{"displayName":{"one":"makedónskur denari","other":"makedónskir denarar"},"narrow":"MKD","symbol":"MKD"},"MLF":{"displayName":{"other":"Malískur franki"},"narrow":"MLF","symbol":"MLF"},"MMK":{"displayName":{"one":"mjanmarskt kjat","other":"mjanmörsk kjöt"},"narrow":"K","symbol":"MMK"},"MNT":{"displayName":{"one":"mongólskur túríkur","other":"mongólskir túríkar"},"narrow":"₮","symbol":"MNT"},"MOP":{"displayName":{"one":"makaósk pataka","other":"makaóskar patökur"},"narrow":"MOP","symbol":"MOP"},"MRO":{"displayName":{"one":"máritönsk úgía (1973–2017)","other":"máritanskar úgíur (1973–2017)"},"narrow":"MRO","symbol":"MRO"},"MRU":{"displayName":{"one":"máritönsk úgía","other":"máritanskar úgíur"},"narrow":"MRU","symbol":"MRU"},"MTL":{"displayName":{"other":"Meltnesk líra"},"narrow":"MTL","symbol":"MTL"},"MTP":{"displayName":{"other":"Maltneskt pund"},"narrow":"MTP","symbol":"MTP"},"MUR":{"displayName":{"one":"máritísk rúpía","other":"máritískar rúpíur"},"narrow":"Rs","symbol":"MUR"},"MVR":{"displayName":{"one":"maldíveysk rúpía","other":"maldíveyskar rúpíur"},"narrow":"MVR","symbol":"MVR"},"MWK":{"displayName":{"one":"malavísk kvaka","other":"malavískar kvökur"},"narrow":"MWK","symbol":"MWK"},"MXN":{"displayName":{"one":"mexíkóskur pesi","other":"mexíkóskir pesar"},"narrow":"$","symbol":"MXN"},"MXP":{"displayName":{"other":"Mexíkóskur silfurpesi (1861–1992)"},"narrow":"MXP","symbol":"MXP"},"MXV":{"displayName":{"other":"Mexíkóskur pesi, UDI"},"narrow":"MXV","symbol":"MXV"},"MYR":{"displayName":{"one":"malasískt ringit","other":"malasísk ringit"},"narrow":"RM","symbol":"MYR"},"MZE":{"displayName":{"other":"Mósambískur skúti"},"narrow":"MZE","symbol":"MZE"},"MZN":{"displayName":{"one":"mósambískt metikal","other":"mósambísk metiköl"},"narrow":"MZN","symbol":"MZN"},"NAD":{"displayName":{"one":"namibískur dalur","other":"namibískir dalir"},"narrow":"$","symbol":"NAD"},"NGN":{"displayName":{"one":"nígerísk næra","other":"nígerískar nærur"},"narrow":"₦","symbol":"NGN"},"NIC":{"displayName":{"one":"Níkarögsk kordóva (1988–1991)","other":"Níkaragskar kordóvur (1988–1991)"},"narrow":"NIC","symbol":"NIC"},"NIO":{"displayName":{"one":"níkarögsk kordóva","other":"níkaragskar kordóvur"},"narrow":"C$","symbol":"NIO"},"NLG":{"displayName":{"other":"Hollenskt gyllini"},"narrow":"NLG","symbol":"NLG"},"NOK":{"displayName":{"one":"norsk króna","other":"norskar krónur"},"narrow":"kr.","symbol":"NOK"},"NPR":{"displayName":{"one":"nepölsk rúpía","other":"nepalskar rúpíur"},"narrow":"Rs","symbol":"NPR"},"NZD":{"displayName":{"one":"nýsjálenskur dalur","other":"nýsjálenskir dalir"},"narrow":"$","symbol":"NZD"},"OMR":{"displayName":{"one":"ómanskt ríal","other":"ómönsk ríöl"},"narrow":"OMR","symbol":"OMR"},"PAB":{"displayName":{"one":"balbói","other":"balbóar"},"narrow":"PAB","symbol":"PAB"},"PEN":{"displayName":{"one":"perúskt sól","other":"perúsk sól"},"narrow":"PEN","symbol":"PEN"},"PGK":{"displayName":{"one":"papúsk kína","other":"papúskar kínur"},"narrow":"PGK","symbol":"PGK"},"PHP":{"displayName":{"one":"filippseyskur pesi","other":"filippseyskir pesar"},"narrow":"₱","symbol":"PHP"},"PKR":{"displayName":{"one":"pakistönsk rúpía","other":"pakistanskar rúpíur"},"narrow":"Rs","symbol":"PKR"},"PLN":{"displayName":{"one":"pólskt slot","other":"pólsk slot"},"narrow":"zł","symbol":"PLN"},"PLZ":{"displayName":{"other":"Slot"},"narrow":"PLZ","symbol":"PLZ"},"PTE":{"displayName":{"other":"Portúgalskur skúti"},"narrow":"PTE","symbol":"PTE"},"PYG":{"displayName":{"one":"paragvæskt gvaraní","other":"paragvæsk gvaraní"},"narrow":"₲","symbol":"PYG"},"QAR":{"displayName":{"one":"katarskt ríal","other":"katörsk ríöl"},"narrow":"QAR","symbol":"QAR"},"ROL":{"displayName":{"other":"Rúmenskt lei (1952–2006)"},"narrow":"ROL","symbol":"ROL"},"RON":{"displayName":{"one":"rúmenskt lei","other":"rúmensk lei"},"narrow":"lei","symbol":"RON"},"RSD":{"displayName":{"one":"serbneskur denari","other":"serbneskir denarar"},"narrow":"RSD","symbol":"RSD"},"RUB":{"displayName":{"one":"rússnesk rúbla","other":"rússneskar rúblur"},"narrow":"₽","symbol":"RUB"},"RUR":{"displayName":{"other":"Rússnesk rúbla (1991–1998)"},"narrow":"RUR","symbol":"RUR"},"RWF":{"displayName":{"one":"rúandskur franki","other":"rúandskir frankar"},"narrow":"RF","symbol":"RWF"},"SAR":{"displayName":{"one":"sádiarabískt ríal","other":"sádiarabísk ríöl"},"narrow":"SAR","symbol":"SAR"},"SBD":{"displayName":{"one":"salómonseyskur dalur","other":"salómonseyskir dalir"},"narrow":"$","symbol":"SBD"},"SCR":{"displayName":{"one":"Seychellesrúpía","other":"Seychellesrúpíur"},"narrow":"SCR","symbol":"SCR"},"SDD":{"displayName":{"other":"Súdanskur denari"},"narrow":"SDD","symbol":"SDD"},"SDG":{"displayName":{"one":"súdanskt pund","other":"súdönsk pund"},"narrow":"SDG","symbol":"SDG"},"SDP":{"displayName":{"other":"Súdanskt pund (1957–1998)"},"narrow":"SDP","symbol":"SDP"},"SEK":{"displayName":{"one":"sænsk króna","other":"sænskar krónur"},"narrow":"kr.","symbol":"SEK"},"SGD":{"displayName":{"one":"singapúrskur dalur","other":"singapúrskir dalir"},"narrow":"$","symbol":"SGD"},"SHP":{"displayName":{"one":"helenskt pund","other":"helensk pund"},"narrow":"£","symbol":"SHP"},"SIT":{"displayName":{"other":"Slóvenskur dalur"},"narrow":"SIT","symbol":"SIT"},"SKK":{"displayName":{"other":"Slóvakísk króna"},"narrow":"SKK","symbol":"SKK"},"SLL":{"displayName":{"one":"síerraleónsk ljóna","other":"síerraleónskar ljónur"},"narrow":"SLL","symbol":"SLL"},"SOS":{"displayName":{"one":"sómalískur skildingur","other":"sómalískir skildingar"},"narrow":"SOS","symbol":"SOS"},"SRD":{"displayName":{"one":"Súrínamdalur","other":"Súrínamdalir"},"narrow":"$","symbol":"SRD"},"SRG":{"displayName":{"other":"Suriname Guilder"},"narrow":"SRG","symbol":"SRG"},"SSP":{"displayName":{"one":"suðursúdanskt pund","other":"suðursúdönsk pund"},"narrow":"£","symbol":"SSP"},"STD":{"displayName":{"one":"Saó Tóme og Prinsípe-dóbra (1977–2017)","other":"Saó Tóme og Prinsípe-dóbrur (1977–2017)"},"narrow":"STD","symbol":"STD"},"STN":{"displayName":{"one":"Saó Tóme og Prinsípe-dóbra","other":"Saó Tóme og Prinsípe-dóbrur"},"narrow":"Db","symbol":"STN"},"SUR":{"displayName":{"other":"Soviet Rouble"},"narrow":"SUR","symbol":"SUR"},"SVC":{"displayName":{"other":"El Salvador Colon"},"narrow":"SVC","symbol":"SVC"},"SYP":{"displayName":{"one":"sýrlenskt pund","other":"sýrlensk pund"},"narrow":"£","symbol":"SYP"},"SZL":{"displayName":{"one":"svasílenskur lílangeni","other":"svasílenskir lílangenar"},"narrow":"SZL","symbol":"SZL"},"THB":{"displayName":{"one":"taílenskt bat","other":"taílensk böt"},"narrow":"฿","symbol":"THB"},"TJR":{"displayName":{"other":"Tadsjiksk rúbla"},"narrow":"TJR","symbol":"TJR"},"TJS":{"displayName":{"one":"tadsjikskur sómóni","other":"tadsjikskir sómónar"},"narrow":"TJS","symbol":"TJS"},"TMM":{"displayName":{"other":"Túrkmenskt manat (1993–2009)"},"narrow":"TMM","symbol":"TMM"},"TMT":{"displayName":{"one":"túrkmenskt manat","other":"túrkmensk manöt"},"narrow":"TMT","symbol":"TMT"},"TND":{"displayName":{"one":"túniskur denari","other":"túniskir denarar"},"narrow":"TND","symbol":"TND"},"TOP":{"displayName":{"one":"Tongapanga","other":"Tongapöngur"},"narrow":"T$","symbol":"TOP"},"TPE":{"displayName":{"other":"Tímorskur skúti"},"narrow":"TPE","symbol":"TPE"},"TRL":{"displayName":{"other":"Tyrknesk líra (1922–2005)"},"narrow":"TRL","symbol":"TRL"},"TRY":{"displayName":{"one":"tyrknesk líra","other":"tyrkneskar lírur"},"narrow":"₺","symbol":"TRY"},"TTD":{"displayName":{"one":"Trínidad og Tóbagó-dalur","other":"Trínidad og Tóbagó-dalir"},"narrow":"$","symbol":"TTD"},"TWD":{"displayName":{"one":"taívanskur dalur","other":"taívanskir dalir"},"narrow":"NT$","symbol":"TWD"},"TZS":{"displayName":{"one":"tansanískur skildingur","other":"tansanískir skildingar"},"narrow":"TZS","symbol":"TZS"},"UAH":{"displayName":{"one":"úkraínsk hrinja","other":"úkraínskar hrinjur"},"narrow":"₴","symbol":"UAH"},"UAK":{"displayName":{"other":"Ukrainian Karbovanetz"},"narrow":"UAK","symbol":"UAK"},"UGX":{"displayName":{"one":"úgandskur skildingur","other":"úgandskir skildingar"},"narrow":"UGX","symbol":"UGX"},"USD":{"displayName":{"one":"Bandaríkjadalur","other":"Bandaríkjadalir"},"narrow":"$","symbol":"USD"},"USN":{"displayName":{"other":"Bandaríkjadalur (næsta dag)"},"narrow":"USN","symbol":"USN"},"USS":{"displayName":{"other":"Bandaríkjadalur (sama dag)"},"narrow":"USS","symbol":"USS"},"UYU":{"displayName":{"one":"úrúgvæskur pesi","other":"úrúgvæskir pesar"},"narrow":"$","symbol":"UYU"},"UZS":{"displayName":{"one":"úsbekskt súm","other":"úsbeksk súm"},"narrow":"UZS","symbol":"UZS"},"VEB":{"displayName":{"other":"Bolívar í Venesúela (1871–2008)"},"narrow":"VEB","symbol":"VEB"},"VEF":{"displayName":{"one":"venesúelskur bólívari (2008–2018)","other":"venesúelskir bólívarar (2008–2018)"},"narrow":"Bs","symbol":"VEF"},"VES":{"displayName":{"one":"venesúelskur bólívari","other":"venesúelskir bólívarar"},"narrow":"VES","symbol":"VES"},"VND":{"displayName":{"one":"víetnamskt dong","other":"víetnömsk dong"},"narrow":"₫","symbol":"VND"},"VUV":{"displayName":{"one":"vanúatúskt vatú","other":"vanúatúsk vatú"},"narrow":"VUV","symbol":"VUV"},"WST":{"displayName":{"one":"Samóatala","other":"Samóatölur"},"narrow":"WST","symbol":"WST"},"XAF":{"displayName":{"one":"miðafrískur franki","other":"miðafrískir frankar"},"narrow":"FCFA","symbol":"FCFA"},"XCD":{"displayName":{"one":"austurkarabískur dalur","other":"austurkarabískir dalir"},"narrow":"$","symbol":"EC$"},"XDR":{"displayName":{"other":"Sérstök dráttarréttindi"},"narrow":"XDR","symbol":"XDR"},"XFO":{"displayName":{"other":"Franskur gullfranki"},"narrow":"XFO","symbol":"XFO"},"XFU":{"displayName":{"other":"Franskur franki, UIC"},"narrow":"XFU","symbol":"XFU"},"XOF":{"displayName":{"one":"vesturafrískur franki","other":"vesturafrískir frankar"},"narrow":"F CFA","symbol":"F CFA"},"XPF":{"displayName":{"one":"pólinesískur franki","other":"pólinesískir frankar"},"narrow":"CFPF","symbol":"CFPF"},"XXX":{"displayName":{"one":"(óþekkt mynteining gjaldmiðils)","other":"(óþekktur gjaldmiðill)"},"narrow":"¤","symbol":"¤"},"YDD":{"displayName":{"other":"Jemenskur denari"},"narrow":"YDD","symbol":"YDD"},"YER":{"displayName":{"one":"jemenskt ríal","other":"jemensk ríöl"},"narrow":"YER","symbol":"YER"},"YUM":{"displayName":{"other":"Júgóslavneskur denari"},"narrow":"YUM","symbol":"YUM"},"ZAL":{"displayName":{"other":"Rand (viðskipta)"},"narrow":"ZAL","symbol":"ZAL"},"ZAR":{"displayName":{"one":"suðurafrískt rand","other":"suðurafrísk rönd"},"narrow":"R","symbol":"ZAR"},"ZMK":{"displayName":{"other":"Zambian Kwacha (1968–2012)"},"narrow":"ZMK","symbol":"ZMK"},"ZMW":{"displayName":{"one":"sambísk kvaka","other":"sambískar kvökur"},"narrow":"ZK","symbol":"ZMW"},"ZWD":{"displayName":{"other":"Simbabveskur dalur"},"narrow":"ZWD","symbol":"ZWD"}},"nu":["latn"],"numbers":{"currency":{"latn":{"accounting":"#,##0.00 ¤","currencySpacing":{"afterInsertBetween":" ","beforeInsertBetween":" "},"short":{"1000":{"other":"0 þ'.' ¤"},"10000":{"other":"00 þ'.' ¤"},"100000":{"other":"000 þ'.' ¤"},"1000000":{"other":"0 m'.' ¤"},"10000000":{"other":"00 m'.' ¤"},"100000000":{"other":"000 m'.' ¤"},"1000000000":{"other":"0 ma'.' ¤"},"10000000000":{"other":"00 ma'.' ¤"},"100000000000":{"other":"000 ma'.' ¤"},"1000000000000":{"other":"0 bn ¤"},"10000000000000":{"other":"00 bn ¤"},"100000000000000":{"other":"000 bn ¤"}},"standard":"#,##0.00 ¤","unitPattern":"{0} {1}"}},"decimal":{"latn":{"long":{"1000":{"other":"0 þúsund"},"10000":{"other":"00 þúsund"},"100000":{"other":"000 þúsund"},"1000000":{"one":"0 milljón","other":"0 milljónir"},"10000000":{"one":"00 milljón","other":"00 milljónir"},"100000000":{"one":"000 milljón","other":"000 milljónir"},"1000000000":{"one":"0 milljarður","other":"0 milljarðar"},"10000000000":{"one":"00 milljarður","other":"00 milljarðar"},"100000000000":{"one":"000 milljarður","other":"000 milljarðar"},"1000000000000":{"one":"0 billjón","other":"0 billjónir"},"10000000000000":{"one":"00 billjón","other":"00 billjónir"},"100000000000000":{"one":"000 billjón","other":"000 billjónir"}},"short":{"1000":{"other":"0 þ'.'"},"10000":{"other":"00 þ'.'"},"100000":{"other":"000 þ'.'"},"1000000":{"other":"0 m'.'"},"10000000":{"other":"00 m'.'"},"100000000":{"other":"000 m'.'"},"1000000000":{"other":"0 ma'.'"},"10000000000":{"other":"00 ma'.'"},"100000000000":{"other":"000 ma'.'"},"1000000000000":{"other":"0 bn"},"10000000000000":{"other":"00 bn"},"100000000000000":{"other":"000 bn"}},"standard":"#,##0.###"}},"nu":["latn"],"percent":{"latn":"#,##0%"},"symbols":{"latn":{"approximatelySign":"~","decimal":",","exponential":"E","group":".","infinity":"∞","list":";","minusSign":"-","nan":"NaN","perMille":"‰","percentSign":"%","plusSign":"+","rangeSign":"–","superscriptingExponent":"×","timeSeparator":":"}}},"units":{"compound":{"per":{"long":"{0} á {1}","narrow":"{0}/{1}","short":"{0}/{1}"}},"simple":{"acre":{"long":{"one":"{0} ekra","other":"{0} ekrur"},"narrow":{"other":"{0} ek."},"perUnit":{},"short":{"other":"{0} ek."}},"bit":{"long":{"one":"{0} biti","other":"{0} bitar"},"narrow":{"one":"{0} biti","other":"{0} bitar"},"perUnit":{},"short":{"one":"{0} biti","other":"{0} bitar"}},"byte":{"long":{"other":"{0} bæti"},"narrow":{"other":"{0} bæti"},"perUnit":{},"short":{"other":"{0} bæti"}},"celsius":{"long":{"one":"{0} gráða á Celsíus","other":"{0} gráður á Celsíus"},"narrow":{"other":"{0}°C"},"perUnit":{},"short":{"other":"{0}°C"}},"centimeter":{"long":{"one":"{0} sentimetri","other":"{0} sentimetrar"},"narrow":{"other":"{0}cm"},"perUnit":{"long":"{0} á sentimetra","narrow":"{0}/cm","short":"{0}/cm"},"short":{"other":"{0} cm"}},"day":{"long":{"one":"{0} dagur","other":"{0} dagar"},"narrow":{"other":"{0} d."},"perUnit":{"long":"{0} á dag","narrow":"{0}/d.","short":"{0}/d."},"short":{"one":"{0} dagur","other":"{0} dagar"}},"degree":{"long":{"one":"{0} gráða","other":"{0} gráður"},"narrow":{"other":"{0}°"},"perUnit":{},"short":{"other":"{0}°"}},"fahrenheit":{"long":{"one":"{0} gráða á Fahrenheit","other":"{0} gráður á Fahrenheit"},"narrow":{"other":"{0}°F"},"perUnit":{},"short":{"other":"{0}°F"}},"fluid-ounce":{"long":{"one":"{0} vökvaúnsa","other":"{0} vökvaúnsur"},"narrow":{"other":"{0} fl oz"},"perUnit":{},"short":{"other":"{0} fl oz"}},"foot":{"long":{"other":"{0} fet"},"narrow":{"other":"{0} fet"},"perUnit":{"long":"{0} á fet","narrow":"{0}/fet","short":"{0}/fet"},"short":{"other":"{0} fet"}},"gallon":{"long":{"other":"{0} gallon"},"narrow":{"other":"{0} gal"},"perUnit":{"long":"{0} á gallon","narrow":"{0}/gal","short":"{0}/gal"},"short":{"other":"{0} gal"}},"gigabit":{"long":{"one":"{0} gígabiti","other":"{0} gígabitar"},"narrow":{"other":"{0} Gb"},"perUnit":{},"short":{"other":"{0} Gb"}},"gigabyte":{"long":{"other":"{0} gígabæti"},"narrow":{"other":"{0} GB"},"perUnit":{},"short":{"other":"{0} GB"}},"gram":{"long":{"one":"{0} gramm","other":"{0} grömm"},"narrow":{"other":"{0} g"},"perUnit":{"long":"{0} á gramm","narrow":"{0}/g","short":"{0}/g"},"short":{"other":"{0} g"}},"hectare":{"long":{"one":"{0} hektari","other":"{0} hektarar"},"narrow":{"other":"{0} ha"},"perUnit":{},"short":{"other":"{0} ha"}},"hour":{"long":{"one":"{0} klukkustund","other":"{0} klukkustundir"},"narrow":{"other":"{0} klst."},"perUnit":{"long":"{0} á klst.","narrow":"{0}/klst.","short":"{0}/klst."},"short":{"other":"{0} klst."}},"inch":{"long":{"one":"{0} tomma","other":"{0} tommur"},"narrow":{"other":"{0}″"},"perUnit":{"long":"{0} á tommu","narrow":"{0}/tom","short":"{0}/t."},"short":{"other":"{0} t."}},"kilobit":{"long":{"one":"{0} kílóbiti","other":"{0} kílóbitar"},"narrow":{"other":"{0} kb"},"perUnit":{},"short":{"other":"{0} kb"}},"kilobyte":{"long":{"other":"{0} kílóbæti"},"narrow":{"other":"{0} kB"},"perUnit":{},"short":{"other":"{0} kB"}},"kilogram":{"long":{"one":"{0} kílógramm","other":"{0} kílógrömm"},"narrow":{"other":"{0} kg"},"perUnit":{"long":"{0} á kílógramm","narrow":"{0}/kg","short":"{0}/kg"},"short":{"other":"{0} kg"}},"kilometer":{"long":{"one":"{0} kílómetri","other":"{0} kílómetrar"},"narrow":{"other":"{0} km"},"perUnit":{"long":"{0} á kílómetra","narrow":"{0}/km","short":"{0}/km"},"short":{"other":"{0} km"}},"kilometer-per-hour":{"long":{"one":"{0} kílómetri á klukkustund","other":"{0} kílómetrar á klukkustund"},"narrow":{"other":"{0} km/klst."},"perUnit":{},"short":{"other":"{0} km/klst."}},"liter":{"long":{"one":"{0} lítri","other":"{0} lítrar"},"narrow":{"other":"{0} l"},"perUnit":{"long":"{0} á lítra","narrow":"{0}/l","short":"{0}/l"},"short":{"other":"{0} l"}},"liter-per-kilometer":{"long":{"one":"{0} lítri á kílómetra","other":"{0} lítrar á kílómetra"},"narrow":{"other":"{0} l/km"},"perUnit":{},"short":{"other":"{0} l/km"}},"megabit":{"long":{"one":"{0} megabiti","other":"{0} megabitar"},"narrow":{"other":"{0} Mb"},"perUnit":{},"short":{"other":"{0} Mb"}},"megabyte":{"long":{"other":"{0} megabæti"},"narrow":{"other":"{0} MB"},"perUnit":{},"short":{"other":"{0} MB"}},"meter":{"long":{"one":"{0} metri","other":"{0} metrar"},"narrow":{"other":"{0}m"},"perUnit":{"long":"{0} á metra","narrow":"{0}/m","short":"{0}/m"},"short":{"other":"{0} m"}},"meter-per-second":{"long":{"one":"{0} metri á sekúndu","other":"{0} metrar á sekúndu"},"narrow":{"other":"{0} m/s"},"perUnit":{},"short":{"other":"{0} m/s"}},"mile":{"long":{"one":"{0} míla","other":"{0} mílur"},"narrow":{"other":"{0} mí"},"perUnit":{},"short":{"other":"{0} mí"}},"mile-per-gallon":{"long":{"one":"{0} míla á gallon","other":"{0} mílur á gallon"},"narrow":{"other":"{0} mí./gal."},"perUnit":{},"short":{"other":"{0} mí./gal."}},"mile-per-hour":{"long":{"one":"{0} míla á klukkustund","other":"{0} mílur á klukkustund"},"narrow":{"one":"{0} míla/klst.","other":"{0} míl./klst."},"perUnit":{},"short":{"one":"{0} míla/klst.","other":"{0} mílur/klst."}},"mile-scandinavian":{"long":{"one":"{0} sænsk míla","other":"{0} sænskar mílur"},"narrow":{"other":"{0} sæ. míl"},"perUnit":{},"short":{"other":"{0} sæ. míl."}},"milliliter":{"long":{"one":"{0} millilítri","other":"{0} millilítrar"},"narrow":{"other":"{0} ml"},"perUnit":{},"short":{"other":"{0} ml"}},"millimeter":{"long":{"one":"{0} millimetri","other":"{0} millimetrar"},"narrow":{"other":"{0}mm"},"perUnit":{},"short":{"other":"{0} mm"}},"millisecond":{"long":{"one":"{0} millisekúnda","other":"{0} millisekúndur"},"narrow":{"other":"{0}ms"},"perUnit":{},"short":{"other":"{0} ms"}},"minute":{"long":{"one":"{0} mínúta","other":"{0} mínútur"},"narrow":{"other":"{0} mín."},"perUnit":{"long":"{0} á mínútu","narrow":"{0}/mín.","short":"{0}/mín."},"short":{"other":"{0} mín."}},"month":{"long":{"one":"{0} mánuður","other":"{0} mánuðir"},"narrow":{"other":"{0} mán."},"perUnit":{"long":"{0} á mánuði","narrow":"{0}/m","short":"{0}/m"},"short":{"other":"{0} mán."}},"ounce":{"long":{"one":"{0} únsa","other":"{0} únsur"},"narrow":{"one":"{0} únsa","other":"{0} únsur"},"perUnit":{"long":"{0} á únsu","narrow":"{0}/oz","short":"{0}/oz"},"short":{"other":"{0} oz"}},"percent":{"long":{"other":"{0} prósent"},"narrow":{"other":"{0}%"},"perUnit":{},"short":{"one":"{0}%","other":"{0} %"}},"petabyte":{"long":{"other":"{0} petabæti"},"narrow":{"other":"{0}PB"},"perUnit":{},"short":{"other":"{0} PB"}},"pound":{"long":{"other":"{0} pund"},"narrow":{"other":"{0} p."},"perUnit":{"long":"{0} á pund","narrow":"{0}/lb","short":"{0}/lb"},"short":{"other":"{0} lb"}},"second":{"long":{"one":"{0} sekúnda","other":"{0} sekúndur"},"narrow":{"other":"{0} sek."},"perUnit":{"long":"{0} á sekúndu","narrow":"{0}/sek.","short":"{0}/sek."},"short":{"other":"{0} sek."}},"stone":{"long":{"one":"{0} stone","other":"{0} stones"},"narrow":{"other":"{0}st"},"perUnit":{},"short":{"other":"{0} st"}},"terabit":{"long":{"one":"{0} terabiti","other":"{0} terabitar"},"narrow":{"other":"{0} Tb"},"perUnit":{},"short":{"other":"{0} Tb"}},"terabyte":{"long":{"other":"{0} terabæti"},"narrow":{"other":"{0} TB"},"perUnit":{},"short":{"other":"{0} TB"}},"week":{"long":{"one":"{0} vika","other":"{0} vikur"},"narrow":{"other":"{0} v."},"perUnit":{"long":"{0} á viku","narrow":"{0}/v","short":"{0}/v"},"short":{"one":"{0} vika","other":"{0} vikur"}},"yard":{"long":{"one":"{0} yard","other":"{0} yardar"},"narrow":{"other":"{0} yd"},"perUnit":{},"short":{"other":"{0} yd"}},"year":{"long":{"other":"{0} ár"},"narrow":{"other":"{0}á"},"perUnit":{"long":"{0} á ári","narrow":"{0}/ár","short":"{0}/ári"},"short":{"other":"{0} ár"}}}}},"locale":"is"}