{"data":{"currencies":{"ADP":{"displayName":{"other":"アンドラ ペセタ"},"narrow":"ADP","symbol":"ADP"},"AED":{"displayName":{"other":"UAE ディルハム"},"narrow":"AED","symbol":"AED"},"AFA":{"displayName":{"other":"アフガニスタン アフガニー (1927–2002)"},"narrow":"AFA","symbol":"AFA"},"AFN":{"displayName":{"other":"アフガニスタン アフガニー"},"narrow":"؋","symbol":"AFN"},"ALK":{"displayName":{"other":"アルバニア レク (1946–1965)"},"narrow":"ALK","symbol":"ALK"},"ALL":{"displayName":{"other":"アルバニア レク"},"narrow":"ALL","symbol":"ALL"},"AMD":{"displayName":{"other":"アルメニア ドラム"},"narrow":"֏","symbol":"AMD"},"ANG":{"displayName":{"other":"オランダ領アンティル ギルダー"},"narrow":"ANG","symbol":"ANG"},"AOA":{"displayName":{"other":"アンゴラ クワンザ"},"narrow":"Kz","symbol":"AOA"},"AOK":{"displayName":{"other":"アンゴラ クワンザ (1977–1991)"},"narrow":"AOK","symbol":"AOK"},"AON":{"displayName":{"other":"アンゴラ 新クワンザ (1990–2000)"},"narrow":"AON","symbol":"AON"},"AOR":{"displayName":{"other":"アンゴラ 旧クワンザ (1995–1999)"},"narrow":"AOR","symbol":"AOR"},"ARA":{"displayName":{"other":"アルゼンチン アゥストラール"},"narrow":"ARA","symbol":"ARA"},"ARL":{"displayName":{"other":"アルゼンチン・ペソ・レイ（1970–1983）"},"narrow":"ARL","symbol":"ARL"},"ARM":{"displayName":{"other":"アルゼンチン・ペソ（1881–1970）"},"narrow":"ARM","symbol":"ARM"},"ARP":{"displayName":{"other":"アルゼンチン ペソ (1983–1985)"},"narrow":"ARP","symbol":"ARP"},"ARS":{"displayName":{"other":"アルゼンチン ペソ"},"narrow":"$","symbol":"ARS"},"ATS":{"displayName":{"other":"オーストリア シリング"},"narrow":"ATS","symbol":"ATS"},"AUD":{"displayName":{"other":"オーストラリア ドル"},"narrow":"$","symbol":"A$"},"AWG":{"displayName":{"other":"アルバ フロリン"},"narrow":"AWG","symbol":"AWG"},"AZM":{"displayName":{"other":"アゼルバイジャン マナト (1993–2006)"},"narrow":"AZM","symbol":"AZM"},"AZN":{"displayName":{"other":"アゼルバイジャン マナト"},"narrow":"₼","symbol":"AZN"},"BAD":{"displayName":{"other":"ボスニア・ヘルツェゴビナ ディナール (1992–1994)"},"narrow":"BAD","symbol":"BAD"},"BAM":{"displayName":{"other":"ボスニア・ヘルツェゴビナ 兌換マルク (BAM)"},"narrow":"KM","symbol":"BAM"},"BAN":{"displayName":{"other":"ボスニア・ヘルツェゴビナ 新ディナール（1994–1997）"},"narrow":"BAN","symbol":"BAN"},"BBD":{"displayName":{"other":"バルバドス ドル"},"narrow":"$","symbol":"BBD"},"BDT":{"displayName":{"other":"バングラデシュ タカ"},"narrow":"৳","symbol":"BDT"},"BEC":{"displayName":{"other":"ベルギー フラン (BEC)"},"narrow":"BEC","symbol":"BEC"},"BEF":{"displayName":{"other":"ベルギー フラン"},"narrow":"BEF","symbol":"BEF"},"BEL":{"displayName":{"other":"ベルギー フラン (BEL)"},"narrow":"BEL","symbol":"BEL"},"BGL":{"displayName":{"other":"ブルガリア レフ"},"narrow":"BGL","symbol":"BGL"},"BGM":{"displayName":{"other":"ブルガリア社会主義 レフ"},"narrow":"BGM","symbol":"BGM"},"BGN":{"displayName":{"other":"ブルガリア 新レフ"},"narrow":"BGN","symbol":"BGN"},"BGO":{"displayName":{"other":"ブルガリア レフ（1879–1952）"},"narrow":"BGO","symbol":"BGO"},"BHD":{"displayName":{"other":"バーレーン ディナール"},"narrow":"BHD","symbol":"BHD"},"BIF":{"displayName":{"other":"ブルンジ フラン"},"narrow":"BIF","symbol":"BIF"},"BMD":{"displayName":{"other":"バミューダ ドル"},"narrow":"$","symbol":"BMD"},"BND":{"displayName":{"other":"ブルネイ ドル"},"narrow":"$","symbol":"BND"},"BOB":{"displayName":{"other":"ボリビア ボリビアーノ"},"narrow":"Bs","symbol":"BOB"},"BOL":{"displayName":{"other":"ボリビア ボリビアーノ (1863–1963)"},"narrow":"BOL","symbol":"BOL"},"BOP":{"displayName":{"other":"ボリビア ペソ"},"narrow":"BOP","symbol":"BOP"},"BOV":{"displayName":{"other":"ボリビア (Mvdol)"},"narrow":"BOV","symbol":"BOV"},"BRB":{"displayName":{"other":"ブラジル 新クルゼイロ (1967–1986)"},"narrow":"BRB","symbol":"BRB"},"BRC":{"displayName":{"other":"ブラジル クルザード (1986–1989)"},"narrow":"BRC","symbol":"BRC"},"BRE":{"displayName":{"other":"ブラジル クルゼイロ (1990–1993)"},"narrow":"BRE","symbol":"BRE"},"BRL":{"displayName":{"other":"ブラジル レアル"},"narrow":"R$","symbol":"R$"},"BRN":{"displayName":{"other":"ブラジル 新クルザード (1989–1990)"},"narrow":"BRN","symbol":"BRN"},"BRR":{"displayName":{"other":"ブラジル クルゼイロ (1993–1994)"},"narrow":"BRR","symbol":"BRR"},"BRZ":{"displayName":{"other":"ブラジル クルゼイロ（1942–1967）"},"narrow":"BRZ","symbol":"BRZ"},"BSD":{"displayName":{"other":"バハマ ドル"},"narrow":"$","symbol":"BSD"},"BTN":{"displayName":{"other":"ブータン ニュルタム"},"narrow":"BTN","symbol":"BTN"},"BUK":{"displayName":{"other":"ビルマ チャット"},"narrow":"BUK","symbol":"BUK"},"BWP":{"displayName":{"other":"ボツワナ プラ"},"narrow":"P","symbol":"BWP"},"BYB":{"displayName":{"other":"ベラルーシ 新ルーブル (1994–1999)"},"narrow":"BYB","symbol":"BYB"},"BYN":{"displayName":{"other":"ベラルーシ ルーブル"},"narrow":"р.","symbol":"BYN"},"BYR":{"displayName":{"other":"ベラルーシ ルーブル (2000–2016)"},"narrow":"BYR","symbol":"BYR"},"BZD":{"displayName":{"other":"ベリーズ ドル"},"narrow":"$","symbol":"BZD"},"CAD":{"displayName":{"other":"カナダ ドル"},"narrow":"$","symbol":"CA$"},"CDF":{"displayName":{"other":"コンゴ フラン"},"narrow":"CDF","symbol":"CDF"},"CHE":{"displayName":{"other":"ユーロ (WIR)"},"narrow":"CHE","symbol":"CHE"},"CHF":{"displayName":{"other":"スイス フラン"},"narrow":"CHF","symbol":"CHF"},"CHW":{"displayName":{"other":"フラン (WIR)"},"narrow":"CHW","symbol":"CHW"},"CLE":{"displayName":{"other":"チリ エスクード"},"narrow":"CLE","symbol":"CLE"},"CLF":{"displayName":{"other":"チリ ウニダ・デ・フォメント (UF)"},"narrow":"CLF","symbol":"CLF"},"CLP":{"displayName":{"other":"チリ ペソ"},"narrow":"$","symbol":"CLP"},"CNH":{"displayName":{"other":"中国人民元(オフショア)"},"narrow":"CNH","symbol":"CNH"},"CNX":{"displayName":{"other":"中国人民銀行ドル"},"narrow":"CNX","symbol":"CNX"},"CNY":{"displayName":{"other":"中国人民元"},"narrow":"￥","symbol":"元"},"COP":{"displayName":{"other":"コロンビア ペソ"},"narrow":"$","symbol":"COP"},"COU":{"displayName":{"other":"コロンビア レアル （UVR)"},"narrow":"COU","symbol":"COU"},"CRC":{"displayName":{"other":"コスタリカ コロン"},"narrow":"₡","symbol":"CRC"},"CSD":{"displayName":{"other":"セルビア ディナール (2002–2006)"},"narrow":"CSD","symbol":"CSD"},"CSK":{"displayName":{"other":"チェコスロバキア コルナ"},"narrow":"CSK","symbol":"CSK"},"CUC":{"displayName":{"other":"キューバ 兌換ペソ"},"narrow":"$","symbol":"CUC"},"CUP":{"displayName":{"other":"キューバ ペソ"},"narrow":"$","symbol":"CUP"},"CVE":{"displayName":{"other":"カーボベルデ エスクード"},"narrow":"CVE","symbol":"CVE"},"CYP":{"displayName":{"other":"キプロス ポンド"},"narrow":"CYP","symbol":"CYP"},"CZK":{"displayName":{"other":"チェコ コルナ"},"narrow":"Kč","symbol":"CZK"},"DDM":{"displayName":{"other":"東ドイツ マルク"},"narrow":"DDM","symbol":"DDM"},"DEM":{"displayName":{"other":"ドイツ マルク"},"narrow":"DEM","symbol":"DEM"},"DJF":{"displayName":{"other":"ジブチ フラン"},"narrow":"DJF","symbol":"DJF"},"DKK":{"displayName":{"other":"デンマーク クローネ"},"narrow":"kr","symbol":"DKK"},"DOP":{"displayName":{"other":"ドミニカ ペソ"},"narrow":"$","symbol":"DOP"},"DZD":{"displayName":{"other":"アルジェリア ディナール"},"narrow":"DZD","symbol":"DZD"},"ECS":{"displayName":{"other":"エクアドル スクレ"},"narrow":"ECS","symbol":"ECS"},"ECV":{"displayName":{"other":"エクアドル (UVC)"},"narrow":"ECV","symbol":"ECV"},"EEK":{"displayName":{"other":"エストニア クルーン"},"narrow":"EEK","symbol":"EEK"},"EGP":{"displayName":{"other":"エジプト ポンド"},"narrow":"E£","symbol":"EGP"},"ERN":{"displayName":{"other":"エリトリア ナクファ"},"narrow":"ERN","symbol":"ERN"},"ESA":{"displayName":{"other":"スペインペセタ（勘定A）"},"narrow":"ESA","symbol":"ESA"},"ESB":{"displayName":{"other":"スペイン 兌換ペセタ"},"narrow":"ESB","symbol":"ESB"},"ESP":{"displayName":{"other":"スペイン ペセタ"},"narrow":"₧","symbol":"ESP"},"ETB":{"displayName":{"other":"エチオピア ブル"},"narrow":"ETB","symbol":"ETB"},"EUR":{"displayName":{"other":"ユーロ"},"narrow":"€","symbol":"€"},"FIM":{"displayName":{"other":"フィンランド マルカ"},"narrow":"FIM","symbol":"FIM"},"FJD":{"displayName":{"other":"フィジー ドル"},"narrow":"$","symbol":"FJD"},"FKP":{"displayName":{"other":"フォークランド（マルビナス）諸島 ポンド"},"narrow":"£","symbol":"FKP"},"FRF":{"displayName":{"other":"フランス フラン"},"narrow":"FRF","symbol":"FRF"},"GBP":{"displayName":{"other":"英国ポンド"},"narrow":"£","symbol":"£"},"GEK":{"displayName":{"other":"ジョージア クーポン ラリ"},"narrow":"GEK","symbol":"GEK"},"GEL":{"displayName":{"other":"ジョージア ラリ"},"narrow":"₾","symbol":"GEL"},"GHC":{"displayName":{"other":"ガーナ セディ (1979–2007)"},"narrow":"GHC","symbol":"GHC"},"GHS":{"displayName":{"other":"ガーナ セディ"},"narrow":"GH₵","symbol":"GHS"},"GIP":{"displayName":{"other":"ジブラルタル ポンド"},"narrow":"£","symbol":"GIP"},"GMD":{"displayName":{"other":"ガンビア ダラシ"},"narrow":"GMD","symbol":"GMD"},"GNF":{"displayName":{"other":"ギニア フラン"},"narrow":"FG","symbol":"GNF"},"GNS":{"displayName":{"other":"ギニア シリー"},"narrow":"GNS","symbol":"GNS"},"GQE":{"displayName":{"other":"赤道ギニア エクウェレ"},"narrow":"GQE","symbol":"GQE"},"GRD":{"displayName":{"other":"ギリシャ ドラクマ"},"narrow":"GRD","symbol":"GRD"},"GTQ":{"displayName":{"other":"グアテマラ ケツァル"},"narrow":"Q","symbol":"GTQ"},"GWE":{"displayName":{"other":"ポルトガル領ギニア エスクード"},"narrow":"GWE","symbol":"GWE"},"GWP":{"displayName":{"other":"ギニアビサウ ペソ"},"narrow":"GWP","symbol":"GWP"},"GYD":{"displayName":{"other":"ガイアナ ドル"},"narrow":"$","symbol":"GYD"},"HKD":{"displayName":{"other":"香港ドル"},"narrow":"$","symbol":"HK$"},"HNL":{"displayName":{"other":"ホンジュラス レンピラ"},"narrow":"L","symbol":"HNL"},"HRD":{"displayName":{"other":"クロアチア ディナール"},"narrow":"HRD","symbol":"HRD"},"HRK":{"displayName":{"other":"クロアチア クーナ"},"narrow":"kn","symbol":"HRK"},"HTG":{"displayName":{"other":"ハイチ グールド"},"narrow":"HTG","symbol":"HTG"},"HUF":{"displayName":{"other":"ハンガリー フォリント"},"narrow":"Ft","symbol":"HUF"},"IDR":{"displayName":{"other":"インドネシア ルピア"},"narrow":"Rp","symbol":"IDR"},"IEP":{"displayName":{"other":"アイリッシュ ポンド"},"narrow":"IEP","symbol":"IEP"},"ILP":{"displayName":{"other":"イスラエル ポンド"},"narrow":"ILP","symbol":"ILP"},"ILR":{"displayName":{"other":"イスラエル シェケル (1980–1985)"},"narrow":"ILR","symbol":"ILR"},"ILS":{"displayName":{"other":"イスラエル新シェケル"},"narrow":"₪","symbol":"₪"},"INR":{"displayName":{"other":"インド ルピー"},"narrow":"₹","symbol":"₹"},"IQD":{"displayName":{"other":"イラク ディナール"},"narrow":"IQD","symbol":"IQD"},"IRR":{"displayName":{"other":"イラン リアル"},"narrow":"IRR","symbol":"IRR"},"ISJ":{"displayName":{"other":"アイスランド クローナ (1918–1981)"},"narrow":"ISJ","symbol":"ISJ"},"ISK":{"displayName":{"other":"アイスランド クローナ"},"narrow":"kr","symbol":"ISK"},"ITL":{"displayName":{"other":"イタリア リラ"},"narrow":"ITL","symbol":"ITL"},"JMD":{"displayName":{"other":"ジャマイカ ドル"},"narrow":"$","symbol":"JMD"},"JOD":{"displayName":{"other":"ヨルダン ディナール"},"narrow":"JOD","symbol":"JOD"},"JPY":{"displayName":{"other":"円"},"narrow":"￥","symbol":"￥"},"KES":{"displayName":{"other":"ケニア シリング"},"narrow":"KES","symbol":"KES"},"KGS":{"displayName":{"other":"キルギス ソム"},"narrow":"KGS","symbol":"KGS"},"KHR":{"displayName":{"other":"カンボジア リエル"},"narrow":"៛","symbol":"KHR"},"KMF":{"displayName":{"other":"コモロ フラン"},"narrow":"CF","symbol":"KMF"},"KPW":{"displayName":{"other":"北朝鮮ウォン"},"narrow":"₩","symbol":"KPW"},"KRH":{"displayName":{"other":"韓国 ファン（1953–1962）"},"narrow":"KRH","symbol":"KRH"},"KRO":{"displayName":{"other":"韓国 ウォン（1945–1953）"},"narrow":"KRO","symbol":"KRO"},"KRW":{"displayName":{"other":"韓国ウォン"},"narrow":"₩","symbol":"₩"},"KWD":{"displayName":{"other":"クウェート ディナール"},"narrow":"KWD","symbol":"KWD"},"KYD":{"displayName":{"other":"ケイマン諸島 ドル"},"narrow":"$","symbol":"KYD"},"KZT":{"displayName":{"other":"カザフスタン テンゲ"},"narrow":"₸","symbol":"KZT"},"LAK":{"displayName":{"other":"ラオス キープ"},"narrow":"₭","symbol":"LAK"},"LBP":{"displayName":{"other":"レバノン ポンド"},"narrow":"L£","symbol":"LBP"},"LKR":{"displayName":{"other":"スリランカ ルピー"},"narrow":"Rs","symbol":"LKR"},"LRD":{"displayName":{"other":"リベリア ドル"},"narrow":"$","symbol":"LRD"},"LSL":{"displayName":{"other":"レソト ロティ"},"narrow":"LSL","symbol":"LSL"},"LTL":{"displayName":{"other":"リトアニア リタス"},"narrow":"Lt","symbol":"LTL"},"LTT":{"displayName":{"other":"リトアニア タロナ"},"narrow":"LTT","symbol":"LTT"},"LUC":{"displayName":{"other":"ルクセンブルク 兌換フラン"},"narrow":"LUC","symbol":"LUC"},"LUF":{"displayName":{"other":"ルクセンブルグ フラン"},"narrow":"LUF","symbol":"LUF"},"LUL":{"displayName":{"other":"ルクセンブルク 金融フラン"},"narrow":"LUL","symbol":"LUL"},"LVL":{"displayName":{"other":"ラトビア ラッツ"},"narrow":"Ls","symbol":"LVL"},"LVR":{"displayName":{"other":"ラトビア ルーブル"},"narrow":"LVR","symbol":"LVR"},"LYD":{"displayName":{"other":"リビア ディナール"},"narrow":"LYD","symbol":"LYD"},"MAD":{"displayName":{"other":"モロッコ ディルハム"},"narrow":"MAD","symbol":"MAD"},"MAF":{"displayName":{"other":"モロッコ フラン"},"narrow":"MAF","symbol":"MAF"},"MCF":{"displayName":{"other":"モネガスク フラン"},"narrow":"MCF","symbol":"MCF"},"MDC":{"displayName":{"other":"モルドバ クーポン"},"narrow":"MDC","symbol":"MDC"},"MDL":{"displayName":{"other":"モルドバ レイ"},"narrow":"MDL","symbol":"MDL"},"MGA":{"displayName":{"other":"マダガスカル アリアリ"},"narrow":"Ar","symbol":"MGA"},"MGF":{"displayName":{"other":"マラガシ フラン"},"narrow":"MGF","symbol":"MGF"},"MKD":{"displayName":{"other":"マケドニア デナル"},"narrow":"MKD","symbol":"MKD"},"MKN":{"displayName":{"other":"マケドニア ディナール（1992–1993）"},"narrow":"MKN","symbol":"MKN"},"MLF":{"displayName":{"other":"マリ フラン"},"narrow":"MLF","symbol":"MLF"},"MMK":{"displayName":{"other":"ミャンマー チャット"},"narrow":"K","symbol":"MMK"},"MNT":{"displayName":{"other":"モンゴル トグログ"},"narrow":"₮","symbol":"MNT"},"MOP":{"displayName":{"other":"マカオ パタカ"},"narrow":"MOP","symbol":"MOP"},"MRO":{"displayName":{"other":"モーリタニア ウギア (1973–2017)"},"narrow":"MRO","symbol":"MRO"},"MRU":{"displayName":{"other":"モーリタニア ウギア"},"narrow":"MRU","symbol":"MRU"},"MTL":{"displayName":{"other":"マルタ リラ"},"narrow":"MTL","symbol":"MTL"},"MTP":{"displayName":{"other":"マルタ ポンド"},"narrow":"MTP","symbol":"MTP"},"MUR":{"displayName":{"other":"モーリシャス ルピー"},"narrow":"Rs","symbol":"MUR"},"MVP":{"displayName":{"other":"モルディブ諸島 ルピー"},"narrow":"MVP","symbol":"MVP"},"MVR":{"displayName":{"other":"モルディブ ルフィア"},"narrow":"MVR","symbol":"MVR"},"MWK":{"displayName":{"other":"マラウィ クワチャ"},"narrow":"MWK","symbol":"MWK"},"MXN":{"displayName":{"other":"メキシコ ペソ"},"narrow":"$","symbol":"MX$"},"MXP":{"displayName":{"other":"メキシコ ペソ (1861–1992)"},"narrow":"MXP","symbol":"MXP"},"MXV":{"displayName":{"other":"メキシコ (UDI)"},"narrow":"MXV","symbol":"MXV"},"MYR":{"displayName":{"other":"マレーシア リンギット"},"narrow":"RM","symbol":"MYR"},"MZE":{"displayName":{"other":"モザンピーク エスクード"},"narrow":"MZE","symbol":"MZE"},"MZM":{"displayName":{"other":"モザンビーク メティカル (1980–2006)"},"narrow":"MZM","symbol":"MZM"},"MZN":{"displayName":{"other":"モザンビーク メティカル"},"narrow":"MZN","symbol":"MZN"},"NAD":{"displayName":{"other":"ナミビア ドル"},"narrow":"$","symbol":"NAD"},"NGN":{"displayName":{"other":"ナイジェリア ナイラ"},"narrow":"₦","symbol":"NGN"},"NIC":{"displayName":{"other":"ニカラグア コルドバ (1988–1991)"},"narrow":"NIC","symbol":"NIC"},"NIO":{"displayName":{"other":"ニカラグア コルドバ オロ"},"narrow":"C$","symbol":"NIO"},"NLG":{"displayName":{"other":"オランダ ギルダー"},"narrow":"NLG","symbol":"NLG"},"NOK":{"displayName":{"other":"ノルウェー クローネ"},"narrow":"kr","symbol":"NOK"},"NPR":{"displayName":{"other":"ネパール ルピー"},"narrow":"Rs","symbol":"NPR"},"NZD":{"displayName":{"other":"ニュージーランド ドル"},"narrow":"$","symbol":"NZ$"},"OMR":{"displayName":{"other":"オマーン リアル"},"narrow":"OMR","symbol":"OMR"},"PAB":{"displayName":{"other":"パナマ バルボア"},"narrow":"PAB","symbol":"PAB"},"PEI":{"displayName":{"other":"ペルー インティ"},"narrow":"PEI","symbol":"PEI"},"PEN":{"displayName":{"other":"ペルー ソル"},"narrow":"PEN","symbol":"PEN"},"PES":{"displayName":{"other":"ペルー ソル (1863–1965)"},"narrow":"PES","symbol":"PES"},"PGK":{"displayName":{"other":"パプアニューギニア キナ"},"narrow":"PGK","symbol":"PGK"},"PHP":{"displayName":{"other":"フィリピン ペソ"},"narrow":"₱","symbol":"PHP"},"PKR":{"displayName":{"other":"パキスタン ルピー"},"narrow":"Rs","symbol":"PKR"},"PLN":{"displayName":{"other":"ポーランド ズウォティ"},"narrow":"zł","symbol":"PLN"},"PLZ":{"displayName":{"other":"ポーランド ズウォティ (1950–1995)"},"narrow":"PLZ","symbol":"PLZ"},"PTE":{"displayName":{"other":"ポルトガル エスクード"},"narrow":"PTE","symbol":"PTE"},"PYG":{"displayName":{"other":"パラグアイ グアラニ"},"narrow":"₲","symbol":"PYG"},"QAR":{"displayName":{"other":"カタール リアル"},"narrow":"QAR","symbol":"QAR"},"RHD":{"displayName":{"other":"ローデシア ドル"},"narrow":"RHD","symbol":"RHD"},"ROL":{"displayName":{"other":"ルーマニア レイ (1952–2006)"},"narrow":"ROL","symbol":"ROL"},"RON":{"displayName":{"other":"ルーマニア レイ"},"narrow":"レイ","symbol":"RON"},"RSD":{"displayName":{"other":"ディナール (セルビア)"},"narrow":"RSD","symbol":"RSD"},"RUB":{"displayName":{"other":"ロシア ルーブル"},"narrow":"₽","symbol":"RUB"},"RUR":{"displayName":{"other":"ロシア ルーブル (1991–1998)"},"narrow":"RUR","symbol":"RUR"},"RWF":{"displayName":{"other":"ルワンダ フラン"},"narrow":"RF","symbol":"RWF"},"SAR":{"displayName":{"other":"サウジ リヤル"},"narrow":"SAR","symbol":"SAR"},"SBD":{"displayName":{"other":"ソロモン諸島 ドル"},"narrow":"$","symbol":"SBD"},"SCR":{"displayName":{"other":"セーシェル ルピー"},"narrow":"SCR","symbol":"SCR"},"SDD":{"displayName":{"other":"スーダン ディナール (1992–2007)"},"narrow":"SDD","symbol":"SDD"},"SDG":{"displayName":{"other":"スーダン ポンド"},"narrow":"SDG","symbol":"SDG"},"SDP":{"displayName":{"other":"スーダン ポンド (1957–1998)"},"narrow":"SDP","symbol":"SDP"},"SEK":{"displayName":{"other":"スウェーデン クローナ"},"narrow":"kr","symbol":"SEK"},"SGD":{"displayName":{"other":"シンガポール ドル"},"narrow":"$","symbol":"SGD"},"SHP":{"displayName":{"other":"セントヘレナ ポンド"},"narrow":"£","symbol":"SHP"},"SIT":{"displayName":{"other":"スロベニア トラール"},"narrow":"SIT","symbol":"SIT"},"SKK":{"displayName":{"other":"スロバキア コルナ"},"narrow":"SKK","symbol":"SKK"},"SLL":{"displayName":{"other":"シエラレオネ レオン"},"narrow":"SLL","symbol":"SLL"},"SOS":{"displayName":{"other":"ソマリア シリング"},"narrow":"SOS","symbol":"SOS"},"SRD":{"displayName":{"other":"スリナム ドル"},"narrow":"$","symbol":"SRD"},"SRG":{"displayName":{"other":"スリナム ギルダー"},"narrow":"SRG","symbol":"SRG"},"SSP":{"displayName":{"other":"南スーダン ポンド"},"narrow":"£","symbol":"SSP"},"STD":{"displayName":{"other":"サントメ・プリンシペ ドブラ (1977–2017)"},"narrow":"STD","symbol":"STD"},"STN":{"displayName":{"other":"サントメ・プリンシペ ドブラ"},"narrow":"Db","symbol":"STN"},"SUR":{"displayName":{"other":"ソ連 ルーブル"},"narrow":"SUR","symbol":"SUR"},"SVC":{"displayName":{"other":"エルサルバドル コロン"},"narrow":"SVC","symbol":"SVC"},"SYP":{"displayName":{"other":"シリア ポンド"},"narrow":"£","symbol":"SYP"},"SZL":{"displayName":{"other":"スワジランド リランゲニ"},"narrow":"SZL","symbol":"SZL"},"THB":{"displayName":{"other":"タイ バーツ"},"narrow":"฿","symbol":"THB"},"TJR":{"displayName":{"other":"タジキスタン ルーブル"},"narrow":"TJR","symbol":"TJR"},"TJS":{"displayName":{"other":"タジキスタン ソモニ"},"narrow":"TJS","symbol":"TJS"},"TMM":{"displayName":{"other":"トルクメニスタン マナト (1993–2009)"},"narrow":"TMM","symbol":"TMM"},"TMT":{"displayName":{"other":"トルクメニスタン マナト"},"narrow":"TMT","symbol":"TMT"},"TND":{"displayName":{"other":"チュニジア ディナール"},"narrow":"TND","symbol":"TND"},"TOP":{"displayName":{"other":"トンガ パ・アンガ"},"narrow":"T$","symbol":"TOP"},"TPE":{"displayName":{"other":"ティモール エスクード"},"narrow":"TPE","symbol":"TPE"},"TRL":{"displayName":{"other":"トルコ リラ (1922–2005)"},"narrow":"TRL","symbol":"TRL"},"TRY":{"displayName":{"other":"トルコリラ"},"narrow":"₺","symbol":"TRY"},"TTD":{"displayName":{"other":"トリニダード・トバゴ ドル"},"narrow":"$","symbol":"TTD"},"TWD":{"displayName":{"other":"新台湾ドル"},"narrow":"$","symbol":"NT$"},"TZS":{"displayName":{"other":"タンザニア シリング"},"narrow":"TZS","symbol":"TZS"},"UAH":{"displayName":{"other":"ウクライナ グリブナ"},"narrow":"₴","symbol":"UAH"},"UAK":{"displayName":{"other":"ウクライナ カルボバネツ"},"narrow":"UAK","symbol":"UAK"},"UGS":{"displayName":{"other":"ウガンダ シリング (1966–1987)"},"narrow":"UGS","symbol":"UGS"},"UGX":{"displayName":{"other":"ウガンダ シリング"},"narrow":"UGX","symbol":"UGX"},"USD":{"displayName":{"other":"米ドル"},"narrow":"$","symbol":"$"},"USN":{"displayName":{"other":"米ドル (翌日)"},"narrow":"USN","symbol":"USN"},"USS":{"displayName":{"other":"米ドル (当日)"},"narrow":"USS","symbol":"USS"},"UYI":{"displayName":{"other":"ウルグアイ ペソエン"},"narrow":"UYI","symbol":"UYI"},"UYP":{"displayName":{"other":"ウルグアイ ペソ (1975–1993)"},"narrow":"UYP","symbol":"UYP"},"UYU":{"displayName":{"other":"ウルグアイ ペソ"},"narrow":"$","symbol":"UYU"},"UZS":{"displayName":{"other":"ウズベキスタン スム"},"narrow":"UZS","symbol":"UZS"},"VEB":{"displayName":{"other":"ベネズエラ ボリバル (1871–2008)"},"narrow":"VEB","symbol":"VEB"},"VEF":{"displayName":{"other":"ベネズエラ ボリバル (2008–2018)"},"narrow":"Bs","symbol":"VEF"},"VES":{"displayName":{"other":"ベネズエラ ボリバル"},"narrow":"VES","symbol":"VES"},"VND":{"displayName":{"other":"ベトナム ドン"},"narrow":"₫","symbol":"₫"},"VNN":{"displayName":{"other":"ベトナム ドン（1978–1985）"},"narrow":"VNN","symbol":"VNN"},"VUV":{"displayName":{"other":"バヌアツ バツ"},"narrow":"VUV","symbol":"VUV"},"WST":{"displayName":{"other":"サモア タラ"},"narrow":"WST","symbol":"WST"},"XAF":{"displayName":{"other":"中央アフリカ CFA フラン"},"narrow":"FCFA","symbol":"FCFA"},"XAG":{"displayName":{"other":"銀"},"narrow":"XAG","symbol":"XAG"},"XAU":{"displayName":{"other":"金"},"narrow":"XAU","symbol":"XAU"},"XBA":{"displayName":{"other":"ヨーロッパ混合単位 (EURCO)"},"narrow":"XBA","symbol":"XBA"},"XBB":{"displayName":{"other":"ヨーロッパ通貨単位 (EMU–6)"},"narrow":"XBB","symbol":"XBB"},"XBC":{"displayName":{"other":"ヨーロッパ勘定単位 (EUA–9)"},"narrow":"XBC","symbol":"XBC"},"XBD":{"displayName":{"other":"ヨーロッパ勘定単位 (EUA–17)"},"narrow":"XBD","symbol":"XBD"},"XCD":{"displayName":{"other":"東カリブ ドル"},"narrow":"$","symbol":"EC$"},"XDR":{"displayName":{"other":"特別引き出し権"},"narrow":"XDR","symbol":"XDR"},"XEU":{"displayName":{"other":"ヨーロッパ通貨単位"},"narrow":"XEU","symbol":"XEU"},"XFO":{"displayName":{"other":"フランス金フラン"},"narrow":"XFO","symbol":"XFO"},"XFU":{"displayName":{"other":"フランス フラン (UIC)"},"narrow":"XFU","symbol":"XFU"},"XOF":{"displayName":{"other":"西アフリカ CFA フラン"},"narrow":"F CFA","symbol":"F CFA"},"XPD":{"displayName":{"other":"パラジウム"},"narrow":"XPD","symbol":"XPD"},"XPF":{"displayName":{"other":"CFP フラン"},"narrow":"CFPF","symbol":"CFPF"},"XPT":{"displayName":{"other":"プラチナ"},"narrow":"XPT","symbol":"XPT"},"XRE":{"displayName":{"other":"RINET基金"},"narrow":"XRE","symbol":"XRE"},"XSU":{"displayName":{"other":"スクレ"},"narrow":"XSU","symbol":"XSU"},"XTS":{"displayName":{"other":"テスト用通貨コード"},"narrow":"XTS","symbol":"XTS"},"XUA":{"displayName":{"other":"UA (アフリカ開発銀行)"},"narrow":"XUA","symbol":"XUA"},"XXX":{"displayName":{"other":"不明または無効な通貨"},"narrow":"XXX","symbol":"XXX"},"YDD":{"displayName":{"other":"イエメン ディナール"},"narrow":"YDD","symbol":"YDD"},"YER":{"displayName":{"other":"イエメン リアル"},"narrow":"YER","symbol":"YER"},"YUD":{"displayName":{"other":"ユーゴスラビア ハード・ディナール (1966–1990)"},"narrow":"YUD","symbol":"YUD"},"YUM":{"displayName":{"other":"ユーゴスラビア ノビ・ディナール (1994–2002)"},"narrow":"YUM","symbol":"YUM"},"YUN":{"displayName":{"other":"ユーゴスラビア 兌換ディナール (1990–1992)"},"narrow":"YUN","symbol":"YUN"},"YUR":{"displayName":{"other":"ユーゴスラビア 改革ディナール（1992–1993）"},"narrow":"YUR","symbol":"YUR"},"ZAL":{"displayName":{"other":"南アフリカ ランド (ZAL)"},"narrow":"ZAL","symbol":"ZAL"},"ZAR":{"displayName":{"other":"南アフリカ ランド"},"narrow":"R","symbol":"ZAR"},"ZMK":{"displayName":{"other":"ザンビア クワチャ (1968–2012)"},"narrow":"ZMK","symbol":"ZMK"},"ZMW":{"displayName":{"other":"ザンビア クワチャ"},"narrow":"ZK","symbol":"ZMW"},"ZRN":{"displayName":{"other":"ザイール 新ザイール (1993–1998)"},"narrow":"ZRN","symbol":"ZRN"},"ZRZ":{"displayName":{"other":"ザイール ザイール (1971–1993)"},"narrow":"ZRZ","symbol":"ZRZ"},"ZWD":{"displayName":{"other":"ジンバブエ ドル (1980–2008)"},"narrow":"ZWD","symbol":"ZWD"},"ZWL":{"displayName":{"other":"ジンバブエ ドル (2009)"},"narrow":"ZWL","symbol":"ZWL"},"ZWR":{"displayName":{"other":"シンバブエ ドル（2008）"},"narrow":"ZWR","symbol":"ZWR"}},"nu":["latn"],"numbers":{"currency":{"latn":{"accounting":"¤#,##0.00;(¤#,##0.00)","currencySpacing":{"afterInsertBetween":" ","beforeInsertBetween":" "},"short":{"1000":{"other":"0"},"10000":{"other":"¤0万"},"100000":{"other":"¤00万"},"1000000":{"other":"¤000万"},"10000000":{"other":"¤0000万"},"100000000":{"other":"¤0億"},"1000000000":{"other":"¤00億"},"10000000000":{"other":"¤000億"},"100000000000":{"other":"¤0000億"},"1000000000000":{"other":"¤0兆"},"10000000000000":{"other":"¤00兆"},"100000000000000":{"other":"¤000兆"}},"standard":"¤#,##0.00","unitPattern":"{0}{1}"}},"decimal":{"latn":{"long":{"1000":{"other":"0"},"10000":{"other":"0万"},"100000":{"other":"00万"},"1000000":{"other":"000万"},"10000000":{"other":"0000万"},"100000000":{"other":"0億"},"1000000000":{"other":"00億"},"10000000000":{"other":"000億"},"100000000000":{"other":"0000億"},"1000000000000":{"other":"0兆"},"10000000000000":{"other":"00兆"},"100000000000000":{"other":"000兆"}},"short":{"1000":{"other":"0"},"10000":{"other":"0万"},"100000":{"other":"00万"},"1000000":{"other":"000万"},"10000000":{"other":"0000万"},"100000000":{"other":"0億"},"1000000000":{"other":"00億"},"10000000000":{"other":"000億"},"100000000000":{"other":"0000億"},"1000000000000":{"other":"0兆"},"10000000000000":{"other":"00兆"},"100000000000000":{"other":"000兆"}},"standard":"#,##0.###"}},"nu":["latn"],"percent":{"latn":"#,##0%"},"symbols":{"latn":{"approximatelySign":"約","decimal":".","exponential":"E","group":",","infinity":"∞","list":";","minusSign":"-","nan":"NaN","perMille":"‰","percentSign":"%","plusSign":"+","rangeSign":"～","superscriptingExponent":"×","timeSeparator":":"}}},"units":{"compound":{"per":{"long":"{0}毎{1}","narrow":"{0}/{1}","short":"{0}/{1}"}},"simple":{"acre":{"long":{"other":"{0} エーカー"},"narrow":{"other":"{0}ac"},"perUnit":{},"short":{"other":"{0} ac"}},"bit":{"long":{"other":"{0} ビット"},"narrow":{"other":"{0}b"},"perUnit":{},"short":{"other":"{0} bit"}},"byte":{"long":{"other":"{0} バイト"},"narrow":{"other":"{0}B"},"perUnit":{},"short":{"other":"{0} byte"}},"celsius":{"long":{"other":"摂氏 {0} 度"},"narrow":{"other":"{0}°C"},"perUnit":{},"short":{"other":"{0}°C"}},"centimeter":{"long":{"other":"{0} センチメートル"},"narrow":{"other":"{0}cm"},"perUnit":{"long":"{0}/センチメートル","narrow":"{0}/cm","short":"{0}/cm"},"short":{"other":"{0} cm"}},"day":{"long":{"other":"{0} 日"},"narrow":{"other":"{0}d"},"perUnit":{"long":"{0}/日","narrow":"{0}/日","short":"{0}/日"},"short":{"other":"{0} 日"}},"degree":{"long":{"other":"{0} 度"},"narrow":{"other":"{0}°"},"perUnit":{},"short":{"other":"{0} 度"}},"fahrenheit":{"long":{"other":"華氏 {0} 度"},"narrow":{"other":"{0}°F"},"perUnit":{},"short":{"other":"{0}°F"}},"fluid-ounce":{"long":{"other":"{0} 液量オンス"},"narrow":{"other":"{0}fl oz"},"perUnit":{},"short":{"other":"{0} fl oz"}},"foot":{"long":{"other":"{0} フィート"},"narrow":{"other":"{0}′"},"perUnit":{"long":"{0}/フィート","narrow":"{0}/ft","short":"{0}/ft"},"short":{"other":"{0} ft"}},"gallon":{"long":{"other":"{0} ガロン"},"narrow":{"other":"{0}gal"},"perUnit":{"long":"{0}/ガロン","narrow":"{0}/gal","short":"{0}/gal"},"short":{"other":"{0} gal"}},"gigabit":{"long":{"other":"{0} ギガビット"},"narrow":{"other":"{0}Gb"},"perUnit":{},"short":{"other":"{0} Gb"}},"gigabyte":{"long":{"other":"{0} ギガバイト"},"narrow":{"other":"{0}GB"},"perUnit":{},"short":{"other":"{0} GB"}},"gram":{"long":{"other":"{0} グラム"},"narrow":{"other":"{0}g"},"perUnit":{"long":"{0}/グラム","narrow":"{0}/g","short":"{0}/g"},"short":{"other":"{0} g"}},"hectare":{"long":{"other":"{0} ヘクタール"},"narrow":{"other":"{0}ha"},"perUnit":{},"short":{"other":"{0} ha"}},"hour":{"long":{"other":"{0} 時間"},"narrow":{"other":"{0}h"},"perUnit":{"long":"{0}/時間","narrow":"{0}/時間","short":"{0}/時間"},"short":{"other":"{0} 時間"}},"inch":{"long":{"other":"{0} インチ"},"narrow":{"other":"{0}″"},"perUnit":{"long":"{0}/インチ","narrow":"{0}/in","short":"{0}/in"},"short":{"other":"{0} in"}},"kilobit":{"long":{"other":"{0} キロビット"},"narrow":{"other":"{0}kb"},"perUnit":{},"short":{"other":"{0} kb"}},"kilobyte":{"long":{"other":"{0} キロバイト"},"narrow":{"other":"{0}KB"},"perUnit":{},"short":{"other":"{0} KB"}},"kilogram":{"long":{"other":"{0} キログラム"},"narrow":{"other":"{0}kg"},"perUnit":{"long":"{0}/キログラム","narrow":"{0}/kg","short":"{0}/kg"},"short":{"other":"{0} kg"}},"kilometer":{"long":{"other":"{0} キロメートル"},"narrow":{"other":"{0}km"},"perUnit":{"long":"{0}/キロメートル","narrow":"{0}/km","short":"{0}/km"},"short":{"other":"{0} km"}},"kilometer-per-hour":{"long":{"other":"時速 {0} キロメートル"},"narrow":{"other":"{0}km/h"},"perUnit":{},"short":{"other":"{0} km/h"}},"liter":{"long":{"other":"{0} リットル"},"narrow":{"other":"{0}L"},"perUnit":{"long":"{0}/リットル","narrow":"{0}/L","short":"{0}/L"},"short":{"other":"{0} L"}},"liter-per-kilometer":{"long":{"other":"{0} リットル毎キロメートル"},"narrow":{"other":"{0}L/km"},"perUnit":{},"short":{"other":"{0} L/km"}},"megabit":{"long":{"other":"{0} メガビット"},"narrow":{"other":"{0}Mb"},"perUnit":{},"short":{"other":"{0} Mb"}},"megabyte":{"long":{"other":"{0} メガバイト"},"narrow":{"other":"{0}MB"},"perUnit":{},"short":{"other":"{0} MB"}},"meter":{"long":{"other":"{0} メートル"},"narrow":{"other":"{0}m"},"perUnit":{"long":"{0}/メートル","narrow":"{0}/m","short":"{0}/m"},"short":{"other":"{0} m"}},"meter-per-second":{"long":{"other":"秒速 {0} メートル"},"narrow":{"other":"{0}m/s"},"perUnit":{},"short":{"other":"{0} m/s"}},"mile":{"long":{"other":"{0} マイル"},"narrow":{"other":"{0}mi"},"perUnit":{},"short":{"other":"{0} mi"}},"mile-per-gallon":{"long":{"other":"{0} マイル毎ガロン"},"narrow":{"other":"{0}mpg"},"perUnit":{},"short":{"other":"{0} mpg"}},"mile-per-hour":{"long":{"other":"時速 {0} マイル"},"narrow":{"other":"{0}mi/h"},"perUnit":{},"short":{"other":"{0} mph"}},"mile-scandinavian":{"long":{"other":"{0} スカンジナビアマイル"},"narrow":{"other":"{0}smi"},"perUnit":{},"short":{"other":"{0} smi"}},"milliliter":{"long":{"other":"{0} ミリリットル"},"narrow":{"other":"{0}ml"},"perUnit":{},"short":{"other":"{0} ml"}},"millimeter":{"long":{"other":"{0} ミリメートル"},"narrow":{"other":"{0}mm"},"perUnit":{},"short":{"other":"{0} mm"}},"millisecond":{"long":{"other":"{0} ミリ秒"},"narrow":{"other":"{0}ms"},"perUnit":{},"short":{"other":"{0} ms"}},"minute":{"long":{"other":"{0} 分"},"narrow":{"other":"{0}m"},"perUnit":{"long":"{0}/分","narrow":"{0}/分","short":"{0}/分"},"short":{"other":"{0} 分"}},"month":{"long":{"other":"{0} か月"},"narrow":{"other":"{0}m"},"perUnit":{"long":"{0}/月","narrow":"{0}/月","short":"{0}/月"},"short":{"other":"{0} か月"}},"ounce":{"long":{"other":"{0} オンス"},"narrow":{"other":"{0}oz"},"perUnit":{"long":"{0}/オンス","narrow":"{0}/oz","short":"{0}/oz"},"short":{"other":"{0} oz"}},"percent":{"long":{"other":"{0} パーセント"},"narrow":{"other":"{0}%"},"perUnit":{},"short":{"other":"{0}%"}},"petabyte":{"long":{"other":"{0} ペタバイト"},"narrow":{"other":"{0}PB"},"perUnit":{},"short":{"other":"{0} PB"}},"pound":{"long":{"other":"{0} ポンド"},"narrow":{"other":"{0}lb"},"perUnit":{"long":"{0}/ポンド","narrow":"{0}/lb","short":"{0}/lb"},"short":{"other":"{0} lb"}},"second":{"long":{"other":"{0} 秒"},"narrow":{"other":"{0}s"},"perUnit":{"long":"{0}/秒","narrow":"{0}/秒","short":"{0}/秒"},"short":{"other":"{0} 秒"}},"stone":{"long":{"other":"{0} ストーン"},"narrow":{"other":"{0}st"},"perUnit":{},"short":{"other":"{0} st"}},"terabit":{"long":{"other":"{0} テラビット"},"narrow":{"other":"{0}Tb"},"perUnit":{},"short":{"other":"{0} Tb"}},"terabyte":{"long":{"other":"{0} テラバイト"},"narrow":{"other":"{0}TB"},"perUnit":{},"short":{"other":"{0} TB"}},"week":{"long":{"other":"{0} 週間"},"narrow":{"other":"{0}w"},"perUnit":{"long":"{0}/週","narrow":"{0}/週","short":"{0}/週"},"short":{"other":"{0} 週間"}},"yard":{"long":{"other":"{0} ヤード"},"narrow":{"other":"{0}yd"},"perUnit":{},"short":{"other":"{0} yd"}},"year":{"long":{"other":"{0} 年"},"narrow":{"other":"{0}y"},"perUnit":{"long":"{0}/年","narrow":"{0}/年","short":"{0}/年"},"short":{"other":"{0} 年"}}}}},"locale":"ja"}