{"data":{"currencies":{"ADP":{"displayName":{"one":"Andorranesch Peseta","other":"Andorranesch Peseten"},"narrow":"ADP","symbol":"ADP"},"AED":{"displayName":{"other":"VAE-Dirham"},"narrow":"AED","symbol":"AED"},"AFA":{"displayName":{"other":"Afghanesch Afghani (1927–2002)"},"narrow":"AFA","symbol":"AFA"},"AFN":{"displayName":{"other":"Afghanesch Afghani"},"narrow":"؋","symbol":"AFN"},"ALL":{"displayName":{"one":"Albanesche Lek","other":"Albanesch Lek"},"narrow":"ALL","symbol":"ALL"},"AMD":{"displayName":{"one":"Armeneschen Dram","other":"Armenesch Dram"},"narrow":"֏","symbol":"AMD"},"ANG":{"displayName":{"other":"Antillen-Gulden"},"narrow":"ANG","symbol":"ANG"},"AOA":{"displayName":{"one":"Angolaneschen Kwanza","other":"Angolanesch Kwanza"},"narrow":"Kz","symbol":"AOA"},"AOK":{"displayName":{"one":"Angolanesche Kwanza (1977–1990)","other":"Angolanesch Kwanza (1977–1990)"},"narrow":"AOK","symbol":"AOK"},"AON":{"displayName":{"one":"Angolaneschen Neie Kwanza (1990–2000)","other":"Angolanesch Nei Kwanza (1990–2000)"},"narrow":"AON","symbol":"AON"},"AOR":{"displayName":{"one":"Angolanesche Kwanza Reajustado (1995–1999)","other":"Angolanesch Kwanza Reajustado (1995–1999)"},"narrow":"AOR","symbol":"AOR"},"ARA":{"displayName":{"one":"Argentineschen Austral","other":"Argentinesch Austral"},"narrow":"ARA","symbol":"ARA"},"ARP":{"displayName":{"one":"Argentinesche Peso (1983–1985)","other":"Argentinesch Pesos (1983–1985)"},"narrow":"ARP","symbol":"ARP"},"ARS":{"displayName":{"one":"Argentinesche Peso","other":"Argentinesch Pesos"},"narrow":"$","symbol":"ARS"},"ATS":{"displayName":{"one":"Éisträichesche Schilling","other":"Éisträichesch Schilling"},"narrow":"öS","symbol":"öS"},"AUD":{"displayName":{"one":"Australeschen Dollar","other":"Australesch Dollar"},"narrow":"$","symbol":"AU$"},"AWG":{"displayName":{"other":"Aruba-Florin"},"narrow":"AWG","symbol":"AWG"},"AZM":{"displayName":{"other":"Aserbaidschan-Manat (1993–2006)"},"narrow":"AZM","symbol":"AZM"},"AZN":{"displayName":{"other":"Aserbaidschan-Manat"},"narrow":"₼","symbol":"AZN"},"BAD":{"displayName":{"one":"Bosnien an Herzegowina Dinar (1992–1994)","other":"Bosnien an Herzegowina Dinaren (1992–1994)"},"narrow":"BAD","symbol":"BAD"},"BAM":{"displayName":{"other":"Bosnien an Herzegowina Konvertéierbar Mark"},"narrow":"KM","symbol":"BAM"},"BBD":{"displayName":{"other":"Barbados-Dollar"},"narrow":"$","symbol":"BBD"},"BDT":{"displayName":{"other":"Bangladesch-Taka"},"narrow":"৳","symbol":"BDT"},"BEC":{"displayName":{"one":"Belsche Frang (konvertibel)","other":"Belsch Frang (konvertibel)"},"narrow":"BEC","symbol":"BEC"},"BEF":{"displayName":{"one":"Belsche Frang","other":"Belsch Frang"},"narrow":"BEF","symbol":"BEF"},"BEL":{"displayName":{"one":"Belsche Finanz-Frang","other":"Belsch Finanz-Frang"},"narrow":"BEL","symbol":"BEL"},"BGL":{"displayName":{"one":"Bulgaresche Lew (1962–1999)","other":"Bulgaresch Lew (1962–1999)"},"narrow":"BGL","symbol":"BGL"},"BGN":{"displayName":{"one":"Bulgaresche Lew","other":"Bulgaresch Lew"},"narrow":"BGN","symbol":"BGN"},"BHD":{"displayName":{"one":"Bahrain-Dinar","other":"Bahrain-Dinaren"},"narrow":"BHD","symbol":"BHD"},"BIF":{"displayName":{"other":"Burundi-Frang"},"narrow":"BIF","symbol":"BIF"},"BMD":{"displayName":{"other":"Bermuda-Dollar"},"narrow":"$","symbol":"BMD"},"BND":{"displayName":{"other":"Brunei-Dollar"},"narrow":"$","symbol":"BND"},"BOB":{"displayName":{"one":"Bolivianesche Boliviano","other":"Bolivianesch Bolivianos"},"narrow":"Bs","symbol":"BOB"},"BOP":{"displayName":{"one":"Bolivianesche Peso","other":"Bolivianesch Pesos"},"narrow":"BOP","symbol":"BOP"},"BOV":{"displayName":{"one":"Bolivianseche Mvdol","other":"Bolivianesch Mvdol"},"narrow":"BOV","symbol":"BOV"},"BRB":{"displayName":{"one":"Brasilianesche Cruzeiro Novo (1967–1986)","other":"Brasilianesch Cruzeiros Novos (1967–1986)"},"narrow":"BRB","symbol":"BRB"},"BRC":{"displayName":{"one":"Brasilianesche Cruzado (1986–1989)","other":"Brasilianesch Cruzados (1986–1989)"},"narrow":"BRC","symbol":"BRC"},"BRE":{"displayName":{"one":"Brasilianesche Cruzeiro (1990–1993)","other":"Brasilianesch Cruzeiros (1990–1993)"},"narrow":"BRE","symbol":"BRE"},"BRL":{"displayName":{"one":"Brasilianesche Real","other":"Brasilianesch Reais"},"narrow":"R$","symbol":"R$"},"BRN":{"displayName":{"one":"Brasilianeschen Cruzado Novo (1989–1990)","other":"Brasilianesch Cruzados Novos (1989–1990)"},"narrow":"BRN","symbol":"BRN"},"BRR":{"displayName":{"one":"Brasilianesche Cruzeiro (1993–1994)","other":"Brasilianesch Cruzeiros (1993–1994)"},"narrow":"BRR","symbol":"BRR"},"BRZ":{"displayName":{"one":"Brasilianesche Cruzeiro (1942–1967)","other":"Brasilianesch Cruzeiros (1942–1967)"},"narrow":"BRZ","symbol":"BRZ"},"BSD":{"displayName":{"other":"Bahama-Dollar"},"narrow":"$","symbol":"BSD"},"BTN":{"displayName":{"other":"Bhutan-Ngultrum"},"narrow":"BTN","symbol":"BTN"},"BUK":{"displayName":{"one":"Birmanesche Kyat","other":"Birmanesch Kyat"},"narrow":"BUK","symbol":"BUK"},"BWP":{"displayName":{"other":"Botswanesch Pula"},"narrow":"P","symbol":"BWP"},"BYB":{"displayName":{"one":"Wäissrussesche Rubel (1994–1999)","other":"Wäissrussesch Rubel (1994–1999)"},"narrow":"BYB","symbol":"BYB"},"BYN":{"displayName":{"one":"Wäissrussesche Rubel","other":"Wäissrussesch Rubel"},"narrow":"BYN","symbol":"BYN"},"BYR":{"displayName":{"one":"Wäissrussesche Rubel (2000–2016)","other":"Wäissrussesch Rubel (2000–2016)"},"narrow":"BYR","symbol":"BYR"},"BZD":{"displayName":{"other":"Belize-Dollar"},"narrow":"$","symbol":"BZD"},"CAD":{"displayName":{"one":"Kanadeschen Dollar","other":"Kanadesch Dollar"},"narrow":"$","symbol":"CA$"},"CDF":{"displayName":{"other":"Kongo-Frang"},"narrow":"CDF","symbol":"CDF"},"CHE":{"displayName":{"other":"WIR-Euro"},"narrow":"CHE","symbol":"CHE"},"CHF":{"displayName":{"other":"Schwäizer Frang"},"narrow":"CHF","symbol":"CHF"},"CHW":{"displayName":{"other":"WIR-Frang"},"narrow":"CHW","symbol":"CHW"},"CLF":{"displayName":{"one":"Chileneschen Unidad de Fomento","other":"Chilenesch Unidades de Fomento"},"narrow":"CLF","symbol":"CLF"},"CLP":{"displayName":{"one":"Chilenesche Peso","other":"Chilenesch Pesos"},"narrow":"$","symbol":"CLP"},"CNY":{"displayName":{"other":"Renminbi Yuan"},"narrow":"¥","symbol":"CN¥"},"COP":{"displayName":{"one":"Kolumbianesche Peso","other":"Kolumbianesch Pesos"},"narrow":"$","symbol":"COP"},"CRC":{"displayName":{"one":"Costa-Rica-Colón","other":"Costa-Rica-Colones"},"narrow":"₡","symbol":"CRC"},"CSD":{"displayName":{"one":"Serbeschen Dinar (2002–2006)","other":"Serbesch Dinaren (2002–2006)"},"narrow":"CSD","symbol":"CSD"},"CSK":{"displayName":{"one":"Tschechoslowakesch Kroun","other":"Tschechoslowakesch Krounen"},"narrow":"CSK","symbol":"CSK"},"CUC":{"displayName":{"one":"Kubanesche Peso (konvertibel)","other":"Kubanesch Pesos (konvertibel)"},"narrow":"$","symbol":"CUC"},"CUP":{"displayName":{"one":"Kubanesche Peso","other":"Kubanesch Pesos"},"narrow":"$","symbol":"CUP"},"CVE":{"displayName":{"one":"Kap-Verde-Escudo","other":"Kap-Verde-Escudos"},"narrow":"CVE","symbol":"CVE"},"CYP":{"displayName":{"other":"Zypern-Pond"},"narrow":"CYP","symbol":"CYP"},"CZK":{"displayName":{"one":"Tschechesch Kroun","other":"Tschechesch Krounen"},"narrow":"Kč","symbol":"CZK"},"DDM":{"displayName":{"other":"DDR-Mark"},"narrow":"DDM","symbol":"DDM"},"DEM":{"displayName":{"other":"Däitsch Mark"},"narrow":"DEM","symbol":"DEM"},"DJF":{"displayName":{"other":"Dschibuti-Frang"},"narrow":"DJF","symbol":"DJF"},"DKK":{"displayName":{"one":"Dänesch Kroun","other":"Dänesch Krounen"},"narrow":"kr","symbol":"DKK"},"DOP":{"displayName":{"one":"Dominikanesche Peso","other":"Dominikanesch Pesos"},"narrow":"$","symbol":"DOP"},"DZD":{"displayName":{"one":"Algereschen Dinar","other":"Algeresch Dinaren"},"narrow":"DZD","symbol":"DZD"},"ECS":{"displayName":{"one":"Ecuadorianesche Sucre","other":"Ecuadorianesch Sucres"},"narrow":"ECS","symbol":"ECS"},"ECV":{"displayName":{"one":"Verrechnungseenheet fir Ecuador","other":"Verrechnungseenheete fir Ecuador"},"narrow":"ECV","symbol":"ECV"},"EEK":{"displayName":{"one":"Estnesch Kroun","other":"Estnesch Krounen"},"narrow":"EEK","symbol":"EEK"},"EGP":{"displayName":{"one":"Egyptescht Pond","other":"Egyptesch Pond"},"narrow":"E£","symbol":"EGP"},"ERN":{"displayName":{"one":"Eritréieschen Nakfa","other":"Eritréiesch Nakfa"},"narrow":"ERN","symbol":"ERN"},"ESA":{"displayName":{"one":"Spuenesch Peseta (A–Konten)","other":"Spuenesch Peseten (A–Konten)"},"narrow":"ESA","symbol":"ESA"},"ESB":{"displayName":{"one":"Spuenesch Peseta (konvertibel)","other":"Spuenesch Peseten (konvertibel)"},"narrow":"ESB","symbol":"ESB"},"ESP":{"displayName":{"one":"Spuenesch Peseta","other":"Spuenesch Peseten"},"narrow":"₧","symbol":"ESP"},"ETB":{"displayName":{"one":"Ethiopescht Birr","other":"Ethiopesch Birr"},"narrow":"ETB","symbol":"ETB"},"EUR":{"displayName":{"other":"Euro"},"narrow":"€","symbol":"€"},"FIM":{"displayName":{"other":"Finnesch Mark"},"narrow":"FIM","symbol":"FIM"},"FJD":{"displayName":{"other":"Fidschi-Dollar"},"narrow":"$","symbol":"FJD"},"FKP":{"displayName":{"other":"Falkland-Pond"},"narrow":"£","symbol":"FKP"},"FRF":{"displayName":{"one":"Franséische Frang","other":"Franséisch Frang"},"narrow":"FRF","symbol":"FRF"},"GBP":{"displayName":{"one":"Britescht Pond","other":"Britesch Pond"},"narrow":"£","symbol":"£"},"GEK":{"displayName":{"one":"Georgesche Kupon Larit","other":"Georgesch Kupon Larit"},"narrow":"GEK","symbol":"GEK"},"GEL":{"displayName":{"one":"Georgesche Lari","other":"Georgesch Lari"},"narrow":"₾","symbol":"GEL"},"GHC":{"displayName":{"one":"Ghanaeschen Cedi (1979–2007)","other":"Ghanaesch Cedi (1979–2007)"},"narrow":"GHC","symbol":"GHC"},"GHS":{"displayName":{"one":"Ghanaeschen Cedi","other":"Ghanaesch Cedi"},"narrow":"GH₵","symbol":"GHS"},"GIP":{"displayName":{"other":"Gibraltar-Pond"},"narrow":"£","symbol":"GIP"},"GMD":{"displayName":{"other":"Gambia-Dalasi"},"narrow":"GMD","symbol":"GMD"},"GNF":{"displayName":{"other":"Guinea-Frang"},"narrow":"FG","symbol":"GNF"},"GNS":{"displayName":{"one":"Guinéiesche Syli","other":"Guinéiesch Syli"},"narrow":"GNS","symbol":"GNS"},"GQE":{"displayName":{"other":"Equatorialguinea-Ekwele"},"narrow":"GQE","symbol":"GQE"},"GRD":{"displayName":{"one":"Griichesch Drachme","other":"Griichesch Drachmen"},"narrow":"GRD","symbol":"GRD"},"GTQ":{"displayName":{"one":"Guatemaltekesche Quetzal","other":"Guatemaltekesch Quetzales"},"narrow":"Q","symbol":"GTQ"},"GWE":{"displayName":{"one":"Portugisesch-Guinea Escudo","other":"Portugisesch-Guinea Escudos"},"narrow":"GWE","symbol":"GWE"},"GWP":{"displayName":{"one":"Guinea-Bissau Peso","other":"Guinea-Bissau Pesos"},"narrow":"GWP","symbol":"GWP"},"GYD":{"displayName":{"other":"Guyana-Dollar"},"narrow":"$","symbol":"GYD"},"HKD":{"displayName":{"other":"Hong-Kong-Dollar"},"narrow":"$","symbol":"HK$"},"HNL":{"displayName":{"other":"Honduras-Lempira"},"narrow":"L","symbol":"HNL"},"HRD":{"displayName":{"one":"Kroateschen Dinar","other":"Kroatesch Dinaren"},"narrow":"HRD","symbol":"HRD"},"HRK":{"displayName":{"one":"Kroatesche Kuna","other":"Kroatesch Kuna"},"narrow":"kn","symbol":"HRK"},"HTG":{"displayName":{"one":"Haitianesch Gourde","other":"Haitianesch Gourdes"},"narrow":"HTG","symbol":"HTG"},"HUF":{"displayName":{"one":"Ungaresche Forint","other":"Ungaresch Forint"},"narrow":"Ft","symbol":"HUF"},"IDR":{"displayName":{"other":"Indonesesch Rupiah"},"narrow":"Rp","symbol":"IDR"},"IEP":{"displayName":{"one":"Irescht Pond","other":"Iresch Pond"},"narrow":"IEP","symbol":"IEP"},"ILP":{"displayName":{"one":"Israelescht Pond","other":"Israelesch Pond"},"narrow":"ILP","symbol":"ILP"},"ILS":{"displayName":{"one":"Israeleschen Neie Schekel","other":"Israelesch Nei Schekel"},"narrow":"₪","symbol":"₪"},"INR":{"displayName":{"one":"Indesch Rupie","other":"Indesch Rupien"},"narrow":"₹","symbol":"₹"},"IQD":{"displayName":{"one":"Irakeschen Dinar","other":"Irakesch Dinaren"},"narrow":"IQD","symbol":"IQD"},"IRR":{"displayName":{"other":"Iranesch Rial"},"narrow":"IRR","symbol":"IRR"},"ISK":{"displayName":{"one":"Islännesch Kroun","other":"Islännesch Krounen"},"narrow":"kr","symbol":"ISK"},"ITL":{"displayName":{"one":"Italienesch Lira","other":"Italienesch Lire"},"narrow":"ITL","symbol":"ITL"},"JMD":{"displayName":{"other":"Jamaika-Dollar"},"narrow":"$","symbol":"JMD"},"JOD":{"displayName":{"one":"Jordaneschen Dinar","other":"Jordanesch Dinaren"},"narrow":"JOD","symbol":"JOD"},"JPY":{"displayName":{"one":"Japanesche Yen","other":"Japanesch Yen"},"narrow":"¥","symbol":"¥"},"KES":{"displayName":{"other":"Kenia-Schilling"},"narrow":"KES","symbol":"KES"},"KGS":{"displayName":{"one":"Kirgisesche Som","other":"Kirgisesch Som"},"narrow":"KGS","symbol":"KGS"},"KHR":{"displayName":{"one":"Kambodschanesche Riel","other":"Kambodschanesch Riel"},"narrow":"៛","symbol":"KHR"},"KMF":{"displayName":{"other":"Komore-Frang"},"narrow":"CF","symbol":"KMF"},"KPW":{"displayName":{"one":"Nordkoreanesche Won","other":"Nordkoreanesch Won"},"narrow":"₩","symbol":"KPW"},"KRW":{"displayName":{"one":"Südkoreanesche Won","other":"Südkoreanesch Won"},"narrow":"₩","symbol":"₩"},"KWD":{"displayName":{"one":"Kuwait-Dinar","other":"Kuwait-Dinaren"},"narrow":"KWD","symbol":"KWD"},"KYD":{"displayName":{"other":"Kaiman-Dollar"},"narrow":"$","symbol":"KYD"},"KZT":{"displayName":{"one":"Kasacheschen Tenge","other":"Kasachesch Tenge"},"narrow":"₸","symbol":"KZT"},"LAK":{"displayName":{"one":"Laoteschen Kip","other":"Laotesch Kip"},"narrow":"₭","symbol":"LAK"},"LBP":{"displayName":{"one":"Libanesescht Pond","other":"Libanesesch Pond"},"narrow":"L£","symbol":"LBP"},"LKR":{"displayName":{"one":"Sri-Lanka-Rupie","other":"Sri-Lanka-Rupien"},"narrow":"Rs","symbol":"LKR"},"LRD":{"displayName":{"one":"Liberianeschen Dollar","other":"Liberianesch Dollar"},"narrow":"$","symbol":"LRD"},"LSL":{"displayName":{"other":"Loti"},"narrow":"LSL","symbol":"LSL"},"LTL":{"displayName":{"one":"Litauesche Litas","other":"Litauesch Litas"},"narrow":"Lt","symbol":"LTL"},"LTT":{"displayName":{"one":"Litaueschen Talonas","other":"Litauesch Talonas"},"narrow":"LTT","symbol":"LTT"},"LUC":{"displayName":{"other":"Lëtzebuerger Frang (konvertibel)"},"narrow":"LUC","symbol":"LUC"},"LUF":{"displayName":{"other":"Lëtzebuerger Frang"},"narrow":"LUF","symbol":"LUF"},"LUL":{"displayName":{"other":"Lëtzebuerger Finanz-Frang"},"narrow":"LUL","symbol":"LUL"},"LVL":{"displayName":{"one":"Lettesche Lats","other":"Lettesch Lats"},"narrow":"Ls","symbol":"LVL"},"LVR":{"displayName":{"one":"Lettesche Rubel","other":"Lettesch Rubel"},"narrow":"LVR","symbol":"LVR"},"LYD":{"displayName":{"one":"Libeschen Dinar","other":"Libesch Dinaren"},"narrow":"LYD","symbol":"LYD"},"MAD":{"displayName":{"one":"Marokkaneschen Dirham","other":"Marokkanesch Dirham"},"narrow":"MAD","symbol":"MAD"},"MAF":{"displayName":{"one":"Marokkanesche Frang","other":"Marokkanesch Frang"},"narrow":"MAF","symbol":"MAF"},"MDL":{"displayName":{"one":"Moldawesche Leu","other":"Moldawesch Leu"},"narrow":"MDL","symbol":"MDL"},"MGA":{"displayName":{"other":"Madagaskar-Ariary"},"narrow":"Ar","symbol":"MGA"},"MGF":{"displayName":{"other":"Madagaskar-Frang"},"narrow":"MGF","symbol":"MGF"},"MKD":{"displayName":{"one":"Mazedoneschen Denar","other":"Mazedonesch Denari"},"narrow":"MKD","symbol":"MKD"},"MLF":{"displayName":{"one":"Malesche Frang","other":"Malesch Frang"},"narrow":"MLF","symbol":"MLF"},"MMK":{"displayName":{"one":"Myanmaresche Kyat","other":"Myanmaresch Kyat"},"narrow":"K","symbol":"MMK"},"MNT":{"displayName":{"one":"Mongoleschen Tögrög","other":"Mongolesch Tögrög"},"narrow":"₮","symbol":"MNT"},"MOP":{"displayName":{"other":"Macau-Pataca"},"narrow":"MOP","symbol":"MOP"},"MRO":{"displayName":{"one":"Mauretaneschen Ouguiya (1973–2017)","other":"Mauretanesch Ouguiya (1973–2017)"},"narrow":"MRO","symbol":"MRO"},"MRU":{"displayName":{"one":"Mauretaneschen Ouguiya","other":"Mauretanesch Ouguiya"},"narrow":"MRU","symbol":"MRU"},"MTL":{"displayName":{"other":"Maltesesch Lira"},"narrow":"MTL","symbol":"MTL"},"MTP":{"displayName":{"one":"Maltesescht Pond","other":"Maltesesch Pond"},"narrow":"MTP","symbol":"MTP"},"MUR":{"displayName":{"one":"Mauritius-Rupie","other":"Mauritius-Rupien"},"narrow":"Rs","symbol":"MUR"},"MVR":{"displayName":{"one":"Maldiven-Rupie","other":"Maldiven-Rupien"},"narrow":"MVR","symbol":"MVR"},"MWK":{"displayName":{"other":"Malawi-Kwacha"},"narrow":"MWK","symbol":"MWK"},"MXN":{"displayName":{"one":"Mexikanesche Peso","other":"Mexikanesch Pesos"},"narrow":"$","symbol":"MX$"},"MXP":{"displayName":{"one":"Mexikanesche Sëlwer-Peso (1861–1992)","other":"Mexikanesch Sëlwer-Pesos (1861–1992)"},"narrow":"MXP","symbol":"MXP"},"MXV":{"displayName":{"one":"Mexikaneschen Unidad de Inversion (UDI)","other":"Mexikanesch Unidades de Inversion (UDI)"},"narrow":"MXV","symbol":"MXV"},"MYR":{"displayName":{"one":"Malayseschen Ringgit","other":"Malaysesch Ringgit"},"narrow":"RM","symbol":"MYR"},"MZE":{"displayName":{"one":"Mozambikanesch Escudo","other":"Mozambikanesch Escudos"},"narrow":"MZE","symbol":"MZE"},"MZM":{"displayName":{"one":"Mosambikanesche Metical (1980–2006)","other":"Mosambikanesch Meticais (1980–2006)"},"narrow":"MZM","symbol":"MZM"},"MZN":{"displayName":{"one":"Mosambikanesche Metical","other":"Mosambikanesch Meticais"},"narrow":"MZN","symbol":"MZN"},"NAD":{"displayName":{"other":"Namibia-Dollar"},"narrow":"$","symbol":"NAD"},"NGN":{"displayName":{"one":"Nigerianeschen Naira","other":"Nigerianesch Naira"},"narrow":"₦","symbol":"NGN"},"NIC":{"displayName":{"one":"Nicaraguanesche Córdoba (1988–1991)","other":"Nicaraguanesch Córdobas (1988–1991)"},"narrow":"NIC","symbol":"NIC"},"NIO":{"displayName":{"one":"Nicaraguanesche Córdoba","other":"Nicaraguanesch Córdobas"},"narrow":"C$","symbol":"NIO"},"NLG":{"displayName":{"one":"Hollännesche Gulden","other":"Hollännesch Gulden"},"narrow":"NLG","symbol":"NLG"},"NOK":{"displayName":{"one":"Norwegesch Kroun","other":"Norwegesch Krounen"},"narrow":"kr","symbol":"NOK"},"NPR":{"displayName":{"one":"Nepalesesch Rupie","other":"Nepalesesch Rupien"},"narrow":"Rs","symbol":"NPR"},"NZD":{"displayName":{"other":"Neiséiland-Dollar"},"narrow":"$","symbol":"NZ$"},"OMR":{"displayName":{"one":"Omanesche Rial","other":"Omanesch Rials"},"narrow":"OMR","symbol":"OMR"},"PAB":{"displayName":{"one":"Panamaesche Balboa","other":"Panamaesch Balboas"},"narrow":"PAB","symbol":"PAB"},"PEI":{"displayName":{"one":"Peruaneschen Inti","other":"Peruanesch Inti"},"narrow":"PEI","symbol":"PEI"},"PEN":{"displayName":{"one":"Peruaneschen Sol","other":"Peruanesch Soles"},"narrow":"PEN","symbol":"PEN"},"PES":{"displayName":{"one":"Peruaneschen Sol (1863–1965)","other":"Peruanesch Soles (1863–1965)"},"narrow":"PES","symbol":"PES"},"PGK":{"displayName":{"one":"Papua-Neiguinéiesche Kina","other":"Papua-Neiguinéiesch Kina"},"narrow":"PGK","symbol":"PGK"},"PHP":{"displayName":{"one":"Philippinnesche Peso","other":"Philippinnesch Pesos"},"narrow":"₱","symbol":"PHP"},"PKR":{"displayName":{"one":"Pakistanesch Rupie","other":"Pakistanesch Rupien"},"narrow":"Rs","symbol":"PKR"},"PLN":{"displayName":{"one":"Polneschen Zloty","other":"Polnesch Zloty"},"narrow":"zł","symbol":"PLN"},"PLZ":{"displayName":{"one":"Polneschen Zloty (1950–1995)","other":"Polnesch Zloty (1950–1995)"},"narrow":"PLZ","symbol":"PLZ"},"PTE":{"displayName":{"one":"Portugiseschen Escudo","other":"Portugisesch Escudos"},"narrow":"PTE","symbol":"PTE"},"PYG":{"displayName":{"one":"Paraguayeschen Guaraní","other":"Paraguayesch Guaraníes"},"narrow":"₲","symbol":"PYG"},"QAR":{"displayName":{"other":"Katar-Riyal"},"narrow":"QAR","symbol":"QAR"},"RHD":{"displayName":{"one":"Rhodeseschen Dollar","other":"Rhodesesch Dollar"},"narrow":"RHD","symbol":"RHD"},"ROL":{"displayName":{"one":"Rumänesche Leu (1952–2006)","other":"Rumänesch Leu (1952–2006)"},"narrow":"ROL","symbol":"ROL"},"RON":{"displayName":{"one":"Rumänesche Leu","other":"Rumänesch Leu"},"narrow":"lei","symbol":"RON"},"RSD":{"displayName":{"one":"Serbeschen Dinar","other":"Serbesch Dinaren"},"narrow":"RSD","symbol":"RSD"},"RUB":{"displayName":{"one":"Russesche Rubel","other":"Russesch Rubel"},"narrow":"₽","symbol":"RUB"},"RUR":{"displayName":{"one":"Russesche Rubel (1991–1998)","other":"Russesch Rubel (1991–1998)"},"narrow":"RUR","symbol":"RUR"},"RWF":{"displayName":{"other":"Ruanda-Frang"},"narrow":"RF","symbol":"RWF"},"SAR":{"displayName":{"other":"Saudi-Rial"},"narrow":"SAR","symbol":"SAR"},"SBD":{"displayName":{"other":"Salomonen-Dollar"},"narrow":"$","symbol":"SBD"},"SCR":{"displayName":{"one":"Seychellen-Rupie","other":"Seychellen-Rupien"},"narrow":"SCR","symbol":"SCR"},"SDD":{"displayName":{"one":"Sudaneseschen Dinar (1992–2007)","other":"Sudanesesch Dinaren (1992–2007)"},"narrow":"SDD","symbol":"SDD"},"SDG":{"displayName":{"one":"Sudanesescht Pond","other":"Sudanesesch Pond"},"narrow":"SDG","symbol":"SDG"},"SDP":{"displayName":{"one":"Sudanesescht Pond (1957–1998)","other":"Sudanesesch Pond (1957–1998)"},"narrow":"SDP","symbol":"SDP"},"SEK":{"displayName":{"one":"Schwedesch Kroun","other":"Schwedesch Krounen"},"narrow":"kr","symbol":"SEK"},"SGD":{"displayName":{"other":"Singapur-Dollar"},"narrow":"$","symbol":"SGD"},"SHP":{"displayName":{"other":"St. Helena-Pond"},"narrow":"£","symbol":"SHP"},"SIT":{"displayName":{"one":"Sloweneschen Tolar","other":"Slowenesch Tolar"},"narrow":"SIT","symbol":"SIT"},"SKK":{"displayName":{"one":"Slowakesch Kroun","other":"Slowakesch Krounen"},"narrow":"SKK","symbol":"SKK"},"SLL":{"displayName":{"one":"Sierra-leonesche Leone","other":"Sierra-leonesch Leones"},"narrow":"SLL","symbol":"SLL"},"SOS":{"displayName":{"other":"Somalia-Schilling"},"narrow":"SOS","symbol":"SOS"},"SRD":{"displayName":{"one":"Surinameschen Dollar","other":"Surinamesch Dollar"},"narrow":"$","symbol":"SRD"},"SRG":{"displayName":{"one":"Surinamesche Gulden","other":"Surinamesch Gulden"},"narrow":"SRG","symbol":"SRG"},"SSP":{"displayName":{"one":"Südsudanesescht Pond","other":"Südsudanesesch Pond"},"narrow":"£","symbol":"SSP"},"STD":{"displayName":{"one":"São-toméeschen Dobra (1977–2017)","other":"São-toméesch Dobra (1977–2017)"},"narrow":"STD","symbol":"STD"},"STN":{"displayName":{"one":"São-toméeschen Dobra","other":"São-toméesch Dobra"},"narrow":"Db","symbol":"STN"},"SUR":{"displayName":{"one":"Sowjetesche Rubel","other":"Sowjetesch Rubel"},"narrow":"SUR","symbol":"SUR"},"SVC":{"displayName":{"one":"El-Salvador-Colón","other":"El-Salvador-Colones"},"narrow":"SVC","symbol":"SVC"},"SYP":{"displayName":{"one":"Syrescht Pond","other":"Syresch Pond"},"narrow":"£","symbol":"SYP"},"SZL":{"displayName":{"one":"Swasilännesche Lilangeni","other":"Swasilännesch Lilangeni"},"narrow":"SZL","symbol":"SZL"},"THB":{"displayName":{"one":"Thailännesche Baht","other":"Thailännesch Baht"},"narrow":"฿","symbol":"฿"},"TJR":{"displayName":{"other":"Tadschikistan-Rubel"},"narrow":"TJR","symbol":"TJR"},"TJS":{"displayName":{"other":"Tadschikistan-Somoni"},"narrow":"TJS","symbol":"TJS"},"TMM":{"displayName":{"other":"Turkmenistan-Manat (1993–2009)"},"narrow":"TMM","symbol":"TMM"},"TMT":{"displayName":{"other":"Turkmenistan-Manat"},"narrow":"TMT","symbol":"TMT"},"TND":{"displayName":{"one":"Tuneseschen Dinar","other":"Tunesesch Dinaren"},"narrow":"TND","symbol":"TND"},"TOP":{"displayName":{"one":"Tongaeschen Paʻanga","other":"Tongaesch Paʻanga"},"narrow":"T$","symbol":"TOP"},"TPE":{"displayName":{"other":"Timor-Escudo"},"narrow":"TPE","symbol":"TPE"},"TRL":{"displayName":{"other":"Tierkesch Lira (1922–2005)"},"narrow":"TRL","symbol":"TRL"},"TRY":{"displayName":{"other":"Tierkesch Lira"},"narrow":"₺","symbol":"TRY"},"TTD":{"displayName":{"other":"Trinidad-an-Tobago-Dollar"},"narrow":"$","symbol":"TTD"},"TWD":{"displayName":{"one":"Neien Taiwan-Dollar","other":"Nei Taiwan-Dollar"},"narrow":"NT$","symbol":"NT$"},"TZS":{"displayName":{"other":"Tansania-Schilling"},"narrow":"TZS","symbol":"TZS"},"UAH":{"displayName":{"one":"Ukraineschen Hrywnja","other":"Ukrainesch Hrywen"},"narrow":"₴","symbol":"UAH"},"UAK":{"displayName":{"one":"Ukrainesche Karbovanetz","other":"Ukrainesch Karbovanetz"},"narrow":"UAK","symbol":"UAK"},"UGS":{"displayName":{"other":"Uganda-Schilling (1966–1987)"},"narrow":"UGS","symbol":"UGS"},"UGX":{"displayName":{"other":"Uganda-Schilling"},"narrow":"UGX","symbol":"UGX"},"USD":{"displayName":{"other":"US-Dollar"},"narrow":"$","symbol":"$"},"USN":{"displayName":{"other":"US-Dollar (Nächsten Dag)"},"narrow":"USN","symbol":"USN"},"USS":{"displayName":{"other":"US-Dollar (Selwechten Dag)"},"narrow":"USS","symbol":"USS"},"UYP":{"displayName":{"one":"Uruguayesche Peso (1975–1993)","other":"Uruguayesch Pesos (1975–1993)"},"narrow":"UYP","symbol":"UYP"},"UYU":{"displayName":{"one":"Uruguayesche Peso","other":"Uruguayesch Pesos"},"narrow":"$","symbol":"UYU"},"UZS":{"displayName":{"other":"Usbekistan-Sum"},"narrow":"UZS","symbol":"UZS"},"VEB":{"displayName":{"one":"Venezolanesche Bolívar (1871–2008)","other":"Venezolanesch Bolívares (1871–2008)"},"narrow":"VEB","symbol":"VEB"},"VEF":{"displayName":{"one":"Venezolanesche Bolívar (2008–2018)","other":"Venezolanesch Bolívares (2008–2018)"},"narrow":"Bs","symbol":"VEF"},"VES":{"displayName":{"one":"Venezolanesche Bolívar","other":"Venezolanesch Bolívares"},"narrow":"VES","symbol":"VES"},"VND":{"displayName":{"one":"Vietnameseschen Dong","other":"Vietnamesesch Dong"},"narrow":"₫","symbol":"₫"},"VUV":{"displayName":{"other":"Vanuatu-Vatu"},"narrow":"VUV","symbol":"VUV"},"WST":{"displayName":{"one":"Samoaneschen Tala","other":"Samoanesch Tala"},"narrow":"WST","symbol":"WST"},"XAF":{"displayName":{"other":"CFA-Frang (BEAC)"},"narrow":"FCFA","symbol":"FCFA"},"XAG":{"displayName":{"one":"Onz Sëlwer","other":"Onze Sëlwer"},"narrow":"XAG","symbol":"XAG"},"XAU":{"displayName":{"one":"Onz Gold","other":"Onze Gold"},"narrow":"XAU","symbol":"XAU"},"XBA":{"displayName":{"one":"Europäesch Rechnungseenheet","other":"Europäesch Rechnungseenheeten"},"narrow":"XBA","symbol":"XBA"},"XBB":{"displayName":{"one":"Europäesch Währungseenheet (XBB)","other":"Europäesch Währungseenheeten (XBB)"},"narrow":"XBB","symbol":"XBB"},"XBC":{"displayName":{"one":"Europäesch Rechnungseenheet (XBC)","other":"Europäesch Rechnungseenheeten (XBC)"},"narrow":"XBC","symbol":"XBC"},"XBD":{"displayName":{"one":"Europäesch Rechnungseenheet (XBD)","other":"Europäesch Rechnungseenheeten (XBD)"},"narrow":"XBD","symbol":"XBD"},"XCD":{"displayName":{"one":"Ostkaribeschen Dollar","other":"Ostkaribesch Dollar"},"narrow":"$","symbol":"EC$"},"XDR":{"displayName":{"one":"Sonnerzéiungsrecht","other":"Sonnerzéiungsrechter"},"narrow":"XDR","symbol":"XDR"},"XEU":{"displayName":{"one":"Europäesch Währungseenheet (XEU)","other":"Europäesch Währungseenheeten (XEU)"},"narrow":"XEU","symbol":"XEU"},"XFO":{"displayName":{"one":"Franséische Gold-Frang","other":"Franséisch Gold-Frang"},"narrow":"XFO","symbol":"XFO"},"XFU":{"displayName":{"one":"Franséischen UIC-Frang","other":"Franséisch UIC-Frang"},"narrow":"XFU","symbol":"XFU"},"XOF":{"displayName":{"other":"CFA-Frang (BCEAO)"},"narrow":"F CFA","symbol":"F CFA"},"XPD":{"displayName":{"one":"Onz Palladium","other":"Onze Palladium"},"narrow":"XPD","symbol":"XPD"},"XPF":{"displayName":{"other":"CFP-Frang"},"narrow":"CFPF","symbol":"CFPF"},"XPT":{"displayName":{"one":"Onz Platin","other":"Onze Platin"},"narrow":"XPT","symbol":"XPT"},"XRE":{"displayName":{"other":"RINET Funds"},"narrow":"XRE","symbol":"XRE"},"XTS":{"displayName":{"other":"Testwährung"},"narrow":"XTS","symbol":"XTS"},"XXX":{"displayName":{"other":"Onbekannt Währung"},"narrow":"¤","symbol":"¤"},"YDD":{"displayName":{"one":"Jemen-Dinar","other":"Jemen-Dinaren"},"narrow":"YDD","symbol":"YDD"},"YER":{"displayName":{"other":"Jemen-Rial"},"narrow":"YER","symbol":"YER"},"YUD":{"displayName":{"one":"Jugoslaweschen Dinar (1966–1990)","other":"Jugoslawesch Dinaren (1966–1990)"},"narrow":"YUD","symbol":"YUD"},"YUM":{"displayName":{"one":"Jugoslaweschen Neien Dinar (1994–2002)","other":"Jugoslawesch Nei Dinaren (1994–2002)"},"narrow":"YUM","symbol":"YUM"},"YUN":{"displayName":{"one":"Jugoslaweschen Dinar (konvertibel)","other":"Jugoslawesch Dinaren (konvertibel)"},"narrow":"YUN","symbol":"YUN"},"ZAL":{"displayName":{"one":"Südafrikanesche Rand (Finanz)","other":"Südafrikaneschen Rand (Finanz)"},"narrow":"ZAL","symbol":"ZAL"},"ZAR":{"displayName":{"one":"Südafrikanesche Rand","other":"Südafrikanesch Rand"},"narrow":"R","symbol":"ZAR"},"ZMK":{"displayName":{"other":"Kwacha (1968–2012)"},"narrow":"ZMK","symbol":"ZMK"},"ZMW":{"displayName":{"other":"Kwacha"},"narrow":"ZK","symbol":"ZMW"},"ZRN":{"displayName":{"one":"Zaire-Neien Zaïre (1993–1998)","other":"Zaire-Nei Zaïren (1993–1998)"},"narrow":"ZRN","symbol":"ZRN"},"ZRZ":{"displayName":{"one":"Zaire-Zaïre (1971–1993)","other":"Zaire-Zaïren (1971–1993)"},"narrow":"ZRZ","symbol":"ZRZ"},"ZWD":{"displayName":{"other":"Simbabwe-Dollar (1980–2008)"},"narrow":"ZWD","symbol":"ZWD"},"ZWL":{"displayName":{"other":"Simbabwe-Dollar (2009)"},"narrow":"ZWL","symbol":"ZWL"},"ZWR":{"displayName":{"other":"Simbabwe-Dollar (2008)"},"narrow":"ZWR","symbol":"ZWR"}},"nu":["latn"],"numbers":{"currency":{"latn":{"accounting":"#,##0.00 ¤","currencySpacing":{"afterInsertBetween":" ","beforeInsertBetween":" "},"short":{"1000":{"other":"¤ 0K"},"10000":{"other":"¤ 00K"},"100000":{"other":"¤ 000K"},"1000000":{"other":"¤ 0M"},"10000000":{"other":"¤ 00M"},"100000000":{"other":"¤ 000M"},"1000000000":{"other":"¤ 0G"},"10000000000":{"other":"¤ 00G"},"100000000000":{"other":"¤ 000G"},"1000000000000":{"other":"¤ 0T"},"10000000000000":{"other":"¤ 00T"},"100000000000000":{"other":"¤ 000T"}},"standard":"#,##0.00 ¤","unitPattern":"{0} {1}"}},"decimal":{"latn":{"long":{"1000":{"other":"0 Dausend"},"10000":{"other":"00 Dausend"},"100000":{"other":"000 Dausend"},"1000000":{"one":"0 Millioun","other":"0 Milliounen"},"10000000":{"other":"00 Milliounen"},"100000000":{"other":"000 Milliounen"},"1000000000":{"one":"0 Milliard","other":"0 Milliarden"},"10000000000":{"other":"00 Milliarden"},"100000000000":{"other":"000 Milliarden"},"1000000000000":{"one":"0 Billioun","other":"0 Billiounen"},"10000000000000":{"other":"00 Billiounen"},"100000000000000":{"other":"000 Billiounen"}},"short":{"1000":{"other":"0 Dsd'.'"},"10000":{"other":"00 Dsd'.'"},"100000":{"other":"000 Dsd'.'"},"1000000":{"other":"0 Mio'.'"},"10000000":{"other":"00 Mio'.'"},"100000000":{"other":"000 Mio'.'"},"1000000000":{"other":"0 Mrd'.'"},"10000000000":{"other":"00 Mrd'.'"},"100000000000":{"other":"000 Mrd'.'"},"1000000000000":{"other":"0 Bio'.'"},"10000000000000":{"other":"00 Bio'.'"},"100000000000000":{"other":"000 Bio'.'"}},"standard":"#,##0.###"}},"nu":["latn"],"percent":{"latn":"#,##0 %"},"symbols":{"latn":{"approximatelySign":"~","decimal":",","exponential":"E","group":".","infinity":"∞","list":";","minusSign":"-","nan":"NaN","perMille":"‰","percentSign":"%","plusSign":"+","rangeSign":"–","superscriptingExponent":"×","timeSeparator":":"}}},"units":{"compound":{"per":{"long":"{0}/{1}","narrow":"{0}/{1}","short":"{0}/{1}"}},"simple":{"acre":{"long":{"one":"{0} Acre","other":"{0} Acres"},"narrow":{"other":"{0} ac"},"perUnit":{},"short":{"other":"{0} ac"}},"bit":{"long":{"one":"{0} Bit","other":"{0} Bits"},"narrow":{"other":"{0} b"},"perUnit":{},"short":{"other":"{0} b"}},"byte":{"long":{"one":"{0} Byte","other":"{0} Bytes"},"narrow":{"other":"{0} B"},"perUnit":{},"short":{"other":"{0} B"}},"celsius":{"long":{"other":"{0} Grad Celsius"},"narrow":{"other":"{0}°"},"perUnit":{},"short":{"other":"{0}°C"}},"centimeter":{"long":{"other":"{0} Zentimeter"},"narrow":{"other":"{0} cm"},"perUnit":{"long":"{0}/cm","narrow":"{0}/cm","short":"{0}/cm"},"short":{"other":"{0} cm"}},"day":{"long":{"one":"{0} Dag","other":"{0} Deeg"},"narrow":{"other":"{0} D"},"perUnit":{"long":"{0}/d","narrow":"{0}/d","short":"{0}/d"},"short":{"other":"{0} D"}},"degree":{"long":{"other":"{0} Grad"},"narrow":{"other":"{0}°"},"perUnit":{},"short":{"other":"{0}°"}},"fahrenheit":{"long":{"other":"{0} Grad Fahrenheit"},"narrow":{"other":"{0}°F"},"perUnit":{},"short":{"other":"{0}°F"}},"fluid-ounce":{"long":{"one":"{0} Flësseg-Onz","other":"{0} Flësseg-Onzen"},"narrow":{"other":"{0} fl oz"},"perUnit":{},"short":{"other":"{0} fl oz"}},"foot":{"long":{"other":"{0} Fouss"},"narrow":{"other":"{0} ft"},"perUnit":{"long":"{0}/ft","narrow":"{0}/ft","short":"{0}/ft"},"short":{"other":"{0} ft"}},"gallon":{"long":{"one":"{0} Galloun","other":"{0} Gallounen"},"narrow":{"other":"{0} gal"},"perUnit":{"long":"{0}/gal US","narrow":"{0}/gal US","short":"{0}/gal US"},"short":{"other":"{0} gal"}},"gigabit":{"long":{"other":"{0} Gigabit"},"narrow":{"other":"{0} Gb"},"perUnit":{},"short":{"other":"{0} Gb"}},"gigabyte":{"long":{"one":"{0} Gigabyte","other":"{0} Gigabytes"},"narrow":{"other":"{0} GB"},"perUnit":{},"short":{"other":"{0} GB"}},"gram":{"long":{"other":"{0} Gramm"},"narrow":{"other":"{0} g"},"perUnit":{"long":"{0}/g","narrow":"{0}/g","short":"{0}/g"},"short":{"other":"{0} g"}},"hectare":{"long":{"other":"{0} Hektar"},"narrow":{"other":"{0} ha"},"perUnit":{},"short":{"other":"{0} ha"}},"hour":{"long":{"one":"{0} Stonn","other":"{0} Stonnen"},"narrow":{"other":"{0} st"},"perUnit":{"long":"{0} pro Stonn","narrow":"{0}/St.","short":"{0}/St."},"short":{"other":"{0} St."}},"inch":{"long":{"other":"{0} Zoll"},"narrow":{"other":"{0} in"},"perUnit":{"long":"{0}/in","narrow":"{0}/in","short":"{0}/in"},"short":{"other":"{0} in"}},"kilobit":{"long":{"other":"{0} Kilobit"},"narrow":{"other":"{0} kb"},"perUnit":{},"short":{"other":"{0} kb"}},"kilobyte":{"long":{"one":"{0} Kilobyte","other":"{0} Kilobytes"},"narrow":{"other":"{0} kB"},"perUnit":{},"short":{"other":"{0} kB"}},"kilogram":{"long":{"other":"{0} Kilogramm"},"narrow":{"other":"{0} kg"},"perUnit":{"long":"{0}/kg","narrow":"{0}/kg","short":"{0}/kg"},"short":{"other":"{0} kg"}},"kilometer":{"long":{"other":"{0} Kilometer"},"narrow":{"other":"{0} km"},"perUnit":{"long":"{0}/km","narrow":"{0}/km","short":"{0}/km"},"short":{"other":"{0} km"}},"kilometer-per-hour":{"long":{"other":"{0} Kilometer pro Stonn"},"narrow":{"other":"{0} km/h"},"perUnit":{},"short":{"other":"{0} km/h"}},"liter":{"long":{"other":"{0} Liter"},"narrow":{"other":"{0} l"},"perUnit":{"long":"{0}/l","narrow":"{0}/l","short":"{0}/l"},"short":{"other":"{0} l"}},"liter-per-kilometer":{"long":{"other":"{0} Liter pro Kilometer"},"narrow":{"other":"{0} l/km"},"perUnit":{},"short":{"other":"{0} l/km"}},"megabit":{"long":{"one":"{0} Megabit","other":"{0} Megabits"},"narrow":{"other":"{0} Mb"},"perUnit":{},"short":{"other":"{0} Mb"}},"megabyte":{"long":{"one":"{0} Megabyte","other":"{0} Megabytes"},"narrow":{"other":"{0} MB"},"perUnit":{},"short":{"other":"{0} MB"}},"meter":{"long":{"other":"{0} Meter"},"narrow":{"other":"{0} m"},"perUnit":{"long":"{0}/m","narrow":"{0}/m","short":"{0}/m"},"short":{"other":"{0} m"}},"meter-per-second":{"long":{"other":"{0} Meter pro Sekonn"},"narrow":{"other":"{0} m/s"},"perUnit":{},"short":{"other":"{0} m/s"}},"mile":{"long":{"one":"{0} Meil","other":"{0} Meilen"},"narrow":{"other":"{0} mi"},"perUnit":{},"short":{"other":"{0} mi"}},"mile-per-gallon":{"long":{"other":"{0} mpg"},"narrow":{"other":"{0} mpg"},"perUnit":{},"short":{"other":"{0} mpg"}},"mile-per-hour":{"long":{"one":"{0} Meil pro Stonn","other":"{0} Meile pro Stonn"},"narrow":{"other":"{0} mi/h"},"perUnit":{},"short":{"other":"{0} mi/h"}},"mile-scandinavian":{"long":{"other":"{0} smi"},"narrow":{"other":"{0} smi"},"perUnit":{},"short":{"other":"{0} smi"}},"milliliter":{"long":{"other":"{0} Milliliter"},"narrow":{"other":"{0} mL"},"perUnit":{},"short":{"other":"{0} mL"}},"millimeter":{"long":{"other":"{0} Millimeter"},"narrow":{"other":"{0} mm"},"perUnit":{},"short":{"other":"{0} mm"}},"millisecond":{"long":{"one":"{0} Millisekonn","other":"{0} Millisekonnen"},"narrow":{"other":"{0} ms"},"perUnit":{},"short":{"other":"{0} ms"}},"minute":{"long":{"one":"{0} Minutt","other":"{0} Minutten"},"narrow":{"other":"{0} min"},"perUnit":{"long":"{0}/min","narrow":"{0}/min","short":"{0}/min"},"short":{"other":"{0} Min."}},"month":{"long":{"one":"{0} Mount","other":"{0} Méint"},"narrow":{"other":"{0} M"},"perUnit":{"long":"{0}/m","narrow":"{0}/m","short":"{0}/m"},"short":{"other":"{0} Mnt"}},"ounce":{"long":{"one":"{0} Onz","other":"{0} Onzen"},"narrow":{"other":"{0} oz"},"perUnit":{"long":"{0}/oz","narrow":"{0}/oz","short":"{0}/oz"},"short":{"other":"{0} oz"}},"percent":{"long":{"other":"{0}%"},"narrow":{"other":"{0}%"},"perUnit":{},"short":{"other":"{0}%"}},"petabyte":{"long":{"other":"{0} PB"},"narrow":{"other":"{0} PB"},"perUnit":{},"short":{"other":"{0} PB"}},"pound":{"long":{"other":"{0} Pond"},"narrow":{"other":"{0} lb"},"perUnit":{"long":"{0}/lb","narrow":"{0}/lb","short":"{0}/lb"},"short":{"other":"{0} lb"}},"second":{"long":{"one":"{0} Sekonn","other":"{0} Sekonnen"},"narrow":{"other":"{0} s"},"perUnit":{"long":"{0} pro Sekonn","narrow":"{0}/Sek.","short":"{0}/Sek."},"short":{"other":"{0} Sek."}},"stone":{"long":{"one":"{0} Stone","other":"{0} Stones"},"narrow":{"other":"{0} st"},"perUnit":{},"short":{"other":"{0} st"}},"terabit":{"long":{"one":"{0} Terabit","other":"{0} Terabits"},"narrow":{"other":"{0} Tb"},"perUnit":{},"short":{"other":"{0} Tb"}},"terabyte":{"long":{"one":"{0} Terabyte","other":"{0} Terabytes"},"narrow":{"other":"{0} TB"},"perUnit":{},"short":{"other":"{0} TB"}},"week":{"long":{"one":"{0} Woch","other":"{0} Wochen"},"narrow":{"other":"{0} W"},"perUnit":{"long":"{0}/w","narrow":"{0}/w","short":"{0}/w"},"short":{"other":"{0} W"}},"yard":{"long":{"one":"{0} Yard","other":"{0} Yards"},"narrow":{"other":"{0} yd"},"perUnit":{},"short":{"other":"{0} yd"}},"year":{"long":{"other":"{0} Joer"},"narrow":{"other":"{0} J"},"perUnit":{"long":"{0}/y","narrow":"{0}/y","short":"{0}/y"},"short":{"other":"{0} J"}}}}},"locale":"lb"}