{"data":{"currencies":{"ADP":{"displayName":{"one":"pesetă andorrană","other":"pesete andorrane"},"narrow":"ADP","symbol":"ADP"},"AED":{"displayName":{"one":"dirham din Emiratele Arabe Unite","other":"dirhami din Emiratele Arabe Unite"},"narrow":"AED","symbol":"AED"},"AFN":{"displayName":{"one":"afgani afgan","other":"afgani afgani"},"narrow":"؋","symbol":"AFN"},"ALL":{"displayName":{"other":"lek"},"narrow":"ALL","symbol":"ALL"},"AMD":{"displayName":{"one":"dram armenesc","other":"drami armenești"},"narrow":"֏","symbol":"AMD"},"ANG":{"displayName":{"one":"gulden neerlandez antilez","other":"guldeni neerlandezi antilezi"},"narrow":"ANG","symbol":"ANG"},"AOA":{"displayName":{"one":"kwanza angoleză","other":"kwanze angoleze"},"narrow":"Kz","symbol":"AOA"},"ARP":{"displayName":{"one":"peso argentinian (1983–1985)","other":"pesos argentinieni (1983–1985)"},"narrow":"ARP","symbol":"ARP"},"ARS":{"displayName":{"one":"peso argentinian","other":"pesos argentinieni"},"narrow":"$","symbol":"ARS"},"ATS":{"displayName":{"one":"șiling austriac","other":"șilingi austrieci"},"narrow":"ATS","symbol":"ATS"},"AUD":{"displayName":{"one":"dolar australian","other":"dolari australieni"},"narrow":"$","symbol":"AUD"},"AWG":{"displayName":{"one":"florin aruban","other":"florini arubani"},"narrow":"AWG","symbol":"AWG"},"AZM":{"displayName":{"other":"manat azer (1993–2006)"},"narrow":"AZM","symbol":"AZM"},"AZN":{"displayName":{"one":"manat azer","other":"manați azeri"},"narrow":"₼","symbol":"AZN"},"BAD":{"displayName":{"few":"dinari Bosnia-Herțegovina","one":"dinar Bosnia-Herțegovina (1992–1994)","other":"dinari Bosnia-Herțegovina (1992–1994)"},"narrow":"BAD","symbol":"BAD"},"BAM":{"displayName":{"one":"marcă convertibilă","other":"mărci convertibile"},"narrow":"KM","symbol":"BAM"},"BBD":{"displayName":{"one":"dolar din Barbados","other":"dolari din Barbados"},"narrow":"$","symbol":"BBD"},"BDT":{"displayName":{"other":"taka din Bangladesh"},"narrow":"৳","symbol":"BDT"},"BEC":{"displayName":{"one":"franc belgian (convertibil)","other":"franci belgieni (convertibili)"},"narrow":"BEC","symbol":"BEC"},"BEF":{"displayName":{"one":"franc belgian","other":"franci belgieni"},"narrow":"BEF","symbol":"BEF"},"BEL":{"displayName":{"one":"franc belgian (financiar)","other":"franci belgieni (financiari)"},"narrow":"BEL","symbol":"BEL"},"BGN":{"displayName":{"one":"leva","other":"leve"},"narrow":"BGN","symbol":"BGN"},"BHD":{"displayName":{"one":"dinar din Bahrain","other":"dinari din Bahrain"},"narrow":"BHD","symbol":"BHD"},"BIF":{"displayName":{"one":"franc burundez","other":"franci burundezi"},"narrow":"BIF","symbol":"BIF"},"BMD":{"displayName":{"one":"dolar din Bermuda","other":"dolari din Bermuda"},"narrow":"$","symbol":"BMD"},"BND":{"displayName":{"few":"dolari din Brunei","one":"dolar din Brunei","other":"dolari Brunei"},"narrow":"$","symbol":"BND"},"BOB":{"displayName":{"other":"boliviano"},"narrow":"Bs","symbol":"BOB"},"BOP":{"displayName":{"one":"peso bolivian","other":"pesos bolivieni"},"narrow":"BOP","symbol":"BOP"},"BOV":{"displayName":{"other":"mvdol bolivian"},"narrow":"BOV","symbol":"BOV"},"BRE":{"displayName":{"other":"cruzeiro brazilian (1990–1993)"},"narrow":"BRE","symbol":"BRE"},"BRL":{"displayName":{"one":"real","other":"reali"},"narrow":"R$","symbol":"BRL"},"BRR":{"displayName":{"other":"cruzeiro brazilian (1993–1994)"},"narrow":"BRR","symbol":"BRR"},"BSD":{"displayName":{"one":"dolar din Bahamas","other":"dolari din Bahamas"},"narrow":"$","symbol":"BSD"},"BTN":{"displayName":{"other":"ngultrum din Bhutan"},"narrow":"BTN","symbol":"BTN"},"BUK":{"displayName":{"other":"kyat birman"},"narrow":"BUK","symbol":"BUK"},"BWP":{"displayName":{"other":"pula Botswana"},"narrow":"P","symbol":"BWP"},"BYN":{"displayName":{"one":"rublă belarusă","other":"ruble belaruse"},"narrow":"р.","symbol":"BYN"},"BYR":{"displayName":{"one":"rublă belarusă (2000–2016)","other":"ruble belaruse (2000–2016)"},"narrow":"BYR","symbol":"BYR"},"BZD":{"displayName":{"one":"dolar din Belize","other":"dolari din Belize"},"narrow":"$","symbol":"BZD"},"CAD":{"displayName":{"one":"dolar canadian","other":"dolari canadieni"},"narrow":"$","symbol":"CAD"},"CDF":{"displayName":{"one":"franc congolez","other":"franci congolezi"},"narrow":"CDF","symbol":"CDF"},"CHF":{"displayName":{"one":"franc elvețian","other":"franci elvețieni"},"narrow":"CHF","symbol":"CHF"},"CLP":{"displayName":{"one":"peso chilian","other":"pesos chilieni"},"narrow":"$","symbol":"CLP"},"CNH":{"displayName":{"one":"yuan chinezesc (offshore)","other":"yuani chinezești (offshore)"},"narrow":"CNH","symbol":"CNH"},"CNY":{"displayName":{"one":"yuan chinezesc","other":"yuani chinezești"},"narrow":"¥","symbol":"CNY"},"COP":{"displayName":{"one":"peso columbian","other":"pesos columbieni"},"narrow":"$","symbol":"COP"},"CRC":{"displayName":{"one":"colón costarican","other":"colóni costaricani"},"narrow":"₡","symbol":"CRC"},"CSD":{"displayName":{"one":"dinar Serbia și Muntenegru (2002–2006)","other":"dinari Serbia și Muntenegru (2002–2006)"},"narrow":"CSD","symbol":"CSD"},"CUC":{"displayName":{"one":"peso cubanez convertibil","other":"pesos cubanezi convertibili"},"narrow":"$","symbol":"CUC"},"CUP":{"displayName":{"one":"peso cubanez","other":"pesos cubanezi"},"narrow":"$","symbol":"CUP"},"CVE":{"displayName":{"one":"escudo caboverdian","other":"escudo caboverdieni"},"narrow":"CVE","symbol":"CVE"},"CYP":{"displayName":{"one":"liră cipriotă","other":"lire cipriote"},"narrow":"CYP","symbol":"CYP"},"CZK":{"displayName":{"one":"coroană cehă","other":"coroane cehe"},"narrow":"Kč","symbol":"CZK"},"DDM":{"displayName":{"one":"marcă est-germană","other":"mărci est-germane"},"narrow":"DDM","symbol":"DDM"},"DEM":{"displayName":{"one":"marcă germană","other":"mărci germane"},"narrow":"DEM","symbol":"DEM"},"DJF":{"displayName":{"one":"franc djiboutian","other":"franci djiboutieni"},"narrow":"DJF","symbol":"DJF"},"DKK":{"displayName":{"one":"coroană daneză","other":"coroane daneze"},"narrow":"kr","symbol":"DKK"},"DOP":{"displayName":{"one":"peso dominican","other":"pesos dominicani"},"narrow":"$","symbol":"DOP"},"DZD":{"displayName":{"one":"dinar algerian","other":"dinari algerieni"},"narrow":"DZD","symbol":"DZD"},"ECS":{"displayName":{"other":"sucre Ecuador"},"narrow":"ECS","symbol":"ECS"},"EEK":{"displayName":{"one":"coroană estoniană","other":"coroane estoniene"},"narrow":"EEK","symbol":"EEK"},"EGP":{"displayName":{"one":"liră egipteană","other":"lire egiptene"},"narrow":"E£","symbol":"EGP"},"ERN":{"displayName":{"one":"nakfa eritreeană","other":"nakfa eritreene"},"narrow":"ERN","symbol":"ERN"},"ESA":{"displayName":{"other":"peseta spaniolă (cont A)"},"narrow":"ESA","symbol":"ESA"},"ESB":{"displayName":{"other":"peseta spaniolă (cont convertibil)"},"narrow":"ESB","symbol":"ESB"},"ESP":{"displayName":{"one":"pesetă spaniolă","other":"pesete spaniole"},"narrow":"₧","symbol":"ESP"},"ETB":{"displayName":{"one":"birr etiopian","other":"birri etiopieni"},"narrow":"ETB","symbol":"ETB"},"EUR":{"displayName":{"other":"euro"},"narrow":"€","symbol":"EUR"},"FIM":{"displayName":{"other":"mărci finlandeze"},"narrow":"FIM","symbol":"FIM"},"FJD":{"displayName":{"one":"dolar fijian","other":"dolari fijieni"},"narrow":"$","symbol":"FJD"},"FKP":{"displayName":{"one":"liră din Insulele Falkland","other":"lire din Insulele Falkland"},"narrow":"£","symbol":"FKP"},"FRF":{"displayName":{"one":"franc francez","other":"franci francezi"},"narrow":"FRF","symbol":"FRF"},"GBP":{"displayName":{"one":"liră sterlină","other":"lire sterline"},"narrow":"£","symbol":"GBP"},"GEL":{"displayName":{"one":"lari georgian","other":"lari georgieni"},"narrow":"₾","symbol":"GEL"},"GHC":{"displayName":{"other":"cedi Ghana (1979–2007)"},"narrow":"GHC","symbol":"GHC"},"GHS":{"displayName":{"one":"cedi ghanez","other":"cedi ghanezi"},"narrow":"GH₵","symbol":"GHS"},"GIP":{"displayName":{"few":"lire din Gibraltar","one":"liră din Gibraltar","other":"lire Gibraltar"},"narrow":"£","symbol":"GIP"},"GMD":{"displayName":{"other":"dalasi din Gambia"},"narrow":"GMD","symbol":"GMD"},"GNF":{"displayName":{"one":"franc guineean","other":"franci guineeni"},"narrow":"FG","symbol":"GNF"},"GRD":{"displayName":{"one":"drahmă grecească","other":"drahme grecești"},"narrow":"GRD","symbol":"GRD"},"GTQ":{"displayName":{"one":"quetzal guatemalez","other":"quetzali guatemalezi"},"narrow":"Q","symbol":"GTQ"},"GWP":{"displayName":{"one":"peso Guineea-Bissau","other":"pesos Guineea-Bissau"},"narrow":"GWP","symbol":"GWP"},"GYD":{"displayName":{"one":"dolar guyanez","other":"dolari guyanezi"},"narrow":"$","symbol":"GYD"},"HKD":{"displayName":{"one":"dolar din Hong Kong","other":"dolari din Hong Kong"},"narrow":"$","symbol":"HKD"},"HNL":{"displayName":{"one":"lempiră honduriană","other":"lempire honduriene"},"narrow":"L","symbol":"HNL"},"HRD":{"displayName":{"one":"dinar croat","other":"dinari croați"},"narrow":"HRD","symbol":"HRD"},"HRK":{"displayName":{"other":"kuna"},"narrow":"kn","symbol":"HRK"},"HTG":{"displayName":{"other":"gourde din Haiti"},"narrow":"HTG","symbol":"HTG"},"HUF":{"displayName":{"one":"forint","other":"forinți"},"narrow":"Ft","symbol":"HUF"},"IDR":{"displayName":{"one":"rupie indoneziană","other":"rupii indoneziene"},"narrow":"Rp","symbol":"IDR"},"IEP":{"displayName":{"one":"liră irlandeză","other":"lire irlandeze"},"narrow":"IEP","symbol":"IEP"},"ILP":{"displayName":{"one":"liră israeliană","other":"lire israeliene"},"narrow":"ILP","symbol":"ILP"},"ILS":{"displayName":{"one":"shekel israelian nou","other":"shekeli israelieni noi"},"narrow":"₪","symbol":"ILS"},"INR":{"displayName":{"one":"rupie indiană","other":"rupii indiene"},"narrow":"₹","symbol":"INR"},"IQD":{"displayName":{"one":"dinar irakian","other":"dinari irakieni"},"narrow":"IQD","symbol":"IQD"},"IRR":{"displayName":{"one":"rial iranian","other":"riali iranieni"},"narrow":"IRR","symbol":"IRR"},"ISK":{"displayName":{"one":"coroană islandeză","other":"coroane islandeze"},"narrow":"kr","symbol":"ISK"},"ITL":{"displayName":{"one":"liră italiană","other":"lire italiene"},"narrow":"ITL","symbol":"ITL"},"JMD":{"displayName":{"one":"dolar jamaican","other":"dolari jamaicani"},"narrow":"$","symbol":"JMD"},"JOD":{"displayName":{"one":"dinar iordanian","other":"dinari iordanieni"},"narrow":"JOD","symbol":"JOD"},"JPY":{"displayName":{"one":"yen japonez","other":"yeni japonezi"},"narrow":"¥","symbol":"JPY"},"KES":{"displayName":{"one":"șiling kenyan","other":"șilingi kenyeni"},"narrow":"KES","symbol":"KES"},"KGS":{"displayName":{"one":"som kârgâz","other":"somi kârgâzi"},"narrow":"KGS","symbol":"KGS"},"KHR":{"displayName":{"one":"riel cambodgian","other":"rieli cambodgieni"},"narrow":"៛","symbol":"KHR"},"KMF":{"displayName":{"one":"franc comorian","other":"franci comorieni"},"narrow":"CF","symbol":"KMF"},"KPW":{"displayName":{"one":"won nord-coreean","other":"woni nord-coreeni"},"narrow":"₩","symbol":"KPW"},"KRW":{"displayName":{"one":"won sud-coreean","other":"woni sud-coreeni"},"narrow":"₩","symbol":"KRW"},"KWD":{"displayName":{"one":"dinar kuweitian","other":"dinari kuweitieni"},"narrow":"KWD","symbol":"KWD"},"KYD":{"displayName":{"one":"dolar din Insulele Cayman","other":"dolari din Insulele Cayman"},"narrow":"$","symbol":"KYD"},"KZT":{"displayName":{"one":"tenge kazahă","other":"tenge kazahe"},"narrow":"₸","symbol":"KZT"},"LAK":{"displayName":{"one":"kip laoțian","other":"kipi laoțieni"},"narrow":"₭","symbol":"LAK"},"LBP":{"displayName":{"one":"liră libaneză","other":"lire libaneze"},"narrow":"L£","symbol":"LBP"},"LKR":{"displayName":{"one":"rupie srilankeză","other":"rupii srilankeze"},"narrow":"Rs","symbol":"LKR"},"LRD":{"displayName":{"one":"dolar liberian","other":"dolari liberieni"},"narrow":"$","symbol":"LRD"},"LSL":{"displayName":{"other":"maloti leshotieni"},"narrow":"LSL","symbol":"LSL"},"LTL":{"displayName":{"one":"litu lituanian","other":"lite lituaniene"},"narrow":"Lt","symbol":"LTL"},"LUC":{"displayName":{"one":"franc convertibil luxemburghez","other":"franci convertibili luxemburghezi"},"narrow":"LUC","symbol":"LUC"},"LUF":{"displayName":{"one":"franc luxemburghez","other":"franci luxemburghezi"},"narrow":"LUF","symbol":"LUF"},"LUL":{"displayName":{"one":"franc financiar luxemburghez","other":"franci financiari luxemburghezi"},"narrow":"LUL","symbol":"LUL"},"LVL":{"displayName":{"one":"lats letonian","other":"lats letonieni"},"narrow":"Ls","symbol":"LVL"},"LVR":{"displayName":{"one":"rublă Letonia","other":"ruble Letonia"},"narrow":"LVR","symbol":"LVR"},"LYD":{"displayName":{"one":"dinar libian","other":"dinari libieni"},"narrow":"LYD","symbol":"LYD"},"MAD":{"displayName":{"one":"dirham marocan","other":"dirhami marocani"},"narrow":"MAD","symbol":"MAD"},"MAF":{"displayName":{"one":"franc marocan","other":"franci marocani"},"narrow":"MAF","symbol":"MAF"},"MDL":{"displayName":{"one":"leu moldovenesc","other":"lei moldovenești"},"narrow":"MDL","symbol":"MDL"},"MGA":{"displayName":{"one":"ariary malgaș","other":"ariary malgași"},"narrow":"Ar","symbol":"MGA"},"MGF":{"displayName":{"one":"franc Madagascar","other":"franci Madagascar"},"narrow":"MGF","symbol":"MGF"},"MKD":{"displayName":{"one":"denar","other":"denari"},"narrow":"MKD","symbol":"MKD"},"MLF":{"displayName":{"one":"franc Mali","other":"franci Mali"},"narrow":"MLF","symbol":"MLF"},"MMK":{"displayName":{"one":"kyat din Myanmar","other":"kyați din Myanmar"},"narrow":"K","symbol":"MMK"},"MNT":{"displayName":{"one":"tugrik mongol","other":"tugrici mongoli"},"narrow":"₮","symbol":"MNT"},"MOP":{"displayName":{"other":"pataca din Macao"},"narrow":"MOP","symbol":"MOP"},"MRO":{"displayName":{"one":"ouguiya mauritană (1973–2017)","other":"ouguiya mauritane (1973–2017)"},"narrow":"MRO","symbol":"MRO"},"MRU":{"displayName":{"one":"ouguiya mauritană","other":"ouguiya mauritane"},"narrow":"MRU","symbol":"MRU"},"MTL":{"displayName":{"one":"liră malteză","other":"lire malteze"},"narrow":"MTL","symbol":"MTL"},"MUR":{"displayName":{"one":"rupie mauritiană","other":"rupii mauritiene"},"narrow":"Rs","symbol":"MUR"},"MVR":{"displayName":{"one":"rufiyaa maldiviană","other":"rufiyaa maldiviene"},"narrow":"MVR","symbol":"MVR"},"MWK":{"displayName":{"one":"kwacha malawiană","other":"kwache malawiene"},"narrow":"MWK","symbol":"MWK"},"MXN":{"displayName":{"one":"peso mexican","other":"pesos mexicani"},"narrow":"$","symbol":"MXN"},"MXP":{"displayName":{"few":"pesos mexicani de argint (1861–1992","one":"peso mexican de argint (1861–1992)","other":"pesos mexicani de argint (1861–1992)"},"narrow":"MXP","symbol":"MXP"},"MYR":{"displayName":{"one":"ringgit malaiezian","other":"ringgit malaiezieni"},"narrow":"RM","symbol":"MYR"},"MZE":{"displayName":{"other":"escudo Mozambic"},"narrow":"MZE","symbol":"MZE"},"MZM":{"displayName":{"other":"metical Mozambic vechi"},"narrow":"MZM","symbol":"MZM"},"MZN":{"displayName":{"one":"metical mozambican","other":"meticali mozambicani"},"narrow":"MZN","symbol":"MZN"},"NAD":{"displayName":{"one":"dolar namibian","other":"dolari namibieni"},"narrow":"$","symbol":"NAD"},"NGN":{"displayName":{"one":"naira nigeriană","other":"naire nigeriene"},"narrow":"₦","symbol":"NGN"},"NIC":{"displayName":{"other":"cordoba nicaraguană (1988–1991)"},"narrow":"NIC","symbol":"NIC"},"NIO":{"displayName":{"one":"córdoba oro","other":"córdobe oro"},"narrow":"C$","symbol":"NIO"},"NLG":{"displayName":{"one":"gulden olandez","other":"guldeni olandezi"},"narrow":"NLG","symbol":"NLG"},"NOK":{"displayName":{"one":"coroană norvegiană","other":"coroane norvegiene"},"narrow":"kr","symbol":"NOK"},"NPR":{"displayName":{"one":"rupie nepaleză","other":"rupii nepaleze"},"narrow":"Rs","symbol":"NPR"},"NZD":{"displayName":{"one":"dolar neozeelandez","other":"dolari neozeelandezi"},"narrow":"$","symbol":"NZD"},"OMR":{"displayName":{"one":"rial omanez","other":"riali omanezi"},"narrow":"OMR","symbol":"OMR"},"PAB":{"displayName":{"one":"balboa panameză","other":"balboa panameze"},"narrow":"PAB","symbol":"PAB"},"PEI":{"displayName":{"other":"inti peruvian"},"narrow":"PEI","symbol":"PEI"},"PEN":{"displayName":{"one":"sol","other":"soli"},"narrow":"PEN","symbol":"PEN"},"PES":{"displayName":{"one":"sol peruvian (1863–1965)","other":"soli peruvieni (1863–1965)"},"narrow":"PES","symbol":"PES"},"PGK":{"displayName":{"other":"kina din Papua-Noua Guinee"},"narrow":"PGK","symbol":"PGK"},"PHP":{"displayName":{"one":"peso filipinez","other":"pesos filipinezi"},"narrow":"₱","symbol":"PHP"},"PKR":{"displayName":{"one":"rupie pakistaneză","other":"rupii pakistaneze"},"narrow":"Rs","symbol":"PKR"},"PLN":{"displayName":{"one":"zlot","other":"zloți"},"narrow":"zł","symbol":"PLN"},"PLZ":{"displayName":{"one":"zlot polonez (1950–1995)","other":"zloți polonezi (1950–1995)"},"narrow":"PLZ","symbol":"PLZ"},"PYG":{"displayName":{"other":"guarani"},"narrow":"₲","symbol":"PYG"},"QAR":{"displayName":{"one":"rial qatarian","other":"riali qatarieni"},"narrow":"QAR","symbol":"QAR"},"RHD":{"displayName":{"one":"dolar rhodesian","other":"dolari rhodesieni"},"narrow":"RHD","symbol":"RHD"},"ROL":{"displayName":{"one":"leu românesc (1952–2006)","other":"lei românești (1952–2006)"},"narrow":"ROL","symbol":"ROL"},"RON":{"displayName":{"one":"leu românesc","other":"lei românești"},"narrow":"lei","symbol":"RON"},"RSD":{"displayName":{"one":"dinar sârbesc","other":"dinari sârbești"},"narrow":"RSD","symbol":"RSD"},"RUB":{"displayName":{"one":"rublă rusească","other":"ruble rusești"},"narrow":"₽","symbol":"RUB"},"RWF":{"displayName":{"one":"franc rwandez","other":"franci rwandezi"},"narrow":"RF","symbol":"RWF"},"SAR":{"displayName":{"one":"rial saudit","other":"riali saudiți"},"narrow":"SAR","symbol":"SAR"},"SBD":{"displayName":{"one":"dolar din Insulele Solomon","other":"dolari din Insulele Solomon"},"narrow":"$","symbol":"SBD"},"SCR":{"displayName":{"one":"rupie seychelleză","other":"rupii seychelleze"},"narrow":"SCR","symbol":"SCR"},"SDD":{"displayName":{"one":"dinar sudanez","other":"dinari sudanezi"},"narrow":"SDD","symbol":"SDD"},"SDG":{"displayName":{"one":"liră sudaneză","other":"lire sudaneze"},"narrow":"SDG","symbol":"SDG"},"SDP":{"displayName":{"one":"liră sudaneză (1957–1998)","other":"lire sudaneze (1957–1998)"},"narrow":"SDP","symbol":"SDP"},"SEK":{"displayName":{"one":"coroană suedeză","other":"coroane suedeze"},"narrow":"kr","symbol":"SEK"},"SGD":{"displayName":{"one":"dolar singaporez","other":"dolari singaporezi"},"narrow":"$","symbol":"SGD"},"SHP":{"displayName":{"one":"liră din Sfânta Elena (Sfânta Elena și Ascension)","other":"lire din Sfânta Elena (Sfânta Elena și Ascension)"},"narrow":"£","symbol":"SHP"},"SIT":{"displayName":{"one":"tolar sloven","other":"tolari sloveni"},"narrow":"SIT","symbol":"SIT"},"SKK":{"displayName":{"one":"coroană slovacă","other":"coroane slovace"},"narrow":"SKK","symbol":"SKK"},"SLL":{"displayName":{"one":"leone din Sierra Leone","other":"leoni din Sierra Leone"},"narrow":"SLL","symbol":"SLL"},"SOS":{"displayName":{"one":"șiling somalez","other":"șilingi somalezi"},"narrow":"SOS","symbol":"SOS"},"SRD":{"displayName":{"one":"dolar surinamez","other":"dolari surinamezi"},"narrow":"$","symbol":"SRD"},"SRG":{"displayName":{"one":"gulden Surinam","other":"guldeni Surinam"},"narrow":"SRG","symbol":"SRG"},"SSP":{"displayName":{"one":"liră din Sudanul de Sud","other":"lire din Sudanul de Sud"},"narrow":"£","symbol":"SSP"},"STD":{"displayName":{"one":"dobra Sao Tome și Principe (1977–2017)","other":"dobre Sao Tome și Principe (1977–2017)"},"narrow":"STD","symbol":"STD"},"STN":{"displayName":{"one":"dobra din São Tomé și Príncipe","other":"dobre din São Tomé și Príncipe"},"narrow":"Db","symbol":"STN"},"SUR":{"displayName":{"one":"rublă sovietică","other":"ruble sovietice"},"narrow":"SUR","symbol":"SUR"},"SVC":{"displayName":{"one":"colon El Salvador","other":"coloni El Salvador"},"narrow":"SVC","symbol":"SVC"},"SYP":{"displayName":{"one":"liră siriană","other":"lire siriene"},"narrow":"£","symbol":"SYP"},"SZL":{"displayName":{"one":"lilangeni din Swaziland","other":"emalangeni din Swaziland"},"narrow":"SZL","symbol":"SZL"},"THB":{"displayName":{"one":"baht thailandez","other":"bahți thailandezi"},"narrow":"฿","symbol":"THB"},"TJR":{"displayName":{"one":"rublă Tadjikistan","other":"ruble Tadjikistan"},"narrow":"TJR","symbol":"TJR"},"TJS":{"displayName":{"one":"somoni tajdic","other":"somoni tadjici"},"narrow":"TJS","symbol":"TJS"},"TMM":{"displayName":{"one":"manat turkmen (1993–2009)","other":"manat turkmeni (1993–2009)"},"narrow":"TMM","symbol":"TMM"},"TMT":{"displayName":{"one":"manat turkmen","other":"manat turkmeni"},"narrow":"TMT","symbol":"TMT"},"TND":{"displayName":{"one":"dinar tunisian","other":"dinari tunisieni"},"narrow":"TND","symbol":"TND"},"TOP":{"displayName":{"one":"pa’anga tongană","other":"pa’anga tongane"},"narrow":"T$","symbol":"TOP"},"TRL":{"displayName":{"few":"liră turcească (1922–2005)","one":"liră turcească (1922–2005)","other":"lire turcești (1922–2005)"},"narrow":"TRL","symbol":"TRL"},"TRY":{"displayName":{"one":"liră turcească","other":"lire turcești"},"narrow":"₺","symbol":"TRY"},"TTD":{"displayName":{"one":"dolar din Trinidad și Tobago","other":"dolari din Trinidad și Tobago"},"narrow":"$","symbol":"TTD"},"TWD":{"displayName":{"few":"dolari noi din Taiwan","one":"dolar nou din Taiwan","other":"dolari noi Taiwan"},"narrow":"NT$","symbol":"TWD"},"TZS":{"displayName":{"one":"șiling tanzanian","other":"șilingi tanzanieni"},"narrow":"TZS","symbol":"TZS"},"UAH":{"displayName":{"one":"grivnă","other":"grivne"},"narrow":"₴","symbol":"UAH"},"UAK":{"displayName":{"one":"carboavă ucraineană","other":"carboave ucrainiene"},"narrow":"UAK","symbol":"UAK"},"UGS":{"displayName":{"one":"șiling ugandez (1966–1987)","other":"șilingi ugandezi (1966–1987)"},"narrow":"UGS","symbol":"UGS"},"UGX":{"displayName":{"one":"șiling ugandez","other":"șilingi ugandezi"},"narrow":"UGX","symbol":"UGX"},"USD":{"displayName":{"one":"dolar american","other":"dolari americani"},"narrow":"$","symbol":"USD"},"USN":{"displayName":{"one":"dolar american (ziua următoare)","other":"dolari americani (ziua următoare)"},"narrow":"USN","symbol":"USN"},"USS":{"displayName":{"one":"dolar american (aceeași zi)","other":"dolari americani (aceeași zi)"},"narrow":"USS","symbol":"USS"},"UYP":{"displayName":{"one":"peso Uruguay (1975–1993)","other":"pesos Uruguay (1975–1993)"},"narrow":"UYP","symbol":"UYP"},"UYU":{"displayName":{"one":"peso uruguayan","other":"pesos uruguayeni"},"narrow":"$","symbol":"UYU"},"UZS":{"displayName":{"other":"sum Uzbekistan"},"narrow":"UZS","symbol":"UZS"},"VEB":{"displayName":{"one":"bolivar Venezuela (1871–2008)","other":"bolivari Venezuela (1871–2008)"},"narrow":"VEB","symbol":"VEB"},"VEF":{"displayName":{"one":"bolivar venezuelean (2008–2018)","other":"bolivari venezueleni (2008–2018)"},"narrow":"Bs","symbol":"VEF"},"VES":{"displayName":{"one":"bolívar soberano","other":"bolívari soberano"},"narrow":"VES","symbol":"VES"},"VND":{"displayName":{"one":"dong vietnamez","other":"dongi vietnamezi"},"narrow":"₫","symbol":"VND"},"VUV":{"displayName":{"other":"vatu din Vanuatu"},"narrow":"VUV","symbol":"VUV"},"WST":{"displayName":{"few":"tala samoane","other":"tala samoană"},"narrow":"WST","symbol":"WST"},"XAF":{"displayName":{"few":"franci CFA BEAC","one":"franc CFA BEAC","other":"franci CFA central-africani"},"narrow":"FCFA","symbol":"FCFA"},"XAG":{"displayName":{"other":"argint"},"narrow":"XAG","symbol":"XAG"},"XAU":{"displayName":{"other":"aur"},"narrow":"XAU","symbol":"XAU"},"XBA":{"displayName":{"other":"unitate compusă europeană"},"narrow":"XBA","symbol":"XBA"},"XBB":{"displayName":{"other":"unitate monetară europeană"},"narrow":"XBB","symbol":"XBB"},"XBC":{"displayName":{"other":"unitate de cont europeană (XBC)"},"narrow":"XBC","symbol":"XBC"},"XBD":{"displayName":{"other":"unitate de cont europeană (XBD)"},"narrow":"XBD","symbol":"XBD"},"XCD":{"displayName":{"one":"dolar est-caraib","other":"dolari est-caraibi"},"narrow":"$","symbol":"XCD"},"XDR":{"displayName":{"other":"drepturi speciale de tragere"},"narrow":"XDR","symbol":"XDR"},"XEU":{"displayName":{"other":"unitate de monedă europeană"},"narrow":"XEU","symbol":"XEU"},"XFO":{"displayName":{"one":"franc francez de aur","other":"franci francezi de aur"},"narrow":"XFO","symbol":"XFO"},"XFU":{"displayName":{"other":"franc UIC francez"},"narrow":"XFU","symbol":"XFU"},"XOF":{"displayName":{"one":"franc CFA BCEAO","other":"franci CFA BCEAO"},"narrow":"F CFA","symbol":"F CFA"},"XPD":{"displayName":{"other":"paladiu"},"narrow":"XPD","symbol":"XPD"},"XPF":{"displayName":{"one":"franc CFP","other":"franci CFP"},"narrow":"CFPF","symbol":"CFPF"},"XPT":{"displayName":{"other":"platină"},"narrow":"XPT","symbol":"XPT"},"XTS":{"displayName":{"other":"cod monetar de test"},"narrow":"XTS","symbol":"XTS"},"XXX":{"displayName":{"one":"(unitate monetară necunoscută)","other":"(monedă necunoscută)"},"narrow":"¤","symbol":"¤"},"YDD":{"displayName":{"one":"dinar Yemen","other":"dinari Yemen"},"narrow":"YDD","symbol":"YDD"},"YER":{"displayName":{"one":"rial yemenit","other":"riali yemeniți"},"narrow":"YER","symbol":"YER"},"YUD":{"displayName":{"one":"dinar iugoslav greu","other":"dinari iugoslavi grei"},"narrow":"YUD","symbol":"YUD"},"YUM":{"displayName":{"one":"dinar iugoslav nou","other":"dinari iugoslavi noi"},"narrow":"YUM","symbol":"YUM"},"YUN":{"displayName":{"one":"dinar iugoslav convertibil","other":"dinari iugoslavi convertibili"},"narrow":"YUN","symbol":"YUN"},"ZAL":{"displayName":{"other":"rand sud-african (financiar)"},"narrow":"ZAL","symbol":"ZAL"},"ZAR":{"displayName":{"one":"rand sud-african","other":"ranzi sud-africani"},"narrow":"R","symbol":"ZAR"},"ZMK":{"displayName":{"one":"kwacha zambiană (1968–2012)","other":"kwache zambiene (1968–2012)"},"narrow":"ZMK","symbol":"ZMK"},"ZMW":{"displayName":{"one":"kwacha zambian","other":"kwache zambiene"},"narrow":"ZK","symbol":"ZMW"},"ZRN":{"displayName":{"one":"zair nou","other":"zairi noi"},"narrow":"ZRN","symbol":"ZRN"},"ZWD":{"displayName":{"one":"dolar Zimbabwe (1980–2008)","other":"dolari Zimbabwe (1980–2008)"},"narrow":"ZWD","symbol":"ZWD"},"ZWL":{"displayName":{"other":"dolar Zimbabwe (2009)"},"narrow":"ZWL","symbol":"ZWL"},"ZWR":{"displayName":{"other":"dolar Zimbabwe (2008)"},"narrow":"ZWR","symbol":"ZWR"}},"nu":["latn"],"numbers":{"currency":{"latn":{"accounting":"#,##0.00 ¤;(#,##0.00 ¤)","currencySpacing":{"afterInsertBetween":" ","beforeInsertBetween":" "},"short":{"1000":{"one":"0 mie ¤","other":"0 mii ¤"},"10000":{"other":"00 mii ¤"},"100000":{"other":"000 mii ¤"},"1000000":{"other":"0 mil'.' ¤"},"10000000":{"other":"00 mil'.' ¤"},"100000000":{"other":"000 mil'.' ¤"},"1000000000":{"other":"0 mld'.' ¤"},"10000000000":{"other":"00 mld'.' ¤"},"100000000000":{"other":"000 mld'.' ¤"},"1000000000000":{"other":"0 tril'.' ¤"},"10000000000000":{"other":"00 tril'.' ¤"},"100000000000000":{"other":"000 tril'.' ¤"}},"standard":"#,##0.00 ¤","unitPattern":"{0} de {1}"}},"decimal":{"latn":{"long":{"1000":{"few":"0 mii","one":"0 mie","other":"0 de mii"},"10000":{"few":"00 mii","one":"00 mie","other":"00 de mii"},"100000":{"few":"000 mii","one":"000 mie","other":"000 de mii"},"1000000":{"few":"0 milioane","one":"0 milion","other":"0 de milioane"},"10000000":{"few":"00 milioane","one":"00 milion","other":"00 de milioane"},"100000000":{"few":"000 milioane","one":"000 milion","other":"000 de milioane"},"1000000000":{"few":"0 miliarde","one":"0 miliard","other":"0 de miliarde"},"10000000000":{"few":"00 miliarde","one":"00 miliard","other":"00 de miliarde"},"100000000000":{"few":"000 miliarde","one":"000 miliard","other":"000 de miliarde"},"1000000000000":{"few":"0 trilioane","one":"0 trilion","other":"0 de trilioane"},"10000000000000":{"few":"00 trilioane","one":"00 trilion","other":"00 de trilioane"},"100000000000000":{"few":"000 trilioane","one":"000 trilion","other":"000 de trilioane"}},"short":{"1000":{"other":"0 K"},"10000":{"other":"00 K"},"100000":{"other":"000 K"},"1000000":{"other":"0 mil'.'"},"10000000":{"other":"00 mil'.'"},"100000000":{"other":"000 mil'.'"},"1000000000":{"other":"0 mld'.'"},"10000000000":{"other":"00 mld'.'"},"100000000000":{"other":"000 mld'.'"},"1000000000000":{"other":"0 tril'.'"},"10000000000000":{"other":"00 tril'.'"},"100000000000000":{"other":"000 tril'.'"}},"standard":"#,##0.###"}},"nu":["latn"],"percent":{"latn":"#,##0 %"},"symbols":{"latn":{"approximatelySign":"~","decimal":",","exponential":"E","group":".","infinity":"∞","list":";","minusSign":"-","nan":"NaN","perMille":"‰","percentSign":"%","plusSign":"+","rangeSign":" ","superscriptingExponent":"×","timeSeparator":":"}}},"units":{"compound":{"per":{"long":"{0} pe {1}","narrow":"{0}/{1}","short":"{0}/{1}"}},"simple":{"acre":{"long":{"few":"{0} acri","one":"{0} acru","other":"{0} de acri"},"narrow":{"other":"{0} ac."},"perUnit":{},"short":{"other":"{0} ac."}},"bit":{"long":{"few":"{0} biți","one":"{0} bit","other":"{0} de biți"},"narrow":{"other":"{0} b"},"perUnit":{},"short":{"other":"{0} b"}},"byte":{"long":{"few":"{0} byți","one":"{0} byte","other":"{0} de byți"},"narrow":{"other":"{0} B"},"perUnit":{},"short":{"other":"{0} B"}},"celsius":{"long":{"few":"{0} grade Celsius","one":"{0} grad Celsius","other":"{0} de grade Celsius"},"narrow":{"other":"{0} °C"},"perUnit":{},"short":{"other":"{0} °C"}},"centimeter":{"long":{"few":"{0} centimetri","one":"{0} centimetru","other":"{0} de centimetri"},"narrow":{"other":"{0} cm"},"perUnit":{"long":"{0} pe centimetru","narrow":"{0}/cm","short":"{0}/cm"},"short":{"other":"{0} cm"}},"day":{"long":{"few":"{0} zile","one":"{0} zi","other":"{0} de zile"},"narrow":{"other":"{0} z"},"perUnit":{"long":"{0} pe zi","narrow":"{0}/zi","short":"{0}/zi"},"short":{"one":"{0} zi","other":"{0} zile"}},"degree":{"long":{"few":"{0} grade","one":"{0} grad","other":"{0} de grade"},"narrow":{"other":"{0}°"},"perUnit":{},"short":{"other":"{0}°"}},"fahrenheit":{"long":{"few":"{0} grade Fahrenheit","one":"{0} grad Fahrenheit","other":"{0} de grade Fahrenheit"},"narrow":{"other":"{0} °F"},"perUnit":{},"short":{"other":"{0} °F"}},"fluid-ounce":{"long":{"few":"{0} uncii lichide","one":"{0} uncie lichidă","other":"{0} de uncii lichide"},"narrow":{"other":"{0} fl oz"},"perUnit":{},"short":{"other":"{0} fl oz"}},"foot":{"long":{"few":"{0} picioare","one":"{0} picior","other":"{0} de picioare"},"narrow":{"other":"{0} ft"},"perUnit":{"long":"{0} pe picior","narrow":"{0}/ft","short":"{0}/ft"},"short":{"other":"{0} ft"}},"gallon":{"long":{"few":"{0} galoane","one":"{0} galon","other":"{0} de galoane"},"narrow":{"other":"{0} gal"},"perUnit":{"long":"{0} per galon","narrow":"{0}/gal","short":"{0}/gal"},"short":{"other":"{0} gal"}},"gigabit":{"long":{"few":"{0} gigabiți","one":"{0} gigabit","other":"{0} de gigabiți"},"narrow":{"other":"{0} Gb"},"perUnit":{},"short":{"other":"{0} Gb"}},"gigabyte":{"long":{"few":"{0} gigabyți","one":"{0} gigabyte","other":"{0} de gigabyți"},"narrow":{"other":"{0} GB"},"perUnit":{},"short":{"other":"{0} GB"}},"gram":{"long":{"few":"{0} grame","one":"{0} gram","other":"{0} de grame"},"narrow":{"other":"{0} g"},"perUnit":{"long":"{0} per gram","narrow":"{0}/g","short":"{0}/g"},"short":{"other":"{0} g"}},"hectare":{"long":{"few":"{0} hectare","one":"{0} hectar","other":"{0} de hectare"},"narrow":{"other":"{0} ha"},"perUnit":{},"short":{"other":"{0} ha"}},"hour":{"long":{"few":"{0} ore","one":"{0} oră","other":"{0} de ore"},"narrow":{"other":"{0} h"},"perUnit":{"long":"{0} pe oră","narrow":"{0}/h","short":"{0}/h"},"short":{"one":"{0} oră","other":"{0} ore"}},"inch":{"long":{"few":"{0} inchi","one":"{0} inch","other":"{0} de inchi"},"narrow":{"other":"{0} in"},"perUnit":{"long":"{0} pe inch","narrow":"{0}/in","short":"{0}/in"},"short":{"other":"{0} in"}},"kilobit":{"long":{"few":"{0} kilobiți","one":"{0} kilobit","other":"{0} de kilobiți"},"narrow":{"other":"{0} kb"},"perUnit":{},"short":{"other":"{0} kb"}},"kilobyte":{"long":{"few":"{0} kilobyți","one":"{0} kilobyte","other":"{0} de kilobyți"},"narrow":{"other":"{0} kB"},"perUnit":{},"short":{"other":"{0} kB"}},"kilogram":{"long":{"few":"{0} kilograme","one":"{0} kilogram","other":"{0} de kilograme"},"narrow":{"other":"{0} kg"},"perUnit":{"long":"{0} per kilogram","narrow":"{0}/kg","short":"{0}/kg"},"short":{"other":"{0} kg"}},"kilometer":{"long":{"few":"{0} kilometri","one":"{0} kilometru","other":"{0} de kilometri"},"narrow":{"other":"{0} km"},"perUnit":{"long":"{0} pe kilometru","narrow":"{0}/km","short":"{0}/km"},"short":{"other":"{0} km"}},"kilometer-per-hour":{"long":{"few":"{0} kilometri pe oră","one":"{0} kilometru pe oră","other":"{0} de kilometri pe oră"},"narrow":{"other":"{0} km/h"},"perUnit":{},"short":{"other":"{0} km/h"}},"liter":{"long":{"few":"{0} litri","one":"{0} litru","other":"{0} de litri"},"narrow":{"other":"{0} l"},"perUnit":{"long":"{0} pe litru","narrow":"{0}/l","short":"{0}/l"},"short":{"other":"{0} l"}},"liter-per-kilometer":{"long":{"few":"{0} litri pe kilometru","one":"{0} litru pe kilometru","other":"{0} de litri pe kilometru"},"narrow":{"other":"{0} l/km"},"perUnit":{},"short":{"other":"{0} l/km"}},"megabit":{"long":{"few":"{0} megabiți","one":"{0} megabit","other":"{0} de megabiți"},"narrow":{"other":"{0} Mb"},"perUnit":{},"short":{"other":"{0} Mb"}},"megabyte":{"long":{"few":"{0} megabyți","one":"{0} megabyte","other":"{0} de megabyți"},"narrow":{"other":"{0} MB"},"perUnit":{},"short":{"other":"{0} MB"}},"meter":{"long":{"few":"{0} metri","one":"{0} metru","other":"{0} de metri"},"narrow":{"other":"{0} m"},"perUnit":{"long":"{0} pe metru","narrow":"{0}/m","short":"{0}/m"},"short":{"other":"{0} m"}},"meter-per-second":{"long":{"few":"{0} metri pe secundă","one":"{0} metru pe secundă","other":"{0} de metri pe secundă"},"narrow":{"other":"{0} m/s"},"perUnit":{},"short":{"other":"{0} m/s"}},"mile":{"long":{"few":"{0} mile","one":"{0} milă","other":"{0} de mile"},"narrow":{"other":"{0} mi"},"perUnit":{},"short":{"other":"{0} mi"}},"mile-per-gallon":{"long":{"few":"{0} mile pe galon","one":"{0} milă pe galon","other":"{0} de mile pe galon"},"narrow":{"other":"{0} mi/gal"},"perUnit":{},"short":{"one":"{0} milă/gal.","other":"{0} mile/gal."}},"mile-per-hour":{"long":{"few":"{0} mile pe oră","one":"{0} milă pe oră","other":"{0} de mile pe oră"},"narrow":{"other":"{0} mi/h"},"perUnit":{},"short":{"other":"{0} mi/h"}},"mile-scandinavian":{"long":{"few":"{0} mile scandinave","one":"{0} milă scandinavă","other":"{0} de mile scandinave"},"narrow":{"other":"{0} smi"},"perUnit":{},"short":{"other":"{0} smi"}},"milliliter":{"long":{"few":"{0} mililitri","one":"{0} mililitru","other":"{0} de mililitri"},"narrow":{"other":"{0} ml"},"perUnit":{},"short":{"other":"{0} ml"}},"millimeter":{"long":{"few":"{0} milimetri","one":"{0} milimetru","other":"{0} de milimetri"},"narrow":{"other":"{0} mm"},"perUnit":{},"short":{"other":"{0} mm"}},"millisecond":{"long":{"few":"{0} milisecunde","one":"{0} milisecundă","other":"{0} de milisecunde"},"narrow":{"other":"{0} ms"},"perUnit":{},"short":{"other":"{0} ms"}},"minute":{"long":{"few":"{0} minute","one":"{0} minut","other":"{0} de minute"},"narrow":{"other":"{0} m"},"perUnit":{"long":"{0} pe minut","narrow":"{0}/min.","short":"{0}/min."},"short":{"other":"{0} min."}},"month":{"long":{"few":"{0} luni","one":"{0} lună","other":"{0} de luni"},"narrow":{"other":"{0} l"},"perUnit":{"long":"{0} pe lună","narrow":"{0}/lună","short":"{0}/lună"},"short":{"one":"{0} lună","other":"{0} luni"}},"ounce":{"long":{"few":"{0} uncii","one":"{0} uncie","other":"{0} de uncii"},"narrow":{"other":"{0} oz"},"perUnit":{"long":"{0} per uncie","narrow":"{0}/oz","short":"{0}/oz"},"short":{"other":"{0} oz"}},"percent":{"long":{"few":"{0} procente","one":"{0} procent","other":"{0} de procente"},"narrow":{"other":"{0}%"},"perUnit":{},"short":{"other":"{0}%"}},"petabyte":{"long":{"few":"{0} petabyți","one":"{0} petabyte","other":"{0} de petabyți"},"narrow":{"other":"{0} PB"},"perUnit":{},"short":{"other":"{0} PB"}},"pound":{"long":{"few":"{0} livre","one":"{0} livră","other":"{0} de livre"},"narrow":{"other":"{0} lb"},"perUnit":{"long":"{0} per livră","narrow":"{0}/lb","short":"{0}/lb"},"short":{"other":"{0} lb"}},"second":{"long":{"few":"{0} secunde","one":"{0} secundă","other":"{0} de secunde"},"narrow":{"other":"{0} s"},"perUnit":{"long":"{0} pe secundă","narrow":"{0}/s","short":"{0}/s"},"short":{"other":"{0} s"}},"stone":{"long":{"few":"{0} stone","one":"{0} stone","other":"{0} de stone"},"narrow":{"other":"{0} st"},"perUnit":{},"short":{"other":"{0} st"}},"terabit":{"long":{"few":"{0} terabiți","one":"{0} terabit","other":"{0} de terabiți"},"narrow":{"other":"{0} Tb"},"perUnit":{},"short":{"other":"{0} Tb"}},"terabyte":{"long":{"few":"{0} terabyți","one":"{0} terabyte","other":"{0} de terabyți"},"narrow":{"other":"{0} TB"},"perUnit":{},"short":{"other":"{0} TB"}},"week":{"long":{"few":"{0} săptămâni","one":"{0} săptămână","other":"{0} de săptămâni"},"narrow":{"other":"{0} săpt."},"perUnit":{"long":"{0} pe săptămână","narrow":"{0}/săpt.","short":"{0}/săpt."},"short":{"other":"{0} săpt."}},"yard":{"long":{"few":"{0} iarzi","one":"{0} iard","other":"{0} de iarzi"},"narrow":{"other":"{0} yd"},"perUnit":{},"short":{"other":"{0} yd"}},"year":{"long":{"few":"{0} ani","one":"{0} an","other":"{0} de ani"},"narrow":{"other":"{0} a"},"perUnit":{"long":"{0} pe an","narrow":"{0}/an","short":"{0}/an"},"short":{"one":"{0} an","other":"{0} ani"}}}}},"locale":"ro"}