{"data":{"currencies":{"ADP":{"displayName":{"other":"เปเซตาอันดอร์รา"},"narrow":"ADP","symbol":"ADP"},"AED":{"displayName":{"other":"เดอร์แฮมสหรัฐอาหรับเอมิเรตส์"},"narrow":"AED","symbol":"AED"},"AFA":{"displayName":{"other":"อัฟกานีอัฟกานิสถาน (1927–2002)"},"narrow":"AFA","symbol":"AFA"},"AFN":{"displayName":{"other":"อัฟกานิอัฟกานิสถาน"},"narrow":"؋","symbol":"AFN"},"ALL":{"displayName":{"other":"เลกแอลเบเนีย"},"narrow":"ALL","symbol":"ALL"},"AMD":{"displayName":{"other":"แดรมอาร์เมเนีย"},"narrow":"֏","symbol":"AMD"},"ANG":{"displayName":{"other":"กิลเดอร์เนเธอร์แลนด์แอนทิลลิส"},"narrow":"ANG","symbol":"ANG"},"AOA":{"displayName":{"other":"กวานซาแองโกลา"},"narrow":"Kz","symbol":"AOA"},"AOK":{"displayName":{"other":"กวานซาแองโกลา (1977–1990)"},"narrow":"AOK","symbol":"AOK"},"AON":{"displayName":{"other":"นิวกวานซาแองโกลา (1990–2000)"},"narrow":"AON","symbol":"AON"},"AOR":{"displayName":{"other":"กวานซารีจัสทาโดแองโกลา (1995–1999)"},"narrow":"AOR","symbol":"AOR"},"ARA":{"displayName":{"other":"ออสตรัลอาร์เจนตินา"},"narrow":"ARA","symbol":"ARA"},"ARL":{"displayName":{"other":"เปโซเลย์อาร์เจนตินา (1970–1983)"},"narrow":"ARL","symbol":"ARL"},"ARM":{"displayName":{"other":"เปโซอาร์เจนตินา (1881–1970)"},"narrow":"ARM","symbol":"ARM"},"ARP":{"displayName":{"other":"เปโซอาร์เจนตินา (1983–1985)"},"narrow":"ARP","symbol":"ARP"},"ARS":{"displayName":{"other":"เปโซอาร์เจนตินา"},"narrow":"$","symbol":"ARS"},"ATS":{"displayName":{"other":"ชิลลิงออสเตรีย"},"narrow":"ATS","symbol":"ATS"},"AUD":{"displayName":{"other":"ดอลลาร์ออสเตรเลีย"},"narrow":"$","symbol":"AU$"},"AWG":{"displayName":{"other":"ฟลอรินอารูบา"},"narrow":"AWG","symbol":"AWG"},"AZM":{"displayName":{"other":"มานัตอาเซอร์ไบจาน (1993–2006)"},"narrow":"AZM","symbol":"AZM"},"AZN":{"displayName":{"other":"มานัตอาเซอร์ไบจาน"},"narrow":"₼","symbol":"AZN"},"BAD":{"displayName":{"other":"ดีนาร์บอสเนีย-เฮอร์เซโกวีนา"},"narrow":"BAD","symbol":"BAD"},"BAM":{"displayName":{"other":"มาร์กบอสเนีย-เฮอร์เซโกวีนา"},"narrow":"KM","symbol":"BAM"},"BAN":{"displayName":{"other":"ดีนาร์ใหม่บอสเนีย-เฮอร์เซโกวีนา (1994–1997)"},"narrow":"BAN","symbol":"BAN"},"BBD":{"displayName":{"other":"ดอลลาร์บาร์เบโดส"},"narrow":"$","symbol":"BBD"},"BDT":{"displayName":{"other":"ตากาบังกลาเทศ"},"narrow":"৳","symbol":"BDT"},"BEC":{"displayName":{"other":"ฟรังก์เบลเยียม (เปลี่ยนแปลงได้)"},"narrow":"BEC","symbol":"BEC"},"BEF":{"displayName":{"other":"ฟรังก์เบลเยียม"},"narrow":"BEF","symbol":"BEF"},"BEL":{"displayName":{"other":"ฟรังก์เบลเยียม (การเงิน)"},"narrow":"BEL","symbol":"BEL"},"BGL":{"displayName":{"other":"ฮาร์ดเลฟบัลแกเรีย"},"narrow":"BGL","symbol":"BGL"},"BGM":{"displayName":{"other":"โซเชียลลิสต์เลฟบัลแกเรีย"},"narrow":"BGM","symbol":"BGM"},"BGN":{"displayName":{"other":"เลฟบัลแกเรีย"},"narrow":"BGN","symbol":"BGN"},"BGO":{"displayName":{"other":"เลฟบัลเกเรีย (1879–1952)"},"narrow":"BGO","symbol":"BGO"},"BHD":{"displayName":{"other":"ดีนาร์บาห์เรน"},"narrow":"BHD","symbol":"BHD"},"BIF":{"displayName":{"other":"ฟรังก์บุรุนดี"},"narrow":"BIF","symbol":"BIF"},"BMD":{"displayName":{"other":"ดอลลาร์เบอร์มิวดา"},"narrow":"$","symbol":"BMD"},"BND":{"displayName":{"other":"ดอลลาร์บรูไน"},"narrow":"$","symbol":"BND"},"BOB":{"displayName":{"other":"โบลิเวียโนโบลิเวีย"},"narrow":"Bs","symbol":"BOB"},"BOL":{"displayName":{"other":"โบลิเวียโนโบลิเวีย (1863–1963)"},"narrow":"BOL","symbol":"BOL"},"BOP":{"displayName":{"other":"เปโซโบลิเวีย"},"narrow":"BOP","symbol":"BOP"},"BOV":{"displayName":{"other":"มฟดอลโบลิเวีย"},"narrow":"BOV","symbol":"BOV"},"BRB":{"displayName":{"other":"ครูเซโรโนโวบราซิล (1967–1986)"},"narrow":"BRB","symbol":"BRB"},"BRC":{"displayName":{"other":"ครูซาโดบราซิล"},"narrow":"BRC","symbol":"BRC"},"BRE":{"displayName":{"other":"ครูเซโรบราซิล (1990–1993)"},"narrow":"BRE","symbol":"BRE"},"BRL":{"displayName":{"other":"เรียลบราซิล"},"narrow":"R$","symbol":"R$"},"BRN":{"displayName":{"other":"ครูซาโดโนโวบราซิล"},"narrow":"BRN","symbol":"BRN"},"BRR":{"displayName":{"other":"ครูเซโรบราซิล"},"narrow":"BRR","symbol":"BRR"},"BRZ":{"displayName":{"other":"ครูเซโรบราซิล (1942–1967)"},"narrow":"BRZ","symbol":"BRZ"},"BSD":{"displayName":{"other":"ดอลลาร์บาฮามาส"},"narrow":"$","symbol":"BSD"},"BTN":{"displayName":{"other":"เอ็งกุลตรัมภูฏาน"},"narrow":"BTN","symbol":"BTN"},"BUK":{"displayName":{"other":"จ๊าดพม่า"},"narrow":"BUK","symbol":"BUK"},"BWP":{"displayName":{"other":"ปูลาบอตสวานา"},"narrow":"P","symbol":"BWP"},"BYB":{"displayName":{"other":"นิวรูเบิลเบลารุส (1994–1999)"},"narrow":"BYB","symbol":"BYB"},"BYN":{"displayName":{"other":"รูเบิลเบลารุส"},"narrow":"р.","symbol":"BYN"},"BYR":{"displayName":{"other":"รูเบิลเบลารุส (2000–2016)"},"narrow":"BYR","symbol":"BYR"},"BZD":{"displayName":{"other":"ดอลลาร์เบลีซ"},"narrow":"$","symbol":"BZD"},"CAD":{"displayName":{"other":"ดอลลาร์แคนาดา"},"narrow":"$","symbol":"CA$"},"CDF":{"displayName":{"other":"ฟรังก์คองโก"},"narrow":"CDF","symbol":"CDF"},"CHE":{"displayName":{"other":"ยูโรดับเบิลยูไออาร์"},"narrow":"CHE","symbol":"CHE"},"CHF":{"displayName":{"other":"ฟรังก์สวิส"},"narrow":"CHF","symbol":"CHF"},"CHW":{"displayName":{"other":"ฟรังก์ดับเบิลยูไออาร์"},"narrow":"CHW","symbol":"CHW"},"CLE":{"displayName":{"other":"เอสคูโดชิลี"},"narrow":"CLE","symbol":"CLE"},"CLF":{"displayName":{"other":"ฟูเมนโตชิลี"},"narrow":"CLF","symbol":"CLF"},"CLP":{"displayName":{"other":"เปโซชิลี"},"narrow":"$","symbol":"CLP"},"CNH":{"displayName":{"other":"หยวน"},"narrow":"CNH","symbol":"CNH"},"CNY":{"displayName":{"other":"หยวนจีน"},"narrow":"¥","symbol":"CN¥"},"COP":{"displayName":{"other":"เปโซโคลอมเบีย"},"narrow":"$","symbol":"COP"},"COU":{"displayName":{"other":"วาเลอร์เรียลโคลอมเบีย"},"narrow":"COU","symbol":"COU"},"CRC":{"displayName":{"other":"โกลองคอสตาริกา"},"narrow":"₡","symbol":"CRC"},"CSD":{"displayName":{"other":"ดีนาร์เซอร์เบียเก่า"},"narrow":"CSD","symbol":"CSD"},"CSK":{"displayName":{"other":"ฮาร์ดโครูนาเช็กโกสโลวัก"},"narrow":"CSK","symbol":"CSK"},"CUC":{"displayName":{"other":"เปโซคิวบา (แปลงสภาพ)"},"narrow":"$","symbol":"CUC"},"CUP":{"displayName":{"other":"เปโซคิวบา"},"narrow":"$","symbol":"CUP"},"CVE":{"displayName":{"other":"เอสคูโดเคปเวิร์ด"},"narrow":"CVE","symbol":"CVE"},"CYP":{"displayName":{"other":"ปอนด์ไซปรัส"},"narrow":"CYP","symbol":"CYP"},"CZK":{"displayName":{"other":"โครูนาสาธารณรัฐเช็ก"},"narrow":"Kč","symbol":"CZK"},"DDM":{"displayName":{"other":"มาร์กเยอรมันตะวันออก"},"narrow":"DDM","symbol":"DDM"},"DEM":{"displayName":{"other":"มาร์กเยอรมัน"},"narrow":"DEM","symbol":"DEM"},"DJF":{"displayName":{"other":"ฟรังก์จิบูตี"},"narrow":"DJF","symbol":"DJF"},"DKK":{"displayName":{"other":"โครนเดนมาร์ก"},"narrow":"kr","symbol":"DKK"},"DOP":{"displayName":{"other":"เปโซโดมินิกัน"},"narrow":"$","symbol":"DOP"},"DZD":{"displayName":{"other":"ดีนาร์แอลจีเรีย"},"narrow":"DZD","symbol":"DZD"},"ECS":{"displayName":{"other":"ซูเกรเอกวาดอร์"},"narrow":"ECS","symbol":"ECS"},"ECV":{"displayName":{"other":"วาเลอร์คอนสแตนต์เอกวาดอร์"},"narrow":"ECV","symbol":"ECV"},"EEK":{"displayName":{"other":"ครูนเอสโตเนีย"},"narrow":"EEK","symbol":"EEK"},"EGP":{"displayName":{"other":"ปอนด์อียิปต์"},"narrow":"E£","symbol":"EGP"},"ERN":{"displayName":{"other":"แนกฟาเอริเทรีย"},"narrow":"ERN","symbol":"ERN"},"ESA":{"displayName":{"other":"เปเซตาสเปน (บัญชีเอ)"},"narrow":"ESA","symbol":"ESA"},"ESB":{"displayName":{"other":"เปเซตาสเปน (บัญชีที่เปลี่ยนแปลงได้)"},"narrow":"ESB","symbol":"ESB"},"ESP":{"displayName":{"other":"เปเซตาสเปน"},"narrow":"₧","symbol":"ESP"},"ETB":{"displayName":{"other":"เบอรร์เอธิโอเปีย"},"narrow":"ETB","symbol":"ETB"},"EUR":{"displayName":{"other":"ยูโร"},"narrow":"€","symbol":"€"},"FIM":{"displayName":{"other":"มาร์กกาฟินแลนด์"},"narrow":"FIM","symbol":"FIM"},"FJD":{"displayName":{"other":"ดอลลาร์ฟิจิ"},"narrow":"$","symbol":"FJD"},"FKP":{"displayName":{"other":"ปอนด์หมู่เกาะฟอล์กแลนด์"},"narrow":"£","symbol":"FKP"},"FRF":{"displayName":{"other":"ฟรังก์ฝรั่งเศส"},"narrow":"FRF","symbol":"FRF"},"GBP":{"displayName":{"other":"ปอนด์สเตอร์ลิง (สหราชอาณาจักร)"},"narrow":"£","symbol":"£"},"GEK":{"displayName":{"other":"คูปอนลาริตจอร์เจีย"},"narrow":"GEK","symbol":"GEK"},"GEL":{"displayName":{"other":"ลารีจอร์เจีย"},"narrow":"₾","symbol":"GEL"},"GHC":{"displayName":{"other":"เซดีกานา (1979–2007)"},"narrow":"GHC","symbol":"GHC"},"GHS":{"displayName":{"other":"เซดีกานา"},"narrow":"GH₵","symbol":"GHS"},"GIP":{"displayName":{"other":"ปอนด์ยิบรอลตาร์"},"narrow":"£","symbol":"GIP"},"GMD":{"displayName":{"other":"ดาลาซีแกมเบีย"},"narrow":"GMD","symbol":"GMD"},"GNF":{"displayName":{"other":"ฟรังก์กินี"},"narrow":"FG","symbol":"GNF"},"GNS":{"displayName":{"other":"ไซลีกินี"},"narrow":"GNS","symbol":"GNS"},"GQE":{"displayName":{"other":"เอ็กเวเลอิเควทอเรียลกินี"},"narrow":"GQE","symbol":"GQE"},"GRD":{"displayName":{"other":"ดรัชมากรีก"},"narrow":"GRD","symbol":"GRD"},"GTQ":{"displayName":{"other":"เควตซัลกัวเตมาลา"},"narrow":"Q","symbol":"GTQ"},"GWE":{"displayName":{"other":"เอสคูโดกินีโปรตุเกส"},"narrow":"GWE","symbol":"GWE"},"GWP":{"displayName":{"other":"เปโซกินี-บิสเซา"},"narrow":"GWP","symbol":"GWP"},"GYD":{"displayName":{"other":"ดอลลาร์กายอานา"},"narrow":"$","symbol":"GYD"},"HKD":{"displayName":{"other":"ดอลลาร์ฮ่องกง"},"narrow":"$","symbol":"HK$"},"HNL":{"displayName":{"other":"เลมปิราฮอนดูรัส"},"narrow":"L","symbol":"HNL"},"HRD":{"displayName":{"other":"ดีนาร์โครเอเชีย"},"narrow":"HRD","symbol":"HRD"},"HRK":{"displayName":{"other":"คูนาโครเอเชีย"},"narrow":"kn","symbol":"HRK"},"HTG":{"displayName":{"other":"กูร์ดเฮติ"},"narrow":"HTG","symbol":"HTG"},"HUF":{"displayName":{"other":"ฟอรินต์ฮังการี"},"narrow":"Ft","symbol":"HUF"},"IDR":{"displayName":{"other":"รูเปียห์อินโดนีเซีย"},"narrow":"Rp","symbol":"IDR"},"IEP":{"displayName":{"other":"ปอนด์ไอริช"},"narrow":"IEP","symbol":"IEP"},"ILP":{"displayName":{"other":"ปอนด์อิสราเอล"},"narrow":"ILP","symbol":"ILP"},"ILS":{"displayName":{"other":"นิวเชเกลอิสราเอล"},"narrow":"₪","symbol":"₪"},"INR":{"displayName":{"other":"รูปีอินเดีย"},"narrow":"₹","symbol":"₹"},"IQD":{"displayName":{"other":"ดีนาร์อิรัก"},"narrow":"IQD","symbol":"IQD"},"IRR":{"displayName":{"other":"เรียลอิหร่าน"},"narrow":"IRR","symbol":"IRR"},"ISK":{"displayName":{"other":"โครนาไอซ์แลนด์"},"narrow":"kr","symbol":"ISK"},"ITL":{"displayName":{"other":"ลีราอิตาลี"},"narrow":"ITL","symbol":"ITL"},"JMD":{"displayName":{"other":"ดอลลาร์จาเมกา"},"narrow":"$","symbol":"JMD"},"JOD":{"displayName":{"other":"ดีนาร์จอร์แดน"},"narrow":"JOD","symbol":"JOD"},"JPY":{"displayName":{"other":"เยนญี่ปุ่น"},"narrow":"¥","symbol":"¥"},"KES":{"displayName":{"other":"ชิลลิงเคนยา"},"narrow":"KES","symbol":"KES"},"KGS":{"displayName":{"other":"ซอมคีร์กีซสถาน"},"narrow":"KGS","symbol":"KGS"},"KHR":{"displayName":{"other":"เรียลกัมพูชา"},"narrow":"៛","symbol":"KHR"},"KMF":{"displayName":{"other":"ฟรังก์คอโมโรส"},"narrow":"CF","symbol":"KMF"},"KPW":{"displayName":{"other":"วอนเกาหลีเหนือ"},"narrow":"₩","symbol":"KPW"},"KRH":{"displayName":{"other":"ฮวานเกาหลีใต้ (1953–1962)"},"narrow":"KRH","symbol":"KRH"},"KRO":{"displayName":{"other":"วอนเกาหลีใต้ (1945–1953)"},"narrow":"KRO","symbol":"KRO"},"KRW":{"displayName":{"other":"วอนเกาหลีใต้"},"narrow":"₩","symbol":"₩"},"KWD":{"displayName":{"other":"ดีนาร์คูเวต"},"narrow":"KWD","symbol":"KWD"},"KYD":{"displayName":{"other":"ดอลลาร์หมู่เกาะเคย์แมน"},"narrow":"$","symbol":"KYD"},"KZT":{"displayName":{"other":"เทงเจคาซัคสถาน"},"narrow":"₸","symbol":"KZT"},"LAK":{"displayName":{"other":"กีบลาว"},"narrow":"₭","symbol":"LAK"},"LBP":{"displayName":{"other":"ปอนด์เลบานอน"},"narrow":"L£","symbol":"LBP"},"LKR":{"displayName":{"other":"รูปีศรีลังกา"},"narrow":"Rs","symbol":"LKR"},"LRD":{"displayName":{"other":"ดอลลาร์ไลบีเรีย"},"narrow":"$","symbol":"LRD"},"LSL":{"displayName":{"other":"โลตีเลโซโท"},"narrow":"LSL","symbol":"LSL"},"LTL":{"displayName":{"other":"ลีตัสลิทัวเนีย"},"narrow":"Lt","symbol":"LTL"},"LTT":{"displayName":{"other":"ทาโลนัสลิทัวเนีย"},"narrow":"LTT","symbol":"LTT"},"LUC":{"displayName":{"other":"คอนเวอร์ทิเบิลฟรังก์ลักเซมเบิร์ก"},"narrow":"LUC","symbol":"LUC"},"LUF":{"displayName":{"other":"ฟรังก์ลักเซมเบิร์ก"},"narrow":"LUF","symbol":"LUF"},"LUL":{"displayName":{"other":"ไฟแนลเชียลฟรังก์ลักเซมเบิร์ก"},"narrow":"LUL","symbol":"LUL"},"LVL":{"displayName":{"other":"ลัตส์ลัตเวีย"},"narrow":"Ls","symbol":"LVL"},"LVR":{"displayName":{"other":"รูเบิลลัตเวีย"},"narrow":"LVR","symbol":"LVR"},"LYD":{"displayName":{"other":"ดีนาร์ลิเบีย"},"narrow":"LYD","symbol":"LYD"},"MAD":{"displayName":{"other":"ดีแรห์มโมร็อกโก"},"narrow":"MAD","symbol":"MAD"},"MAF":{"displayName":{"other":"ฟรังก์โมร็อกโก"},"narrow":"MAF","symbol":"MAF"},"MCF":{"displayName":{"other":"ฟรังก์โมนาโก"},"narrow":"MCF","symbol":"MCF"},"MDC":{"displayName":{"other":"บัตรปันส่วนมอลโดวา"},"narrow":"MDC","symbol":"MDC"},"MDL":{"displayName":{"other":"ลิวมอลโดวา"},"narrow":"MDL","symbol":"MDL"},"MGA":{"displayName":{"other":"อาเรียรีมาลากาซี"},"narrow":"Ar","symbol":"MGA"},"MGF":{"displayName":{"other":"ฟรังก์มาดากัสการ์"},"narrow":"MGF","symbol":"MGF"},"MKD":{"displayName":{"other":"ดีนาร์มาซิโดเนีย"},"narrow":"MKD","symbol":"MKD"},"MKN":{"displayName":{"other":"ดีนาร์มาซิโดเนีย (1992–1993)"},"narrow":"MKN","symbol":"MKN"},"MLF":{"displayName":{"other":"ฟรังก์มาลี"},"narrow":"MLF","symbol":"MLF"},"MMK":{"displayName":{"other":"จ๊าตพม่า"},"narrow":"K","symbol":"MMK"},"MNT":{"displayName":{"other":"ทูกริกมองโกเลีย"},"narrow":"₮","symbol":"MNT"},"MOP":{"displayName":{"other":"ปาตากามาเก๊า"},"narrow":"MOP","symbol":"MOP"},"MRO":{"displayName":{"other":"อูกียามอริเตเนีย (1973–2017)"},"narrow":"MRO","symbol":"MRO"},"MRU":{"displayName":{"other":"อูกียามอริเตเนีย"},"narrow":"MRU","symbol":"MRU"},"MTL":{"displayName":{"other":"ลีรามอลตา"},"narrow":"MTL","symbol":"MTL"},"MTP":{"displayName":{"other":"ปอนด์มอลตา"},"narrow":"MTP","symbol":"MTP"},"MUR":{"displayName":{"other":"รูปีมอริเชียส"},"narrow":"Rs","symbol":"MUR"},"MVR":{"displayName":{"other":"รูฟิยามัลดีฟส์"},"narrow":"MVR","symbol":"MVR"},"MWK":{"displayName":{"other":"ควาชามาลาวี"},"narrow":"MWK","symbol":"MWK"},"MXN":{"displayName":{"other":"เปโซเม็กซิโก"},"narrow":"$","symbol":"MX$"},"MXP":{"displayName":{"other":"เงินเปโซเม็กซิโก (1861–1992)"},"narrow":"MXP","symbol":"MXP"},"MXV":{"displayName":{"other":"ยูนิแดด ดี อินเวอร์ชั่น เม็กซิโก"},"narrow":"MXV","symbol":"MXV"},"MYR":{"displayName":{"other":"ริงกิตมาเลเซีย"},"narrow":"RM","symbol":"MYR"},"MZE":{"displayName":{"other":"เอสคูโดโมซัมบิก"},"narrow":"MZE","symbol":"MZE"},"MZM":{"displayName":{"other":"เมติคัลโมซัมบิกเก่า"},"narrow":"MZM","symbol":"MZM"},"MZN":{"displayName":{"other":"เมติคัลโมซัมบิก"},"narrow":"MZN","symbol":"MZN"},"NAD":{"displayName":{"other":"ดอลลาร์นามิเบีย"},"narrow":"$","symbol":"NAD"},"NGN":{"displayName":{"other":"ไนราไนจีเรีย"},"narrow":"₦","symbol":"NGN"},"NIC":{"displayName":{"other":"คอร์โดบานิการากัว"},"narrow":"NIC","symbol":"NIC"},"NIO":{"displayName":{"other":"กอร์โดบานิการากัว"},"narrow":"C$","symbol":"NIO"},"NLG":{"displayName":{"other":"กิลเดอร์เนเธอร์แลนด์"},"narrow":"NLG","symbol":"NLG"},"NOK":{"displayName":{"other":"โครนนอร์เวย์"},"narrow":"kr","symbol":"NOK"},"NPR":{"displayName":{"other":"รูปีเนปาล"},"narrow":"Rs","symbol":"NPR"},"NZD":{"displayName":{"other":"ดอลลาร์นิวซีแลนด์"},"narrow":"$","symbol":"NZ$"},"OMR":{"displayName":{"other":"เรียลโอมาน"},"narrow":"OMR","symbol":"OMR"},"PAB":{"displayName":{"other":"บัลบัวปานามา"},"narrow":"PAB","symbol":"PAB"},"PEI":{"displayName":{"other":"อินตีเปรู"},"narrow":"PEI","symbol":"PEI"},"PEN":{"displayName":{"other":"ซอลเปรู"},"narrow":"PEN","symbol":"PEN"},"PES":{"displayName":{"other":"ซอลเปรู(1863–1965)"},"narrow":"PES","symbol":"PES"},"PGK":{"displayName":{"other":"กีนาปาปัวนิวกินี"},"narrow":"PGK","symbol":"PGK"},"PHP":{"displayName":{"other":"เปโซฟิลิปปินส์"},"narrow":"₱","symbol":"PHP"},"PKR":{"displayName":{"other":"รูปีปากีสถาน"},"narrow":"Rs","symbol":"PKR"},"PLN":{"displayName":{"other":"ซลอตีโปแลนด์"},"narrow":"zł","symbol":"PLN"},"PLZ":{"displayName":{"other":"ซลอตีโปแลนด์ (1950–1995)"},"narrow":"PLZ","symbol":"PLZ"},"PTE":{"displayName":{"other":"เอสคูโดโปรตุเกส"},"narrow":"PTE","symbol":"PTE"},"PYG":{"displayName":{"other":"กวารานีปารากวัย"},"narrow":"₲","symbol":"PYG"},"QAR":{"displayName":{"other":"เรียลกาตาร์"},"narrow":"QAR","symbol":"QAR"},"RHD":{"displayName":{"other":"ดอลลาร์โรดีเซีย"},"narrow":"RHD","symbol":"RHD"},"ROL":{"displayName":{"other":"ลิวโรมาเนียเก่า"},"narrow":"ROL","symbol":"ROL"},"RON":{"displayName":{"other":"ลิวโรมาเนีย"},"narrow":"lei","symbol":"RON"},"RSD":{"displayName":{"other":"ดีนาร์เซอร์เบีย"},"narrow":"RSD","symbol":"RSD"},"RUB":{"displayName":{"other":"รูเบิลรัสเซีย"},"narrow":"₽","symbol":"RUB"},"RUR":{"displayName":{"other":"รูเบิลรัสเซีย (1991–1998)"},"narrow":"RUR","symbol":"RUR"},"RWF":{"displayName":{"other":"ฟรังก์รวันดา"},"narrow":"RF","symbol":"RWF"},"SAR":{"displayName":{"other":"ริยัลซาอุดีอาระเบีย"},"narrow":"SAR","symbol":"SAR"},"SBD":{"displayName":{"other":"ดอลลาร์หมู่เกาะโซโลมอน"},"narrow":"$","symbol":"SBD"},"SCR":{"displayName":{"other":"รูปีเซเชลส์"},"narrow":"SCR","symbol":"SCR"},"SDD":{"displayName":{"other":"ดีนาร์ซูดานเก่า"},"narrow":"SDD","symbol":"SDD"},"SDG":{"displayName":{"other":"ปอนด์ซูดาน"},"narrow":"SDG","symbol":"SDG"},"SDP":{"displayName":{"other":"ปอนด์ซูดานเก่า"},"narrow":"SDP","symbol":"SDP"},"SEK":{"displayName":{"other":"โครนาสวีเดน"},"narrow":"kr","symbol":"SEK"},"SGD":{"displayName":{"other":"ดอลลาร์สิงคโปร์"},"narrow":"$","symbol":"SGD"},"SHP":{"displayName":{"other":"ปอนด์เซนต์เฮเลนา"},"narrow":"£","symbol":"SHP"},"SIT":{"displayName":{"other":"ทอลาร์สโลวีเนีย"},"narrow":"SIT","symbol":"SIT"},"SKK":{"displayName":{"other":"โครูนาสโลวัก"},"narrow":"SKK","symbol":"SKK"},"SLL":{"displayName":{"other":"ลีโอนเซียร์ราลีโอน"},"narrow":"SLL","symbol":"SLL"},"SOS":{"displayName":{"other":"ชิลลิงโซมาเลีย"},"narrow":"SOS","symbol":"SOS"},"SRD":{"displayName":{"other":"ดอลลาร์ซูรินาเม"},"narrow":"$","symbol":"SRD"},"SRG":{"displayName":{"other":"กิลเดอร์ซูรินาเม"},"narrow":"SRG","symbol":"SRG"},"SSP":{"displayName":{"other":"ปอนด์ซูดานใต้"},"narrow":"£","symbol":"SSP"},"STD":{"displayName":{"other":"ดอบราเซาตูเมและปรินซิปี (1977–2017)"},"narrow":"STD","symbol":"STD"},"STN":{"displayName":{"other":"ดอบราเซาตูเมและปรินซิปี"},"narrow":"Db","symbol":"STN"},"SUR":{"displayName":{"other":"รูเบิลโซเวียต"},"narrow":"SUR","symbol":"SUR"},"SVC":{"displayName":{"other":"โคลอนเอลซัลวาดอร์"},"narrow":"SVC","symbol":"SVC"},"SYP":{"displayName":{"other":"ปอนด์ซีเรีย"},"narrow":"£","symbol":"SYP"},"SZL":{"displayName":{"other":"ลิลันเจนีสวาซิ"},"narrow":"SZL","symbol":"SZL"},"THB":{"displayName":{"other":"บาทไทย"},"narrow":"฿","symbol":"฿"},"TJR":{"displayName":{"other":"รูเบิลทาจิกิสถาน"},"narrow":"TJR","symbol":"TJR"},"TJS":{"displayName":{"other":"โซโมนิทาจิกิสถาน"},"narrow":"TJS","symbol":"TJS"},"TMM":{"displayName":{"other":"มานัตเติร์กเมนิสถาน (1993–2009)"},"narrow":"TMM","symbol":"TMM"},"TMT":{"displayName":{"other":"มานัตเติร์กเมนิสถาน"},"narrow":"TMT","symbol":"TMT"},"TND":{"displayName":{"other":"ดีนาร์ตูนิเซีย"},"narrow":"TND","symbol":"TND"},"TOP":{"displayName":{"other":"พาแองกาตองกา"},"narrow":"T$","symbol":"TOP"},"TPE":{"displayName":{"other":"เอสคูโดติมอร์"},"narrow":"TPE","symbol":"TPE"},"TRL":{"displayName":{"other":"ลีราตุรกีเก่า"},"narrow":"TRL","symbol":"TRL"},"TRY":{"displayName":{"other":"ลีราตุรกี"},"narrow":"₺","symbol":"TRY"},"TTD":{"displayName":{"other":"ดอลลาร์ตรินิแดดและโตเบโก"},"narrow":"$","symbol":"TTD"},"TWD":{"displayName":{"other":"ดอลลาร์ไต้หวันใหม่"},"narrow":"NT$","symbol":"NT$"},"TZS":{"displayName":{"other":"ชิลลิงแทนซาเนีย"},"narrow":"TZS","symbol":"TZS"},"UAH":{"displayName":{"other":"ฮรีฟเนียยูเครน"},"narrow":"₴","symbol":"UAH"},"UAK":{"displayName":{"other":"คาร์โบวาเนตซ์ยูเครน"},"narrow":"UAK","symbol":"UAK"},"UGS":{"displayName":{"other":"ชิลลิงยูกันดา (1966–1987)"},"narrow":"UGS","symbol":"UGS"},"UGX":{"displayName":{"other":"ชิลลิงยูกันดา"},"narrow":"UGX","symbol":"UGX"},"USD":{"displayName":{"other":"ดอลลาร์สหรัฐ"},"narrow":"$","symbol":"US$"},"USN":{"displayName":{"other":"ดอลลาร์สหรัฐ (วันถัดไป)"},"narrow":"USN","symbol":"USN"},"USS":{"displayName":{"other":"ดอลลาร์สหรัฐ (วันเดียวกัน)"},"narrow":"USS","symbol":"USS"},"UYI":{"displayName":{"other":"เปโซเอนยูนิแดดเซสอินเด็กซาแดสอุรุกวัย"},"narrow":"UYI","symbol":"UYI"},"UYP":{"displayName":{"other":"เปโซอุรุกวัย (1975–1993)"},"narrow":"UYP","symbol":"UYP"},"UYU":{"displayName":{"other":"เปโซอุรุกวัย"},"narrow":"$","symbol":"UYU"},"UZS":{"displayName":{"other":"ซอมอุซเบกิสถาน"},"narrow":"UZS","symbol":"UZS"},"VEB":{"displayName":{"other":"โบลิวาร์เวเนซุเอลา (1871–2008)"},"narrow":"VEB","symbol":"VEB"},"VEF":{"displayName":{"other":"โบลิวาร์เวเนซุเอลา"},"narrow":"Bs","symbol":"VEF"},"VES":{"displayName":{"other":"โบลีวาร์แห่งเวเนซุเอลา"},"narrow":"VES","symbol":"VES"},"VND":{"displayName":{"other":"ดองเวียดนาม"},"narrow":"₫","symbol":"₫"},"VNN":{"displayName":{"other":"ดองเวียดนาม (1978–1985)"},"narrow":"VNN","symbol":"VNN"},"VUV":{"displayName":{"other":"วาตูวานูอาตู"},"narrow":"VUV","symbol":"VUV"},"WST":{"displayName":{"other":"ทาลาซามัว"},"narrow":"WST","symbol":"WST"},"XAF":{"displayName":{"other":"ฟรังก์เซฟาธนาคารรัฐแอฟริกากลาง"},"narrow":"FCFA","symbol":"FCFA"},"XAG":{"displayName":{"other":"เงิน"},"narrow":"XAG","symbol":"XAG"},"XAU":{"displayName":{"other":"ทอง"},"narrow":"XAU","symbol":"XAU"},"XBA":{"displayName":{"other":"หน่วยคอมโพสิตยุโรป"},"narrow":"XBA","symbol":"XBA"},"XBB":{"displayName":{"other":"หน่วยโมเนทารียุโรป"},"narrow":"XBB","symbol":"XBB"},"XBC":{"displayName":{"other":"หน่วยบัญชียุโรป [XBC]"},"narrow":"XBC","symbol":"XBC"},"XBD":{"displayName":{"other":"หน่วยบัญชียุโรป [XBD]"},"narrow":"XBD","symbol":"XBD"},"XCD":{"displayName":{"other":"ดอลลาร์แคริบเบียนตะวันออก"},"narrow":"$","symbol":"EC$"},"XDR":{"displayName":{"other":"สิทธิถอนเงินพิเศษ"},"narrow":"XDR","symbol":"XDR"},"XEU":{"displayName":{"other":"หน่วยสกุลเงินยุโรป"},"narrow":"XEU","symbol":"XEU"},"XFO":{"displayName":{"other":"ฟรังก์ทองฝรั่งเศส"},"narrow":"XFO","symbol":"XFO"},"XFU":{"displayName":{"other":"ฟรังก์ยูไอซีฝรั่งเศส"},"narrow":"XFU","symbol":"XFU"},"XOF":{"displayName":{"other":"ฟรังก์เซฟาธนาคารกลางรัฐแอฟริกาตะวันตก"},"narrow":"F CFA","symbol":"F CFA"},"XPD":{"displayName":{"other":"พัลเลเดียม"},"narrow":"XPD","symbol":"XPD"},"XPF":{"displayName":{"other":"ฟรังก์ซีเอฟพี"},"narrow":"CFPF","symbol":"CFPF"},"XPT":{"displayName":{"other":"แพลตินัม"},"narrow":"XPT","symbol":"XPT"},"XRE":{"displayName":{"other":"กองทุนไรเน็ต"},"narrow":"XRE","symbol":"XRE"},"XSU":{"displayName":{"other":"ซูเกร"},"narrow":"XSU","symbol":"XSU"},"XTS":{"displayName":{"other":"รหัสทดสอบสกุลเงิน"},"narrow":"XTS","symbol":"XTS"},"XUA":{"displayName":{"other":"หน่วยบัญชี เอดีบี"},"narrow":"XUA","symbol":"XUA"},"XXX":{"displayName":{"other":"(ไม่ทราบชื่อสกุลเงิน)"},"narrow":"XXX","symbol":"XXX"},"YDD":{"displayName":{"other":"ดีนาร์เยเมน"},"narrow":"YDD","symbol":"YDD"},"YER":{"displayName":{"other":"เรียลเยเมน"},"narrow":"YER","symbol":"YER"},"YUD":{"displayName":{"other":"ฮาร์ดดีนาร์ยูโกสลาเวีย"},"narrow":"YUD","symbol":"YUD"},"YUM":{"displayName":{"other":"โนวิย์ดีนาร์ยูโกสลาเวีย"},"narrow":"YUM","symbol":"YUM"},"YUN":{"displayName":{"other":"คอนเวอร์ทิเบิลดีนาร์ยูโกสลาเวีย"},"narrow":"YUN","symbol":"YUN"},"YUR":{"displayName":{"other":"ดีนาร์ปฏิรูปยูโกสลาเวีย (1992–1993)"},"narrow":"YUR","symbol":"YUR"},"ZAL":{"displayName":{"other":"แรนด์แอฟริกาใต้ (การเงิน)"},"narrow":"ZAL","symbol":"ZAL"},"ZAR":{"displayName":{"other":"แรนด์แอฟริกาใต้"},"narrow":"R","symbol":"ZAR"},"ZMK":{"displayName":{"other":"ควาชาแซมเบีย (1968–2012)"},"narrow":"ZMK","symbol":"ZMK"},"ZMW":{"displayName":{"other":"ควาชาแซมเบีย"},"narrow":"ZK","symbol":"ZMW"},"ZRN":{"displayName":{"other":"นิวแซร์คองโก"},"narrow":"ZRN","symbol":"ZRN"},"ZRZ":{"displayName":{"other":"แซร์คองโก"},"narrow":"ZRZ","symbol":"ZRZ"},"ZWD":{"displayName":{"other":"ดอลลาร์ซิมบับเว"},"narrow":"ZWD","symbol":"ZWD"},"ZWL":{"displayName":{"other":"ดอลลาร์ซิมบับเว (2009)"},"narrow":"ZWL","symbol":"ZWL"},"ZWR":{"displayName":{"other":"ดอลลาร์ซิมบับเว (2008)"},"narrow":"ZWR","symbol":"ZWR"}},"nu":["latn"],"numbers":{"currency":{"latn":{"accounting":"¤#,##0.00;(¤#,##0.00)","currencySpacing":{"afterInsertBetween":" ","beforeInsertBetween":" "},"short":{"1000":{"other":"¤0K"},"10000":{"other":"¤00K"},"100000":{"other":"¤000K"},"1000000":{"other":"¤0M"},"10000000":{"other":"¤00M"},"100000000":{"other":"¤000M"},"1000000000":{"other":"¤0B"},"10000000000":{"other":"¤00B"},"100000000000":{"other":"¤000B"},"1000000000000":{"other":"¤0T"},"10000000000000":{"other":"¤00T"},"100000000000000":{"other":"¤000T"}},"standard":"¤#,##0.00","unitPattern":"{0} {1}"}},"decimal":{"latn":{"long":{"1000":{"other":"0 พัน"},"10000":{"other":"0 หมื่น"},"100000":{"other":"0 แสน"},"1000000":{"other":"0 ล้าน"},"10000000":{"other":"00 ล้าน"},"100000000":{"other":"000 ล้าน"},"1000000000":{"other":"0 พันล้าน"},"10000000000":{"other":"0 หมื่นล้าน"},"100000000000":{"other":"0 แสนล้าน"},"1000000000000":{"other":"0 ล้านล้าน"},"10000000000000":{"other":"00 ล้านล้าน"},"100000000000000":{"other":"000 ล้านล้าน"}},"short":{"1000":{"other":"0K"},"10000":{"other":"00K"},"100000":{"other":"000K"},"1000000":{"other":"0M"},"10000000":{"other":"00M"},"100000000":{"other":"000M"},"1000000000":{"other":"0B"},"10000000000":{"other":"00B"},"100000000000":{"other":"000B"},"1000000000000":{"other":"0T"},"10000000000000":{"other":"00T"},"100000000000000":{"other":"000T"}},"standard":"#,##0.###"}},"nu":["latn"],"percent":{"latn":"#,##0%"},"symbols":{"latn":{"approximatelySign":"~","decimal":".","exponential":"E","group":",","infinity":"∞","list":";","minusSign":"-","nan":"NaN","perMille":"‰","percentSign":"%","plusSign":"+","rangeSign":"-","superscriptingExponent":"×","timeSeparator":":"}}},"units":{"compound":{"per":{"long":"{0}ต่อ{1}","narrow":"{0}/{1}","short":"{0}/{1}"}},"simple":{"acre":{"long":{"other":"{0} เอเคอร์"},"narrow":{"other":"{0}เอเคอร์"},"perUnit":{},"short":{"other":"{0} เอเคอร์"}},"bit":{"long":{"other":"{0} บิต"},"narrow":{"other":"{0}บิต"},"perUnit":{},"short":{"other":"{0} บิต"}},"byte":{"long":{"other":"{0} ไบต์"},"narrow":{"other":"{0}ไบต์"},"perUnit":{},"short":{"other":"{0} ไบต์"}},"celsius":{"long":{"other":"{0} องศาเซลเซียส"},"narrow":{"other":"{0}°C"},"perUnit":{},"short":{"other":"{0}°C"}},"centimeter":{"long":{"other":"{0} เซนติเมตร"},"narrow":{"other":"{0}ซม."},"perUnit":{"long":"{0} ต่อเซนติเมตร","narrow":"{0}/ซม.","short":"{0}/ซม."},"short":{"other":"{0} ซม."}},"day":{"long":{"other":"{0} วัน"},"narrow":{"other":"{0}วัน"},"perUnit":{"long":"{0} ต่อวัน","narrow":"{0}/วัน","short":"{0}/วัน"},"short":{"other":"{0} วัน"}},"degree":{"long":{"other":"{0} องศา"},"narrow":{"other":"{0}°"},"perUnit":{},"short":{"other":"{0}°"}},"fahrenheit":{"long":{"other":"{0} องศาฟาเรนไฮต์"},"narrow":{"other":"{0}°F"},"perUnit":{},"short":{"other":"{0}°F"}},"fluid-ounce":{"long":{"other":"{0} ฟลูอิดออนซ์"},"narrow":{"other":"{0}fl oz"},"perUnit":{},"short":{"other":"{0} ฟลูอิดออนซ์"}},"foot":{"long":{"other":"{0} ฟุต"},"narrow":{"other":"{0}′"},"perUnit":{"long":"{0} ต่อฟุต","narrow":"{0}/ฟุต","short":"{0}/ฟุต"},"short":{"other":"{0} ฟุต"}},"gallon":{"long":{"other":"{0} แกลลอน"},"narrow":{"other":"{0}แกลลอน"},"perUnit":{"long":"{0} ต่อแกลลอน","narrow":"{0}/แกลลอน","short":"{0}/แกลลอน"},"short":{"other":"{0} แกลลอน"}},"gigabit":{"long":{"other":"{0} กิกะบิต"},"narrow":{"other":"{0}Gb"},"perUnit":{},"short":{"other":"{0} Gb"}},"gigabyte":{"long":{"other":"{0} กิกะไบต์"},"narrow":{"other":"{0}GB"},"perUnit":{},"short":{"other":"{0} GB"}},"gram":{"long":{"other":"{0} กรัม"},"narrow":{"other":"{0}ก."},"perUnit":{"long":"{0} ต่อกรัม","narrow":"{0}/ก.","short":"{0}/ก."},"short":{"other":"{0} ก."}},"hectare":{"long":{"other":"{0} เฮกตาร์"},"narrow":{"other":"{0}เฮกตาร์"},"perUnit":{},"short":{"other":"{0} เฮกตาร์"}},"hour":{"long":{"other":"{0} ชั่วโมง"},"narrow":{"other":"{0}ชม."},"perUnit":{"long":"{0} ต่อชั่วโมง","narrow":"{0}/ชม.","short":"{0}/ชม."},"short":{"other":"{0} ชม."}},"inch":{"long":{"other":"{0} นิ้ว"},"narrow":{"other":"{0}″"},"perUnit":{"long":"{0} ต่อนิ้ว","narrow":"{0}/นิ้ว","short":"{0}/นิ้ว"},"short":{"other":"{0} นิ้ว"}},"kilobit":{"long":{"other":"{0} กิโลบิต"},"narrow":{"other":"{0}kb"},"perUnit":{},"short":{"other":"{0} kb"}},"kilobyte":{"long":{"other":"{0} กิโลไบต์"},"narrow":{"other":"{0}kB"},"perUnit":{},"short":{"other":"{0} kB"}},"kilogram":{"long":{"other":"{0} กิโลกรัม"},"narrow":{"other":"{0}กก."},"perUnit":{"long":"{0} ต่อกิโลกรัม","narrow":"{0}/กก.","short":"{0}/กก."},"short":{"other":"{0} กก."}},"kilometer":{"long":{"other":"{0} กิโลเมตร"},"narrow":{"other":"{0}กม."},"perUnit":{"long":"{0} ต่อกิโลเมตร","narrow":"{0}/กม.","short":"{0}/กม."},"short":{"other":"{0} กม."}},"kilometer-per-hour":{"long":{"other":"{0} กิโลเมตรต่อชั่วโมง"},"narrow":{"other":"{0}กม./ชม."},"perUnit":{},"short":{"other":"{0} กม./ชม."}},"liter":{"long":{"other":"{0} ลิตร"},"narrow":{"other":"{0}ล."},"perUnit":{"long":"{0} ต่อลิตร","narrow":"{0}/ล.","short":"{0}/ล."},"short":{"other":"{0} ล."}},"liter-per-kilometer":{"long":{"other":"{0} ลิตรต่อกิโลเมตร"},"narrow":{"other":"{0}ล./กม."},"perUnit":{},"short":{"other":"{0} ล./กม."}},"megabit":{"long":{"other":"{0} เมกะบิต"},"narrow":{"other":"{0}Mb"},"perUnit":{},"short":{"other":"{0} Mb"}},"megabyte":{"long":{"other":"{0} เมกะไบต์"},"narrow":{"other":"{0}MB"},"perUnit":{},"short":{"other":"{0} MB"}},"meter":{"long":{"other":"{0} เมตร"},"narrow":{"other":"{0}ม."},"perUnit":{"long":"{0} ต่อเมตร","narrow":"{0}/ม.","short":"{0}/ม."},"short":{"other":"{0} ม."}},"meter-per-second":{"long":{"other":"{0} เมตรต่อวินาที"},"narrow":{"other":"{0}ม./วิ"},"perUnit":{},"short":{"other":"{0} ม./วิ"}},"mile":{"long":{"other":"{0} ไมล์"},"narrow":{"other":"{0}ไมล์"},"perUnit":{},"short":{"other":"{0} ไมล์"}},"mile-per-gallon":{"long":{"other":"{0} ไมล์ต่อแกลลอน"},"narrow":{"other":"{0}mpg"},"perUnit":{},"short":{"other":"{0} ไมล์/แกลลอน"}},"mile-per-hour":{"long":{"other":"{0} ไมล์ต่อชั่วโมง"},"narrow":{"other":"{0}ไมล์/ชม."},"perUnit":{},"short":{"other":"{0} ไมล์/ชม."}},"mile-scandinavian":{"long":{"other":"{0} ไมล์สแกนดิเนเวีย"},"narrow":{"other":"{0}smi"},"perUnit":{},"short":{"other":"{0} smi"}},"milliliter":{"long":{"other":"{0} มิลลิลิตร"},"narrow":{"other":"{0}มล."},"perUnit":{},"short":{"other":"{0} มล."}},"millimeter":{"long":{"other":"{0} มิลลิเมตร"},"narrow":{"other":"{0}มม."},"perUnit":{},"short":{"other":"{0} มม."}},"millisecond":{"long":{"other":"{0} มิลลิวินาที"},"narrow":{"other":"{0} มิลลิวิ"},"perUnit":{},"short":{"other":"{0} มิลลิวินาที"}},"minute":{"long":{"other":"{0} นาที"},"narrow":{"other":"{0}นาที"},"perUnit":{"long":"{0} ต่อนาที","narrow":"{0}/นาที","short":"{0}/นาที"},"short":{"other":"{0} นาที"}},"month":{"long":{"other":"{0} เดือน"},"narrow":{"other":"{0}เดือน"},"perUnit":{"long":"{0} ต่อเดือน","narrow":"{0}/เดือน","short":"{0}/เดือน"},"short":{"other":"{0} เดือน"}},"ounce":{"long":{"other":"{0} ออนซ์"},"narrow":{"other":"{0}ออนซ์"},"perUnit":{"long":"{0} ต่อออนซ์","narrow":"{0}/ออนซ์","short":"{0}/ออนซ์"},"short":{"other":"{0} ออนซ์"}},"percent":{"long":{"other":"{0} เปอร์เซ็นต์"},"narrow":{"other":"{0}%"},"perUnit":{},"short":{"other":"{0}%"}},"petabyte":{"long":{"other":"{0} เพตะไบต์"},"narrow":{"other":"{0}PB"},"perUnit":{},"short":{"other":"{0} PB"}},"pound":{"long":{"other":"{0} ปอนด์"},"narrow":{"other":"{0}#"},"perUnit":{"long":"{0} ต่อปอนด์","narrow":"{0}/ปอนด์","short":"{0}/ปอนด์"},"short":{"other":"{0} ปอนด์"}},"second":{"long":{"other":"{0} วินาที"},"narrow":{"other":"{0}วิ"},"perUnit":{"long":"{0} ต่อวินาที","narrow":"{0}/วิ","short":"{0}/วิ"},"short":{"other":"{0} วิ"}},"stone":{"long":{"other":"{0} สโตน"},"narrow":{"other":"{0}st"},"perUnit":{},"short":{"other":"{0} st"}},"terabit":{"long":{"other":"{0} เทราบิต"},"narrow":{"other":"{0}Tb"},"perUnit":{},"short":{"other":"{0} Tb"}},"terabyte":{"long":{"other":"{0} เทราไบต์"},"narrow":{"other":"{0}TB"},"perUnit":{},"short":{"other":"{0} TB"}},"week":{"long":{"other":"{0} สัปดาห์"},"narrow":{"other":"{0}สัปดาห์"},"perUnit":{"long":"{0} ต่อสัปดาห์","narrow":"{0}/สัปดาห์","short":"{0}/สัปดาห์"},"short":{"other":"{0} สัปดาห์"}},"yard":{"long":{"other":"{0} หลา"},"narrow":{"other":"{0}หลา"},"perUnit":{},"short":{"other":"{0} หลา"}},"year":{"long":{"other":"{0} ปี"},"narrow":{"other":"{0}ปี"},"perUnit":{"long":"{0} ต่อปี","narrow":"{0}/ปี","short":"{0}/ปี"},"short":{"other":"{0} ปี"}}}}},"locale":"th"}