{"data":{"currencies":{"AED":{"displayName":{"other":"متحدہ عرب اماراتی درہم"},"narrow":"AED","symbol":"AED"},"AFN":{"displayName":{"other":"افغان افغانی"},"narrow":"؋","symbol":"AFN"},"ALL":{"displayName":{"other":"البانیا کا لیک"},"narrow":"ALL","symbol":"ALL"},"AMD":{"displayName":{"other":"آرمینیائی ڈرم"},"narrow":"֏","symbol":"AMD"},"ANG":{"displayName":{"other":"نیدر لینڈز انٹیلیئن گلڈر"},"narrow":"ANG","symbol":"ANG"},"AOA":{"displayName":{"other":"انگولا کا کوانزا"},"narrow":"Kz","symbol":"AOA"},"ARS":{"displayName":{"other":"ارجنٹائن پیسہ"},"narrow":"$","symbol":"ARS"},"AUD":{"displayName":{"other":"آسٹریلین ڈالر"},"narrow":"$","symbol":"A$"},"AWG":{"displayName":{"other":"اروبن فلورِن"},"narrow":"AWG","symbol":"AWG"},"AZN":{"displayName":{"other":"آذربائجانی منات"},"narrow":"₼","symbol":"AZN"},"BAM":{"displayName":{"other":"بوسنیا ہرزیگووینا کا قابل منتقلی نشان"},"narrow":"KM","symbol":"BAM"},"BBD":{"displayName":{"other":"باربیڈین ڈالر"},"narrow":"$","symbol":"BBD"},"BDT":{"displayName":{"other":"بنگلہ دیشی ٹکا"},"narrow":"৳","symbol":"BDT"},"BGN":{"displayName":{"other":"بلغارین لیو"},"narrow":"BGN","symbol":"BGN"},"BHD":{"displayName":{"other":"بحرینی دینار"},"narrow":"BHD","symbol":"BHD"},"BIF":{"displayName":{"other":"برونڈیئن فرانک"},"narrow":"BIF","symbol":"BIF"},"BMD":{"displayName":{"other":"برموڈا ڈالر"},"narrow":"$","symbol":"BMD"},"BND":{"displayName":{"other":"برونئی ڈالر"},"narrow":"$","symbol":"BND"},"BOB":{"displayName":{"other":"بولیوین بولیویانو"},"narrow":"Bs","symbol":"BOB"},"BRL":{"displayName":{"other":"برازیلی ریئل"},"narrow":"R$","symbol":"R$"},"BSD":{"displayName":{"other":"بہامانی ڈالر"},"narrow":"$","symbol":"BSD"},"BTN":{"displayName":{"other":"بھوٹانی گُلٹرم"},"narrow":"BTN","symbol":"BTN"},"BWP":{"displayName":{"other":"بوتسوانا کا پولا"},"narrow":"P","symbol":"BWP"},"BYN":{"displayName":{"other":"بیلاروسی روبل"},"narrow":"р.","symbol":"BYN"},"BYR":{"displayName":{"other":"بیلاروسی روبل (۲۰۰۰–۲۰۱۶)"},"narrow":"BYR","symbol":"BYR"},"BZD":{"displayName":{"one":"بیلیز ڈالر","other":"بیلیز ڈالرز"},"narrow":"$","symbol":"BZD"},"CAD":{"displayName":{"other":"کنیڈین ڈالر"},"narrow":"$","symbol":"CA$"},"CDF":{"displayName":{"other":"کانگولیز فرانک"},"narrow":"CDF","symbol":"CDF"},"CHF":{"displayName":{"other":"سوئس فرانکس"},"narrow":"CHF","symbol":"CHF"},"CLP":{"displayName":{"other":"چلّین پیسہ"},"narrow":"$","symbol":"CLP"},"CNH":{"displayName":{"other":"چینی یوآن (آف شور)"},"narrow":"CNH","symbol":"CNH"},"CNY":{"displayName":{"other":"چینی یوآن"},"narrow":"¥","symbol":"CN¥"},"COP":{"displayName":{"other":"کولمبین پیسہ"},"narrow":"$","symbol":"COP"},"CRC":{"displayName":{"other":"کوسٹا ریکا کا کولن"},"narrow":"₡","symbol":"CRC"},"CUC":{"displayName":{"other":"کیوبا کا قابل منتقلی پیسو"},"narrow":"$","symbol":"CUC"},"CUP":{"displayName":{"other":"کیوبا کا پیسو"},"narrow":"$","symbol":"CUP"},"CVE":{"displayName":{"other":"کیپ ورڈی کا اسکیوڈو"},"narrow":"CVE","symbol":"CVE"},"CZK":{"displayName":{"one":"چیک کرونا","other":"چیک کروناز"},"narrow":"Kč","symbol":"CZK"},"DEM":{"displayName":{"other":"ڈچ مارکس"},"narrow":"DEM","symbol":"DEM"},"DJF":{"displayName":{"other":"جبوتی فرانک"},"narrow":"DJF","symbol":"DJF"},"DKK":{"displayName":{"other":"ڈنمارک کرون"},"narrow":"kr","symbol":"DKK"},"DOP":{"displayName":{"other":"ڈومنیکن پیسو"},"narrow":"$","symbol":"DOP"},"DZD":{"displayName":{"other":"الجیریائی دینار"},"narrow":"DZD","symbol":"DZD"},"EEK":{"displayName":{"other":"ایسٹونین کرون"},"narrow":"EEK","symbol":"EEK"},"EGP":{"displayName":{"other":"مصری پاؤنڈ"},"narrow":"E£","symbol":"EGP"},"ERN":{"displayName":{"other":"اریٹیریائی ناکفا"},"narrow":"ERN","symbol":"ERN"},"ESP":{"displayName":{},"narrow":"₧","symbol":"ESP"},"ETB":{"displayName":{"other":"ایتھوپیائی بِرّ"},"narrow":"ETB","symbol":"ETB"},"EUR":{"displayName":{"other":"یورو"},"narrow":"€","symbol":"€"},"FJD":{"displayName":{"other":"فجی کا ڈالر"},"narrow":"$","symbol":"FJD"},"FKP":{"displayName":{"other":"فاکلینڈ آئلینڈز پونڈ"},"narrow":"£","symbol":"FKP"},"GBP":{"displayName":{"other":"برطانوی پاؤنڈ"},"narrow":"£","symbol":"£"},"GEL":{"displayName":{"other":"جارجیائی لاری"},"narrow":"₾","symbol":"GEL"},"GHS":{"displayName":{"other":"گھانا کا سیڈی"},"narrow":"GH₵","symbol":"GHS"},"GIP":{"displayName":{"other":"جبل الطارق پونڈ"},"narrow":"£","symbol":"GIP"},"GMD":{"displayName":{"other":"گامبیا کا ڈلاسی"},"narrow":"GMD","symbol":"GMD"},"GNF":{"displayName":{"other":"گنی فرانک"},"narrow":"FG","symbol":"GNF"},"GTQ":{"displayName":{"other":"گواٹے مالا کا کوئٹزل"},"narrow":"Q","symbol":"GTQ"},"GYD":{"displayName":{"other":"گویانیز ڈالر"},"narrow":"$","symbol":"GYD"},"HKD":{"displayName":{"other":"ھانگ کانگ ڈالر"},"narrow":"$","symbol":"HK$"},"HNL":{"displayName":{"other":"ہونڈوران لیمپیرا"},"narrow":"L","symbol":"HNL"},"HRK":{"displayName":{"other":"کروشین کونا"},"narrow":"kn","symbol":"HRK"},"HTG":{"displayName":{"other":"ہیتی کا گؤرڈی"},"narrow":"HTG","symbol":"HTG"},"HUF":{"displayName":{"other":"ہنگرین فورنٹ"},"narrow":"Ft","symbol":"HUF"},"IDR":{"displayName":{"other":"انڈونیشین روپیہ"},"narrow":"Rp","symbol":"IDR"},"ILS":{"displayName":{"one":"اسرائیلی نیا شیکل","other":"اسرائیلی نیا شیکلز"},"narrow":"₪","symbol":"₪"},"INR":{"displayName":{"one":"بھارتی روپیہ","other":"بھارتی روپے"},"narrow":"₹","symbol":"₹"},"IQD":{"displayName":{"other":"عراقی دینار"},"narrow":"IQD","symbol":"IQD"},"IRR":{"displayName":{"other":"ایرانی ریال"},"narrow":"IRR","symbol":"IRR"},"ISK":{"displayName":{"one":"آئس لينڈی کرونا","other":"آئس لينڈی کرونوں"},"narrow":"kr","symbol":"ISK"},"JMD":{"displayName":{"other":"جمائیکن ڈالر"},"narrow":"$","symbol":"JMD"},"JOD":{"displayName":{"other":"اردنی دینار"},"narrow":"JOD","symbol":"JOD"},"JPY":{"displayName":{"other":"جاپانی ین"},"narrow":"¥","symbol":"JP¥"},"KES":{"displayName":{"other":"کینیائی شلنگ"},"narrow":"KES","symbol":"KES"},"KGS":{"displayName":{"other":"کرغستانی سوم"},"narrow":"KGS","symbol":"KGS"},"KHR":{"displayName":{"other":"کمبوڈیائی ریئل"},"narrow":"៛","symbol":"KHR"},"KMF":{"displayName":{"other":"کوموریئن فرانک"},"narrow":"CF","symbol":"KMF"},"KPW":{"displayName":{"other":"شمالی کوریائی وون"},"narrow":"₩","symbol":"KPW"},"KRW":{"displayName":{"other":"جنوبی کوریائی وون"},"narrow":"₩","symbol":"₩"},"KWD":{"displayName":{"other":"کویتی دینار"},"narrow":"KWD","symbol":"KWD"},"KYD":{"displayName":{"other":"کیمین آئلینڈز ڈالر"},"narrow":"$","symbol":"KYD"},"KZT":{"displayName":{"other":"قزاخستانی ٹینگ"},"narrow":"₸","symbol":"KZT"},"LAK":{"displayName":{"other":"لاؤشیائی کِپ"},"narrow":"₭","symbol":"LAK"},"LBP":{"displayName":{"other":"لبنانی پونڈ"},"narrow":"L£","symbol":"LBP"},"LKR":{"displayName":{"other":"سری لنکائی روپیہ"},"narrow":"Rs","symbol":"LKR"},"LRD":{"displayName":{"other":"لائبریائی ڈالر"},"narrow":"$","symbol":"LRD"},"LSL":{"displayName":{"other":"لیسوتھو لوتی"},"narrow":"LSL","symbol":"LSL"},"LTL":{"displayName":{"other":"لیتھوینیائی لیٹاس"},"narrow":"Lt","symbol":"LTL"},"LVL":{"displayName":{"other":"لاتویائی لیٹس"},"narrow":"Ls","symbol":"LVL"},"LYD":{"displayName":{"other":"لیبیائی دینار"},"narrow":"LYD","symbol":"LYD"},"MAD":{"displayName":{"other":"مراکشی درہم"},"narrow":"MAD","symbol":"MAD"},"MDL":{"displayName":{"other":"مالدووی لیو"},"narrow":"MDL","symbol":"MDL"},"MGA":{"displayName":{"other":"ملاگاسی اریاری"},"narrow":"Ar","symbol":"MGA"},"MKD":{"displayName":{"other":"مقدونیائی دینار"},"narrow":"MKD","symbol":"MKD"},"MMK":{"displayName":{"other":"میانمار کیاٹ"},"narrow":"K","symbol":"MMK"},"MNT":{"displayName":{"other":"منگولیائی ٹگرِ"},"narrow":"₮","symbol":"MNT"},"MOP":{"displayName":{"other":"میکانیز پٹاکا"},"narrow":"MOP","symbol":"MOP"},"MRO":{"displayName":{"other":"موریطانیائی اوگوئیا (1973–2017)"},"narrow":"MRO","symbol":"MRO"},"MRU":{"displayName":{"other":"موریطانیائی اوگوئیا"},"narrow":"MRU","symbol":"MRU"},"MUR":{"displayName":{"other":"ماریشس کا روپیہ"},"narrow":"Rs","symbol":"MUR"},"MVR":{"displayName":{"other":"مالدیپ کا روفیہ"},"narrow":"MVR","symbol":"MVR"},"MWK":{"displayName":{"other":"ملاوی کواچا"},"narrow":"MWK","symbol":"MWK"},"MXN":{"displayName":{"other":"میکسیکی پیسہ"},"narrow":"$","symbol":"MX$"},"MYR":{"displayName":{"other":"ملیشیائی رنگِٹ"},"narrow":"RM","symbol":"MYR"},"MZN":{"displayName":{"one":"موزامبیقی میٹیکل","other":"موزامبیقی میٹیکلز"},"narrow":"MZN","symbol":"MZN"},"NAD":{"displayName":{"other":"نامیبیائی ڈالر"},"narrow":"$","symbol":"NAD"},"NGN":{"displayName":{"other":"نائیجیریائی نائرا"},"narrow":"₦","symbol":"NGN"},"NIO":{"displayName":{"other":"نکارا گوا کا کورڈوبا"},"narrow":"C$","symbol":"NIO"},"NOK":{"displayName":{"other":"ناروے کرون"},"narrow":"kr","symbol":"NOK"},"NPR":{"displayName":{"other":"نیپالی روپیہ"},"narrow":"Rs","symbol":"NPR"},"NZD":{"displayName":{"other":"نیوزی لینڈ ڈالر"},"narrow":"$","symbol":"NZ$"},"OMR":{"displayName":{"other":"عمانی ریال"},"narrow":"OMR","symbol":"OMR"},"PAB":{"displayName":{"other":"پنامہ کا بالبوآ"},"narrow":"PAB","symbol":"PAB"},"PEN":{"displayName":{"other":"پیروویئن سول"},"narrow":"PEN","symbol":"PEN"},"PGK":{"displayName":{"other":"پاپوآ نیو گنی کا کینا"},"narrow":"PGK","symbol":"PGK"},"PHP":{"displayName":{"one":"فلپائینی پیسہ","other":"فلپائنی پیسو"},"narrow":"₱","symbol":"PHP"},"PKR":{"displayName":{"other":"پاکستانی روپیہ"},"narrow":"Rs","symbol":"Rs"},"PLN":{"displayName":{"other":"پولش زلوٹی"},"narrow":"zł","symbol":"PLN"},"PYG":{"displayName":{"other":"پیراگوئے کا گوآرنی"},"narrow":"₲","symbol":"PYG"},"QAR":{"displayName":{"other":"قطری ریال"},"narrow":"QAR","symbol":"QAR"},"RON":{"displayName":{"one":"رومانیائی لیو","other":"رومانیائی لی"},"narrow":"lei","symbol":"RON"},"RSD":{"displayName":{"other":"سربین دینار"},"narrow":"RSD","symbol":"RSD"},"RUB":{"displayName":{"other":"روسی روبل"},"narrow":"₽","symbol":"RUB"},"RWF":{"displayName":{"other":"روانڈا کا فرانک"},"narrow":"RF","symbol":"RWF"},"SAR":{"displayName":{"other":"سعودی ریال"},"narrow":"SAR","symbol":"SAR"},"SBD":{"displayName":{"other":"سولومن آئلینڈز ڈالر"},"narrow":"$","symbol":"SBD"},"SCR":{"displayName":{"other":"سشلی کا روپیہ"},"narrow":"SCR","symbol":"SCR"},"SDG":{"displayName":{"other":"سوڈانی پاؤنڈ"},"narrow":"SDG","symbol":"SDG"},"SEK":{"displayName":{"one":"سویڈن کرونا","other":"سویڈن کرونر"},"narrow":"kr","symbol":"SEK"},"SGD":{"displayName":{"other":"سنگا پور ڈالر"},"narrow":"$","symbol":"SGD"},"SHP":{"displayName":{"other":"سینٹ ہیلینا پاؤنڈ"},"narrow":"£","symbol":"SHP"},"SIT":{"displayName":{"other":"سلوانین ٹولر"},"narrow":"SIT","symbol":"SIT"},"SKK":{"displayName":{"other":"سلووک کرونا"},"narrow":"SKK","symbol":"SKK"},"SLL":{"displayName":{"other":"سیئرا لیونین لیون"},"narrow":"SLL","symbol":"SLL"},"SOS":{"displayName":{"other":"صومالی شلنگ"},"narrow":"SOS","symbol":"SOS"},"SRD":{"displayName":{"other":"سورینامی ڈالر"},"narrow":"$","symbol":"SRD"},"SSP":{"displayName":{"one":"جنوبی سوڈانی پاؤنڈ","other":"جنوبی سوڈانی پاؤنڈز"},"narrow":"£","symbol":"SSP"},"STD":{"displayName":{"other":"ساؤ ٹوم اور پرنسپے ڈوبرا (1977–2017)"},"narrow":"STD","symbol":"STD"},"STN":{"displayName":{"other":"ساؤ ٹومے اور پرنسپے ڈوبرا"},"narrow":"Db","symbol":"STN"},"SYP":{"displayName":{"other":"شامی پونڈ"},"narrow":"£","symbol":"SYP"},"SZL":{"displayName":{"other":"سوازی لیلانجینی"},"narrow":"SZL","symbol":"SZL"},"THB":{"displayName":{"other":"تھائی باہت"},"narrow":"฿","symbol":"฿"},"TJS":{"displayName":{"other":"تاجکستانی سومونی"},"narrow":"TJS","symbol":"TJS"},"TMT":{"displayName":{"other":"ترکمانستانی منات"},"narrow":"TMT","symbol":"TMT"},"TND":{"displayName":{"other":"تیونیسیائی دینار"},"narrow":"TND","symbol":"TND"},"TOP":{"displayName":{"other":"ٹونگن پانگا"},"narrow":"T$","symbol":"TOP"},"TRY":{"displayName":{"other":"ترکی لیرا"},"narrow":"₺","symbol":"TRY"},"TTD":{"displayName":{"other":"ترینیداد اور ٹوباگو کا ڈالر"},"narrow":"$","symbol":"TTD"},"TWD":{"displayName":{"other":"نیو تائیوان ڈالر"},"narrow":"NT$","symbol":"NT$"},"TZS":{"displayName":{"other":"تنزانیائی شلنگ"},"narrow":"TZS","symbol":"TZS"},"UAH":{"displayName":{"other":"یوکرینیائی ہریونیا"},"narrow":"₴","symbol":"UAH"},"UGX":{"displayName":{"other":"یوگانڈا شلنگ"},"narrow":"UGX","symbol":"UGX"},"USD":{"displayName":{"other":"امریکی ڈالر"},"narrow":"$","symbol":"$"},"UYU":{"displayName":{"other":"یوروگویان پیسو"},"narrow":"$","symbol":"UYU"},"UZS":{"displayName":{"other":"ازبکستانی سوم"},"narrow":"UZS","symbol":"UZS"},"VEB":{"displayName":{"other":"وینزویلا بولیور (1871–2008)"},"narrow":"VEB","symbol":"VEB"},"VEF":{"displayName":{"other":"وینزویلا بولیور (2008–2018)"},"narrow":"Bs","symbol":"VEF"},"VES":{"displayName":{"other":"وینزویلا بولیور"},"narrow":"VES","symbol":"VES"},"VND":{"displayName":{"other":"ویتنامی ڈانگ"},"narrow":"₫","symbol":"₫"},"VUV":{"displayName":{"other":"وینوواتو واتو"},"narrow":"VUV","symbol":"VUV"},"WST":{"displayName":{"other":"ساموآ کا ٹالا"},"narrow":"WST","symbol":"WST"},"XAF":{"displayName":{"other":"وسطی افریقی [CFA] فرانک"},"narrow":"FCFA","symbol":"FCFA"},"XCD":{"displayName":{"other":"مشرقی کریبیا کا ڈالر"},"narrow":"$","symbol":"EC$"},"XOF":{"displayName":{"other":"مغربی افریقی [CFA] فرانک"},"narrow":"F CFA","symbol":"F CFA"},"XPF":{"displayName":{"one":"CFP فرانک","other":"CFP فرانکس"},"narrow":"CFPF","symbol":"CFPF"},"XXX":{"displayName":{"one":"(کرنسی کی نامعلوم یونٹ)","other":"(نامعلوم کرنسی)"},"narrow":"¤","symbol":"¤"},"YER":{"displayName":{"other":"یمنی ریال"},"narrow":"YER","symbol":"YER"},"ZAR":{"displayName":{"other":"جنوبی افریقی رانڈ"},"narrow":"R","symbol":"ZAR"},"ZMK":{"displayName":{"other":"زامبیائی کواچا (1968–2012)"},"narrow":"ZMK","symbol":"ZMK"},"ZMW":{"displayName":{"other":"زامبیائی کواچا"},"narrow":"ZK","symbol":"ZMW"}},"nu":["latn"],"numbers":{"currency":{"latn":{"accounting":"¤#,##0.00;(¤#,##0.00)","currencySpacing":{"afterInsertBetween":" ","beforeInsertBetween":" "},"short":{"1000":{"other":"¤ 0 ہزار"},"10000":{"other":"¤ 00 ہزار"},"100000":{"other":"¤ 0 لاکھ"},"1000000":{"other":"¤ 00 لاکھ"},"10000000":{"other":"¤ 0 کروڑ"},"100000000":{"other":"¤ 00 کروڑ"},"1000000000":{"other":"¤ 0 ارب"},"10000000000":{"other":"¤ 00 ارب"},"100000000000":{"other":"¤ 0 کھرب"},"1000000000000":{"other":"¤0 ٹریلین"},"10000000000000":{"other":"¤ 00 ٹریلین"},"100000000000000":{"other":"¤ 000 ٹریلین"}},"standard":"¤#,##0.00","unitPattern":"{0} {1}"}},"decimal":{"latn":{"long":{"1000":{"other":"0 ہزار"},"10000":{"other":"00 ہزار"},"100000":{"other":"0 لاکھ"},"1000000":{"other":"00 لاکھ"},"10000000":{"other":"0 کروڑ"},"100000000":{"other":"00 کروڑ"},"1000000000":{"other":"0 ارب"},"10000000000":{"other":"00 ارب"},"100000000000":{"other":"0 کھرب"},"1000000000000":{"other":"00 کھرب"},"10000000000000":{"other":"00 ٹریلین"},"100000000000000":{"other":"000 ٹریلین"}},"short":{"1000":{"other":"0 ہزار"},"10000":{"other":"00 ہزار"},"100000":{"other":"0 لاکھ"},"1000000":{"other":"00 لاکھ"},"10000000":{"other":"0 کروڑ"},"100000000":{"other":"00 کروڑ"},"1000000000":{"other":"0 ارب"},"10000000000":{"other":"00 ارب"},"100000000000":{"other":"0 کھرب"},"1000000000000":{"other":"00 کھرب"},"10000000000000":{"other":"00 ٹریلین"},"100000000000000":{"other":"000 ٹریلین"}},"standard":"#,##0.###"}},"nu":["latn"],"percent":{"latn":"#,##0%"},"symbols":{"latn":{"approximatelySign":"~","decimal":".","exponential":"E","group":",","infinity":"∞","list":";","minusSign":"‎-","nan":"NaN","perMille":"‰","percentSign":"%","plusSign":"‎+","rangeSign":"–","superscriptingExponent":"×","timeSeparator":":"}}},"units":{"compound":{"per":{"long":"{0} فی {1}","narrow":"{0}/{1}","short":"{0}/{1}"}},"simple":{"acre":{"long":{"other":"{0} ایکڑ"},"narrow":{"other":"{0} ایکڑ"},"perUnit":{},"short":{"other":"{0} ایکڑ"}},"bit":{"long":{"one":"{0} بٹ","other":"{0} بٹس"},"narrow":{"other":"{0} bit"},"perUnit":{},"short":{"other":"{0} bit"}},"byte":{"long":{"one":"{0} بائٹ","other":"{0} بائٹس"},"narrow":{"other":"{0}B"},"perUnit":{},"short":{"other":"{0} byte"}},"celsius":{"long":{"other":"{0} ڈگری سیلسیس"},"narrow":{"other":"{0}‎°"},"perUnit":{},"short":{"other":"{0}‎°C"}},"centimeter":{"long":{"other":"{0} سینٹی میٹر"},"narrow":{"other":"{0}cm"},"perUnit":{"long":"{0} فی سینٹی میٹر","narrow":"{0} فی سینٹی میٹر","short":"{0}/cm"},"short":{"other":"{0} سینٹی میٹر"}},"day":{"long":{"other":"{0} دن"},"narrow":{"other":"{0} دن"},"perUnit":{"long":"{0} فی دن","narrow":"{0} فی دن","short":"{0} فی دن"},"short":{"other":"{0} دن"}},"degree":{"long":{"other":"{0} ڈگری"},"narrow":{"other":"{0} ڈگری"},"perUnit":{},"short":{"other":"{0} ڈگری"}},"fahrenheit":{"long":{"other":"{0} ڈگری فارن ہائیٹ"},"narrow":{"other":"{0}‎°F"},"perUnit":{},"short":{"other":"{0}‎°F"}},"fluid-ounce":{"long":{"other":"{0} فلوئڈ اونس"},"narrow":{"other":"{0} fl oz"},"perUnit":{},"short":{"other":"{0} fl oz"}},"foot":{"long":{"other":"{0} فیٹ"},"narrow":{"other":"{0}′"},"perUnit":{"long":"{0} فی فوٹ","narrow":"{0} فی فیٹ","short":"{0}/ft"},"short":{"other":"{0} فیٹ"}},"gallon":{"long":{"other":"{0} گیلن"},"narrow":{"other":"{0} gal"},"perUnit":{"long":"{0} فی گیلن","narrow":"{0}/gal","short":"{0}/gal"},"short":{"other":"{0} gal"}},"gigabit":{"long":{"one":"{0} گیگابٹ","other":"{0} گیگابٹس"},"narrow":{"other":"{0} Gb"},"perUnit":{},"short":{"other":"{0} Gb"}},"gigabyte":{"long":{"other":"{0} گیگابائٹ"},"narrow":{"other":"{0} GB"},"perUnit":{},"short":{"other":"{0} GB"}},"gram":{"long":{"other":"{0} گرام"},"narrow":{"other":"{0} گرام"},"perUnit":{"long":"{0} فی گرام","narrow":"{0} فی گرام","short":"{0}/g"},"short":{"other":"{0} g"}},"hectare":{"long":{"other":"{0} ہیکٹر"},"narrow":{"other":"{0} ہیکٹر"},"perUnit":{},"short":{"other":"{0} ہیکٹر"}},"hour":{"long":{"one":"{0} گھنٹہ","other":"{0} گھنٹے"},"narrow":{"one":"{0} گھنٹہ","other":"{0} گھنٹے"},"perUnit":{"long":"{0} فی گھنٹہ","narrow":"{0} فی گھنٹہ","short":"{0} فی گھنٹہ"},"short":{"one":"{0} گھنٹہ","other":"{0} گھنٹے"}},"inch":{"long":{"other":"{0} انچ"},"narrow":{"other":"{0} انچ"},"perUnit":{"long":"{0} فی انچ","narrow":"{0} فی انچ","short":"{0}/in"},"short":{"one":"{0} انچ","other":"{0} in"}},"kilobit":{"long":{"one":"{0} کلوبٹ","other":"{0} کلوبٹس"},"narrow":{"other":"{0} kb"},"perUnit":{},"short":{"other":"{0} kb"}},"kilobyte":{"long":{"one":"{0} کلوبائٹ","other":"{0} کلوبائٹس"},"narrow":{"other":"{0} kB"},"perUnit":{},"short":{"other":"{0} kB"}},"kilogram":{"long":{"other":"{0} کلو گرام"},"narrow":{"other":"{0}kg"},"perUnit":{"long":"{0} فی کلو گرام","narrow":"{0} فی کلو گرام","short":"{0}/kg"},"short":{"other":"{0} kg"}},"kilometer":{"long":{"other":"{0} کلو میٹر"},"narrow":{"other":"{0} کلو میٹر"},"perUnit":{"long":"{0} فی کلومیٹر","narrow":"{0} فی کلو میٹر","short":"{0} فی کلو میٹر"},"short":{"other":"{0} کلو میٹر"}},"kilometer-per-hour":{"long":{"other":"{0} کلومیٹر فی گھنٹہ"},"narrow":{"other":"{0}kph"},"perUnit":{},"short":{"other":"{0} kph"}},"liter":{"long":{"other":"{0} لیٹر"},"narrow":{"other":"{0} لیٹر"},"perUnit":{"long":"{0} فی لیٹر","narrow":"{0} فی لیٹر","short":"{0} فی لیٹر"},"short":{"other":"{0} لیٹر"}},"liter-per-kilometer":{"long":{"other":"{0} لیٹر فی کلومیٹر"},"narrow":{"other":"{0} L/km"},"perUnit":{},"short":{"other":"{0} L/km"}},"megabit":{"long":{"one":"{0} میگابٹ","other":"{0} میگابٹس"},"narrow":{"other":"{0} Mb"},"perUnit":{},"short":{"other":"{0} Mb"}},"megabyte":{"long":{"one":"{0} میگابائٹ","other":"{0} ميگابائٹس"},"narrow":{"other":"{0} MB"},"perUnit":{},"short":{"other":"{0} MB"}},"meter":{"long":{"other":"{0} میٹر"},"narrow":{"other":"{0} میٹر"},"perUnit":{"long":"{0} فی میٹر","narrow":"{0} فی میٹر","short":"{0}/m"},"short":{"other":"{0} میٹر"}},"meter-per-second":{"long":{"other":"{0} میٹر فی سیکنڈ"},"narrow":{"other":"{0}m/s"},"perUnit":{},"short":{"other":"{0} m/s"}},"mile":{"long":{"other":"{0} میل"},"narrow":{"other":"{0} میل"},"perUnit":{},"short":{"other":"{0} میل"}},"mile-per-gallon":{"long":{"other":"{0} میل فی گیلن"},"narrow":{"other":"{0} mpg"},"perUnit":{},"short":{"other":"{0} mpg"}},"mile-per-hour":{"long":{"other":"{0} میل فی گھنٹہ"},"narrow":{"other":"{0}mph"},"perUnit":{},"short":{"other":"{0} mph"}},"mile-scandinavian":{"long":{"other":"{0} اسکینڈی نیویائی میل"},"narrow":{"other":"{0} smi"},"perUnit":{},"short":{"other":"{0} smi"}},"milliliter":{"long":{"other":"{0} ملی لیٹر"},"narrow":{"other":"{0} mL"},"perUnit":{},"short":{"other":"{0} mL"}},"millimeter":{"long":{"one":"{0} ملی میٹر","other":"{0} ملیمیٹر"},"narrow":{"other":"{0} ملیمیٹر"},"perUnit":{},"short":{"other":"{0} ملیمیٹر"}},"millisecond":{"long":{"other":"{0} ملی سیکنڈ"},"narrow":{"other":"{0} ms"},"perUnit":{},"short":{"other":"{0} ملی سیکنڈ"}},"minute":{"long":{"other":"{0} منٹ"},"narrow":{"other":"{0} منٹ"},"perUnit":{"long":"{0} فی منٹ","narrow":"{0} فی منٹ","short":"{0} فی منٹ"},"short":{"other":"{0} منٹ"}},"month":{"long":{"one":"{0} مہینہ","other":"{0} مہینے"},"narrow":{"one":"{0} مہینہ","other":"{0} مہینے"},"perUnit":{"long":"{0} فی ماہ","narrow":"{0}/مہینہ","short":"{0}/m"},"short":{"one":"{0} مہینہ","other":"{0} مہینے"}},"ounce":{"long":{"other":"{0} اونس"},"narrow":{"other":"{0} ونس"},"perUnit":{"long":"{0} فی اونس","narrow":"{0}/oz","short":"{0}/oz"},"short":{"other":"{0} oz"}},"percent":{"long":{"other":"{0} فیصد"},"narrow":{"other":"{0}%"},"perUnit":{},"short":{"other":"{0}%"}},"petabyte":{"long":{"one":"{0} پیٹا بائٹ","other":"{0} پیٹا بائٹس"},"narrow":{"other":"{0} پی بی"},"perUnit":{},"short":{"other":"{0} پی بی"}},"pound":{"long":{"other":"{0} پونڈ"},"narrow":{"other":"{0} پونڈ"},"perUnit":{"long":"{0} فی پونڈ","narrow":"{0}/lb","short":"{0}/lb"},"short":{"other":"{0} lb"}},"second":{"long":{"other":"{0} سیکنڈ"},"narrow":{"other":"{0} سیکنڈ"},"perUnit":{"long":"{0} فی سیکنڈ","narrow":"{0} فی سیکنڈ","short":"{0} فی سیکنڈ"},"short":{"other":"{0} سیکنڈ"}},"stone":{"long":{"one":"{0} اسٹون","other":"{0} اسٹونز"},"narrow":{"other":"{0} st"},"perUnit":{},"short":{"other":"{0} st"}},"terabit":{"long":{"one":"{0} ٹیرابٹ","other":"{0} ٹیرابٹس"},"narrow":{"other":"{0} Tb"},"perUnit":{},"short":{"other":"{0} Tb"}},"terabyte":{"long":{"other":"{0} ٹیرابائٹ"},"narrow":{"other":"{0} TB"},"perUnit":{},"short":{"other":"{0} TB"}},"week":{"long":{"one":"{0} ہفتہ","other":"{0} ہفتے"},"narrow":{"one":"{0} ہفتہ","other":"{0} ہفتے"},"perUnit":{"long":"{0} فی ہفتہ","narrow":"{0}/ہفتہ","short":"{0} فی ہفتہ"},"short":{"one":"{0} ہفتہ","other":"{0} ہفتے"}},"yard":{"long":{"other":"{0} یارڈ"},"narrow":{"other":"{0} یارڈ"},"perUnit":{},"short":{"other":"{0} یارڈ"}},"year":{"long":{"other":"{0} سال"},"narrow":{"other":"{0} سال"},"perUnit":{"long":"فی سال {0}","narrow":"{0}/سال","short":"{0}/y"},"short":{"other":"{0} سال"}}}}},"locale":"ur"}