{"data":{"currencies":{"ADP":{"displayName":{"other":"Đồng Peseta của Andora"},"narrow":"ADP","symbol":"ADP"},"AED":{"displayName":{"other":"Dirham UAE"},"narrow":"AED","symbol":"AED"},"AFA":{"displayName":{"other":"Đồng Afghani của Afghanistan (1927–2002)"},"narrow":"AFA","symbol":"AFA"},"AFN":{"displayName":{"other":"Afghani Afghanistan"},"narrow":"؋","symbol":"AFN"},"ALL":{"displayName":{"other":"Lek Albania"},"narrow":"ALL","symbol":"ALL"},"AMD":{"displayName":{"other":"Dram Armenia"},"narrow":"֏","symbol":"AMD"},"ANG":{"displayName":{"other":"Guilder Antille Hà Lan"},"narrow":"ANG","symbol":"ANG"},"AOA":{"displayName":{"other":"Kwanza Angola"},"narrow":"Kz","symbol":"AOA"},"AOK":{"displayName":{"other":"Đồng Kwanza của Angola (1977–1991)"},"narrow":"AOK","symbol":"AOK"},"AON":{"displayName":{"other":"Đồng Kwanza Mới của Angola (1990–2000)"},"narrow":"AON","symbol":"AON"},"AOR":{"displayName":{"other":"Đồng Kwanza Điều chỉnh lại của Angola (1995–1999)"},"narrow":"AOR","symbol":"AOR"},"ARA":{"displayName":{"other":"Đồng Austral của Argentina"},"narrow":"ARA","symbol":"ARA"},"ARL":{"displayName":{"other":"Đồng Peso Ley của Argentina (1970–1983)"},"narrow":"ARL","symbol":"ARL"},"ARM":{"displayName":{"other":"Đồng Peso Argentina (1881–1970)"},"narrow":"ARM","symbol":"ARM"},"ARP":{"displayName":{"other":"Đồng Peso Argentina (1983–1985)"},"narrow":"ARP","symbol":"ARP"},"ARS":{"displayName":{"other":"Peso Argentina"},"narrow":"$","symbol":"ARS"},"ATS":{"displayName":{"other":"Đồng Schiling Áo"},"narrow":"ATS","symbol":"ATS"},"AUD":{"displayName":{"other":"Đô la Australia"},"narrow":"$","symbol":"AU$"},"AWG":{"displayName":{"other":"Florin Aruba"},"narrow":"AWG","symbol":"AWG"},"AZM":{"displayName":{"other":"Đồng Manat của Azerbaijan (1993–2006)"},"narrow":"AZM","symbol":"AZM"},"AZN":{"displayName":{"other":"Manat Azerbaijan"},"narrow":"₼","symbol":"AZN"},"BAD":{"displayName":{"other":"Đồng Dinar của Bosnia-Herzegovina (1992–1994)"},"narrow":"BAD","symbol":"BAD"},"BAM":{"displayName":{"other":"Mark Bosnia-Herzegovina có thể chuyển đổi"},"narrow":"KM","symbol":"BAM"},"BAN":{"displayName":{"other":"Đồng Dinar Mới của Bosnia-Herzegovina (1994–1997)"},"narrow":"BAN","symbol":"BAN"},"BBD":{"displayName":{"other":"Đô la Barbados"},"narrow":"$","symbol":"BBD"},"BDT":{"displayName":{"other":"Taka Bangladesh"},"narrow":"৳","symbol":"BDT"},"BEC":{"displayName":{"other":"Đồng Franc Bỉ (có thể chuyển đổi)"},"narrow":"BEC","symbol":"BEC"},"BEF":{"displayName":{"other":"Đồng Franc Bỉ"},"narrow":"BEF","symbol":"BEF"},"BEL":{"displayName":{"other":"Đồng Franc Bỉ (tài chính)"},"narrow":"BEL","symbol":"BEL"},"BGL":{"displayName":{"other":"Đồng Lev Xu của Bun-ga-ri"},"narrow":"BGL","symbol":"BGL"},"BGM":{"displayName":{"other":"Đồng Lev Xã hội chủ nghĩa của Bun-ga-ri"},"narrow":"BGM","symbol":"BGM"},"BGN":{"displayName":{"other":"Lev Bulgaria"},"narrow":"BGN","symbol":"BGN"},"BGO":{"displayName":{"other":"Đồng Lev của Bun-ga-ri (1879–1952)"},"narrow":"BGO","symbol":"BGO"},"BHD":{"displayName":{"other":"Dinar Bahrain"},"narrow":"BHD","symbol":"BHD"},"BIF":{"displayName":{"other":"Franc Burundi"},"narrow":"BIF","symbol":"BIF"},"BMD":{"displayName":{"other":"Đô la Bermuda"},"narrow":"$","symbol":"BMD"},"BND":{"displayName":{"other":"Đô la Brunei"},"narrow":"$","symbol":"BND"},"BOB":{"displayName":{"other":"Boliviano Bolivia"},"narrow":"Bs","symbol":"BOB"},"BOL":{"displayName":{"other":"Đồng Boliviano của Bolivia (1863–1963)"},"narrow":"BOL","symbol":"BOL"},"BOP":{"displayName":{"other":"Đồng Peso Bolivia"},"narrow":"BOP","symbol":"BOP"},"BOV":{"displayName":{"other":"Đồng Mvdol Bolivia"},"narrow":"BOV","symbol":"BOV"},"BRB":{"displayName":{"other":"Đồng Cruzerio Mới của Braxin (1967–1986)"},"narrow":"BRB","symbol":"BRB"},"BRC":{"displayName":{"other":"Đồng Cruzado của Braxin (1986–1989)"},"narrow":"BRC","symbol":"BRC"},"BRE":{"displayName":{"other":"Đồng Cruzerio của Braxin (1990–1993)"},"narrow":"BRE","symbol":"BRE"},"BRL":{"displayName":{"other":"Real Braxin"},"narrow":"R$","symbol":"R$"},"BRN":{"displayName":{"other":"Đồng Cruzado Mới của Braxin (1989–1990)"},"narrow":"BRN","symbol":"BRN"},"BRR":{"displayName":{"other":"Đồng Cruzeiro của Braxin (1993–1994)"},"narrow":"BRR","symbol":"BRR"},"BRZ":{"displayName":{"other":"Đồng Cruzeiro của Braxin (1942–1967)"},"narrow":"BRZ","symbol":"BRZ"},"BSD":{"displayName":{"other":"Đô la Bahamas"},"narrow":"$","symbol":"BSD"},"BTN":{"displayName":{"other":"Ngultrum Bhutan"},"narrow":"BTN","symbol":"BTN"},"BUK":{"displayName":{"other":"Đồng Kyat Miến Điện"},"narrow":"BUK","symbol":"BUK"},"BWP":{"displayName":{"other":"Pula Botswana"},"narrow":"P","symbol":"BWP"},"BYB":{"displayName":{"other":"Đồng Rúp Mới của Belarus (1994–1999)"},"narrow":"BYB","symbol":"BYB"},"BYN":{"displayName":{"other":"Rúp Belarus"},"narrow":"р.","symbol":"BYN"},"BYR":{"displayName":{"other":"Rúp Belarus (2000–2016)"},"narrow":"BYR","symbol":"BYR"},"BZD":{"displayName":{"other":"Đô la Belize"},"narrow":"$","symbol":"BZD"},"CAD":{"displayName":{"other":"Đô la Canada"},"narrow":"$","symbol":"CA$"},"CDF":{"displayName":{"other":"Franc Congo"},"narrow":"CDF","symbol":"CDF"},"CHE":{"displayName":{"other":"Đồng Euro WIR"},"narrow":"CHE","symbol":"CHE"},"CHF":{"displayName":{"other":"Franc Thụy sĩ"},"narrow":"CHF","symbol":"CHF"},"CHW":{"displayName":{"other":"Đồng France WIR"},"narrow":"CHW","symbol":"CHW"},"CLE":{"displayName":{"other":"Đồng Escudo của Chile"},"narrow":"CLE","symbol":"CLE"},"CLF":{"displayName":{"other":"Đơn vị Kế toán của Chile (UF)"},"narrow":"CLF","symbol":"CLF"},"CLP":{"displayName":{"other":"Peso Chile"},"narrow":"$","symbol":"CLP"},"CNH":{"displayName":{"other":"Nhân dân tệ (hải ngoại)"},"narrow":"CNH","symbol":"CNH"},"CNY":{"displayName":{"other":"Nhân dân tệ"},"narrow":"¥","symbol":"CN¥"},"COP":{"displayName":{"other":"Peso Colombia"},"narrow":"$","symbol":"COP"},"COU":{"displayName":{"other":"Đơn vị Giá trị Thực của Colombia"},"narrow":"COU","symbol":"COU"},"CRC":{"displayName":{"other":"Colón Costa Rica"},"narrow":"₡","symbol":"CRC"},"CSD":{"displayName":{"other":"Đồng Dinar của Serbia (2002–2006)"},"narrow":"CSD","symbol":"CSD"},"CSK":{"displayName":{"other":"Đồng Koruna Xu của Czechoslovakia"},"narrow":"CSK","symbol":"CSK"},"CUC":{"displayName":{"other":"Peso Cuba có thể chuyển đổi"},"narrow":"$","symbol":"CUC"},"CUP":{"displayName":{"other":"Peso Cuba"},"narrow":"$","symbol":"CUP"},"CVE":{"displayName":{"other":"Escudo Cape Verde"},"narrow":"CVE","symbol":"CVE"},"CYP":{"displayName":{"other":"Đồng Bảng Síp"},"narrow":"CYP","symbol":"CYP"},"CZK":{"displayName":{"other":"Koruna Cộng hòa Séc"},"narrow":"Kč","symbol":"CZK"},"DDM":{"displayName":{"other":"Đồng Mark Đông Đức"},"narrow":"DDM","symbol":"DDM"},"DEM":{"displayName":{"other":"Đồng Mark Đức"},"narrow":"DEM","symbol":"DEM"},"DJF":{"displayName":{"other":"Franc Djibouti"},"narrow":"DJF","symbol":"DJF"},"DKK":{"displayName":{"other":"Krone Đan Mạch"},"narrow":"kr","symbol":"DKK"},"DOP":{"displayName":{"other":"Peso Dominica"},"narrow":"$","symbol":"DOP"},"DZD":{"displayName":{"other":"Dinar Algeria"},"narrow":"DZD","symbol":"DZD"},"ECS":{"displayName":{"other":"Đồng Scure Ecuador"},"narrow":"ECS","symbol":"ECS"},"ECV":{"displayName":{"other":"Đơn vị Giá trị Không đổi của Ecuador"},"narrow":"ECV","symbol":"ECV"},"EEK":{"displayName":{"other":"Crun Extônia"},"narrow":"EEK","symbol":"EEK"},"EGP":{"displayName":{"other":"Bảng Ai Cập"},"narrow":"E£","symbol":"EGP"},"ERN":{"displayName":{"other":"Nakfa Eritrea"},"narrow":"ERN","symbol":"ERN"},"ESA":{"displayName":{"other":"Đồng Peseta Tây Ban Nha (Tài khoản)"},"narrow":"ESA","symbol":"ESA"},"ESB":{"displayName":{"other":"Đồng Peseta Tây Ban Nha (tài khoản có thể chuyển đổi)"},"narrow":"ESB","symbol":"ESB"},"ESP":{"displayName":{"other":"Đồng Peseta Tây Ban Nha"},"narrow":"₧","symbol":"ESP"},"ETB":{"displayName":{"other":"Birr Ethiopia"},"narrow":"ETB","symbol":"ETB"},"EUR":{"displayName":{"other":"euro"},"narrow":"€","symbol":"€"},"FIM":{"displayName":{"other":"Đồng Markka Phần Lan"},"narrow":"FIM","symbol":"FIM"},"FJD":{"displayName":{"other":"Đô la Fiji"},"narrow":"$","symbol":"FJD"},"FKP":{"displayName":{"other":"Bảng Quần đảo Falkland"},"narrow":"£","symbol":"FKP"},"FRF":{"displayName":{"other":"Franc Pháp"},"narrow":"FRF","symbol":"FRF"},"GBP":{"displayName":{"other":"Bảng Anh"},"narrow":"£","symbol":"£"},"GEK":{"displayName":{"other":"Đồng Kupon Larit của Georgia"},"narrow":"GEK","symbol":"GEK"},"GEL":{"displayName":{"other":"Lari Georgia"},"narrow":"₾","symbol":"GEL"},"GHC":{"displayName":{"other":"Cedi Ghana (1979–2007)"},"narrow":"GHC","symbol":"GHC"},"GHS":{"displayName":{"other":"Cedi Ghana"},"narrow":"GH₵","symbol":"GHS"},"GIP":{"displayName":{"other":"Bảng Gibraltar"},"narrow":"£","symbol":"GIP"},"GMD":{"displayName":{"other":"Dalasi Gambia"},"narrow":"GMD","symbol":"GMD"},"GNF":{"displayName":{"other":"Franc Guinea"},"narrow":"FG","symbol":"GNF"},"GNS":{"displayName":{"other":"Syli Guinea"},"narrow":"GNS","symbol":"GNS"},"GQE":{"displayName":{"other":"Đồng Ekwele của Guinea Xích Đạo"},"narrow":"GQE","symbol":"GQE"},"GRD":{"displayName":{"other":"Drachma Hy Lạp"},"narrow":"GRD","symbol":"GRD"},"GTQ":{"displayName":{"other":"Quetzal Guatemala"},"narrow":"Q","symbol":"GTQ"},"GWE":{"displayName":{"other":"Đồng Guinea Escudo Bồ Đào Nha"},"narrow":"GWE","symbol":"GWE"},"GWP":{"displayName":{"other":"Peso Guinea-Bissau"},"narrow":"GWP","symbol":"GWP"},"GYD":{"displayName":{"other":"Đô la Guyana"},"narrow":"$","symbol":"GYD"},"HKD":{"displayName":{"other":"Đô la Hồng Kông"},"narrow":"$","symbol":"HK$"},"HNL":{"displayName":{"other":"Lempira Honduras"},"narrow":"L","symbol":"HNL"},"HRD":{"displayName":{"other":"Đồng Dinar Croatia"},"narrow":"HRD","symbol":"HRD"},"HRK":{"displayName":{"other":"Kuna Croatia"},"narrow":"kn","symbol":"HRK"},"HTG":{"displayName":{"other":"Gourde Haiti"},"narrow":"HTG","symbol":"HTG"},"HUF":{"displayName":{"other":"forint Hungary"},"narrow":"Ft","symbol":"HUF"},"IDR":{"displayName":{"other":"Rupiah Indonesia"},"narrow":"Rp","symbol":"IDR"},"IEP":{"displayName":{"other":"Pao Ai-len"},"narrow":"IEP","symbol":"IEP"},"ILP":{"displayName":{"other":"Pao Ixraen"},"narrow":"ILP","symbol":"ILP"},"ILS":{"displayName":{"other":"Sheqel Israel mới"},"narrow":"₪","symbol":"₪"},"INR":{"displayName":{"other":"Rupee Ấn Độ"},"narrow":"₹","symbol":"₹"},"IQD":{"displayName":{"other":"Dinar Iraq"},"narrow":"IQD","symbol":"IQD"},"IRR":{"displayName":{"other":"Rial Iran"},"narrow":"IRR","symbol":"IRR"},"ISK":{"displayName":{"other":"króna Iceland"},"narrow":"kr","symbol":"ISK"},"ITL":{"displayName":{"other":"Lia Ý"},"narrow":"ITL","symbol":"ITL"},"JMD":{"displayName":{"other":"Đô la Jamaica"},"narrow":"$","symbol":"JMD"},"JOD":{"displayName":{"other":"Dinar Jordan"},"narrow":"JOD","symbol":"JOD"},"JPY":{"displayName":{"other":"Yên Nhật"},"narrow":"¥","symbol":"¥"},"KES":{"displayName":{"other":"Shilling Kenya"},"narrow":"KES","symbol":"KES"},"KGS":{"displayName":{"other":"Som Kyrgyzstan"},"narrow":"KGS","symbol":"KGS"},"KHR":{"displayName":{"other":"Riel Campuchia"},"narrow":"៛","symbol":"KHR"},"KMF":{"displayName":{"other":"Franc Comoros"},"narrow":"CF","symbol":"KMF"},"KPW":{"displayName":{"other":"Won Triều Tiên"},"narrow":"₩","symbol":"KPW"},"KRH":{"displayName":{"other":"Đồng Hwan Hàn Quốc (1953–1962)"},"narrow":"KRH","symbol":"KRH"},"KRO":{"displayName":{"other":"Đồng Won Hàn Quốc (1945–1953)"},"narrow":"KRO","symbol":"KRO"},"KRW":{"displayName":{"other":"Won Hàn Quốc"},"narrow":"₩","symbol":"₩"},"KWD":{"displayName":{"other":"Dinar Kuwait"},"narrow":"KWD","symbol":"KWD"},"KYD":{"displayName":{"other":"Đô la Quần đảo Cayman"},"narrow":"$","symbol":"KYD"},"KZT":{"displayName":{"other":"Tenge Kazakhstan"},"narrow":"₸","symbol":"KZT"},"LAK":{"displayName":{"other":"Kip Lào"},"narrow":"₭","symbol":"LAK"},"LBP":{"displayName":{"other":"Bảng Li-băng"},"narrow":"L£","symbol":"LBP"},"LKR":{"displayName":{"other":"Rupee Sri Lanka"},"narrow":"Rs","symbol":"LKR"},"LRD":{"displayName":{"other":"Đô la Liberia"},"narrow":"$","symbol":"LRD"},"LSL":{"displayName":{"other":"Loti Lesotho"},"narrow":"LSL","symbol":"LSL"},"LTL":{"displayName":{"other":"litas Lít-va"},"narrow":"Lt","symbol":"LTL"},"LTT":{"displayName":{"other":"Đồng Talonas Litva"},"narrow":"LTT","symbol":"LTT"},"LUC":{"displayName":{"other":"Đồng Franc Luxembourg có thể chuyển đổi"},"narrow":"LUC","symbol":"LUC"},"LUF":{"displayName":{"other":"Đồng Franc Luxembourg"},"narrow":"LUF","symbol":"LUF"},"LUL":{"displayName":{"other":"Đồng Franc Luxembourg tài chính"},"narrow":"LUL","symbol":"LUL"},"LVL":{"displayName":{"other":"lats Lativia"},"narrow":"Ls","symbol":"LVL"},"LVR":{"displayName":{"other":"Đồng Rúp Latvia"},"narrow":"LVR","symbol":"LVR"},"LYD":{"displayName":{"other":"Dinar Libi"},"narrow":"LYD","symbol":"LYD"},"MAD":{"displayName":{"other":"Dirham Ma-rốc"},"narrow":"MAD","symbol":"MAD"},"MAF":{"displayName":{"other":"Đồng Franc Ma-rốc"},"narrow":"MAF","symbol":"MAF"},"MCF":{"displayName":{"other":"Đồng Franc Monegasque"},"narrow":"MCF","symbol":"MCF"},"MDC":{"displayName":{"other":"Đồng Cupon Moldova"},"narrow":"MDC","symbol":"MDC"},"MDL":{"displayName":{"other":"Leu Moldova"},"narrow":"MDL","symbol":"MDL"},"MGA":{"displayName":{"other":"Ariary Malagasy"},"narrow":"Ar","symbol":"MGA"},"MGF":{"displayName":{"other":"Đồng Franc Magalasy"},"narrow":"MGF","symbol":"MGF"},"MKD":{"displayName":{"other":"Denar Macedonia"},"narrow":"MKD","symbol":"MKD"},"MKN":{"displayName":{"other":"Đồng Denar Macedonia (1992–1993)"},"narrow":"MKN","symbol":"MKN"},"MLF":{"displayName":{"other":"Đồng Franc Mali"},"narrow":"MLF","symbol":"MLF"},"MMK":{"displayName":{"other":"Kyat Myanma"},"narrow":"K","symbol":"MMK"},"MNT":{"displayName":{"other":"Tugrik Mông Cổ"},"narrow":"₮","symbol":"MNT"},"MOP":{"displayName":{"other":"Pataca Ma Cao"},"narrow":"MOP","symbol":"MOP"},"MRO":{"displayName":{"other":"Ouguiya Mauritania (1973–2017)"},"narrow":"MRO","symbol":"MRO"},"MRU":{"displayName":{"other":"Ouguiya Mauritania"},"narrow":"MRU","symbol":"MRU"},"MTL":{"displayName":{"other":"Lia xứ Man-tơ"},"narrow":"MTL","symbol":"MTL"},"MTP":{"displayName":{"other":"Đồng Bảng Malta"},"narrow":"MTP","symbol":"MTP"},"MUR":{"displayName":{"other":"Rupee Mauritius"},"narrow":"Rs","symbol":"MUR"},"MVR":{"displayName":{"other":"Rufiyaa Maldives"},"narrow":"MVR","symbol":"MVR"},"MWK":{"displayName":{"other":"Kwacha Malawi"},"narrow":"MWK","symbol":"MWK"},"MXN":{"displayName":{"other":"Peso Mexico"},"narrow":"$","symbol":"MX$"},"MXP":{"displayName":{"other":"Đồng Peso Bạc Mê-hi-cô (1861–1992)"},"narrow":"MXP","symbol":"MXP"},"MXV":{"displayName":{"other":"Đơn vị Đầu tư Mê-hi-cô"},"narrow":"MXV","symbol":"MXV"},"MYR":{"displayName":{"other":"Ringgit Malaysia"},"narrow":"RM","symbol":"MYR"},"MZE":{"displayName":{"other":"Escudo Mozambique"},"narrow":"MZE","symbol":"MZE"},"MZM":{"displayName":{"other":"Đồng Metical Mozambique (1980–2006)"},"narrow":"MZM","symbol":"MZM"},"MZN":{"displayName":{"other":"Metical Mozambique"},"narrow":"MZN","symbol":"MZN"},"NAD":{"displayName":{"other":"Đô la Namibia"},"narrow":"$","symbol":"NAD"},"NGN":{"displayName":{"other":"Naira Nigeria"},"narrow":"₦","symbol":"NGN"},"NIC":{"displayName":{"other":"Đồng Córdoba Nicaragua (1988–1991)"},"narrow":"NIC","symbol":"NIC"},"NIO":{"displayName":{"other":"Córdoba Nicaragua"},"narrow":"C$","symbol":"NIO"},"NLG":{"displayName":{"other":"Đồng Guilder Hà Lan"},"narrow":"NLG","symbol":"NLG"},"NOK":{"displayName":{"other":"Krone Na Uy"},"narrow":"kr","symbol":"NOK"},"NPR":{"displayName":{"other":"Rupee Nepal"},"narrow":"Rs","symbol":"NPR"},"NZD":{"displayName":{"other":"Đô la New Zealand"},"narrow":"$","symbol":"NZ$"},"OMR":{"displayName":{"other":"Rial Oman"},"narrow":"OMR","symbol":"OMR"},"PAB":{"displayName":{"other":"Balboa Panama"},"narrow":"PAB","symbol":"PAB"},"PEI":{"displayName":{"other":"Đồng Inti Peru"},"narrow":"PEI","symbol":"PEI"},"PEN":{"displayName":{"other":"Sol Peru"},"narrow":"PEN","symbol":"PEN"},"PES":{"displayName":{"other":"Đồng Sol Peru (1863–1965)"},"narrow":"PES","symbol":"PES"},"PGK":{"displayName":{"other":"Kina Papua New Guinea"},"narrow":"PGK","symbol":"PGK"},"PHP":{"displayName":{"other":"Peso Philipin"},"narrow":"₱","symbol":"PHP"},"PKR":{"displayName":{"other":"Rupee Pakistan"},"narrow":"Rs","symbol":"PKR"},"PLN":{"displayName":{"other":"Zloty Ba Lan"},"narrow":"zł","symbol":"PLN"},"PLZ":{"displayName":{"other":"Đồng Zloty Ba Lan (1950–1995)"},"narrow":"PLZ","symbol":"PLZ"},"PTE":{"displayName":{"other":"Đồng Escudo Bồ Đào Nha"},"narrow":"PTE","symbol":"PTE"},"PYG":{"displayName":{"other":"Guarani Paraguay"},"narrow":"₲","symbol":"PYG"},"QAR":{"displayName":{"other":"Rial Qatar"},"narrow":"QAR","symbol":"QAR"},"RHD":{"displayName":{"other":"Đồng Đô la Rhode"},"narrow":"RHD","symbol":"RHD"},"ROL":{"displayName":{"other":"Đồng Leu Rumani (1952–2006)"},"narrow":"ROL","symbol":"ROL"},"RON":{"displayName":{"other":"Leu Romania"},"narrow":"lei","symbol":"RON"},"RSD":{"displayName":{"other":"Dinar Serbia"},"narrow":"RSD","symbol":"RSD"},"RUB":{"displayName":{"other":"Rúp Nga"},"narrow":"₽","symbol":"RUB"},"RUR":{"displayName":{"other":"Đồng Rúp Nga (1991–1998)"},"narrow":"RUR","symbol":"RUR"},"RWF":{"displayName":{"other":"Franc Rwanda"},"narrow":"RF","symbol":"RWF"},"SAR":{"displayName":{"other":"Riyal Ả Rập Xê-út"},"narrow":"SAR","symbol":"SAR"},"SBD":{"displayName":{"other":"Đô la quần đảo Solomon"},"narrow":"$","symbol":"SBD"},"SCR":{"displayName":{"other":"Rupee Seychelles"},"narrow":"SCR","symbol":"SCR"},"SDD":{"displayName":{"other":"Đồng Dinar Sudan (1992–2007)"},"narrow":"SDD","symbol":"SDD"},"SDG":{"displayName":{"other":"Bảng Sudan"},"narrow":"SDG","symbol":"SDG"},"SDP":{"displayName":{"other":"Đồng Bảng Sudan (1957–1998)"},"narrow":"SDP","symbol":"SDP"},"SEK":{"displayName":{"other":"Krona Thụy Điển"},"narrow":"kr","symbol":"SEK"},"SGD":{"displayName":{"other":"Đô la Singapore"},"narrow":"$","symbol":"SGD"},"SHP":{"displayName":{"other":"bảng St. Helena"},"narrow":"£","symbol":"SHP"},"SIT":{"displayName":{"other":"Tôla Xlôvênia"},"narrow":"SIT","symbol":"SIT"},"SKK":{"displayName":{"other":"Cuaron Xlôvác"},"narrow":"SKK","symbol":"SKK"},"SLL":{"displayName":{"other":"Leone Sierra Leone"},"narrow":"SLL","symbol":"SLL"},"SOS":{"displayName":{"other":"Schilling Somali"},"narrow":"SOS","symbol":"SOS"},"SRD":{"displayName":{"other":"Đô la Suriname"},"narrow":"$","symbol":"SRD"},"SRG":{"displayName":{"other":"Đồng Guilder Surinam"},"narrow":"SRG","symbol":"SRG"},"SSP":{"displayName":{"other":"Bảng Nam Sudan"},"narrow":"£","symbol":"SSP"},"STD":{"displayName":{"other":"Dobra São Tomé và Príncipe (1977–2017)"},"narrow":"STD","symbol":"STD"},"STN":{"displayName":{"other":"Dobra São Tomé và Príncipe"},"narrow":"Db","symbol":"STN"},"SUR":{"displayName":{"other":"Đồng Rúp Sô viết"},"narrow":"SUR","symbol":"SUR"},"SVC":{"displayName":{"other":"Colón El Salvador"},"narrow":"SVC","symbol":"SVC"},"SYP":{"displayName":{"other":"Bảng Syria"},"narrow":"£","symbol":"SYP"},"SZL":{"displayName":{"other":"Lilangeni Swaziland"},"narrow":"SZL","symbol":"SZL"},"THB":{"displayName":{"other":"Bạt Thái Lan"},"narrow":"฿","symbol":"฿"},"TJR":{"displayName":{"other":"Đồng Rúp Tajikistan"},"narrow":"TJR","symbol":"TJR"},"TJS":{"displayName":{"other":"Somoni Tajikistan"},"narrow":"TJS","symbol":"TJS"},"TMM":{"displayName":{"other":"Đồng Manat Turkmenistan (1993–2009)"},"narrow":"TMM","symbol":"TMM"},"TMT":{"displayName":{"other":"Manat Turkmenistan"},"narrow":"TMT","symbol":"TMT"},"TND":{"displayName":{"other":"Dinar Tunisia"},"narrow":"TND","symbol":"TND"},"TOP":{"displayName":{"other":"Paʻanga Tonga"},"narrow":"T$","symbol":"TOP"},"TPE":{"displayName":{"other":"Đồng Escudo Timor"},"narrow":"TPE","symbol":"TPE"},"TRL":{"displayName":{"other":"lia Thổ Nhĩ Kỳ (1922–2005)"},"narrow":"TRL","symbol":"TRL"},"TRY":{"displayName":{"other":"Lia Thổ Nhĩ Kỳ"},"narrow":"₺","symbol":"TRY"},"TTD":{"displayName":{"other":"Đô la Trinidad và Tobago"},"narrow":"$","symbol":"TTD"},"TWD":{"displayName":{"other":"Đô la Đài Loan mới"},"narrow":"NT$","symbol":"NT$"},"TZS":{"displayName":{"other":"Shilling Tanzania"},"narrow":"TZS","symbol":"TZS"},"UAH":{"displayName":{"other":"Hryvnia Ucraina"},"narrow":"₴","symbol":"UAH"},"UAK":{"displayName":{"other":"Đồng Karbovanets Ucraina"},"narrow":"UAK","symbol":"UAK"},"UGS":{"displayName":{"other":"Đồng Shilling Uganda (1966–1987)"},"narrow":"UGS","symbol":"UGS"},"UGX":{"displayName":{"other":"Shilling Uganda"},"narrow":"UGX","symbol":"UGX"},"USD":{"displayName":{"other":"Đô la Mỹ"},"narrow":"$","symbol":"US$"},"USN":{"displayName":{"other":"Đô la Mỹ (Ngày tiếp theo)"},"narrow":"USN","symbol":"USN"},"USS":{"displayName":{"other":"Đô la Mỹ (Cùng ngày)"},"narrow":"USS","symbol":"USS"},"UYI":{"displayName":{"other":"Đồng Peso Uruguay (Đơn vị Theo chỉ số)"},"narrow":"UYI","symbol":"UYI"},"UYP":{"displayName":{"other":"Đồng Peso Uruguay (1975–1993)"},"narrow":"UYP","symbol":"UYP"},"UYU":{"displayName":{"other":"Peso Uruguay"},"narrow":"$","symbol":"UYU"},"UZS":{"displayName":{"other":"Som Uzbekistan"},"narrow":"UZS","symbol":"UZS"},"VEB":{"displayName":{"other":"Đồng bolívar của Venezuela (1871–2008)"},"narrow":"VEB","symbol":"VEB"},"VEF":{"displayName":{"other":"Bolívar Venezuela (2008–2018)"},"narrow":"Bs","symbol":"VEF"},"VES":{"displayName":{"other":"Bolívar Venezuela"},"narrow":"VES","symbol":"VES"},"VND":{"displayName":{"other":"Đồng Việt Nam"},"narrow":"₫","symbol":"₫"},"VNN":{"displayName":{"other":"Đồng Việt Nam (1978–1985)"},"narrow":"VNN","symbol":"VNN"},"VUV":{"displayName":{"other":"Vatu Vanuatu"},"narrow":"VUV","symbol":"VUV"},"WST":{"displayName":{"other":"Tala Samoa"},"narrow":"WST","symbol":"WST"},"XAF":{"displayName":{"other":"franc CFA Trung Phi"},"narrow":"FCFA","symbol":"FCFA"},"XAG":{"displayName":{"other":"Bạc"},"narrow":"XAG","symbol":"XAG"},"XAU":{"displayName":{"other":"Vàng"},"narrow":"XAU","symbol":"XAU"},"XBA":{"displayName":{"other":"Đơn vị Tổng hợp Châu Âu"},"narrow":"XBA","symbol":"XBA"},"XBB":{"displayName":{"other":"Đơn vị Tiền tệ Châu Âu"},"narrow":"XBB","symbol":"XBB"},"XBC":{"displayName":{"other":"Đơn vị Kế toán Châu Âu (XBC)"},"narrow":"XBC","symbol":"XBC"},"XBD":{"displayName":{"other":"Đơn vị Kế toán Châu Âu (XBD)"},"narrow":"XBD","symbol":"XBD"},"XCD":{"displayName":{"other":"Đô la Đông Caribê"},"narrow":"$","symbol":"EC$"},"XDR":{"displayName":{"other":"Quyền Rút vốn Đặc biệt"},"narrow":"XDR","symbol":"XDR"},"XEU":{"displayName":{"other":"Đơn vị Tiền Châu Âu"},"narrow":"XEU","symbol":"XEU"},"XFO":{"displayName":{"other":"Đồng France Pháp Vàng"},"narrow":"XFO","symbol":"XFO"},"XFU":{"displayName":{"other":"Đồng UIC-Franc Pháp"},"narrow":"XFU","symbol":"XFU"},"XOF":{"displayName":{"other":"franc CFA Tây Phi"},"narrow":"F CFA","symbol":"F CFA"},"XPD":{"displayName":{"other":"Paladi"},"narrow":"XPD","symbol":"XPD"},"XPF":{"displayName":{"other":"Franc CFP"},"narrow":"CFPF","symbol":"CFPF"},"XPT":{"displayName":{"other":"Bạch kim"},"narrow":"XPT","symbol":"XPT"},"XRE":{"displayName":{"other":"Quỹ RINET"},"narrow":"XRE","symbol":"XRE"},"XTS":{"displayName":{"other":"Mã Tiền tệ Kiểm tra"},"narrow":"XTS","symbol":"XTS"},"XXX":{"displayName":{"other":"(tiền tệ chưa biết)"},"narrow":"XXX","symbol":"XXX"},"YDD":{"displayName":{"other":"Đồng Dinar Yemen"},"narrow":"YDD","symbol":"YDD"},"YER":{"displayName":{"other":"Rial Yemen"},"narrow":"YER","symbol":"YER"},"YUD":{"displayName":{"other":"Đồng Dinar Nam Tư Xu (1966–1990)"},"narrow":"YUD","symbol":"YUD"},"YUM":{"displayName":{"other":"Đồng Dinar Nam Tư Mới (1994–2002)"},"narrow":"YUM","symbol":"YUM"},"YUN":{"displayName":{"other":"Đồng Dinar Nam Tư Có thể chuyển đổi (1990–1992)"},"narrow":"YUN","symbol":"YUN"},"YUR":{"displayName":{"other":"Đồng Dinar Nam Tư Tái cơ cấu (1992–1993)"},"narrow":"YUR","symbol":"YUR"},"ZAL":{"displayName":{"other":"Đồng Rand Nam Phi (tài chính)"},"narrow":"ZAL","symbol":"ZAL"},"ZAR":{"displayName":{"other":"Rand Nam Phi"},"narrow":"R","symbol":"ZAR"},"ZMK":{"displayName":{"other":"Đồng kwacha của Zambia (1968–2012)"},"narrow":"ZMK","symbol":"ZMK"},"ZMW":{"displayName":{"other":"Kwacha Zambia"},"narrow":"ZK","symbol":"ZMW"},"ZRN":{"displayName":{"other":"Đồng Zaire Mới (1993–1998)"},"narrow":"ZRN","symbol":"ZRN"},"ZRZ":{"displayName":{"other":"Đồng Zaire (1971–1993)"},"narrow":"ZRZ","symbol":"ZRZ"},"ZWD":{"displayName":{"other":"Đồng Đô la Zimbabwe (1980–2008)"},"narrow":"ZWD","symbol":"ZWD"},"ZWL":{"displayName":{"other":"Đồng Đô la Zimbabwe (2009)"},"narrow":"ZWL","symbol":"ZWL"},"ZWR":{"displayName":{"other":"Đồng Đô la Zimbabwe (2008)"},"narrow":"ZWR","symbol":"ZWR"}},"nu":["latn"],"numbers":{"currency":{"latn":{"accounting":"#,##0.00 ¤","currencySpacing":{"afterInsertBetween":" ","beforeInsertBetween":" "},"short":{"1000":{"other":"0 N ¤"},"10000":{"other":"00 N ¤"},"100000":{"other":"000 N ¤"},"1000000":{"other":"0 Tr ¤"},"10000000":{"other":"00 Tr ¤"},"100000000":{"other":"000 Tr ¤"},"1000000000":{"other":"0 T ¤"},"10000000000":{"other":"00 T ¤"},"100000000000":{"other":"000 T ¤"},"1000000000000":{"other":"0 NT ¤"},"10000000000000":{"other":"00 NT ¤"},"100000000000000":{"other":"000 NT ¤"}},"standard":"#,##0.00 ¤","unitPattern":"{0} {1}"}},"decimal":{"latn":{"long":{"1000":{"other":"0 nghìn"},"10000":{"other":"00 nghìn"},"100000":{"other":"000 nghìn"},"1000000":{"other":"0 triệu"},"10000000":{"other":"00 triệu"},"100000000":{"other":"000 triệu"},"1000000000":{"other":"0 tỷ"},"10000000000":{"other":"00 tỷ"},"100000000000":{"other":"000 tỷ"},"1000000000000":{"other":"0 nghìn tỷ"},"10000000000000":{"other":"00 nghìn tỷ"},"100000000000000":{"other":"000 nghìn tỷ"}},"short":{"1000":{"other":"0 N"},"10000":{"other":"00 N"},"100000":{"other":"000 N"},"1000000":{"other":"0 Tr"},"10000000":{"other":"00 Tr"},"100000000":{"other":"000 Tr"},"1000000000":{"other":"0 T"},"10000000000":{"other":"00 T"},"100000000000":{"other":"000 T"},"1000000000000":{"other":"0 NT"},"10000000000000":{"other":"00 NT"},"100000000000000":{"other":"000 NT"}},"standard":"#,##0.###"}},"nu":["latn"],"percent":{"latn":"#,##0%"},"symbols":{"latn":{"approximatelySign":"~","decimal":",","exponential":"E","group":".","infinity":"∞","list":";","minusSign":"-","nan":"NaN","perMille":"‰","percentSign":"%","plusSign":"+","rangeSign":"-","superscriptingExponent":"×","timeSeparator":":"}}},"units":{"compound":{"per":{"long":"{0}/{1}","narrow":"{0}/{1}","short":"{0}/{1}"}},"simple":{"acre":{"long":{"other":"{0} mẫu"},"narrow":{"other":"{0} mẫu"},"perUnit":{},"short":{"other":"{0} mẫu"}},"bit":{"long":{"other":"{0} bit"},"narrow":{"other":"{0} bit"},"perUnit":{},"short":{"other":"{0} bit"}},"byte":{"long":{"other":"{0} byte"},"narrow":{"other":"{0} B"},"perUnit":{},"short":{"other":"{0} byte"}},"celsius":{"long":{"other":"{0} độ C"},"narrow":{"other":"{0}°C"},"perUnit":{},"short":{"other":"{0}°C"}},"centimeter":{"long":{"other":"{0} xentimét"},"narrow":{"other":"{0}cm"},"perUnit":{"long":"{0}/cm","narrow":"{0}/cm","short":"{0}/cm"},"short":{"other":"{0} cm"}},"day":{"long":{"other":"{0} ngày"},"narrow":{"other":"{0} ngày"},"perUnit":{"long":"{0}/ngày","narrow":"{0}/ngày","short":"{0}/ngày"},"short":{"other":"{0} ngày"}},"degree":{"long":{"other":"{0} độ"},"narrow":{"other":"{0}°"},"perUnit":{},"short":{"other":"{0}°"}},"fahrenheit":{"long":{"other":"{0} độ F"},"narrow":{"other":"{0}°F"},"perUnit":{},"short":{"other":"{0}°F"}},"fluid-ounce":{"long":{"other":"{0} aoxơ chất lỏng"},"narrow":{"other":"{0} fl oz"},"perUnit":{},"short":{"other":"{0} fl oz"}},"foot":{"long":{"other":"{0} feet"},"narrow":{"other":"{0}'"},"perUnit":{"long":"{0}/ft","narrow":"{0}/ft","short":"{0}/ft"},"short":{"other":"{0} ft"}},"gallon":{"long":{"other":"{0} gallon"},"narrow":{"other":"{0} gal"},"perUnit":{"long":"{0}/gal","narrow":"{0}/gal","short":"{0}/gal Mỹ"},"short":{"other":"{0} gal"}},"gigabit":{"long":{"other":"{0} gigabit"},"narrow":{"other":"{0} Gb"},"perUnit":{},"short":{"other":"{0} Gb"}},"gigabyte":{"long":{"other":"{0} gigabyte"},"narrow":{"other":"{0} GB"},"perUnit":{},"short":{"other":"{0} GB"}},"gram":{"long":{"other":"{0} gam"},"narrow":{"other":"{0}g"},"perUnit":{"long":"{0}/gam","narrow":"{0}/g","short":"{0}/g"},"short":{"other":"{0} g"}},"hectare":{"long":{"other":"{0} héc-ta"},"narrow":{"other":"{0}ha"},"perUnit":{},"short":{"other":"{0} ha"}},"hour":{"long":{"other":"{0} giờ"},"narrow":{"other":"{0} giờ"},"perUnit":{"long":"{0}/giờ","narrow":"{0}/giờ","short":"{0}/giờ"},"short":{"other":"{0} giờ"}},"inch":{"long":{"other":"{0} inch"},"narrow":{"other":"{0}\""},"perUnit":{"long":"{0}/inch","narrow":"{0}/in","short":"{0}/in"},"short":{"other":"{0} inch"}},"kilobit":{"long":{"other":"{0} kilobit"},"narrow":{"other":"{0} kb"},"perUnit":{},"short":{"other":"{0} kb"}},"kilobyte":{"long":{"other":"{0} kilobyte"},"narrow":{"other":"{0} kB"},"perUnit":{},"short":{"other":"{0} kB"}},"kilogram":{"long":{"other":"{0} kilôgam"},"narrow":{"other":"{0}kg"},"perUnit":{"long":"{0}/kg","narrow":"{0}/kg","short":"{0}/kg"},"short":{"other":"{0} kg"}},"kilometer":{"long":{"other":"{0} kilômét"},"narrow":{"other":"{0}km"},"perUnit":{"long":"{0}/km","narrow":"{0}/km","short":"{0}/km"},"short":{"other":"{0} km"}},"kilometer-per-hour":{"long":{"other":"{0} kilômét/giờ"},"narrow":{"other":"{0}km/h"},"perUnit":{},"short":{"other":"{0} km/h"}},"liter":{"long":{"other":"{0} lít"},"narrow":{"other":"{0}L"},"perUnit":{"long":"{0}/l","narrow":"{0}/l","short":"{0}/l"},"short":{"other":"{0} L"}},"liter-per-kilometer":{"long":{"other":"{0} lít/km"},"narrow":{"other":"{0} l/km"},"perUnit":{},"short":{"other":"{0} l/km"}},"megabit":{"long":{"other":"{0} megabit"},"narrow":{"other":"{0} Mb"},"perUnit":{},"short":{"other":"{0} Mb"}},"megabyte":{"long":{"other":"{0} megabyte"},"narrow":{"other":"{0} MB"},"perUnit":{},"short":{"other":"{0} MB"}},"meter":{"long":{"other":"{0} mét"},"narrow":{"other":"{0}m"},"perUnit":{"long":"{0}/m","narrow":"{0}/m","short":"{0}/m"},"short":{"other":"{0} m"}},"meter-per-second":{"long":{"other":"{0} mét/giây"},"narrow":{"other":"{0}m/s"},"perUnit":{},"short":{"other":"{0} m/s"}},"mile":{"long":{"other":"{0} dặm"},"narrow":{"other":"{0}mi"},"perUnit":{},"short":{"other":"{0} dặm"}},"mile-per-gallon":{"long":{"other":"{0} dặm/gallon"},"narrow":{"other":"{0} mpg"},"perUnit":{},"short":{"other":"{0} mpg"}},"mile-per-hour":{"long":{"other":"{0} dặm/giờ"},"narrow":{"other":"{0}mph"},"perUnit":{},"short":{"other":"{0} mi/h"}},"mile-scandinavian":{"long":{"other":"{0} dặm scandinavia"},"narrow":{"other":"{0} smi"},"perUnit":{},"short":{"other":"{0} smi"}},"milliliter":{"long":{"other":"{0} mililít"},"narrow":{"other":"{0} mL"},"perUnit":{},"short":{"other":"{0} mL"}},"millimeter":{"long":{"other":"{0} milimét"},"narrow":{"other":"{0}mm"},"perUnit":{},"short":{"other":"{0} mm"}},"millisecond":{"long":{"other":"{0} mili giây"},"narrow":{"other":"{0}miligiây"},"perUnit":{},"short":{"other":"{0} mili giây"}},"minute":{"long":{"other":"{0} phút"},"narrow":{"other":"{0} phút"},"perUnit":{"long":"{0}/phút","narrow":"{0}/phút","short":"{0}/phút"},"short":{"other":"{0} phút"}},"month":{"long":{"other":"{0} tháng"},"narrow":{"other":"{0} tháng"},"perUnit":{"long":"{0}/tháng","narrow":"{0}/tháng","short":"{0}/tháng"},"short":{"other":"{0} tháng"}},"ounce":{"long":{"other":"{0} aoxơ"},"narrow":{"other":"{0}oz"},"perUnit":{"long":"{0}/aoxơ","narrow":"{0}/oz","short":"{0}/oz"},"short":{"other":"{0} oz"}},"percent":{"long":{"other":"{0}%"},"narrow":{"other":"{0}%"},"perUnit":{},"short":{"other":"{0}%"}},"petabyte":{"long":{"other":"{0} PB"},"narrow":{"other":"{0} PB"},"perUnit":{},"short":{"other":"{0} PB"}},"pound":{"long":{"other":"{0} pao"},"narrow":{"other":"{0}lb"},"perUnit":{"long":"{0}/lb","narrow":"{0}/lb","short":"{0}/lb"},"short":{"other":"{0} lb"}},"second":{"long":{"other":"{0} giây"},"narrow":{"other":"{0} giây"},"perUnit":{"long":"{0}/giây","narrow":"{0}/giây","short":"{0}/giây"},"short":{"other":"{0} giây"}},"stone":{"long":{"other":"{0} st"},"narrow":{"other":"{0} st"},"perUnit":{},"short":{"other":"{0} st"}},"terabit":{"long":{"other":"{0} terabit"},"narrow":{"other":"{0} Tb"},"perUnit":{},"short":{"other":"{0} Tb"}},"terabyte":{"long":{"other":"{0} terabyte"},"narrow":{"other":"{0} TB"},"perUnit":{},"short":{"other":"{0} TB"}},"week":{"long":{"other":"{0} tuần"},"narrow":{"other":"{0} tuần"},"perUnit":{"long":"{0}/tuần","narrow":"{0}/tuần","short":"{0}/tuần"},"short":{"other":"{0} tuần"}},"yard":{"long":{"other":"{0} yard"},"narrow":{"other":"{0}yd"},"perUnit":{},"short":{"other":"{0} yd"}},"year":{"long":{"other":"{0} năm"},"narrow":{"other":"{0} năm"},"perUnit":{"long":"{0}/năm","narrow":"{0}/năm","short":"{0}/năm"},"short":{"other":"{0} năm"}}}}},"locale":"vi"}