{"data":{"day":{"0":"avui","1":"demà","2":"demà passat","-1":"ahir","-2":"abans-d’ahir","future":{"one":"d’aquí a {0} dia","other":"d’aquí a {0} dies"},"past":{"one":"fa {0} dia","other":"fa {0} dies"}},"day-narrow":{"0":"avui","1":"demà","2":"demà passat","-1":"ahir","-2":"abans-d’ahir","future":{"one":"d’aquí a {0} dia","other":"d’aquí a {0} dies"},"past":{"one":"fa {0} dia","other":"fa {0} dies"}},"day-short":{"0":"avui","1":"demà","2":"demà passat","-1":"ahir","-2":"abans-d’ahir","future":{"one":"d’aquí a {0} dia","other":"d’aquí a {0} dies"},"past":{"one":"fa {0} dia","other":"fa {0} dies"}},"hour":{"0":"aquesta hora","future":{"one":"d’aquí a {0} hora","other":"d’aquí a {0} hores"},"past":{"one":"fa {0} hora","other":"fa {0} hores"}},"hour-narrow":{"0":"aquesta hora","future":{"one":"d‘aquí a {0} h","other":"d‘aquí a {0} h"},"past":{"one":"fa {0} h","other":"fa {0} h"}},"hour-short":{"0":"aquesta hora","future":{"one":"d’aquí a {0} h","other":"d’aquí a {0} h"},"past":{"one":"fa {0} h","other":"fa {0} h"}},"minute":{"0":"aquest minut","future":{"one":"d’aquí a {0} minut","other":"d’aquí a {0} minuts"},"past":{"one":"fa {0} minut","other":"fa {0} minuts"}},"minute-narrow":{"0":"aquest minut","future":{"one":"d’aquí a {0} min","other":"d’aquí a {0} min"},"past":{"one":"fa {0} min","other":"fa {0} min"}},"minute-short":{"0":"aquest minut","future":{"one":"d’aquí a {0} min","other":"d’aquí a {0} min"},"past":{"one":"fa {0} min","other":"fa {0} min"}},"month":{"0":"aquest mes","1":"el mes que ve","-1":"el mes passat","future":{"one":"d’aquí a {0} mes","other":"d’aquí a {0} mesos"},"past":{"one":"fa {0} mes","other":"fa {0} mesos"}},"month-narrow":{"0":"aquest mes","1":"el mes que ve","-1":"el mes passat","future":{"one":"d’aquí a {0} mes","other":"d’aquí a {0} mesos"},"past":{"one":"fa {0} mes","other":"fa {0} mesos"}},"month-short":{"0":"aquest mes","1":"el mes que ve","-1":"el mes passat","future":{"one":"d’aquí a {0} mes","other":"d’aquí a {0} mesos"},"past":{"one":"fa {0} mes","other":"fa {0} mesos"}},"nu":["latn"],"quarter":{"0":"aquest trimestre","1":"el trimestre que ve","-1":"el trimestre passat","future":{"one":"d’aquí a {0} trimestre","other":"d’aquí a {0} trimestres"},"past":{"one":"fa {0} trimestre","other":"fa {0} trimestres"}},"quarter-narrow":{"0":"aquest trim.","1":"trim. vinent","-1":"trim. passat","future":{"one":"d’aquí a {0} trim.","other":"d’aquí a {0} trim."},"past":{"one":"fa {0} trim.","other":"fa {0} trim."}},"quarter-short":{"0":"aquest trim.","1":"el trim. que ve","-1":"el trim. passat","future":{"one":"d’aquí a {0} trim.","other":"d’aquí a {0} trim."},"past":{"one":"fa {0} trim.","other":"fa {0} trim."}},"second":{"0":"ara","future":{"one":"d’aquí a {0} segon","other":"d’aquí a {0} segons"},"past":{"one":"fa {0} segon","other":"fa {0} segons"}},"second-narrow":{"0":"ara","future":{"one":"d’aquí a {0} s","other":"d’aquí a {0} s"},"past":{"one":"fa {0} s","other":"fa {0} s"}},"second-short":{"0":"ara","future":{"one":"d’aquí a {0} s","other":"d’aquí a {0} s"},"past":{"one":"fa {0} s","other":"fa {0} s"}},"week":{"0":"aquesta setmana","1":"la setmana que ve","-1":"la setmana passada","future":{"one":"d’aquí a {0} setmana","other":"d’aquí a {0} setmanes"},"past":{"one":"fa {0} setmana","other":"fa {0} setmanes"}},"week-narrow":{"0":"aquesta setm.","1":"la setm. que ve","-1":"la setm. passada","future":{"one":"d’aquí a {0} setm.","other":"d’aquí a {0} setm."},"past":{"one":"fa {0} setm.","other":"fa {0} setm."}},"week-short":{"0":"aquesta setm.","1":"la setm. que ve","-1":"la setm. passada","future":{"one":"d’aquí a {0} setm.","other":"d’aquí a {0} setm."},"past":{"one":"fa {0} setm.","other":"fa {0} setm."}},"year":{"0":"enguany","1":"l’any que ve","-1":"l’any passat","future":{"one":"d’aquí a {0} any","other":"d’aquí a {0} anys"},"past":{"one":"fa {0} any","other":"fa {0} anys"}},"year-narrow":{"0":"enguany","1":"l’any que ve","-1":"l’any passat","future":{"one":"d’aquí a {0} any","other":"d’aquí a {0} anys"},"past":{"one":"fa {0} any","other":"fa {0} anys"}},"year-short":{"0":"enguany","1":"l’any que ve","-1":"l’any passat","future":{"one":"d’aquí a {0} any","other":"d’aquí a {0} anys"},"past":{"one":"fa {0} any","other":"fa {0} anys"}}},"locale":"ca"}