{"data":{"day":{"0":"gaur","1":"bihar","2":"etzi","-1":"atzo","-2":"herenegun","future":{"one":"{0} egun barru","other":"{0} egun barru"},"past":{"one":"Duela {0} egun","other":"Duela {0} egun"}},"day-narrow":{"0":"gaur","1":"bihar","2":"etzi","-1":"atzo","-2":"herenegun","future":{"one":"{0} egun barru","other":"{0} egun barru"},"past":{"one":"Duela {0} egun","other":"Duela {0} egun"}},"day-short":{"0":"gaur","1":"bihar","2":"etzi","-1":"atzo","-2":"herenegun","future":{"one":"{0} egun barru","other":"{0} egun barru"},"past":{"one":"Duela {0} egun","other":"Duela {0} egun"}},"hour":{"0":"ordu honetan","future":{"one":"{0} ordu barru","other":"{0} ordu barru"},"past":{"one":"Duela {0} ordu","other":"Duela {0} ordu"}},"hour-narrow":{"0":"ordu honetan","future":{"one":"{0} ordu barru","other":"{0} ordu barru"},"past":{"one":"Duela {0} ordu","other":"Duela {0} ordu"}},"hour-short":{"0":"ordu honetan","future":{"one":"{0} ordu barru","other":"{0} ordu barru"},"past":{"one":"Duela {0} ordu","other":"Duela {0} ordu"}},"minute":{"0":"minutu honetan","future":{"one":"{0} minutu barru","other":"{0} minutu barru"},"past":{"one":"Duela {0} minutu","other":"Duela {0} minutu"}},"minute-narrow":{"0":"minutu honetan","future":{"one":"{0} minutu barru","other":"{0} minutu barru"},"past":{"one":"Duela {0} minutu","other":"Duela {0} minutu"}},"minute-short":{"0":"minutu honetan","future":{"one":"{0} minutu barru","other":"{0} minutu barru"},"past":{"one":"Duela {0} minutu","other":"Duela {0} minutu"}},"month":{"0":"hilabete honetan","1":"hurrengo hilabetean","-1":"aurreko hilabetean","future":{"one":"{0} hilabete barru","other":"{0} hilabete barru"},"past":{"one":"Duela {0} hilabete","other":"Duela {0} hilabete"}},"month-narrow":{"0":"hilabete honetan","1":"hurrengo hilabetean","-1":"aurreko hilabetean","future":{"one":"{0} hilabete barru","other":"{0} hilabete barru"},"past":{"one":"Duela {0} hilabete","other":"Duela {0} hilabete"}},"month-short":{"0":"hilabete honetan","1":"hurrengo hilabetean","-1":"aurreko hilabetean","future":{"one":"{0} hilabete barru","other":"{0} hilabete barru"},"past":{"one":"Duela {0} hilabete","other":"Duela {0} hilabete"}},"nu":["latn"],"quarter":{"0":"hiruhileko hau","1":"hurrengo hiruhilekoa","-1":"aurreko hiruhilekoa","future":{"one":"{0} hiruhileko barru","other":"{0} hiruhileko barru"},"past":{"one":"Duela {0} hiruhileko","other":"Duela {0} hiruhileko"}},"quarter-narrow":{"0":"hiruhil. hau","1":"hurrengo hiruhil.","-1":"aurreko hiruhil.","future":{"one":"{0} hiruhileko barru","other":"{0} hiruhileko barru"},"past":{"one":"Duela {0} hiruhileko","other":"Duela {0} hiruhileko"}},"quarter-short":{"0":"hiruhil. hau","1":"hurrengo hiruhil.","-1":"aurreko hiruhil.","future":{"one":"{0} hiruhileko barru","other":"{0} hiruhileko barru"},"past":{"one":"Duela {0} hiruhileko","other":"Duela {0} hiruhileko"}},"second":{"0":"orain","future":{"one":"{0} segundo barru","other":"{0} segundo barru"},"past":{"one":"Duela {0} segundo","other":"Duela {0} segundo"}},"second-narrow":{"0":"orain","future":{"one":"{0} segundo barru","other":"{0} segundo barru"},"past":{"one":"Duela {0} segundo","other":"Duela {0} segundo"}},"second-short":{"0":"orain","future":{"one":"{0} segundo barru","other":"{0} segundo barru"},"past":{"one":"Duela {0} segundo","other":"Duela {0} segundo"}},"week":{"0":"aste honetan","1":"hurrengo astean","-1":"aurreko astean","future":{"one":"{0} aste barru","other":"{0} aste barru"},"past":{"one":"Duela {0} aste","other":"Duela {0} aste"}},"week-narrow":{"0":"aste honetan","1":"hurrengo astean","-1":"aurreko astean","future":{"one":"{0} aste barru","other":"{0} aste barru"},"past":{"one":"Duela {0} aste","other":"Duela {0} aste"}},"week-short":{"0":"aste honetan","1":"hurrengo astean","-1":"aurreko astean","future":{"one":"{0} aste barru","other":"{0} aste barru"},"past":{"one":"Duela {0} aste","other":"Duela {0} aste"}},"year":{"0":"aurten","1":"hurrengo urtean","-1":"iaz","future":{"one":"{0} urte barru","other":"{0} urte barru"},"past":{"one":"Duela {0} urte","other":"Duela {0} urte"}},"year-narrow":{"0":"aurten","1":"hurrengo urtea","-1":"aurreko urtea","future":{"one":"{0} urte barru","other":"{0} urte barru"},"past":{"one":"Duela {0} urte","other":"Duela {0} urte"}},"year-short":{"0":"aurten","1":"hurrengo urtea","-1":"aurreko urtea","future":{"one":"{0} urte barru","other":"{0} urte barru"},"past":{"one":"Duela {0} urte","other":"Duela {0} urte"}}},"locale":"eu"}