{"data":{"day":{"0":"امروز","1":"فردا","2":"پس‌فردا","-1":"دیروز","-2":"پریروز","future":{"one":"{0} روز دیگر","other":"{0} روز دیگر"},"past":{"one":"{0} روز پیش","other":"{0} روز پیش"}},"day-narrow":{"0":"امروز","1":"فردا","2":"پس‌فردا","-1":"دیروز","-2":"پریروز","future":{"one":"{0} روز بعد","other":"{0} روز بعد"},"past":{"one":"{0} روز پیش","other":"{0} روز پیش"}},"day-short":{"0":"امروز","1":"فردا","2":"پس‌فردا","-1":"دیروز","-2":"پریروز","future":{"one":"{0} روز دیگر","other":"{0} روز دیگر"},"past":{"one":"{0} روز پیش","other":"{0} روز پیش"}},"hour":{"0":"همین ساعت","future":{"one":"{0} ساعت بعد","other":"{0} ساعت بعد"},"past":{"one":"{0} ساعت پیش","other":"{0} ساعت پیش"}},"hour-narrow":{"0":"همین ساعت","future":{"one":"{0} ساعت بعد","other":"{0} ساعت بعد"},"past":{"one":"{0} ساعت پیش","other":"{0} ساعت پیش"}},"hour-short":{"0":"همین ساعت","future":{"one":"{0} ساعت بعد","other":"{0} ساعت بعد"},"past":{"one":"{0} ساعت پیش","other":"{0} ساعت پیش"}},"minute":{"0":"همین دقیقه","future":{"one":"{0} دقیقه بعد","other":"{0} دقیقه بعد"},"past":{"one":"{0} دقیقه پیش","other":"{0} دقیقه پیش"}},"minute-narrow":{"0":"همین دقیقه","future":{"one":"{0} دقیقه بعد","other":"{0} دقیقه بعد"},"past":{"one":"{0} دقیقه پیش","other":"{0} دقیقه پیش"}},"minute-short":{"0":"همین دقیقه","future":{"one":"{0} دقیقه بعد","other":"{0} دقیقه بعد"},"past":{"one":"{0} دقیقه پیش","other":"{0} دقیقه پیش"}},"month":{"0":"این ماه","1":"ماه آینده","-1":"ماه گذشته","future":{"one":"{0} ماه بعد","other":"{0} ماه بعد"},"past":{"one":"{0} ماه پیش","other":"{0} ماه پیش"}},"month-narrow":{"0":"این ماه","1":"ماه آینده","-1":"ماه گذشته","future":{"one":"{0} ماه بعد","other":"{0} ماه بعد"},"past":{"one":"{0} ماه پیش","other":"{0} ماه پیش"}},"month-short":{"0":"این ماه","1":"ماه آینده","-1":"ماه گذشته","future":{"one":"{0} ماه بعد","other":"{0} ماه بعد"},"past":{"one":"{0} ماه پیش","other":"{0} ماه پیش"}},"nu":["arabext"],"quarter":{"0":"سه‌ماههٔ کنونی","1":"سه‌ماههٔ آینده","-1":"سه‌ماههٔ گذشته","future":{"one":"{0} سه‌ماههٔ بعد","other":"{0} سه‌ماههٔ بعد"},"past":{"one":"{0} سه‌ماههٔ پیش","other":"{0} سه‌ماههٔ پیش"}},"quarter-narrow":{"0":"سه‌ماههٔ کنونی","1":"سه‌ماههٔ آینده","-1":"سه‌ماههٔ گذشته","future":{"one":"{0} سه‌ماههٔ بعد","other":"{0} سه‌ماههٔ بعد"},"past":{"one":"{0} سه‌ماههٔ پیش","other":"{0} سه‌ماههٔ پیش"}},"quarter-short":{"0":"سه‌ماههٔ کنونی","1":"سه‌ماههٔ آینده","-1":"سه‌ماههٔ گذشته","future":{"one":"{0} سه‌ماههٔ بعد","other":"{0} سه‌ماههٔ بعد"},"past":{"one":"{0} سه‌ماههٔ پیش","other":"{0} سه‌ماههٔ پیش"}},"second":{"0":"اکنون","future":{"one":"{0} ثانیه بعد","other":"{0} ثانیه بعد"},"past":{"one":"{0} ثانیه پیش","other":"{0} ثانیه پیش"}},"second-narrow":{"0":"اکنون","future":{"one":"{0} ثانیه بعد","other":"{0} ثانیه بعد"},"past":{"one":"{0} ثانیه پیش","other":"{0} ثانیه پیش"}},"second-short":{"0":"اکنون","future":{"one":"{0} ثانیه بعد","other":"{0} ثانیه بعد"},"past":{"one":"{0} ثانیه پیش","other":"{0} ثانیه پیش"}},"week":{"0":"این هفته","1":"هفتهٔ آینده","-1":"هفتهٔ گذشته","future":{"one":"{0} هفته بعد","other":"{0} هفته بعد"},"past":{"one":"{0} هفته پیش","other":"{0} هفته پیش"}},"week-narrow":{"0":"این هفته","1":"هفتهٔ آینده","-1":"هفتهٔ گذشته","future":{"one":"{0} هفته بعد","other":"{0} هفته بعد"},"past":{"one":"{0} هفته پیش","other":"{0} هفته پیش"}},"week-short":{"0":"این هفته","1":"هفتهٔ آینده","-1":"هفتهٔ گذشته","future":{"one":"{0} هفته بعد","other":"{0} هفته بعد"},"past":{"one":"{0} هفته پیش","other":"{0} هفته پیش"}},"year":{"0":"امسال","1":"سال آینده","-1":"سال گذشته","future":{"one":"{0} سال بعد","other":"{0} سال بعد"},"past":{"one":"{0} سال پیش","other":"{0} سال پیش"}},"year-narrow":{"0":"امسال","1":"سال آینده","-1":"سال گذشته","future":{"one":"{0} سال بعد","other":"{0} سال بعد"},"past":{"one":"{0} سال پیش","other":"{0} سال پیش"}},"year-short":{"0":"امسال","1":"سال آینده","-1":"سال گذشته","future":{"one":"{0} سال بعد","other":"{0} سال بعد"},"past":{"one":"{0} سال پیش","other":"{0} سال پیش"}}},"locale":"fa"}