{"data":{"day":{"0":"hoxe","1":"mañá","2":"pasadomañá","-1":"onte","-2":"antonte","future":{"one":"en {0} día","other":"en {0} días"},"past":{"one":"hai {0} día","other":"hai {0} días"}},"day-narrow":{"0":"hoxe","1":"mañá","2":"pasadomañá","-1":"onte","-2":"antonte","future":{"one":"en {0} día","other":"en {0} días"},"past":{"one":"hai {0} día","other":"hai {0} días"}},"day-short":{"0":"hoxe","1":"mañá","2":"pasadomañá","-1":"onte","-2":"antonte","future":{"one":"en {0} día","other":"en {0} días"},"past":{"one":"hai {0} día","other":"hai {0} días"}},"hour":{"0":"esta hora","future":{"one":"en {0} hora","other":"en {0} horas"},"past":{"one":"hai {0} hora","other":"hai {0} horas"}},"hour-narrow":{"0":"esta hora","future":{"one":"en {0} h","other":"en {0} h"},"past":{"one":"hai {0} h","other":"hai {0} h"}},"hour-short":{"0":"esta hora","future":{"one":"en {0} h","other":"en {0} h"},"past":{"one":"hai {0} h","other":"hai {0} h"}},"minute":{"0":"este minuto","future":{"one":"en {0} minuto","other":"en {0} minutos"},"past":{"one":"hai {0} minuto","other":"hai {0} minutos"}},"minute-narrow":{"0":"este minuto","future":{"one":"en {0} min","other":"en {0} min"},"past":{"one":"hai {0} min","other":"hai {0} min"}},"minute-short":{"0":"este minuto","future":{"one":"en {0} min","other":"en {0} min"},"past":{"one":"hai {0} min","other":"hai {0} min"}},"month":{"0":"este mes","1":"o próximo mes","-1":"o mes pasado","future":{"one":"en {0} mes","other":"en {0} meses"},"past":{"one":"hai {0} mes","other":"hai {0} meses"}},"month-narrow":{"0":"este mes","1":"o próx. mes","-1":"o mes pas.","future":{"one":"en {0} mes","other":"en {0} meses"},"past":{"one":"hai {0} mes","other":"hai {0} meses"}},"month-short":{"0":"este mes","1":"o próximo mes","-1":"o mes pasado","future":{"one":"en {0} mes","other":"en {0} meses"},"past":{"one":"hai {0} mes","other":"hai {0} meses"}},"nu":["latn"],"quarter":{"0":"este trimestre","1":"o próximo trimestre","-1":"o trimestre pasado","future":{"one":"en {0} trimestre","other":"en {0} trimestres"},"past":{"one":"hai {0} trimestre","other":"hai {0} trimestres"}},"quarter-narrow":{"0":"este trim.","1":"trim. seguinte","-1":"trim. pasado","future":{"one":"en {0} trim.","other":"en {0} trim."},"past":{"one":"hai {0} trim.","other":"hai {0} trim."}},"quarter-short":{"0":"este trim.","1":"trim. seguinte","-1":"trim. pasado","future":{"one":"en {0} trim.","other":"en {0} trim."},"past":{"one":"hai {0} trim.","other":"hai {0} trim."}},"second":{"0":"agora","future":{"one":"en {0} segundo","other":"en {0} segundos"},"past":{"one":"hai {0} segundo","other":"hai {0} segundos"}},"second-narrow":{"0":"agora","future":{"one":"en {0} s","other":"en {0} s"},"past":{"one":"hai {0} s","other":"hai {0} s"}},"second-short":{"0":"agora","future":{"one":"en {0} s","other":"en {0} s"},"past":{"one":"hai {0} s","other":"hai {0} s"}},"week":{"0":"esta semana","1":"a próxima semana","-1":"a semana pasada","future":{"one":"en {0} semana","other":"en {0} semanas"},"past":{"one":"hai {0} semana","other":"hai {0} semanas"}},"week-narrow":{"0":"esta sem.","1":"a próx. sem.","-1":"a sem. pas.","future":{"one":"en {0} sem.","other":"en {0} sem."},"past":{"one":"hai {0} sem.","other":"hai {0} sem."}},"week-short":{"0":"esta sem.","1":"a próxima sem.","-1":"a sem. pasada","future":{"one":"en {0} sem.","other":"en {0} sem."},"past":{"one":"hai {0} sem.","other":"hai {0} sem."}},"year":{"0":"este ano","1":"o próximo ano","-1":"o ano pasado","future":{"one":"en {0} ano","other":"en {0} anos"},"past":{"one":"hai {0} ano","other":"hai {0} anos"}},"year-narrow":{"0":"este ano","1":"o próx. ano","-1":"o ano pas.","future":{"one":"en {0} ano","other":"en {0} anos"},"past":{"one":"hai {0} ano","other":"hai {0} anos"}},"year-short":{"0":"este ano","1":"o próximo ano","-1":"o ano pasado","future":{"one":"en {0} ano","other":"en {0} anos"},"past":{"one":"hai {0} ano","other":"hai {0} anos"}}},"locale":"gl"}