{"data":{"day":{"0":"ma","1":"holnap","2":"holnapután","-1":"tegnap","-2":"tegnapelőtt","future":{"one":"{0} nap múlva","other":"{0} nap múlva"},"past":{"one":"{0} nappal ezelőtt","other":"{0} nappal ezelőtt"}},"day-narrow":{"0":"ma","1":"holnap","2":"holnapután","-1":"tegnap","-2":"tegnapelőtt","future":{"one":"{0} nap múlva","other":"{0} nap múlva"},"past":{"one":"{0} napja","other":"{0} napja"}},"day-short":{"0":"ma","1":"holnap","2":"holnapután","-1":"tegnap","-2":"tegnapelőtt","future":{"one":"{0} nap múlva","other":"{0} nap múlva"},"past":{"one":"{0} napja","other":"{0} napja"}},"hour":{"0":"ebben az órában","future":{"one":"{0} óra múlva","other":"{0} óra múlva"},"past":{"one":"{0} órával ezelőtt","other":"{0} órával ezelőtt"}},"hour-narrow":{"0":"ebben az órában","future":{"one":"{0} óra múlva","other":"{0} óra múlva"},"past":{"one":"{0} órája","other":"{0} órája"}},"hour-short":{"0":"ebben az órában","future":{"one":"{0} óra múlva","other":"{0} óra múlva"},"past":{"one":"{0} órával ezelőtt","other":"{0} órával ezelőtt"}},"minute":{"0":"ebben a percben","future":{"one":"{0} perc múlva","other":"{0} perc múlva"},"past":{"one":"{0} perccel ezelőtt","other":"{0} perccel ezelőtt"}},"minute-narrow":{"0":"ebben a percben","future":{"one":"{0} perc múlva","other":"{0} perc múlva"},"past":{"one":"{0} perce","other":"{0} perce"}},"minute-short":{"0":"ebben a percben","future":{"one":"{0} perc múlva","other":"{0} perc múlva"},"past":{"one":"{0} perccel ezelőtt","other":"{0} perccel ezelőtt"}},"month":{"0":"ez a hónap","1":"következő hónap","-1":"előző hónap","future":{"one":"{0} hónap múlva","other":"{0} hónap múlva"},"past":{"one":"{0} hónappal ezelőtt","other":"{0} hónappal ezelőtt"}},"month-narrow":{"0":"ez a hónap","1":"következő hónap","-1":"előző hónap","future":{"one":"{0} hónap múlva","other":"{0} hónap múlva"},"past":{"one":"{0} hónapja","other":"{0} hónapja"}},"month-short":{"0":"ez a hónap","1":"következő hónap","-1":"előző hónap","future":{"one":"{0} hónap múlva","other":"{0} hónap múlva"},"past":{"one":"{0} hónappal ezelőtt","other":"{0} hónappal ezelőtt"}},"nu":["latn"],"quarter":{"0":"ez a negyedév","1":"következő negyedév","-1":"előző negyedév","future":{"one":"{0} negyedév múlva","other":"{0} negyedév múlva"},"past":{"one":"{0} negyedévvel ezelőtt","other":"{0} negyedévvel ezelőtt"}},"quarter-narrow":{"0":"ez a negyedév","1":"következő negyedév","-1":"előző negyedév","future":{"one":"{0} n.év múlva","other":"{0} n.év múlva"},"past":{"one":"{0} negyedévvel ezelőtt","other":"{0} negyedévvel ezelőtt"}},"quarter-short":{"0":"ez a negyedév","1":"következő negyedév","-1":"előző negyedév","future":{"one":"{0} negyedév múlva","other":"{0} negyedév múlva"},"past":{"one":"{0} negyedévvel ezelőtt","other":"{0} negyedévvel ezelőtt"}},"second":{"0":"most","future":{"one":"{0} másodperc múlva","other":"{0} másodperc múlva"},"past":{"one":"{0} másodperccel ezelőtt","other":"{0} másodperccel ezelőtt"}},"second-narrow":{"0":"most","future":{"one":"{0} másodperc múlva","other":"{0} másodperc múlva"},"past":{"one":"{0} m.perce","other":"{0} m.perce"}},"second-short":{"0":"most","future":{"one":"{0} másodperc múlva","other":"{0} másodperc múlva"},"past":{"one":"{0} másodperccel ezelőtt","other":"{0} másodperccel ezelőtt"}},"week":{"0":"ez a hét","1":"következő hét","-1":"előző hét","future":{"one":"{0} hét múlva","other":"{0} hét múlva"},"past":{"one":"{0} héttel ezelőtt","other":"{0} héttel ezelőtt"}},"week-narrow":{"0":"ez a hét","1":"következő hét","-1":"előző hét","future":{"one":"{0} hét múlva","other":"{0} hét múlva"},"past":{"one":"{0} hete","other":"{0} hete"}},"week-short":{"0":"ez a hét","1":"következő hét","-1":"előző hét","future":{"one":"{0} hét múlva","other":"{0} hét múlva"},"past":{"one":"{0} héttel ezelőtt","other":"{0} héttel ezelőtt"}},"year":{"0":"ez az év","1":"következő év","-1":"előző év","future":{"one":"{0} év múlva","other":"{0} év múlva"},"past":{"one":"{0} évvel ezelőtt","other":"{0} évvel ezelőtt"}},"year-narrow":{"0":"ez az év","1":"következő év","-1":"előző év","future":{"one":"{0} év múlva","other":"{0} év múlva"},"past":{"one":"{0} éve","other":"{0} éve"}},"year-short":{"0":"ez az év","1":"következő év","-1":"előző év","future":{"one":"{0} év múlva","other":"{0} év múlva"},"past":{"one":"{0} évvel ezelőtt","other":"{0} évvel ezelőtt"}}},"locale":"hu"}