{"data":{"day":{"0":"hari ini","1":"besok","2":"lusa","-1":"kemarin","-2":"kemarin dulu","future":{"other":"dalam {0} hari"},"past":{"other":"{0} hari yang lalu"}},"day-narrow":{"0":"hari ini","1":"besok","2":"lusa","-1":"kemarin","-2":"selumbari","future":{"other":"dalam {0} h"},"past":{"other":"{0} h lalu"}},"day-short":{"0":"hari ini","1":"besok","2":"lusa","-1":"kemarin","-2":"selumbari","future":{"other":"dalam {0} h"},"past":{"other":"{0} h lalu"}},"hour":{"0":"jam ini","future":{"other":"dalam {0} jam"},"past":{"other":"{0} jam yang lalu"}},"hour-narrow":{"0":"jam ini","future":{"other":"dalam {0} jam"},"past":{"other":"{0} jam lalu"}},"hour-short":{"0":"jam ini","future":{"other":"dalam {0} jam"},"past":{"other":"{0} jam lalu"}},"minute":{"0":"menit ini","future":{"other":"dalam {0} menit"},"past":{"other":"{0} menit yang lalu"}},"minute-narrow":{"0":"mnt ini","future":{"other":"dlm {0} mnt"},"past":{"other":"{0} mnt lalu"}},"minute-short":{"0":"mnt ini","future":{"other":"dlm {0} mnt"},"past":{"other":"{0} mnt lalu"}},"month":{"0":"bulan ini","1":"bulan depan","-1":"bulan lalu","future":{"other":"dalam {0} bulan"},"past":{"other":"{0} bulan yang lalu"}},"month-narrow":{"0":"bln ini","1":"bln berikutnya","-1":"bln lalu","future":{"other":"dlm {0} bln"},"past":{"other":"{0} bln lalu"}},"month-short":{"0":"bln ini","1":"bln berikutnya","-1":"bln lalu","future":{"other":"dlm {0} bln"},"past":{"other":"{0} bln lalu"}},"nu":["latn"],"quarter":{"0":"kuartal ini","1":"kuartal berikutnya","-1":"Kuartal lalu","future":{"other":"dalam {0} kuartal"},"past":{"other":"{0} kuartal yang lalu"}},"quarter-narrow":{"0":"krtl ini","1":"krtl berikutnya","-1":"krtl lalu","future":{"other":"dlm {0} krtl."},"past":{"other":"{0} krtl. lalu"}},"quarter-short":{"0":"krtl ini","1":"krtl berikutnya","-1":"krtl lalu","future":{"other":"dlm {0} krtl."},"past":{"other":"{0} krtl. lalu"}},"second":{"0":"sekarang","future":{"other":"dalam {0} detik"},"past":{"other":"{0} detik yang lalu"}},"second-narrow":{"0":"sekarang","future":{"other":"dlm {0} dtk"},"past":{"other":"{0} dtk lalu"}},"second-short":{"0":"sekarang","future":{"other":"dlm {0} dtk"},"past":{"other":"{0} dtk lalu"}},"week":{"0":"minggu ini","1":"minggu depan","-1":"minggu lalu","future":{"other":"dalam {0} minggu"},"past":{"other":"{0} minggu yang lalu"}},"week-narrow":{"0":"mgg ini","1":"mgg depan","-1":"mgg lalu","future":{"other":"dlm {0} mgg"},"past":{"other":"{0} mgg lalu"}},"week-short":{"0":"mgg ini","1":"mgg depan","-1":"mgg lalu","future":{"other":"dlm {0} mgg"},"past":{"other":"{0} mgg lalu"}},"year":{"0":"tahun ini","1":"tahun depan","-1":"tahun lalu","future":{"other":"dalam {0} tahun"},"past":{"other":"{0} tahun yang lalu"}},"year-narrow":{"0":"thn ini","1":"thn depan","-1":"thn lalu","future":{"other":"dlm {0} thn"},"past":{"other":"{0} thn lalu"}},"year-short":{"0":"thn ini","1":"thn depan","-1":"thn lalu","future":{"other":"dlm {0} thn"},"past":{"other":"{0} thn lalu"}}},"locale":"id"}