{"data":{"day":{"0":"dzisiaj","1":"jutro","2":"pojutrze","-1":"wczoraj","-2":"przedwczoraj","future":{"few":"za {0} dni","many":"za {0} dni","one":"za {0} dzień","other":"za {0} dnia"},"past":{"few":"{0} dni temu","many":"{0} dni temu","one":"{0} dzień temu","other":"{0} dnia temu"}},"day-narrow":{"0":"dziś","1":"jutro","2":"pojutrze","-1":"wcz.","-2":"przedwczoraj","future":{"few":"za {0} dni","many":"za {0} dni","one":"za {0} dzień","other":"za {0} dnia"},"past":{"few":"{0} dni temu","many":"{0} dni temu","one":"{0} dzień temu","other":"{0} dnia temu"}},"day-short":{"0":"dzisiaj","1":"jutro","2":"pojutrze","-1":"wczoraj","-2":"przedwczoraj","future":{"few":"za {0} dni","many":"za {0} dni","one":"za {0} dzień","other":"za {0} dnia"},"past":{"few":"{0} dni temu","many":"{0} dni temu","one":"{0} dzień temu","other":"{0} dnia temu"}},"hour":{"0":"ta godzina","future":{"few":"za {0} godziny","many":"za {0} godzin","one":"za {0} godzinę","other":"za {0} godziny"},"past":{"few":"{0} godziny temu","many":"{0} godzin temu","one":"{0} godzinę temu","other":"{0} godziny temu"}},"hour-narrow":{"0":"ta godzina","future":{"few":"za {0} g.","many":"za {0} g.","one":"za {0} g.","other":"za {0} g."},"past":{"few":"{0} g. temu","many":"{0} g. temu","one":"{0} g. temu","other":"{0} g. temu"}},"hour-short":{"0":"ta godzina","future":{"few":"za {0} godz.","many":"za {0} godz.","one":"za {0} godz.","other":"za {0} godz."},"past":{"few":"{0} godz. temu","many":"{0} godz. temu","one":"{0} godz. temu","other":"{0} godz. temu"}},"minute":{"0":"ta minuta","future":{"few":"za {0} minuty","many":"za {0} minut","one":"za {0} minutę","other":"za {0} minuty"},"past":{"few":"{0} minuty temu","many":"{0} minut temu","one":"{0} minutę temu","other":"{0} minuty temu"}},"minute-narrow":{"0":"ta minuta","future":{"few":"za {0} min","many":"za {0} min","one":"za {0} min","other":"za {0} min"},"past":{"few":"{0} min temu","many":"{0} min temu","one":"{0} min temu","other":"{0} min temu"}},"minute-short":{"0":"ta minuta","future":{"few":"za {0} min","many":"za {0} min","one":"za {0} min","other":"za {0} min"},"past":{"few":"{0} min temu","many":"{0} min temu","one":"{0} min temu","other":"{0} min temu"}},"month":{"0":"w tym miesiącu","1":"w przyszłym miesiącu","-1":"w zeszłym miesiącu","future":{"few":"za {0} miesiące","many":"za {0} miesięcy","one":"za {0} miesiąc","other":"za {0} miesiąca"},"past":{"few":"{0} miesiące temu","many":"{0} miesięcy temu","one":"{0} miesiąc temu","other":"{0} miesiąca temu"}},"month-narrow":{"0":"w tym mies.","1":"w przyszłym mies.","-1":"w zeszłym mies.","future":{"few":"za {0} mies.","many":"za {0} mies.","one":"za {0} mies.","other":"za {0} mies."},"past":{"few":"{0} mies. temu","many":"{0} mies. temu","one":"{0} mies. temu","other":"{0} mies. temu"}},"month-short":{"0":"w tym mies.","1":"w przyszłym mies.","-1":"w zeszłym mies.","future":{"few":"za {0} mies.","many":"za {0} mies.","one":"za {0} mies.","other":"za {0} mies."},"past":{"few":"{0} mies. temu","many":"{0} mies. temu","one":"{0} mies. temu","other":"{0} mies. temu"}},"nu":["latn"],"quarter":{"0":"w tym kwartale","1":"w przyszłym kwartale","-1":"w zeszłym kwartale","future":{"few":"za {0} kwartały","many":"za {0} kwartałów","one":"za {0} kwartał","other":"za {0} kwartału"},"past":{"few":"{0} kwartały temu","many":"{0} kwartałów temu","one":"{0} kwartał temu","other":"{0} kwartału temu"}},"quarter-narrow":{"0":"w tym kwartale","1":"w przyszłym kwartale","-1":"w zeszłym kwartale","future":{"few":"za {0} kw.","many":"za {0} kw.","one":"za {0} kw.","other":"za {0} kw."},"past":{"few":"{0} kw. temu","many":"{0} kw. temu","one":"{0} kw. temu","other":"{0} kw. temu"}},"quarter-short":{"0":"w tym kwartale","1":"w przyszłym kwartale","-1":"w zeszłym kwartale","future":{"few":"za {0} kw.","many":"za {0} kw.","one":"za {0} kw.","other":"za {0} kw."},"past":{"few":"{0} kw. temu","many":"{0} kw. temu","one":"{0} kw. temu","other":"{0} kw. temu"}},"second":{"0":"teraz","future":{"few":"za {0} sekundy","many":"za {0} sekund","one":"za {0} sekundę","other":"za {0} sekundy"},"past":{"few":"{0} sekundy temu","many":"{0} sekund temu","one":"{0} sekundę temu","other":"{0} sekundy temu"}},"second-narrow":{"0":"teraz","future":{"few":"za {0} s","many":"za {0} s","one":"za {0} s","other":"za {0} s"},"past":{"few":"{0} s temu","many":"{0} s temu","one":"{0} s temu","other":"{0} s temu"}},"second-short":{"0":"teraz","future":{"few":"za {0} sek.","many":"za {0} sek.","one":"za {0} sek.","other":"za {0} sek."},"past":{"few":"{0} sek. temu","many":"{0} sek. temu","one":"{0} sek. temu","other":"{0} sek. temu"}},"week":{"0":"w tym tygodniu","1":"w przyszłym tygodniu","-1":"w zeszłym tygodniu","future":{"few":"za {0} tygodnie","many":"za {0} tygodni","one":"za {0} tydzień","other":"za {0} tygodnia"},"past":{"few":"{0} tygodnie temu","many":"{0} tygodni temu","one":"{0} tydzień temu","other":"{0} tygodnia temu"}},"week-narrow":{"0":"w tym tyg.","1":"w przyszłym tyg.","-1":"w zeszłym tyg.","future":{"few":"za {0} tyg.","many":"za {0} tyg.","one":"za {0} tydz.","other":"za {0} tyg."},"past":{"few":"{0} tyg. temu","many":"{0} tyg. temu","one":"{0} tydz. temu","other":"{0} tyg. temu"}},"week-short":{"0":"w tym tyg.","1":"w przyszłym tyg.","-1":"w zeszłym tyg.","future":{"few":"za {0} tyg.","many":"za {0} tyg.","one":"za {0} tydz.","other":"za {0} tyg."},"past":{"few":"{0} tyg. temu","many":"{0} tyg. temu","one":"{0} tydz. temu","other":"{0} tyg. temu"}},"year":{"0":"w tym roku","1":"w przyszłym roku","-1":"w zeszłym roku","future":{"few":"za {0} lata","many":"za {0} lat","one":"za {0} rok","other":"za {0} roku"},"past":{"few":"{0} lata temu","many":"{0} lat temu","one":"{0} rok temu","other":"{0} roku temu"}},"year-narrow":{"0":"w tym roku","1":"w przyszłym roku","-1":"w zeszłym roku","future":{"few":"za {0} lata","many":"za {0} lat","one":"za {0} rok","other":"za {0} roku"},"past":{"few":"{0} lata temu","many":"{0} lat temu","one":"{0} rok temu","other":"{0} roku temu"}},"year-short":{"0":"w tym roku","1":"w przyszłym roku","-1":"w zeszłym roku","future":{"few":"za {0} lata","many":"za {0} lat","one":"za {0} rok","other":"za {0} roku"},"past":{"few":"{0} lata temu","many":"{0} lat temu","one":"{0} rok temu","other":"{0} roku temu"}}},"locale":"pl"}