{"data":{"day":{"0":"Hôm nay","1":"Ngày mai","2":"Ngày kia","-1":"Hôm qua","-2":"Hôm kia","future":{"other":"sau {0} ngày nữa"},"past":{"other":"{0} ngày trước"}},"day-narrow":{"0":"hôm nay","1":"ngày mai","2":"Ngày kia","-1":"hôm qua","-2":"Hôm kia","future":{"other":"sau {0} ngày nữa"},"past":{"other":"{0} ngày trước"}},"day-short":{"0":"hôm nay","1":"ngày mai","2":"Ngày kia","-1":"hôm qua","-2":"Hôm kia","future":{"other":"sau {0} ngày nữa"},"past":{"other":"{0} ngày trước"}},"hour":{"0":"giờ này","future":{"other":"sau {0} giờ nữa"},"past":{"other":"{0} giờ trước"}},"hour-narrow":{"0":"giờ này","future":{"other":"sau {0} giờ nữa"},"past":{"other":"{0} giờ trước"}},"hour-short":{"0":"giờ này","future":{"other":"sau {0} giờ nữa"},"past":{"other":"{0} giờ trước"}},"minute":{"0":"phút này","future":{"other":"sau {0} phút nữa"},"past":{"other":"{0} phút trước"}},"minute-narrow":{"0":"phút này","future":{"other":"sau {0} phút nữa"},"past":{"other":"{0} phút trước"}},"minute-short":{"0":"phút này","future":{"other":"sau {0} phút nữa"},"past":{"other":"{0} phút trước"}},"month":{"0":"tháng này","1":"tháng sau","-1":"tháng trước","future":{"other":"sau {0} tháng nữa"},"past":{"other":"{0} tháng trước"}},"month-narrow":{"0":"tháng này","1":"tháng sau","-1":"tháng trước","future":{"other":"sau {0} tháng nữa"},"past":{"other":"{0} tháng trước"}},"month-short":{"0":"tháng này","1":"tháng sau","-1":"tháng trước","future":{"other":"sau {0} tháng nữa"},"past":{"other":"{0} tháng trước"}},"nu":["latn"],"quarter":{"0":"quý này","1":"quý sau","-1":"quý trước","future":{"other":"sau {0} quý nữa"},"past":{"other":"{0} quý trước"}},"quarter-narrow":{"0":"quý này","1":"quý sau","-1":"quý trước","future":{"other":"sau {0} quý nữa"},"past":{"other":"{0} quý trước"}},"quarter-short":{"0":"quý này","1":"quý sau","-1":"quý trước","future":{"other":"sau {0} quý nữa"},"past":{"other":"{0} quý trước"}},"second":{"0":"bây giờ","future":{"other":"sau {0} giây nữa"},"past":{"other":"{0} giây trước"}},"second-narrow":{"0":"bây giờ","future":{"other":"sau {0} giây nữa"},"past":{"other":"{0} giây trước"}},"second-short":{"0":"bây giờ","future":{"other":"sau {0} giây nữa"},"past":{"other":"{0} giây trước"}},"week":{"0":"tuần này","1":"tuần sau","-1":"tuần trước","future":{"other":"sau {0} tuần nữa"},"past":{"other":"{0} tuần trước"}},"week-narrow":{"0":"tuần này","1":"tuần sau","-1":"tuần trước","future":{"other":"sau {0} tuần nữa"},"past":{"other":"{0} tuần trước"}},"week-short":{"0":"tuần này","1":"tuần sau","-1":"tuần trước","future":{"other":"sau {0} tuần nữa"},"past":{"other":"{0} tuần trước"}},"year":{"0":"năm nay","1":"năm sau","-1":"năm ngoái","future":{"other":"sau {0} năm nữa"},"past":{"other":"{0} năm trước"}},"year-narrow":{"0":"năm nay","1":"năm sau","-1":"năm ngoái","future":{"other":"sau {0} năm nữa"},"past":{"other":"{0} năm trước"}},"year-short":{"0":"năm nay","1":"năm sau","-1":"năm ngoái","future":{"other":"sau {0} năm nữa"},"past":{"other":"{0} năm trước"}}},"locale":"vi"}