{"data":{"conjunction":{"long":{"end":"{0} и {1}","middle":"{0}, {1}","pair":"{0} и {1}","start":"{0}, {1}"},"narrow":{"end":"{0}, {1}","middle":"{0}, {1}","pair":"{0}, {1}","start":"{0}, {1}"},"short":{"end":"{0} и {1}","middle":"{0}, {1}","pair":"{0} и {1}","start":"{0}, {1}"}},"disjunction":{"long":{"end":"{0} или {1}","middle":"{0}, {1}","pair":"{0} или {1}","start":"{0}, {1}"},"narrow":{"end":"{0} или {1}","middle":"{0}, {1}","pair":"{0} или {1}","start":"{0}, {1}"},"short":{"end":"{0} или {1}","middle":"{0}, {1}","pair":"{0} или {1}","start":"{0}, {1}"}},"unit":{"long":{"end":"{0} {1}","middle":"{0} {1}","pair":"{0} {1}","start":"{0} {1}"},"narrow":{"end":"{0} {1}","middle":"{0} {1}","pair":"{0} {1}","start":"{0} {1}"},"short":{"end":"{0} {1}","middle":"{0} {1}","pair":"{0} {1}","start":"{0} {1}"}}},"locale":"ru"}