{"data":{"am":"vm.","pm":"nm.","weekday":{"narrow":["S","M","D","W","D","V","S"],"short":["So.","Ma.","Di.","Wo.","Do.","Vr.","Sa."],"long":["Sondag","Maandag","Dinsdag","Woensdag","Donderdag","Vrydag","Saterdag"]},"era":{"narrow":{"BC":"v.C.","AD":"n.C."},"short":{"BC":"v.C.","AD":"n.C."},"long":{"BC":"voor Christus","AD":"na Christus"}},"month":{"narrow":["J","F","M","A","M","J","J","A","S","O","N","D"],"short":["Jan.","Feb.","Mrt.","Apr.","Mei","Jun.","Jul.","Aug.","Sep.","Okt.","Nov.","Des."],"long":["Januarie","Februarie","Maart","April","Mei","Junie","Julie","Augustus","September","Oktober","November","Desember"]},"timeZoneName":{"Asia/Kabul":{"long":["Afganistan-tyd","Afganistan-tyd"]},"Africa/Maputo":{"long":["Sentraal-Afrika-tyd","Sentraal-Afrika-tyd"],"short":["CAT","CAT"]},"Africa/Bujumbura":{"long":["Sentraal-Afrika-tyd","Sentraal-Afrika-tyd"],"short":["CAT","CAT"]},"Africa/Gaborone":{"long":["Sentraal-Afrika-tyd","Sentraal-Afrika-tyd"],"short":["CAT","CAT"]},"Africa/Lubumbashi":{"long":["Sentraal-Afrika-tyd","Sentraal-Afrika-tyd"],"short":["CAT","CAT"]},"Africa/Blantyre":{"long":["Sentraal-Afrika-tyd","Sentraal-Afrika-tyd"],"short":["CAT","CAT"]},"Africa/Kigali":{"long":["Sentraal-Afrika-tyd","Sentraal-Afrika-tyd"],"short":["CAT","CAT"]},"Africa/Lusaka":{"long":["Sentraal-Afrika-tyd","Sentraal-Afrika-tyd"],"short":["CAT","CAT"]},"Africa/Harare":{"long":["Sentraal-Afrika-tyd","Sentraal-Afrika-tyd"],"short":["CAT","CAT"]},"Africa/Nairobi":{"long":["Oos-Afrika-tyd","Oos-Afrika-tyd"],"short":["EAT","EAT"]},"Africa/Djibouti":{"long":["Oos-Afrika-tyd","Oos-Afrika-tyd"],"short":["EAT","EAT"]},"Africa/Asmera":{"long":["Oos-Afrika-tyd","Oos-Afrika-tyd"],"short":["EAT","EAT"]},"Africa/Addis_Ababa":{"long":["Oos-Afrika-tyd","Oos-Afrika-tyd"],"short":["EAT","EAT"]},"Indian/Comoro":{"long":["Oos-Afrika-tyd","Oos-Afrika-tyd"],"short":["EAT","EAT"]},"Indian/Antananarivo":{"long":["Oos-Afrika-tyd","Oos-Afrika-tyd"],"short":["EAT","EAT"]},"Africa/Mogadishu":{"long":["Oos-Afrika-tyd","Oos-Afrika-tyd"],"short":["EAT","EAT"]},"Africa/Dar_es_Salaam":{"long":["Oos-Afrika-tyd","Oos-Afrika-tyd"],"short":["EAT","EAT"]},"Africa/Kampala":{"long":["Oos-Afrika-tyd","Oos-Afrika-tyd"],"short":["EAT","EAT"]},"Indian/Mayotte":{"long":["Oos-Afrika-tyd","Oos-Afrika-tyd"],"short":["EAT","EAT"]},"Africa/Johannesburg":{"long":["Suid-Afrika-standaardtyd","Suid-Afrika-standaardtyd"],"short":["SAST","SAST"]},"Africa/Maseru":{"long":["Suid-Afrika-standaardtyd","Suid-Afrika-standaardtyd"],"short":["SAST","SAST"]},"Africa/Mbabane":{"long":["Suid-Afrika-standaardtyd","Suid-Afrika-standaardtyd"],"short":["SAST","SAST"]},"Africa/Lagos":{"long":["Wes-Afrika-standaardtyd","Wes-Afrika-somertyd"],"short":["WAT","WAST"]},"Africa/Luanda":{"long":["Wes-Afrika-standaardtyd","Wes-Afrika-somertyd"],"short":["WAT","WAST"]},"Africa/Porto-Novo":{"long":["Wes-Afrika-standaardtyd","Wes-Afrika-somertyd"],"short":["WAT","WAST"]},"Africa/Kinshasa":{"long":["Wes-Afrika-standaardtyd","Wes-Afrika-somertyd"],"short":["WAT","WAST"]},"Africa/Bangui":{"long":["Wes-Afrika-standaardtyd","Wes-Afrika-somertyd"],"short":["WAT","WAST"]},"Africa/Brazzaville":{"long":["Wes-Afrika-standaardtyd","Wes-Afrika-somertyd"],"short":["WAT","WAST"]},"Africa/Douala":{"long":["Wes-Afrika-standaardtyd","Wes-Afrika-somertyd"],"short":["WAT","WAST"]},"Africa/Libreville":{"long":["Wes-Afrika-standaardtyd","Wes-Afrika-somertyd"],"short":["WAT","WAST"]},"Africa/Malabo":{"long":["Wes-Afrika-standaardtyd","Wes-Afrika-somertyd"],"short":["WAT","WAST"]},"Africa/Niamey":{"long":["Wes-Afrika-standaardtyd","Wes-Afrika-somertyd"],"short":["WAT","WAST"]},"Africa/Ndjamena":{"long":["Wes-Afrika-standaardtyd","Wes-Afrika-somertyd"],"short":["WAT","WAST"]},"Asia/Aqtobe":{"long":["Wes-Kazakstan-tyd","Wes-Kazakstan-tyd"]},"America/Juneau":{"long":["Alaska-standaardtyd","Alaska-dagligtyd"]},"Asia/Almaty":{"long":["Oos-Kazakstan-tyd","Oos-Kazakstan-tyd"]},"America/Manaus":{"long":["Amasone-standaardtyd","Amasone-somertyd"]},"America/Chicago":{"long":["Noord-Amerikaanse sentrale standaardtyd","Noord-Amerikaanse sentrale dagligtyd"]},"America/Belize":{"long":["Noord-Amerikaanse sentrale standaardtyd","Noord-Amerikaanse sentrale dagligtyd"]},"America/Winnipeg":{"long":["Noord-Amerikaanse sentrale standaardtyd","Noord-Amerikaanse sentrale dagligtyd"]},"America/Costa_Rica":{"long":["Noord-Amerikaanse sentrale standaardtyd","Noord-Amerikaanse sentrale dagligtyd"]},"America/Guatemala":{"long":["Noord-Amerikaanse sentrale standaardtyd","Noord-Amerikaanse sentrale dagligtyd"]},"America/Tegucigalpa":{"long":["Noord-Amerikaanse sentrale standaardtyd","Noord-Amerikaanse sentrale dagligtyd"]},"America/Mexico_City":{"long":["Noord-Amerikaanse sentrale standaardtyd","Noord-Amerikaanse sentrale dagligtyd"]},"America/El_Salvador":{"long":["Noord-Amerikaanse sentrale standaardtyd","Noord-Amerikaanse sentrale dagligtyd"]},"America/New_York":{"long":["Noord-Amerikaanse oostelike standaardtyd","Noord-Amerikaanse oostelike dagligtyd"]},"America/Nassau":{"long":["Noord-Amerikaanse oostelike standaardtyd","Noord-Amerikaanse oostelike dagligtyd"]},"America/Toronto":{"long":["Noord-Amerikaanse oostelike standaardtyd","Noord-Amerikaanse oostelike dagligtyd"]},"America/Port-au-Prince":{"long":["Noord-Amerikaanse oostelike standaardtyd","Noord-Amerikaanse oostelike dagligtyd"]},"America/Jamaica":{"long":["Noord-Amerikaanse oostelike standaardtyd","Noord-Amerikaanse oostelike dagligtyd"]},"America/Cayman":{"long":["Noord-Amerikaanse oostelike standaardtyd","Noord-Amerikaanse oostelike dagligtyd"]},"America/Panama":{"long":["Noord-Amerikaanse oostelike standaardtyd","Noord-Amerikaanse oostelike dagligtyd"]},"America/Denver":{"long":["Noord-Amerikaanse berg-standaardtyd","Noord-Amerikaanse berg-dagligtyd"]},"America/Edmonton":{"long":["Noord-Amerikaanse berg-standaardtyd","Noord-Amerikaanse berg-dagligtyd"]},"America/Hermosillo":{"long":["Noord-Amerikaanse berg-standaardtyd","Noord-Amerikaanse berg-dagligtyd"]},"America/Los_Angeles":{"long":["Pasifiese standaardtyd","Pasifiese dagligtyd"]},"America/Vancouver":{"long":["Pasifiese standaardtyd","Pasifiese dagligtyd"]},"America/Tijuana":{"long":["Pasifiese standaardtyd","Pasifiese dagligtyd"]},"Asia/Anadyr":{"long":["Anadyr-standaardtyd","Anadyr-somertyd"]},"Pacific/Apia":{"long":["Apia-standaardtyd","Apia-dagligtyd"]},"Asia/Riyadh":{"long":["Arabiese standaardtyd","Arabiese dagligtyd"]},"Asia/Bahrain":{"long":["Arabiese standaardtyd","Arabiese dagligtyd"]},"Asia/Baghdad":{"long":["Arabiese standaardtyd","Arabiese dagligtyd"]},"Asia/Kuwait":{"long":["Arabiese standaardtyd","Arabiese dagligtyd"]},"Asia/Qatar":{"long":["Arabiese standaardtyd","Arabiese dagligtyd"]},"Asia/Aden":{"long":["Arabiese standaardtyd","Arabiese dagligtyd"]},"America/Buenos_Aires":{"long":["Argentinië-standaardtyd","Argentinië-somertyd"]},"America/Argentina/San_Luis":{"long":["Wes-Argentinië-standaardtyd","Wes-Argentinië-somertyd"]},"Asia/Ashgabat":{"long":["Turkmenistan-standaardtyd","Turkmenistan-somertyd"]},"America/Halifax":{"long":["Atlantiese standaardtyd","Atlantiese dagligtyd"]},"America/Antigua":{"long":["Atlantiese standaardtyd","Atlantiese dagligtyd"]},"America/Anguilla":{"long":["Atlantiese standaardtyd","Atlantiese dagligtyd"]},"America/Aruba":{"long":["Atlantiese standaardtyd","Atlantiese dagligtyd"]},"America/Barbados":{"long":["Atlantiese standaardtyd","Atlantiese dagligtyd"]},"Atlantic/Bermuda":{"long":["Atlantiese standaardtyd","Atlantiese dagligtyd"]},"America/Kralendijk":{"long":["Atlantiese standaardtyd","Atlantiese dagligtyd"]},"America/Curacao":{"long":["Atlantiese standaardtyd","Atlantiese dagligtyd"]},"America/Dominica":{"long":["Atlantiese standaardtyd","Atlantiese dagligtyd"]},"America/Grenada":{"long":["Atlantiese standaardtyd","Atlantiese dagligtyd"]},"America/Thule":{"long":["Atlantiese standaardtyd","Atlantiese dagligtyd"]},"America/Guadeloupe":{"long":["Atlantiese standaardtyd","Atlantiese dagligtyd"]},"America/St_Kitts":{"long":["Atlantiese standaardtyd","Atlantiese dagligtyd"]},"America/St_Lucia":{"long":["Atlantiese standaardtyd","Atlantiese dagligtyd"]},"America/Marigot":{"long":["Atlantiese standaardtyd","Atlantiese dagligtyd"]},"America/Martinique":{"long":["Atlantiese standaardtyd","Atlantiese dagligtyd"]},"America/Montserrat":{"long":["Atlantiese standaardtyd","Atlantiese dagligtyd"]},"America/Puerto_Rico":{"long":["Atlantiese standaardtyd","Atlantiese dagligtyd"]},"America/Lower_Princes":{"long":["Atlantiese standaardtyd","Atlantiese dagligtyd"]},"America/Port_of_Spain":{"long":["Atlantiese standaardtyd","Atlantiese dagligtyd"]},"America/St_Vincent":{"long":["Atlantiese standaardtyd","Atlantiese dagligtyd"]},"America/Tortola":{"long":["Atlantiese standaardtyd","Atlantiese dagligtyd"]},"America/St_Thomas":{"long":["Atlantiese standaardtyd","Atlantiese dagligtyd"]},"Australia/Adelaide":{"long":["Sentraal-Australiese standaardtyd","Sentraal-Australiese dagligtyd"]},"Australia/Eucla":{"long":["Sentraal-westelike Australiese standaard-tyd","Sentraal-westelike Australiese dagligtyd"]},"Australia/Sydney":{"long":["Oostelike Australiese standaardtyd","Oostelike Australiese dagligtyd"]},"Australia/Perth":{"long":["Westelike Australiese standaardtyd","Westelike Australiese dagligtyd"]},"Atlantic/Azores":{"long":["Asore-standaardtyd","Asore-somertyd"]},"Asia/Thimphu":{"long":["Bhoetan-tyd","Bhoetan-tyd"]},"America/La_Paz":{"long":["Bolivië-tyd","Bolivië-tyd"]},"Asia/Kuching":{"long":["Maleisië-tyd","Maleisië-tyd"]},"America/Sao_Paulo":{"long":["Brasilia-standaardtyd","Brasilia-somertyd"]},"Europe/London":{"long":["Greenwich-tyd","Greenwich-tyd"]},"Asia/Brunei":{"long":["Broenei Darussalam-tyd","Broenei Darussalam-tyd"]},"Atlantic/Cape_Verde":{"long":["Kaap Verde-standaardtyd","Kaap Verde-somertyd"]},"Pacific/Chatham":{"long":["Chatham-standaardtyd","Chatham-dagligtyd"]},"America/Santiago":{"long":["Chili-standaardtyd","Chili-somertyd"]},"Asia/Shanghai":{"long":["China-standaardtyd","China-dagligtyd"]},"Asia/Choibalsan":{"long":["Choibalsan-standaardtyd","Choibalsan-somertyd"]},"Indian/Christmas":{"long":["Christmaseiland-tyd","Christmaseiland-tyd"]},"Indian/Cocos":{"long":["Kokoseilande-tyd","Kokoseilande-tyd"]},"America/Bogota":{"long":["Colombië-standaardtyd","Colombia-somertyd"]},"Pacific/Rarotonga":{"long":["Cookeilande-standaardtyd","Cookeilande-halfsomertyd"]},"America/Havana":{"long":["Kuba-standaardtyd","Kuba-dagligtyd"]},"Antarctica/Davis":{"long":["Davis-tyd","Davis-tyd"]},"Antarctica/DumontDUrville":{"long":["Dumont-d’Urville-tyd","Dumont-d’Urville-tyd"]},"Asia/Dushanbe":{"long":["Tadjikistan-tyd","Tadjikistan-tyd"]},"America/Paramaribo":{"long":["Suriname-tyd","Suriname-tyd"]},"Asia/Dili":{"long":["Oos-Timor-tyd","Oos-Timor-tyd"]},"Pacific/Easter":{"long":["Paaseiland-standaardtyd","Paaseiland-somertyd"]},"America/Guayaquil":{"long":["Ecuador-tyd","Ecuador-tyd"]},"Europe/Paris":{"long":["Sentraal-Europese standaardtyd","Sentraal-Europese somertyd"]},"Europe/Andorra":{"long":["Sentraal-Europese standaardtyd","Sentraal-Europese somertyd"]},"Europe/Tirane":{"long":["Sentraal-Europese standaardtyd","Sentraal-Europese somertyd"]},"Europe/Vienna":{"long":["Sentraal-Europese standaardtyd","Sentraal-Europese somertyd"]},"Europe/Sarajevo":{"long":["Sentraal-Europese standaardtyd","Sentraal-Europese somertyd"]},"Europe/Brussels":{"long":["Sentraal-Europese standaardtyd","Sentraal-Europese somertyd"]},"Europe/Zurich":{"long":["Sentraal-Europese standaardtyd","Sentraal-Europese somertyd"]},"Europe/Prague":{"long":["Sentraal-Europese standaardtyd","Sentraal-Europese somertyd"]},"Europe/Berlin":{"long":["Sentraal-Europese standaardtyd","Sentraal-Europese somertyd"]},"Europe/Copenhagen":{"long":["Sentraal-Europese standaardtyd","Sentraal-Europese somertyd"]},"Europe/Madrid":{"long":["Sentraal-Europese standaardtyd","Sentraal-Europese somertyd"]},"Europe/Gibraltar":{"long":["Sentraal-Europese standaardtyd","Sentraal-Europese somertyd"]},"Europe/Zagreb":{"long":["Sentraal-Europese standaardtyd","Sentraal-Europese somertyd"]},"Europe/Budapest":{"long":["Sentraal-Europese standaardtyd","Sentraal-Europese somertyd"]},"Europe/Rome":{"long":["Sentraal-Europese standaardtyd","Sentraal-Europese somertyd"]},"Europe/Vaduz":{"long":["Sentraal-Europese standaardtyd","Sentraal-Europese somertyd"]},"Europe/Luxembourg":{"long":["Sentraal-Europese standaardtyd","Sentraal-Europese somertyd"]},"Europe/Monaco":{"long":["Sentraal-Europese standaardtyd","Sentraal-Europese somertyd"]},"Europe/Podgorica":{"long":["Sentraal-Europese standaardtyd","Sentraal-Europese somertyd"]},"Europe/Skopje":{"long":["Sentraal-Europese standaardtyd","Sentraal-Europese somertyd"]},"Europe/Malta":{"long":["Sentraal-Europese standaardtyd","Sentraal-Europese somertyd"]},"Europe/Amsterdam":{"long":["Sentraal-Europese standaardtyd","Sentraal-Europese somertyd"]},"Europe/Oslo":{"long":["Sentraal-Europese standaardtyd","Sentraal-Europese somertyd"]},"Europe/Warsaw":{"long":["Sentraal-Europese standaardtyd","Sentraal-Europese somertyd"]},"Europe/Belgrade":{"long":["Sentraal-Europese standaardtyd","Sentraal-Europese somertyd"]},"Europe/Stockholm":{"long":["Sentraal-Europese standaardtyd","Sentraal-Europese somertyd"]},"Europe/Ljubljana":{"long":["Sentraal-Europese standaardtyd","Sentraal-Europese somertyd"]},"Arctic/Longyearbyen":{"long":["Sentraal-Europese standaardtyd","Sentraal-Europese somertyd"]},"Europe/Bratislava":{"long":["Sentraal-Europese standaardtyd","Sentraal-Europese somertyd"]},"Europe/San_Marino":{"long":["Sentraal-Europese standaardtyd","Sentraal-Europese somertyd"]},"Africa/Tunis":{"long":["Sentraal-Europese standaardtyd","Sentraal-Europese somertyd"]},"Europe/Vatican":{"long":["Sentraal-Europese standaardtyd","Sentraal-Europese somertyd"]},"Europe/Bucharest":{"long":["Oos-Europese standaardtyd","Oos-Europese somertyd"]},"Europe/Mariehamn":{"long":["Oos-Europese standaardtyd","Oos-Europese somertyd"]},"Europe/Sofia":{"long":["Oos-Europese standaardtyd","Oos-Europese somertyd"]},"Asia/Nicosia":{"long":["Oos-Europese standaardtyd","Oos-Europese somertyd"]},"Africa/Cairo":{"long":["Oos-Europese standaardtyd","Oos-Europese somertyd"]},"Europe/Helsinki":{"long":["Oos-Europese standaardtyd","Oos-Europese somertyd"]},"Europe/Athens":{"long":["Oos-Europese standaardtyd","Oos-Europese somertyd"]},"Asia/Beirut":{"long":["Oos-Europese standaardtyd","Oos-Europese somertyd"]},"Europe/Minsk":{"long":["Verder-oos-Europese tyd","Verder-oos-Europese tyd"]},"Europe/Kaliningrad":{"long":["Verder-oos-Europese tyd","Verder-oos-Europese tyd"]},"Atlantic/Canary":{"long":["Wes-Europese standaardtyd","Wes-Europese somertyd"]},"Atlantic/Faeroe":{"long":["Wes-Europese standaardtyd","Wes-Europese somertyd"]},"Atlantic/Stanley":{"long":["Falklandeilande-standaardtyd","Falklandeilande-somertyd"]},"Pacific/Fiji":{"long":["Fidji-standaardtyd","Fidji-somertyd"]},"America/Cayenne":{"long":["Frans-Guiana-tyd","Frans-Guiana-tyd"]},"Indian/Kerguelen":{"long":["Franse Suider- en Antarktiese tyd","Franse Suider- en Antarktiese tyd"]},"Asia/Bishkek":{"long":["Kirgistan-tyd","Kirgistan-tyd"]},"Pacific/Galapagos":{"long":["Galapagos-tyd","Galapagos-tyd"]},"Pacific/Gambier":{"long":["Gambier-tyd","Gambier-tyd"]},"Pacific/Tarawa":{"long":["Gilberteilande-tyd","Gilberteilande-tyd"]},"Atlantic/Reykjavik":{"long":["Greenwich-tyd","Greenwich-tyd"]},"Africa/Ouagadougou":{"long":["Greenwich-tyd","Greenwich-tyd"]},"Africa/Abidjan":{"long":["Greenwich-tyd","Greenwich-tyd"]},"Africa/Accra":{"long":["Greenwich-tyd","Greenwich-tyd"]},"Africa/Banjul":{"long":["Greenwich-tyd","Greenwich-tyd"]},"Africa/Conakry":{"long":["Greenwich-tyd","Greenwich-tyd"]},"Africa/Bamako":{"long":["Greenwich-tyd","Greenwich-tyd"]},"Africa/Nouakchott":{"long":["Greenwich-tyd","Greenwich-tyd"]},"Atlantic/St_Helena":{"long":["Greenwich-tyd","Greenwich-tyd"]},"Africa/Freetown":{"long":["Greenwich-tyd","Greenwich-tyd"]},"Africa/Dakar":{"long":["Greenwich-tyd","Greenwich-tyd"]},"Africa/Lome":{"long":["Greenwich-tyd","Greenwich-tyd"]},"America/Scoresbysund":{"long":["Oos-Groenland-standaardtyd","Oos-Groenland-somertyd"]},"America/Godthab":{"long":["Wes-Groenland-standaardtyd","Wes-Groenland-somertyd"]},"Asia/Dubai":{"long":["Persiese Golf-standaardtyd","Persiese Golf-standaardtyd"]},"Asia/Muscat":{"long":["Persiese Golf-standaardtyd","Persiese Golf-standaardtyd"]},"America/Guyana":{"long":["Guiana-tyd","Guiana-tyd"]},"Pacific/Honolulu":{"long":["Hawaii-Aleoete-standaardtyd","Hawaii-Aleoete-dagligtyd"]},"Asia/Hong_Kong":{"long":["Hongkong-standaardtyd","Hongkong-somertyd"]},"Asia/Hovd":{"long":["Hovd-standaardtyd","Hovd-somertyd"]},"Asia/Calcutta":{"long":["Indië-standaardtyd","Indië-standaardtyd"]},"Indian/Chagos":{"long":["Indiese Oseaan-tyd","Indiese Oseaan-tyd"]},"Asia/Bangkok":{"long":["Indosjina-tyd","Indosjina-tyd"]},"Asia/Phnom_Penh":{"long":["Indosjina-tyd","Indosjina-tyd"]},"Asia/Vientiane":{"long":["Indosjina-tyd","Indosjina-tyd"]},"Asia/Makassar":{"long":["Sentraal-Indonesiese tyd","Sentraal-Indonesiese tyd"]},"Asia/Jayapura":{"long":["Oos-Indonesië-tyd","Oos-Indonesië-tyd"]},"Asia/Jakarta":{"long":["Wes-Indonesië-tyd","Wes-Indonesië-tyd"]},"Asia/Tehran":{"long":["Iran-standaardtyd","Iran-dagligtyd"]},"Asia/Irkutsk":{"long":["Irkoetsk-standaardtyd","Irkoetsk-somertyd"]},"Asia/Jerusalem":{"long":["Israel-standaardtyd","Israel-dagligtyd"]},"Asia/Tokyo":{"long":["Japan-standaardtyd","Japan-dagligtyd"]},"Asia/Kamchatka":{"long":["Petropavlovsk-Kamchatski-standaardtyd","Petropavlovsk-Kamchatski-somertyd"]},"Asia/Karachi":{"long":["Pakistan-standaardtyd","Pakistan-somertyd"]},"Asia/Seoul":{"long":["Koreaanse standaardtyd","Koreaanse dagligtyd"]},"Pacific/Kosrae":{"long":["Kosrae-tyd","Kosrae-tyd"]},"Asia/Krasnoyarsk":{"long":["Krasnojarsk-standaardtyd","Krasnojarsk-somertyd"]},"Europe/Samara":{"long":["Samara-standaardtyd","Samara-dagligtyd"]},"Pacific/Kiritimati":{"long":["Line-eilande-tyd","Line-eilande-tyd"]},"Australia/Lord_Howe":{"long":["Lord Howe-standaardtyd","Lord Howe-dagligtyd"]},"Antarctica/Macquarie":{"long":["Macquarie-eiland-tyd","Macquarie-eiland-tyd"]},"Asia/Magadan":{"long":["Magadan-standaardtyd","Magadan-somertyd"]},"Indian/Maldives":{"long":["Maledive-tyd","Maledive-tyd"]},"Pacific/Marquesas":{"long":["Marquesas-tyd","Marquesas-tyd"]},"Pacific/Majuro":{"long":["Marshalleilande-tyd","Marshalleilande-tyd"]},"Indian/Mauritius":{"long":["Mauritius-standaardtyd","Mauritius-somertyd"]},"Antarctica/Mawson":{"long":["Mawson-tyd","Mawson-tyd"]},"America/Santa_Isabel":{"long":["Noordwes-Meksiko-standaardtyd","Noordwes-Meksiko-dagligtyd"]},"America/Mazatlan":{"long":["Meksikaanse Pasifiese standaardtyd","Meksikaanse Pasifiese dagligtyd"]},"Asia/Ulaanbaatar":{"long":["Ulaanbaatar-standaardtyd","Ulaanbaatar-somertyd"]},"Europe/Moscow":{"long":["Moskou-standaardtyd","Moskou-somertyd"]},"Asia/Rangoon":{"long":["Mianmar-tyd","Mianmar-tyd"]},"Pacific/Nauru":{"long":["Nauru-tyd","Nauru-tyd"]},"Asia/Katmandu":{"long":["Nepal-tyd","Nepal-tyd"]},"Pacific/Noumea":{"long":["Nieu-Kaledonië-standaardtyd","Nieu-Kaledonië-somertyd"]},"Pacific/Auckland":{"long":["Nieu-Seeland-standaardtyd","Nieu-Seeland-dagligtyd"]},"Antarctica/McMurdo":{"long":["Nieu-Seeland-standaardtyd","Nieu-Seeland-dagligtyd"]},"America/St_Johns":{"long":["Newfoundland-standaardtyd","Newfoundland-dagligtyd"]},"Pacific/Niue":{"long":["Niue-tyd","Niue-tyd"]},"Pacific/Norfolk":{"long":["Norfolkeiland-standaardtyd","Norfolkeiland-dagligtyd"]},"America/Noronha":{"long":["Fernando de Noronha-standaardtyd","Fernando de Noronha-somertyd"]},"Asia/Novosibirsk":{"long":["Novosibirsk-standaardtyd","Novosibirsk-somertyd"]},"Asia/Omsk":{"long":["Omsk-standaardtyd","Omsk-somertyd"]},"Pacific/Palau":{"long":["Palau-tyd","Palau-tyd"]},"Pacific/Port_Moresby":{"long":["Papoea-Nieu-Guinee-tyd","Papoea-Nieu-Guinee-tyd"]},"America/Asuncion":{"long":["Paraguay-standaardtyd","Paraguay-somertyd"]},"America/Lima":{"long":["Peru-standaardtyd","Peru-somertyd"]},"Asia/Manila":{"long":["Filippynse standaardtyd","Filippynse somertyd"]},"Pacific/Enderbury":{"long":["Fenikseilande-tyd","Fenikseilande-tyd"]},"America/Miquelon":{"long":["Sint-Pierre en Miquelon-standaardtyd","Sint-Pierre en Miquelon-dagligtyd"]},"Pacific/Pitcairn":{"long":["Pitcairn-tyd","Pitcairn-tyd"]},"Pacific/Ponape":{"long":["Ponape-tyd","Ponape-tyd"]},"Asia/Pyongyang":{"long":["Pyongyang-tyd","Pyongyang-tyd"]},"Indian/Reunion":{"long":["Réunion-tyd","Réunion-tyd"]},"Antarctica/Rothera":{"long":["Rothera-tyd","Rothera-tyd"]},"Asia/Sakhalin":{"long":["Sakhalin-standaardtyd","Sakhalin-somertyd"]},"Pacific/Pago_Pago":{"long":["Samoa-standaardtyd","Samoa-dagligtyd"]},"Indian/Mahe":{"long":["Seychelle-tyd","Seychelle-tyd"]},"Asia/Singapore":{"long":["Singapoer-standaardtyd","Singapoer-standaardtyd"]},"Pacific/Guadalcanal":{"long":["Salomonseilande-tyd","Salomonseilande-tyd"]},"Atlantic/South_Georgia":{"long":["Suid-Georgië-tyd","Suid-Georgië-tyd"]},"Asia/Yekaterinburg":{"long":["Jekaterinburg-standaardtyd","Jekaterinburg-somertyd"]},"Antarctica/Syowa":{"long":["Syowa-tyd","Syowa-tyd"]},"Pacific/Tahiti":{"long":["Tahiti-tyd","Tahiti-tyd"]},"Asia/Taipei":{"long":["Taipei-standaardtyd","Taipei-dagligtyd"]},"Asia/Tashkent":{"long":["Oesbekistan-standaardtyd","Oesbekistan-somertyd"]},"Pacific/Fakaofo":{"long":["Tokelau-tyd","Tokelau-tyd"]},"Pacific/Tongatapu":{"long":["Tonga-standaardtyd","Tonga-somertyd"]},"Pacific/Truk":{"long":["Chuuk-tyd","Chuuk-tyd"]},"Pacific/Funafuti":{"long":["Tuvalu-tyd","Tuvalu-tyd"]},"America/Montevideo":{"long":["Uruguay-standaardtyd","Uruguay-somertyd"]},"Pacific/Efate":{"long":["Vanuatu-standaardtyd","Vanuatu-somertyd"]},"America/Caracas":{"long":["Venezuela-tyd","Venezuela-tyd"]},"Asia/Vladivostok":{"long":["Wladiwostok-standaardtyd","Wladiwostok-somertyd"]},"Europe/Volgograd":{"long":["Wolgograd-standaardtyd","Wolgograd-somertyd"]},"Antarctica/Vostok":{"long":["Wostok-tyd","Wostok-tyd"]},"Pacific/Wake":{"long":["Wake-eiland-tyd","Wake-eiland-tyd"]},"Pacific/Wallis":{"long":["Wallis en Futuna-tyd","Wallis en Futuna-tyd"]},"Asia/Yakutsk":{"long":["Jakoetsk-standaardtyd","Jakoetsk-somertyd"]},"America/Whitehorse":{"long":["Yukontyd","Yukontyd"]},"UTC":{"long":["Gekoördineerde universele tyd","Gekoördineerde universele tyd"],"short":["UTC","UTC"]}},"gmtFormat":"GMT{0}","hourFormat":"+HH:mm;-HH:mm","dateFormat":{"full":"EEEE dd MMMM y","long":"dd MMMM y","medium":"dd MMM y","short":"y-MM-dd"},"timeFormat":{"full":"HH:mm:ss zzzz","long":"HH:mm:ss z","medium":"HH:mm:ss","short":"HH:mm"},"dateTimeFormat":{"full":"{1} {0}","long":"{1} {0}","medium":"{1} {0}","short":"{1} {0}"},"formats":{"gregory":{"Bh":"h B","Bhm":"hh:mm B","Bhms":"hh:mm:ss B","d":"d","E":"ccc","EBhm":"E hh:mm B","EBhms":"E hh:mm:ss B","Ed":"E d","Ehm":"E hh:mm a","EHm":"E HH:mm","Ehms":"E hh:mm:ss a","EHms":"E HH:mm:ss","Gy":"y G","GyMd":"GGGGG y-MM-dd","GyMMM":"MMM y G","GyMMMd":"dd MMM y G","GyMMMEd":"E dd MMM y G","h":"h a","H":"HH","hm":"h:mm a","Hm":"HH:mm","hms":"h:mm:ss a","Hms":"HH:mm:ss","hmsv":"h:mm:ss a v","Hmsv":"HH:mm:ss v","hmv":"h:mm a v","Hmv":"HH:mm v","M":"L","Md":"dd-MM","MEd":"E d/M","MMM":"LLL","MMMd":"d MMM","MMMEd":"E d MMM","MMMMd":"d MMMM","MMMMEd":"E d MMMM","ms":"mm:ss","y":"y","yM":"MM-y","yMd":"y-MM-dd","yMEd":"E y-MM-dd","yMMM":"MMM y","yMMMd":"d MMM y","yMMMEd":"E d MMM y","yMMMM":"MMMM y","EEEE dd MMMM y":"EEEE dd MMMM y","dd MMMM y":"dd MMMM y","dd MMM y":"dd MMM y","y-MM-dd":"y-MM-dd","HH:mm:ss zzzz":"HH:mm:ss zzzz","HH:mm:ss z":"HH:mm:ss z","HH:mm:ss":"HH:mm:ss","HH:mm":"HH:mm","EEEE dd MMMM y HH:mm:ss zzzz":"EEEE dd MMMM y HH:mm:ss zzzz","dd MMMM y HH:mm:ss zzzz":"dd MMMM y HH:mm:ss zzzz","dd MMM y HH:mm:ss zzzz":"dd MMM y HH:mm:ss zzzz","y-MM-dd HH:mm:ss zzzz":"y-MM-dd HH:mm:ss zzzz","d HH:mm:ss zzzz":"d HH:mm:ss zzzz","E HH:mm:ss zzzz":"ccc HH:mm:ss zzzz","Ed HH:mm:ss zzzz":"E d HH:mm:ss zzzz","Gy HH:mm:ss zzzz":"y G HH:mm:ss zzzz","GyMd HH:mm:ss zzzz":"GGGGG y-MM-dd HH:mm:ss zzzz","GyMMM HH:mm:ss zzzz":"MMM y G HH:mm:ss zzzz","GyMMMd HH:mm:ss zzzz":"dd MMM y G HH:mm:ss zzzz","GyMMMEd HH:mm:ss zzzz":"E dd MMM y G HH:mm:ss zzzz","M HH:mm:ss zzzz":"L HH:mm:ss zzzz","Md HH:mm:ss zzzz":"dd-MM HH:mm:ss zzzz","MEd HH:mm:ss zzzz":"E d/M HH:mm:ss zzzz","MMM HH:mm:ss zzzz":"LLL HH:mm:ss zzzz","MMMd HH:mm:ss zzzz":"d MMM HH:mm:ss zzzz","MMMEd HH:mm:ss zzzz":"E d MMM HH:mm:ss zzzz","MMMMd HH:mm:ss zzzz":"d MMMM HH:mm:ss zzzz","MMMMEd HH:mm:ss zzzz":"E d MMMM HH:mm:ss zzzz","y HH:mm:ss zzzz":"y HH:mm:ss zzzz","yM HH:mm:ss zzzz":"MM-y HH:mm:ss zzzz","yMd HH:mm:ss zzzz":"y-MM-dd HH:mm:ss zzzz","yMEd HH:mm:ss zzzz":"E y-MM-dd HH:mm:ss zzzz","yMMM HH:mm:ss zzzz":"MMM y HH:mm:ss zzzz","yMMMd HH:mm:ss zzzz":"d MMM y HH:mm:ss zzzz","yMMMEd HH:mm:ss zzzz":"E d MMM y HH:mm:ss zzzz","yMMMM HH:mm:ss zzzz":"MMMM y HH:mm:ss zzzz","EEEE dd MMMM y HH:mm:ss z":"EEEE dd MMMM y HH:mm:ss z","dd MMMM y HH:mm:ss z":"dd MMMM y HH:mm:ss z","dd MMM y HH:mm:ss z":"dd MMM y HH:mm:ss z","y-MM-dd HH:mm:ss z":"y-MM-dd HH:mm:ss z","d HH:mm:ss z":"d HH:mm:ss z","E HH:mm:ss z":"ccc HH:mm:ss z","Ed HH:mm:ss z":"E d HH:mm:ss z","Gy HH:mm:ss z":"y G HH:mm:ss z","GyMd HH:mm:ss z":"GGGGG y-MM-dd HH:mm:ss z","GyMMM HH:mm:ss z":"MMM y G HH:mm:ss z","GyMMMd HH:mm:ss z":"dd MMM y G HH:mm:ss z","GyMMMEd HH:mm:ss z":"E dd MMM y G HH:mm:ss z","M HH:mm:ss z":"L HH:mm:ss z","Md HH:mm:ss z":"dd-MM HH:mm:ss z","MEd HH:mm:ss z":"E d/M HH:mm:ss z","MMM HH:mm:ss z":"LLL HH:mm:ss z","MMMd HH:mm:ss z":"d MMM HH:mm:ss z","MMMEd HH:mm:ss z":"E d MMM HH:mm:ss z","MMMMd HH:mm:ss z":"d MMMM HH:mm:ss z","MMMMEd HH:mm:ss z":"E d MMMM HH:mm:ss z","y HH:mm:ss z":"y HH:mm:ss z","yM HH:mm:ss z":"MM-y HH:mm:ss z","yMd HH:mm:ss z":"y-MM-dd HH:mm:ss z","yMEd HH:mm:ss z":"E y-MM-dd HH:mm:ss z","yMMM HH:mm:ss z":"MMM y HH:mm:ss z","yMMMd HH:mm:ss z":"d MMM y HH:mm:ss z","yMMMEd HH:mm:ss z":"E d MMM y HH:mm:ss z","yMMMM HH:mm:ss z":"MMMM y HH:mm:ss z","EEEE dd MMMM y HH:mm:ss":"EEEE dd MMMM y HH:mm:ss","dd MMMM y HH:mm:ss":"dd MMMM y HH:mm:ss","dd MMM y HH:mm:ss":"dd MMM y HH:mm:ss","y-MM-dd HH:mm:ss":"y-MM-dd HH:mm:ss","d HH:mm:ss":"d HH:mm:ss","E HH:mm:ss":"ccc HH:mm:ss","Ed HH:mm:ss":"E d HH:mm:ss","Gy HH:mm:ss":"y G HH:mm:ss","GyMd HH:mm:ss":"GGGGG y-MM-dd HH:mm:ss","GyMMM HH:mm:ss":"MMM y G HH:mm:ss","GyMMMd HH:mm:ss":"dd MMM y G HH:mm:ss","GyMMMEd HH:mm:ss":"E dd MMM y G HH:mm:ss","M HH:mm:ss":"L HH:mm:ss","Md HH:mm:ss":"dd-MM HH:mm:ss","MEd HH:mm:ss":"E d/M HH:mm:ss","MMM HH:mm:ss":"LLL HH:mm:ss","MMMd HH:mm:ss":"d MMM HH:mm:ss","MMMEd HH:mm:ss":"E d MMM HH:mm:ss","MMMMd HH:mm:ss":"d MMMM HH:mm:ss","MMMMEd HH:mm:ss":"E d MMMM HH:mm:ss","y HH:mm:ss":"y HH:mm:ss","yM HH:mm:ss":"MM-y HH:mm:ss","yMd HH:mm:ss":"y-MM-dd HH:mm:ss","yMEd HH:mm:ss":"E y-MM-dd HH:mm:ss","yMMM HH:mm:ss":"MMM y HH:mm:ss","yMMMd HH:mm:ss":"d MMM y HH:mm:ss","yMMMEd HH:mm:ss":"E d MMM y HH:mm:ss","yMMMM HH:mm:ss":"MMMM y HH:mm:ss","EEEE dd MMMM y HH:mm":"EEEE dd MMMM y HH:mm","dd MMMM y HH:mm":"dd MMMM y HH:mm","dd MMM y HH:mm":"dd MMM y HH:mm","y-MM-dd HH:mm":"y-MM-dd HH:mm","d HH:mm":"d HH:mm","E HH:mm":"ccc HH:mm","Ed HH:mm":"E d HH:mm","Gy HH:mm":"y G HH:mm","GyMd HH:mm":"GGGGG y-MM-dd HH:mm","GyMMM HH:mm":"MMM y G HH:mm","GyMMMd HH:mm":"dd MMM y G HH:mm","GyMMMEd HH:mm":"E dd MMM y G HH:mm","M HH:mm":"L HH:mm","Md HH:mm":"dd-MM HH:mm","MEd HH:mm":"E d/M HH:mm","MMM HH:mm":"LLL HH:mm","MMMd HH:mm":"d MMM HH:mm","MMMEd HH:mm":"E d MMM HH:mm","MMMMd HH:mm":"d MMMM HH:mm","MMMMEd HH:mm":"E d MMMM HH:mm","y HH:mm":"y HH:mm","yM HH:mm":"MM-y HH:mm","yMd HH:mm":"y-MM-dd HH:mm","yMEd HH:mm":"E y-MM-dd HH:mm","yMMM HH:mm":"MMM y HH:mm","yMMMd HH:mm":"d MMM y HH:mm","yMMMEd HH:mm":"E d MMM y HH:mm","yMMMM HH:mm":"MMMM y HH:mm","EEEE dd MMMM y Bh":"EEEE dd MMMM y h B","dd MMMM y Bh":"dd MMMM y h B","dd MMM y Bh":"dd MMM y h B","y-MM-dd Bh":"y-MM-dd h B","d Bh":"d h B","E Bh":"ccc h B","Ed Bh":"E d h B","Gy Bh":"y G h B","GyMd Bh":"GGGGG y-MM-dd h B","GyMMM Bh":"MMM y G h B","GyMMMd Bh":"dd MMM y G h B","GyMMMEd Bh":"E dd MMM y G h B","M Bh":"L h B","Md Bh":"dd-MM h B","MEd Bh":"E d/M h B","MMM Bh":"LLL h B","MMMd Bh":"d MMM h B","MMMEd Bh":"E d MMM h B","MMMMd Bh":"d MMMM h B","MMMMEd Bh":"E d MMMM h B","y Bh":"y h B","yM Bh":"MM-y h B","yMd Bh":"y-MM-dd h B","yMEd Bh":"E y-MM-dd h B","yMMM Bh":"MMM y h B","yMMMd Bh":"d MMM y h B","yMMMEd Bh":"E d MMM y h B","yMMMM Bh":"MMMM y h B","EEEE dd MMMM y Bhm":"EEEE dd MMMM y hh:mm B","dd MMMM y Bhm":"dd MMMM y hh:mm B","dd MMM y Bhm":"dd MMM y hh:mm B","y-MM-dd Bhm":"y-MM-dd hh:mm B","d Bhm":"d hh:mm B","E Bhm":"ccc hh:mm B","Ed Bhm":"E d hh:mm B","Gy Bhm":"y G hh:mm B","GyMd Bhm":"GGGGG y-MM-dd hh:mm B","GyMMM Bhm":"MMM y G hh:mm B","GyMMMd Bhm":"dd MMM y G hh:mm B","GyMMMEd Bhm":"E dd MMM y G hh:mm B","M Bhm":"L hh:mm B","Md Bhm":"dd-MM hh:mm B","MEd Bhm":"E d/M hh:mm B","MMM Bhm":"LLL hh:mm B","MMMd Bhm":"d MMM hh:mm B","MMMEd Bhm":"E d MMM hh:mm B","MMMMd Bhm":"d MMMM hh:mm B","MMMMEd Bhm":"E d MMMM hh:mm B","y Bhm":"y hh:mm B","yM Bhm":"MM-y hh:mm B","yMd Bhm":"y-MM-dd hh:mm B","yMEd Bhm":"E y-MM-dd hh:mm B","yMMM Bhm":"MMM y hh:mm B","yMMMd Bhm":"d MMM y hh:mm B","yMMMEd Bhm":"E d MMM y hh:mm B","yMMMM Bhm":"MMMM y hh:mm B","EEEE dd MMMM y Bhms":"EEEE dd MMMM y hh:mm:ss B","dd MMMM y Bhms":"dd MMMM y hh:mm:ss B","dd MMM y Bhms":"dd MMM y hh:mm:ss B","y-MM-dd Bhms":"y-MM-dd hh:mm:ss B","d Bhms":"d hh:mm:ss B","E Bhms":"ccc hh:mm:ss B","Ed Bhms":"E d hh:mm:ss B","Gy Bhms":"y G hh:mm:ss B","GyMd Bhms":"GGGGG y-MM-dd hh:mm:ss B","GyMMM Bhms":"MMM y G hh:mm:ss B","GyMMMd Bhms":"dd MMM y G hh:mm:ss B","GyMMMEd Bhms":"E dd MMM y G hh:mm:ss B","M Bhms":"L hh:mm:ss B","Md Bhms":"dd-MM hh:mm:ss B","MEd Bhms":"E d/M hh:mm:ss B","MMM Bhms":"LLL hh:mm:ss B","MMMd Bhms":"d MMM hh:mm:ss B","MMMEd Bhms":"E d MMM hh:mm:ss B","MMMMd Bhms":"d MMMM hh:mm:ss B","MMMMEd Bhms":"E d MMMM hh:mm:ss B","y Bhms":"y hh:mm:ss B","yM Bhms":"MM-y hh:mm:ss B","yMd Bhms":"y-MM-dd hh:mm:ss B","yMEd Bhms":"E y-MM-dd hh:mm:ss B","yMMM Bhms":"MMM y hh:mm:ss B","yMMMd Bhms":"d MMM y hh:mm:ss B","yMMMEd Bhms":"E d MMM y hh:mm:ss B","yMMMM Bhms":"MMMM y hh:mm:ss B","EEEE dd MMMM y h":"EEEE dd MMMM y h a","dd MMMM y h":"dd MMMM y h a","dd MMM y h":"dd MMM y h a","y-MM-dd h":"y-MM-dd h a","d h":"d h a","E h":"ccc h a","Ed h":"E d h a","Gy h":"y G h a","GyMd h":"GGGGG y-MM-dd h a","GyMMM h":"MMM y G h a","GyMMMd h":"dd MMM y G h a","GyMMMEd h":"E dd MMM y G h a","M h":"L h a","Md h":"dd-MM h a","MEd h":"E d/M h a","MMM h":"LLL h a","MMMd h":"d MMM h a","MMMEd h":"E d MMM h a","MMMMd h":"d MMMM h a","MMMMEd h":"E d MMMM h a","y h":"y h a","yM h":"MM-y h a","yMd h":"y-MM-dd h a","yMEd h":"E y-MM-dd h a","yMMM h":"MMM y h a","yMMMd h":"d MMM y h a","yMMMEd h":"E d MMM y h a","yMMMM h":"MMMM y h a","EEEE dd MMMM y H":"EEEE dd MMMM y HH","dd MMMM y H":"dd MMMM y HH","dd MMM y H":"dd MMM y HH","y-MM-dd H":"y-MM-dd HH","d H":"d HH","E H":"ccc HH","Ed H":"E d HH","Gy H":"y G HH","GyMd H":"GGGGG y-MM-dd HH","GyMMM H":"MMM y G HH","GyMMMd H":"dd MMM y G HH","GyMMMEd H":"E dd MMM y G HH","M H":"L HH","Md H":"dd-MM HH","MEd H":"E d/M HH","MMM H":"LLL HH","MMMd H":"d MMM HH","MMMEd H":"E d MMM HH","MMMMd H":"d MMMM HH","MMMMEd H":"E d MMMM HH","y H":"y HH","yM H":"MM-y HH","yMd H":"y-MM-dd HH","yMEd H":"E y-MM-dd HH","yMMM H":"MMM y HH","yMMMd H":"d MMM y HH","yMMMEd H":"E d MMM y HH","yMMMM H":"MMMM y HH","EEEE dd MMMM y hm":"EEEE dd MMMM y h:mm a","dd MMMM y hm":"dd MMMM y h:mm a","dd MMM y hm":"dd MMM y h:mm a","y-MM-dd hm":"y-MM-dd h:mm a","d hm":"d h:mm a","E hm":"ccc h:mm a","Ed hm":"E d h:mm a","Gy hm":"y G h:mm a","GyMd hm":"GGGGG y-MM-dd h:mm a","GyMMM hm":"MMM y G h:mm a","GyMMMd hm":"dd MMM y G h:mm a","GyMMMEd hm":"E dd MMM y G h:mm a","M hm":"L h:mm a","Md hm":"dd-MM h:mm a","MEd hm":"E d/M h:mm a","MMM hm":"LLL h:mm a","MMMd hm":"d MMM h:mm a","MMMEd hm":"E d MMM h:mm a","MMMMd hm":"d MMMM h:mm a","MMMMEd hm":"E d MMMM h:mm a","y hm":"y h:mm a","yM hm":"MM-y h:mm a","yMd hm":"y-MM-dd h:mm a","yMEd hm":"E y-MM-dd h:mm a","yMMM hm":"MMM y h:mm a","yMMMd hm":"d MMM y h:mm a","yMMMEd hm":"E d MMM y h:mm a","yMMMM hm":"MMMM y h:mm a","EEEE dd MMMM y Hm":"EEEE dd MMMM y HH:mm","dd MMMM y Hm":"dd MMMM y HH:mm","dd MMM y Hm":"dd MMM y HH:mm","y-MM-dd Hm":"y-MM-dd HH:mm","d Hm":"d HH:mm","E Hm":"ccc HH:mm","Ed Hm":"E d HH:mm","Gy Hm":"y G HH:mm","GyMd Hm":"GGGGG y-MM-dd HH:mm","GyMMM Hm":"MMM y G HH:mm","GyMMMd Hm":"dd MMM y G HH:mm","GyMMMEd Hm":"E dd MMM y G HH:mm","M Hm":"L HH:mm","Md Hm":"dd-MM HH:mm","MEd Hm":"E d/M HH:mm","MMM Hm":"LLL HH:mm","MMMd Hm":"d MMM HH:mm","MMMEd Hm":"E d MMM HH:mm","MMMMd Hm":"d MMMM HH:mm","MMMMEd Hm":"E d MMMM HH:mm","y Hm":"y HH:mm","yM Hm":"MM-y HH:mm","yMd Hm":"y-MM-dd HH:mm","yMEd Hm":"E y-MM-dd HH:mm","yMMM Hm":"MMM y HH:mm","yMMMd Hm":"d MMM y HH:mm","yMMMEd Hm":"E d MMM y HH:mm","yMMMM Hm":"MMMM y HH:mm","EEEE dd MMMM y hms":"EEEE dd MMMM y h:mm:ss a","dd MMMM y hms":"dd MMMM y h:mm:ss a","dd MMM y hms":"dd MMM y h:mm:ss a","y-MM-dd hms":"y-MM-dd h:mm:ss a","d hms":"d h:mm:ss a","E hms":"ccc h:mm:ss a","Ed hms":"E d h:mm:ss a","Gy hms":"y G h:mm:ss a","GyMd hms":"GGGGG y-MM-dd h:mm:ss a","GyMMM hms":"MMM y G h:mm:ss a","GyMMMd hms":"dd MMM y G h:mm:ss a","GyMMMEd hms":"E dd MMM y G h:mm:ss a","M hms":"L h:mm:ss a","Md hms":"dd-MM h:mm:ss a","MEd hms":"E d/M h:mm:ss a","MMM hms":"LLL h:mm:ss a","MMMd hms":"d MMM h:mm:ss a","MMMEd hms":"E d MMM h:mm:ss a","MMMMd hms":"d MMMM h:mm:ss a","MMMMEd hms":"E d MMMM h:mm:ss a","y hms":"y h:mm:ss a","yM hms":"MM-y h:mm:ss a","yMd hms":"y-MM-dd h:mm:ss a","yMEd hms":"E y-MM-dd h:mm:ss a","yMMM hms":"MMM y h:mm:ss a","yMMMd hms":"d MMM y h:mm:ss a","yMMMEd hms":"E d MMM y h:mm:ss a","yMMMM hms":"MMMM y h:mm:ss a","EEEE dd MMMM y Hms":"EEEE dd MMMM y HH:mm:ss","dd MMMM y Hms":"dd MMMM y HH:mm:ss","dd MMM y Hms":"dd MMM y HH:mm:ss","y-MM-dd Hms":"y-MM-dd HH:mm:ss","d Hms":"d HH:mm:ss","E Hms":"ccc HH:mm:ss","Ed Hms":"E d HH:mm:ss","Gy Hms":"y G HH:mm:ss","GyMd Hms":"GGGGG y-MM-dd HH:mm:ss","GyMMM Hms":"MMM y G HH:mm:ss","GyMMMd Hms":"dd MMM y G HH:mm:ss","GyMMMEd Hms":"E dd MMM y G HH:mm:ss","M Hms":"L HH:mm:ss","Md Hms":"dd-MM HH:mm:ss","MEd Hms":"E d/M HH:mm:ss","MMM Hms":"LLL HH:mm:ss","MMMd Hms":"d MMM HH:mm:ss","MMMEd Hms":"E d MMM HH:mm:ss","MMMMd Hms":"d MMMM HH:mm:ss","MMMMEd Hms":"E d MMMM HH:mm:ss","y Hms":"y HH:mm:ss","yM Hms":"MM-y HH:mm:ss","yMd Hms":"y-MM-dd HH:mm:ss","yMEd Hms":"E y-MM-dd HH:mm:ss","yMMM Hms":"MMM y HH:mm:ss","yMMMd Hms":"d MMM y HH:mm:ss","yMMMEd Hms":"E d MMM y HH:mm:ss","yMMMM Hms":"MMMM y HH:mm:ss","EEEE dd MMMM y hmsv":"EEEE dd MMMM y h:mm:ss a v","dd MMMM y hmsv":"dd MMMM y h:mm:ss a v","dd MMM y hmsv":"dd MMM y h:mm:ss a v","y-MM-dd hmsv":"y-MM-dd h:mm:ss a v","d hmsv":"d h:mm:ss a v","E hmsv":"ccc h:mm:ss a v","Ed hmsv":"E d h:mm:ss a v","Gy hmsv":"y G h:mm:ss a v","GyMd hmsv":"GGGGG y-MM-dd h:mm:ss a v","GyMMM hmsv":"MMM y G h:mm:ss a v","GyMMMd hmsv":"dd MMM y G h:mm:ss a v","GyMMMEd hmsv":"E dd MMM y G h:mm:ss a v","M hmsv":"L h:mm:ss a v","Md hmsv":"dd-MM h:mm:ss a v","MEd hmsv":"E d/M h:mm:ss a v","MMM hmsv":"LLL h:mm:ss a v","MMMd hmsv":"d MMM h:mm:ss a v","MMMEd hmsv":"E d MMM h:mm:ss a v","MMMMd hmsv":"d MMMM h:mm:ss a v","MMMMEd hmsv":"E d MMMM h:mm:ss a v","y hmsv":"y h:mm:ss a v","yM hmsv":"MM-y h:mm:ss a v","yMd hmsv":"y-MM-dd h:mm:ss a v","yMEd hmsv":"E y-MM-dd h:mm:ss a v","yMMM hmsv":"MMM y h:mm:ss a v","yMMMd hmsv":"d MMM y h:mm:ss a v","yMMMEd hmsv":"E d MMM y h:mm:ss a v","yMMMM hmsv":"MMMM y h:mm:ss a v","EEEE dd MMMM y Hmsv":"EEEE dd MMMM y HH:mm:ss v","dd MMMM y Hmsv":"dd MMMM y HH:mm:ss v","dd MMM y Hmsv":"dd MMM y HH:mm:ss v","y-MM-dd Hmsv":"y-MM-dd HH:mm:ss v","d Hmsv":"d HH:mm:ss v","E Hmsv":"ccc HH:mm:ss v","Ed Hmsv":"E d HH:mm:ss v","Gy Hmsv":"y G HH:mm:ss v","GyMd Hmsv":"GGGGG y-MM-dd HH:mm:ss v","GyMMM Hmsv":"MMM y G HH:mm:ss v","GyMMMd Hmsv":"dd MMM y G HH:mm:ss v","GyMMMEd Hmsv":"E dd MMM y G HH:mm:ss v","M Hmsv":"L HH:mm:ss v","Md Hmsv":"dd-MM HH:mm:ss v","MEd Hmsv":"E d/M HH:mm:ss v","MMM Hmsv":"LLL HH:mm:ss v","MMMd Hmsv":"d MMM HH:mm:ss v","MMMEd Hmsv":"E d MMM HH:mm:ss v","MMMMd Hmsv":"d MMMM HH:mm:ss v","MMMMEd Hmsv":"E d MMMM HH:mm:ss v","y Hmsv":"y HH:mm:ss v","yM Hmsv":"MM-y HH:mm:ss v","yMd Hmsv":"y-MM-dd HH:mm:ss v","yMEd Hmsv":"E y-MM-dd HH:mm:ss v","yMMM Hmsv":"MMM y HH:mm:ss v","yMMMd Hmsv":"d MMM y HH:mm:ss v","yMMMEd Hmsv":"E d MMM y HH:mm:ss v","yMMMM Hmsv":"MMMM y HH:mm:ss v","EEEE dd MMMM y hmv":"EEEE dd MMMM y h:mm a v","dd MMMM y hmv":"dd MMMM y h:mm a v","dd MMM y hmv":"dd MMM y h:mm a v","y-MM-dd hmv":"y-MM-dd h:mm a v","d hmv":"d h:mm a v","E hmv":"ccc h:mm a v","Ed hmv":"E d h:mm a v","Gy hmv":"y G h:mm a v","GyMd hmv":"GGGGG y-MM-dd h:mm a v","GyMMM hmv":"MMM y G h:mm a v","GyMMMd hmv":"dd MMM y G h:mm a v","GyMMMEd hmv":"E dd MMM y G h:mm a v","M hmv":"L h:mm a v","Md hmv":"dd-MM h:mm a v","MEd hmv":"E d/M h:mm a v","MMM hmv":"LLL h:mm a v","MMMd hmv":"d MMM h:mm a v","MMMEd hmv":"E d MMM h:mm a v","MMMMd hmv":"d MMMM h:mm a v","MMMMEd hmv":"E d MMMM h:mm a v","y hmv":"y h:mm a v","yM hmv":"MM-y h:mm a v","yMd hmv":"y-MM-dd h:mm a v","yMEd hmv":"E y-MM-dd h:mm a v","yMMM hmv":"MMM y h:mm a v","yMMMd hmv":"d MMM y h:mm a v","yMMMEd hmv":"E d MMM y h:mm a v","yMMMM hmv":"MMMM y h:mm a v","EEEE dd MMMM y Hmv":"EEEE dd MMMM y HH:mm v","dd MMMM y Hmv":"dd MMMM y HH:mm v","dd MMM y Hmv":"dd MMM y HH:mm v","y-MM-dd Hmv":"y-MM-dd HH:mm v","d Hmv":"d HH:mm v","E Hmv":"ccc HH:mm v","Ed Hmv":"E d HH:mm v","Gy Hmv":"y G HH:mm v","GyMd Hmv":"GGGGG y-MM-dd HH:mm v","GyMMM Hmv":"MMM y G HH:mm v","GyMMMd Hmv":"dd MMM y G HH:mm v","GyMMMEd Hmv":"E dd MMM y G HH:mm v","M Hmv":"L HH:mm v","Md Hmv":"dd-MM HH:mm v","MEd Hmv":"E d/M HH:mm v","MMM Hmv":"LLL HH:mm v","MMMd Hmv":"d MMM HH:mm v","MMMEd Hmv":"E d MMM HH:mm v","MMMMd Hmv":"d MMMM HH:mm v","MMMMEd Hmv":"E d MMMM HH:mm v","y Hmv":"y HH:mm v","yM Hmv":"MM-y HH:mm v","yMd Hmv":"y-MM-dd HH:mm v","yMEd Hmv":"E y-MM-dd HH:mm v","yMMM Hmv":"MMM y HH:mm v","yMMMd Hmv":"d MMM y HH:mm v","yMMMEd Hmv":"E d MMM y HH:mm v","yMMMM Hmv":"MMMM y HH:mm v","EEEE dd MMMM y ms":"EEEE dd MMMM y mm:ss","dd MMMM y ms":"dd MMMM y mm:ss","dd MMM y ms":"dd MMM y mm:ss","y-MM-dd ms":"y-MM-dd mm:ss","d ms":"d mm:ss","E ms":"ccc mm:ss","Ed ms":"E d mm:ss","Gy ms":"y G mm:ss","GyMd ms":"GGGGG y-MM-dd mm:ss","GyMMM ms":"MMM y G mm:ss","GyMMMd ms":"dd MMM y G mm:ss","GyMMMEd ms":"E dd MMM y G mm:ss","M ms":"L mm:ss","Md ms":"dd-MM mm:ss","MEd ms":"E d/M mm:ss","MMM ms":"LLL mm:ss","MMMd ms":"d MMM mm:ss","MMMEd ms":"E d MMM mm:ss","MMMMd ms":"d MMMM mm:ss","MMMMEd ms":"E d MMMM mm:ss","y ms":"y mm:ss","yM ms":"MM-y mm:ss","yMd ms":"y-MM-dd mm:ss","yMEd ms":"E y-MM-dd mm:ss","yMMM ms":"MMM y mm:ss","yMMMd ms":"d MMM y mm:ss","yMMMEd ms":"E d MMM y mm:ss","yMMMM ms":"MMMM y mm:ss"}},"intervalFormats":{"intervalFormatFallback":"{0} – {1}","Bh":{"B":"h B – h B","h":"h–h B"},"Bhm":{"B":"hh:mm B – hh:mm B","h":"hh:mm B – hh:mm B","m":"hh:mm–hh:mm"},"d":{"d":"d–d"},"Gy":{"G":"y G – y G","y":"y – y G"},"GyM":{"G":"y-M GGGGG – y-M GGGGG","M":"y-M – y-M GGGGG","y":"y-M – y-M GGGGG"},"GyMd":{"d":"y-M-d – y-M-d GGGGG","G":"y-M-d GGGGG – y-M-d GGGGG","M":"y-M-d – y-M-d GGGGG","y":"y-M-d – y-M-d GGGGG"},"GyMEd":{"d":"E y-M-d – E y-M-d GGGGG","G":"E y-M-d GGGGG – E y-M-d GGGGG","M":"E y-M-d – E y-M-d GGGGG","y":"E y-M-d – E y-M-d GGGGG"},"GyMMM":{"G":"MMM y G – MMM y G","M":"MMM – MMM y G","y":"MMM y – MMM y G"},"GyMMMd":{"d":"d–d MMM y G","G":"d MMM y G – d MMM y G","M":"d MMM – d MMM y G","y":"d MMM y – d MMM y G"},"GyMMMEd":{"d":"E d MMM – E d MMM y G","G":"E d MMM y G – E d MMM y G","M":"E d MMM – E d MMM y G","y":"E d MMM y – E d MMM y G"},"h":{"a":"h a – h a","h":"h – h a"},"H":{"H":"HH–HH"},"hm":{"a":"h:mm a – h:mm a","h":"h:mm – h:mm a","m":"h:mm – h:mm a"},"Hm":{"H":"HH:mm–HH:mm","m":"HH:mm–HH:mm"},"hmv":{"a":"h:mm a – h:mm a v","h":"h:mm a – h:mm a v","m":"h:mm a – h:mm a v"},"Hmv":{"H":"HH:mm–HH:mm v","m":"HH:mm–HH:mm v"},"hv":{"a":"h a – h a v","h":"h – h a v"},"Hv":{"H":"HH–HH v"},"M":{"M":"M–M"},"Md":{"d":"d/M – d/M","M":"d/M – d/M"},"MEd":{"d":"E d/M – E d/M","M":"E d/M – E d/M"},"MMM":{"M":"MMM–MMM"},"MMMd":{"d":"d–d MMM","M":"d MMM – d MMM"},"MMMEd":{"d":"E d MMM – E d MMM","M":"E d MMM – E d MMM"},"y":{"y":"y–y"},"yM":{"M":"M/y – M/y","y":"M/y – M/y"},"yMd":{"d":"d/M/y – d/M/y","M":"d/M/y – d/M/y","y":"d/M/y – d/M/y"},"yMEd":{"d":"E d/M/y – E d/M/y","M":"E d/M/y – E d/M/y","y":"E d/M/y – E d/M/y"},"yMMM":{"M":"MMM–MMM y","y":"MMM y – MMM y"},"yMMMd":{"d":"d–d MMM y","M":"d MMM – d MMM y","y":"d MMM y – d MMM y"},"yMMMEd":{"d":"E d MMM – E d MMM y","M":"E d MMM – E d MMM y","y":"E d MMM y – E d MMM y"},"yMMMM":{"M":"MMMM – MMMM y","y":"MMMM y – MMMM y"}},"hourCycle":"h23","nu":["latn"],"ca":["gregory"],"hc":["h23","h12","",""]},"locale":"af"}