{"data":{"am":"AM","pm":"PM","weekday":{"narrow":["র","সো","ম","বু","বৃ","শু","শ"],"short":["রবি","সোম","মঙ্গল","বুধ","বৃহস্পতি","শুক্র","শনি"],"long":["রবিবার","সোমবার","মঙ্গলবার","বুধবার","বৃহস্পতিবার","শুক্রবার","শনিবার"]},"era":{"narrow":{"BC":"খ্রিস্টপূর্ব","AD":"খৃষ্টাব্দ"},"short":{"BC":"খ্রিস্টপূর্ব","AD":"খৃষ্টাব্দ"},"long":{"BC":"খ্রিস্টপূর্ব","AD":"খ্রীষ্টাব্দ"}},"month":{"narrow":["জা","ফে","মা","এ","মে","জুন","জু","আ","সে","অ","ন","ডি"],"short":["জানু","ফেব","মার্চ","এপ্রি","মে","জুন","জুল","আগ","সেপ","অক্টো","নভে","ডিসে"],"long":["জানুয়ারী","ফেব্রুয়ারী","মার্চ","এপ্রিল","মে","জুন","জুলাই","আগস্ট","সেপ্টেম্বর","অক্টোবর","নভেম্বর","ডিসেম্বর"]},"timeZoneName":{"America/Rio_Branco":{"long":["একর মানক সময়","একর গ্রীষ্মকাল সময়"]},"Asia/Kabul":{"long":["আফগানিস্তান সময়","আফগানিস্তান সময়"]},"Africa/Maputo":{"long":["মধ্য আফ্রিকা সময়","মধ্য আফ্রিকা সময়"]},"Africa/Bujumbura":{"long":["মধ্য আফ্রিকা সময়","মধ্য আফ্রিকা সময়"]},"Africa/Gaborone":{"long":["মধ্য আফ্রিকা সময়","মধ্য আফ্রিকা সময়"]},"Africa/Lubumbashi":{"long":["মধ্য আফ্রিকা সময়","মধ্য আফ্রিকা সময়"]},"Africa/Blantyre":{"long":["মধ্য আফ্রিকা সময়","মধ্য আফ্রিকা সময়"]},"Africa/Kigali":{"long":["মধ্য আফ্রিকা সময়","মধ্য আফ্রিকা সময়"]},"Africa/Lusaka":{"long":["মধ্য আফ্রিকা সময়","মধ্য আফ্রিকা সময়"]},"Africa/Harare":{"long":["মধ্য আফ্রিকা সময়","মধ্য আফ্রিকা সময়"]},"Africa/Nairobi":{"long":["পূর্ব আফ্রিকা সময়","পূর্ব আফ্রিকা সময়"]},"Africa/Djibouti":{"long":["পূর্ব আফ্রিকা সময়","পূর্ব আফ্রিকা সময়"]},"Africa/Asmera":{"long":["পূর্ব আফ্রিকা সময়","পূর্ব আফ্রিকা সময়"]},"Africa/Addis_Ababa":{"long":["পূর্ব আফ্রিকা সময়","পূর্ব আফ্রিকা সময়"]},"Indian/Comoro":{"long":["পূর্ব আফ্রিকা সময়","পূর্ব আফ্রিকা সময়"]},"Indian/Antananarivo":{"long":["পূর্ব আফ্রিকা সময়","পূর্ব আফ্রিকা সময়"]},"Africa/Mogadishu":{"long":["পূর্ব আফ্রিকা সময়","পূর্ব আফ্রিকা সময়"]},"Africa/Dar_es_Salaam":{"long":["পূর্ব আফ্রিকা সময়","পূর্ব আফ্রিকা সময়"]},"Africa/Kampala":{"long":["পূর্ব আফ্রিকা সময়","পূর্ব আফ্রিকা সময়"]},"Indian/Mayotte":{"long":["পূর্ব আফ্রিকা সময়","পূর্ব আফ্রিকা সময়"]},"Africa/Johannesburg":{"long":["দক্ষিণ আফ্রিকা মানক সময়","দক্ষিণ আফ্রিকা মানক সময়"]},"Africa/Maseru":{"long":["দক্ষিণ আফ্রিকা মানক সময়","দক্ষিণ আফ্রিকা মানক সময়"]},"Africa/Mbabane":{"long":["দক্ষিণ আফ্রিকা মানক সময়","দক্ষিণ আফ্রিকা মানক সময়"]},"Africa/Lagos":{"long":["পশ্চিম আফ্রিকা মানক সময়","পশ্চিম আফ্রিকা গ্রীষ্মকালীন সময়"]},"Africa/Luanda":{"long":["পশ্চিম আফ্রিকা মানক সময়","পশ্চিম আফ্রিকা গ্রীষ্মকালীন সময়"]},"Africa/Porto-Novo":{"long":["পশ্চিম আফ্রিকা মানক সময়","পশ্চিম আফ্রিকা গ্রীষ্মকালীন সময়"]},"Africa/Kinshasa":{"long":["পশ্চিম আফ্রিকা মানক সময়","পশ্চিম আফ্রিকা গ্রীষ্মকালীন সময়"]},"Africa/Bangui":{"long":["পশ্চিম আফ্রিকা মানক সময়","পশ্চিম আফ্রিকা গ্রীষ্মকালীন সময়"]},"Africa/Brazzaville":{"long":["পশ্চিম আফ্রিকা মানক সময়","পশ্চিম আফ্রিকা গ্রীষ্মকালীন সময়"]},"Africa/Douala":{"long":["পশ্চিম আফ্রিকা মানক সময়","পশ্চিম আফ্রিকা গ্রীষ্মকালীন সময়"]},"Africa/Libreville":{"long":["পশ্চিম আফ্রিকা মানক সময়","পশ্চিম আফ্রিকা গ্রীষ্মকালীন সময়"]},"Africa/Malabo":{"long":["পশ্চিম আফ্রিকা মানক সময়","পশ্চিম আফ্রিকা গ্রীষ্মকালীন সময়"]},"Africa/Niamey":{"long":["পশ্চিম আফ্রিকা মানক সময়","পশ্চিম আফ্রিকা গ্রীষ্মকালীন সময়"]},"Africa/Ndjamena":{"long":["পশ্চিম আফ্রিকা মানক সময়","পশ্চিম আফ্রিকা গ্রীষ্মকালীন সময়"]},"Asia/Aqtobe":{"long":["পশ্চিম কাজাখাস্তান সময়","পশ্চিম কাজাখাস্তান সময়"]},"America/Juneau":{"long":["আলাস্কা মানক সময়","আলাস্কা দিবালোক সময়"]},"Asia/Almaty":{"long":["পূর্ব কাজাখাস্তান সময়","পূর্ব কাজাখাস্তান সময়"]},"America/Manaus":{"long":["আমাজন মানক সময়","আমাজন গ্রীষ্মকালীন সময়"]},"America/Chicago":{"long":["কেন্দ্রীয় মানক সময়","কেন্দ্রীয় দিবালোক সময়"]},"America/Belize":{"long":["কেন্দ্রীয় মানক সময়","কেন্দ্রীয় দিবালোক সময়"]},"America/Winnipeg":{"long":["কেন্দ্রীয় মানক সময়","কেন্দ্রীয় দিবালোক সময়"]},"America/Costa_Rica":{"long":["কেন্দ্রীয় মানক সময়","কেন্দ্রীয় দিবালোক সময়"]},"America/Guatemala":{"long":["কেন্দ্রীয় মানক সময়","কেন্দ্রীয় দিবালোক সময়"]},"America/Tegucigalpa":{"long":["কেন্দ্রীয় মানক সময়","কেন্দ্রীয় দিবালোক সময়"]},"America/Mexico_City":{"long":["কেন্দ্রীয় মানক সময়","কেন্দ্রীয় দিবালোক সময়"]},"America/El_Salvador":{"long":["কেন্দ্রীয় মানক সময়","কেন্দ্রীয় দিবালোক সময়"]},"America/New_York":{"long":["পূর্বাঞ্চলের প্রমাণ সময়","পূর্বাঞ্চলের দিবালোক সময়"]},"America/Nassau":{"long":["পূর্বাঞ্চলের প্রমাণ সময়","পূর্বাঞ্চলের দিবালোক সময়"]},"America/Toronto":{"long":["পূর্বাঞ্চলের প্রমাণ সময়","পূর্বাঞ্চলের দিবালোক সময়"]},"America/Port-au-Prince":{"long":["পূর্বাঞ্চলের প্রমাণ সময়","পূর্বাঞ্চলের দিবালোক সময়"]},"America/Jamaica":{"long":["পূর্বাঞ্চলের প্রমাণ সময়","পূর্বাঞ্চলের দিবালোক সময়"]},"America/Cayman":{"long":["পূর্বাঞ্চলের প্রমাণ সময়","পূর্বাঞ্চলের দিবালোক সময়"]},"America/Panama":{"long":["পূর্বাঞ্চলের প্রমাণ সময়","পূর্বাঞ্চলের দিবালোক সময়"]},"America/Denver":{"long":["পার্বত্য অঞ্চলের প্রমাণ সময়","পার্বত্য অঞ্চলের দিনের সময়"]},"America/Edmonton":{"long":["পার্বত্য অঞ্চলের প্রমাণ সময়","পার্বত্য অঞ্চলের দিনের সময়"]},"America/Hermosillo":{"long":["পার্বত্য অঞ্চলের প্রমাণ সময়","পার্বত্য অঞ্চলের দিনের সময়"]},"America/Los_Angeles":{"long":["প্রশান্ত মহাসাগরীয় অঞ্চলের মানক সময়","প্রশান্ত মহাসাগরীয় অঞ্চলের দিনের সময়"]},"America/Vancouver":{"long":["প্রশান্ত মহাসাগরীয় অঞ্চলের মানক সময়","প্রশান্ত মহাসাগরীয় অঞ্চলের দিনের সময়"]},"America/Tijuana":{"long":["প্রশান্ত মহাসাগরীয় অঞ্চলের মানক সময়","প্রশান্ত মহাসাগরীয় অঞ্চলের দিনের সময়"]},"Asia/Anadyr":{"long":["অনদ্য্র্ মানক সময়","অনদ্য্র্ গ্রীষ্মকালীন সময়"]},"Pacific/Apia":{"long":["অপিয়া মানক সময়","অপিয়া দিনের সময়"]},"Asia/Riyadh":{"long":["আরবি মানক সময়","আরবি দিবালোক সময়"]},"Asia/Bahrain":{"long":["আরবি মানক সময়","আরবি দিবালোক সময়"]},"Asia/Baghdad":{"long":["আরবি মানক সময়","আরবি দিবালোক সময়"]},"Asia/Kuwait":{"long":["আরবি মানক সময়","আরবি দিবালোক সময়"]},"Asia/Qatar":{"long":["আরবি মানক সময়","আরবি দিবালোক সময়"]},"Asia/Aden":{"long":["আরবি মানক সময়","আরবি দিবালোক সময়"]},"America/Buenos_Aires":{"long":["আর্জেন্টিনা মানক সময়","আর্জেন্টিনা গ্রীষ্মকালীন সময়"]},"America/Argentina/San_Luis":{"long":["পশ্চিমি আর্জেনটিনার প্রমাণ সময়","পশ্চিমি আর্জেনটিনা গ্রীষ্মকালীন সময়"]},"Asia/Ashgabat":{"long":["তুর্কমেনিস্তান মানক সময়","তুর্কমেনিস্তান গ্রীষ্মকালীন সময়"]},"America/Halifax":{"long":["অতলান্তিক মানক সময়","অতলান্তিক দিবালোক সময়"]},"America/Antigua":{"long":["অতলান্তিক মানক সময়","অতলান্তিক দিবালোক সময়"]},"America/Anguilla":{"long":["অতলান্তিক মানক সময়","অতলান্তিক দিবালোক সময়"]},"America/Aruba":{"long":["অতলান্তিক মানক সময়","অতলান্তিক দিবালোক সময়"]},"America/Barbados":{"long":["অতলান্তিক মানক সময়","অতলান্তিক দিবালোক সময়"]},"Atlantic/Bermuda":{"long":["অতলান্তিক মানক সময়","অতলান্তিক দিবালোক সময়"]},"America/Kralendijk":{"long":["অতলান্তিক মানক সময়","অতলান্তিক দিবালোক সময়"]},"America/Curacao":{"long":["অতলান্তিক মানক সময়","অতলান্তিক দিবালোক সময়"]},"America/Dominica":{"long":["অতলান্তিক মানক সময়","অতলান্তিক দিবালোক সময়"]},"America/Grenada":{"long":["অতলান্তিক মানক সময়","অতলান্তিক দিবালোক সময়"]},"America/Thule":{"long":["অতলান্তিক মানক সময়","অতলান্তিক দিবালোক সময়"]},"America/Guadeloupe":{"long":["অতলান্তিক মানক সময়","অতলান্তিক দিবালোক সময়"]},"America/St_Kitts":{"long":["অতলান্তিক মানক সময়","অতলান্তিক দিবালোক সময়"]},"America/St_Lucia":{"long":["অতলান্তিক মানক সময়","অতলান্তিক দিবালোক সময়"]},"America/Marigot":{"long":["অতলান্তিক মানক সময়","অতলান্তিক দিবালোক সময়"]},"America/Martinique":{"long":["অতলান্তিক মানক সময়","অতলান্তিক দিবালোক সময়"]},"America/Montserrat":{"long":["অতলান্তিক মানক সময়","অতলান্তিক দিবালোক সময়"]},"America/Puerto_Rico":{"long":["অতলান্তিক মানক সময়","অতলান্তিক দিবালোক সময়"]},"America/Lower_Princes":{"long":["অতলান্তিক মানক সময়","অতলান্তিক দিবালোক সময়"]},"America/Port_of_Spain":{"long":["অতলান্তিক মানক সময়","অতলান্তিক দিবালোক সময়"]},"America/St_Vincent":{"long":["অতলান্তিক মানক সময়","অতলান্তিক দিবালোক সময়"]},"America/Tortola":{"long":["অতলান্তিক মানক সময়","অতলান্তিক দিবালোক সময়"]},"America/St_Thomas":{"long":["অতলান্তিক মানক সময়","অতলান্তিক দিবালোক সময়"]},"Australia/Adelaide":{"long":["অস্ট্রেলীয় কেন্দ্রীয় মানক সময়","অস্ট্রেলীয় কেন্দ্রীয় দিবালোক সময়"]},"Australia/Eucla":{"long":["অস্ট্রেলীয় কেন্দ্রীয় পশ্চিমি মানক সময়","অস্ট্রেলীয় কেন্দ্রীয় পশ্চিমি দিবালোক সময়"]},"Australia/Sydney":{"long":["অস্ট্রেলীয় পূর্ব মানক সময়","অস্ট্রেলীয় পূর্ব দিবালোক সময়"]},"Australia/Perth":{"long":["অস্ট্রেলীয় পশ্চিমি মানক সময়","অস্ট্রেলীয় পশ্চিমি দিবালোক সময়"]},"Atlantic/Azores":{"long":["এজোরেস মানক সময়","এজোরেস গ্রীষ্মকালীন সময়"]},"Asia/Thimphu":{"long":["ভুটান সময়","ভুটান সময়"]},"America/La_Paz":{"long":["বোলিভিয়া সময়","বোলিভিয়া সময়"]},"Asia/Kuching":{"long":["মালয়েশিয়া সময়","মালয়েশিয়া সময়"]},"America/Sao_Paulo":{"long":["ব্রাসিলিয়া মানক সময়","ব্রাসিলিয়া গ্রীষ্মকালীন সময়"]},"Europe/London":{"long":["গ্রীনিচ মিন টাইম","গ্রীনিচ মিন টাইম"]},"Asia/Brunei":{"long":["ব্রুনেই দারুসসালাম সময়","ব্রুনেই দারুসসালাম সময়"]},"Atlantic/Cape_Verde":{"long":["কেপ ভার্দ মানক সময়","কেপ ভার্দ গ্রীষ্মকালীন সময়"]},"Pacific/Chatham":{"long":["চ্যাথাম মানক সময়","চ্যাথাম দিবালোক সময়"]},"America/Santiago":{"long":["চিলি মানক সময়","চিলি গ্রীষ্মকালীন সময়"]},"Asia/Shanghai":{"long":["চীন মানক সময়","চীন দিবালোক সময়"]},"Asia/Choibalsan":{"long":["চয়বালসন মানক সময়","চয়বালসন গ্রীষ্মকালীন সময়"]},"Indian/Christmas":{"long":["ক্রিসমাস দ্বীপ সময়","ক্রিসমাস দ্বীপ সময়"]},"Indian/Cocos":{"long":["কোকোস দ্বীপপুঞ্জ সময়","কোকোস দ্বীপপুঞ্জ সময়"]},"America/Bogota":{"long":["কোলোম্বিয়া মানক সময়","কোলোম্বিয়া গ্রীষ্মকালীন সময়"]},"Pacific/Rarotonga":{"long":["কুক দ্বীপপুঞ্জ মানক সময়","কুক দ্বীপপুঞ্জ অর্ধেক গ্রীষ্মকালীন সময়"]},"America/Havana":{"long":["কিউবা মানক সময়","কিউবা দিবালোক সময়"]},"Antarctica/Davis":{"long":["ডেভিস সময়","ডেভিস সময়"]},"Antarctica/DumontDUrville":{"long":["ডুমন্ট-দ্য’উরভিলে সময়","ডুমন্ট-দ্য’উরভিলে সময়"]},"Asia/Dushanbe":{"long":["তাজাখাস্তান সময়","তাজাখাস্তান সময়"]},"America/Paramaribo":{"long":["সুরিনাম সময়","সুরিনাম সময়"]},"Asia/Dili":{"long":["পূর্ব টিমর সময়","পূর্ব টিমর সময়"]},"Pacific/Easter":{"long":["ইস্টার দ্বীপ মানক সময়","ইস্টার দ্বীপ গ্রীষ্মকালীন সময়"]},"America/Guayaquil":{"long":["ইকুয়েডর সময়","ইকুয়েডর সময়"]},"Europe/Paris":{"long":["মধ্য ইউরোপীয় মানক সময়","মধ্য ইউরোপীয় গ্রীষ্মকালীন সময়"]},"Europe/Andorra":{"long":["মধ্য ইউরোপীয় মানক সময়","মধ্য ইউরোপীয় গ্রীষ্মকালীন সময়"]},"Europe/Tirane":{"long":["মধ্য ইউরোপীয় মানক সময়","মধ্য ইউরোপীয় গ্রীষ্মকালীন সময়"]},"Europe/Vienna":{"long":["মধ্য ইউরোপীয় মানক সময়","মধ্য ইউরোপীয় গ্রীষ্মকালীন সময়"]},"Europe/Sarajevo":{"long":["মধ্য ইউরোপীয় মানক সময়","মধ্য ইউরোপীয় গ্রীষ্মকালীন সময়"]},"Europe/Brussels":{"long":["মধ্য ইউরোপীয় মানক সময়","মধ্য ইউরোপীয় গ্রীষ্মকালীন সময়"]},"Europe/Zurich":{"long":["মধ্য ইউরোপীয় মানক সময়","মধ্য ইউরোপীয় গ্রীষ্মকালীন সময়"]},"Europe/Prague":{"long":["মধ্য ইউরোপীয় মানক সময়","মধ্য ইউরোপীয় গ্রীষ্মকালীন সময়"]},"Europe/Berlin":{"long":["মধ্য ইউরোপীয় মানক সময়","মধ্য ইউরোপীয় গ্রীষ্মকালীন সময়"]},"Europe/Copenhagen":{"long":["মধ্য ইউরোপীয় মানক সময়","মধ্য ইউরোপীয় গ্রীষ্মকালীন সময়"]},"Europe/Madrid":{"long":["মধ্য ইউরোপীয় মানক সময়","মধ্য ইউরোপীয় গ্রীষ্মকালীন সময়"]},"Europe/Gibraltar":{"long":["মধ্য ইউরোপীয় মানক সময়","মধ্য ইউরোপীয় গ্রীষ্মকালীন সময়"]},"Europe/Zagreb":{"long":["মধ্য ইউরোপীয় মানক সময়","মধ্য ইউরোপীয় গ্রীষ্মকালীন সময়"]},"Europe/Budapest":{"long":["মধ্য ইউরোপীয় মানক সময়","মধ্য ইউরোপীয় গ্রীষ্মকালীন সময়"]},"Europe/Rome":{"long":["মধ্য ইউরোপীয় মানক সময়","মধ্য ইউরোপীয় গ্রীষ্মকালীন সময়"]},"Europe/Vaduz":{"long":["মধ্য ইউরোপীয় মানক সময়","মধ্য ইউরোপীয় গ্রীষ্মকালীন সময়"]},"Europe/Luxembourg":{"long":["মধ্য ইউরোপীয় মানক সময়","মধ্য ইউরোপীয় গ্রীষ্মকালীন সময়"]},"Europe/Monaco":{"long":["মধ্য ইউরোপীয় মানক সময়","মধ্য ইউরোপীয় গ্রীষ্মকালীন সময়"]},"Europe/Podgorica":{"long":["মধ্য ইউরোপীয় মানক সময়","মধ্য ইউরোপীয় গ্রীষ্মকালীন সময়"]},"Europe/Skopje":{"long":["মধ্য ইউরোপীয় মানক সময়","মধ্য ইউরোপীয় গ্রীষ্মকালীন সময়"]},"Europe/Malta":{"long":["মধ্য ইউরোপীয় মানক সময়","মধ্য ইউরোপীয় গ্রীষ্মকালীন সময়"]},"Europe/Amsterdam":{"long":["মধ্য ইউরোপীয় মানক সময়","মধ্য ইউরোপীয় গ্রীষ্মকালীন সময়"]},"Europe/Oslo":{"long":["মধ্য ইউরোপীয় মানক সময়","মধ্য ইউরোপীয় গ্রীষ্মকালীন সময়"]},"Europe/Warsaw":{"long":["মধ্য ইউরোপীয় মানক সময়","মধ্য ইউরোপীয় গ্রীষ্মকালীন সময়"]},"Europe/Belgrade":{"long":["মধ্য ইউরোপীয় মানক সময়","মধ্য ইউরোপীয় গ্রীষ্মকালীন সময়"]},"Europe/Stockholm":{"long":["মধ্য ইউরোপীয় মানক সময়","মধ্য ইউরোপীয় গ্রীষ্মকালীন সময়"]},"Europe/Ljubljana":{"long":["মধ্য ইউরোপীয় মানক সময়","মধ্য ইউরোপীয় গ্রীষ্মকালীন সময়"]},"Arctic/Longyearbyen":{"long":["মধ্য ইউরোপীয় মানক সময়","মধ্য ইউরোপীয় গ্রীষ্মকালীন সময়"]},"Europe/Bratislava":{"long":["মধ্য ইউরোপীয় মানক সময়","মধ্য ইউরোপীয় গ্রীষ্মকালীন সময়"]},"Europe/San_Marino":{"long":["মধ্য ইউরোপীয় মানক সময়","মধ্য ইউরোপীয় গ্রীষ্মকালীন সময়"]},"Africa/Tunis":{"long":["মধ্য ইউরোপীয় মানক সময়","মধ্য ইউরোপীয় গ্রীষ্মকালীন সময়"]},"Europe/Vatican":{"long":["মধ্য ইউরোপীয় মানক সময়","মধ্য ইউরোপীয় গ্রীষ্মকালীন সময়"]},"Europe/Bucharest":{"long":["পূর্ব ইউরোপীয় মানক সময়","পূর্ব ইউরোপীয় গ্রীষ্মকালীন সময়"]},"Europe/Mariehamn":{"long":["পূর্ব ইউরোপীয় মানক সময়","পূর্ব ইউরোপীয় গ্রীষ্মকালীন সময়"]},"Europe/Sofia":{"long":["পূর্ব ইউরোপীয় মানক সময়","পূর্ব ইউরোপীয় গ্রীষ্মকালীন সময়"]},"Asia/Nicosia":{"long":["পূর্ব ইউরোপীয় মানক সময়","পূর্ব ইউরোপীয় গ্রীষ্মকালীন সময়"]},"Africa/Cairo":{"long":["পূর্ব ইউরোপীয় মানক সময়","পূর্ব ইউরোপীয় গ্রীষ্মকালীন সময়"]},"Europe/Helsinki":{"long":["পূর্ব ইউরোপীয় মানক সময়","পূর্ব ইউরোপীয় গ্রীষ্মকালীন সময়"]},"Europe/Athens":{"long":["পূর্ব ইউরোপীয় মানক সময়","পূর্ব ইউরোপীয় গ্রীষ্মকালীন সময়"]},"Asia/Beirut":{"long":["পূর্ব ইউরোপীয় মানক সময়","পূর্ব ইউরোপীয় গ্রীষ্মকালীন সময়"]},"Europe/Minsk":{"long":["প্রান্তীয় পূর্ব ইউরোপীয় সময়","প্রান্তীয় পূর্ব ইউরোপীয় সময়"]},"Europe/Kaliningrad":{"long":["প্রান্তীয় পূর্ব ইউরোপীয় সময়","প্রান্তীয় পূর্ব ইউরোপীয় সময়"]},"Atlantic/Canary":{"long":["পশ্চিম ইউরোপীয় মানক সময়","পশ্চিম ইউরোপীয় গ্রীষ্মকালীন সময়"]},"Atlantic/Faeroe":{"long":["পশ্চিম ইউরোপীয় মানক সময়","পশ্চিম ইউরোপীয় গ্রীষ্মকালীন সময়"]},"Atlantic/Stanley":{"long":["ফকল্যান্ড দ্বীপপুঞ্জ মানক সময়","ফকল্যান্ড দ্বীপপুঞ্জ গ্রীষ্মকালীন সময়"]},"Pacific/Fiji":{"long":["ফিজি মানক সময়","ফিজি গ্রীষ্মকালীন সময়"]},"America/Cayenne":{"long":["ফরাসি গায়ানা সময়","ফরাসি গায়ানা সময়"]},"Indian/Kerguelen":{"long":["ফরাসি দক্ষিণ এবং আন্টার্কটিক সময়","ফরাসি দক্ষিণ এবং আন্টার্কটিক সময়"]},"Asia/Bishkek":{"long":["কিরগিস্তান সময়","কিরগিস্তান সময়"]},"Pacific/Galapagos":{"long":["গালাপাগোস সময়","গালাপাগোস সময়"]},"Pacific/Gambier":{"long":["গ্যাম্বিয়ার সময়","গ্যাম্বিয়ার সময়"]},"Pacific/Tarawa":{"long":["গিলবার্ট দ্বীপপুঞ্জ সময়","গিলবার্ট দ্বীপপুঞ্জ সময়"]},"Atlantic/Reykjavik":{"long":["গ্রীনিচ মিন টাইম","গ্রীনিচ মিন টাইম"]},"Africa/Ouagadougou":{"long":["গ্রীনিচ মিন টাইম","গ্রীনিচ মিন টাইম"]},"Africa/Abidjan":{"long":["গ্রীনিচ মিন টাইম","গ্রীনিচ মিন টাইম"]},"Africa/Accra":{"long":["গ্রীনিচ মিন টাইম","গ্রীনিচ মিন টাইম"]},"Africa/Banjul":{"long":["গ্রীনিচ মিন টাইম","গ্রীনিচ মিন টাইম"]},"Africa/Conakry":{"long":["গ্রীনিচ মিন টাইম","গ্রীনিচ মিন টাইম"]},"Africa/Bamako":{"long":["গ্রীনিচ মিন টাইম","গ্রীনিচ মিন টাইম"]},"Africa/Nouakchott":{"long":["গ্রীনিচ মিন টাইম","গ্রীনিচ মিন টাইম"]},"Atlantic/St_Helena":{"long":["গ্রীনিচ মিন টাইম","গ্রীনিচ মিন টাইম"]},"Africa/Freetown":{"long":["গ্রীনিচ মিন টাইম","গ্রীনিচ মিন টাইম"]},"Africa/Dakar":{"long":["গ্রীনিচ মিন টাইম","গ্রীনিচ মিন টাইম"]},"Africa/Lome":{"long":["গ্রীনিচ মিন টাইম","গ্রীনিচ মিন টাইম"]},"America/Scoresbysund":{"long":["পূর্ব গ্রীনল্যান্ড মানক সময়","পূর্ব গ্রীনল্যান্ড গ্রীষ্মকালীন সময়"]},"America/Godthab":{"long":["পশ্চিম গ্রীনল্যান্ড মানক সময়","পশ্চিম গ্রীনল্যান্ড গ্রীষ্মকালীন সময়"]},"Asia/Dubai":{"long":["উপসাগরীয় মানক সময়","উপসাগরীয় মানক সময়"]},"Asia/Muscat":{"long":["উপসাগরীয় মানক সময়","উপসাগরীয় মানক সময়"]},"America/Guyana":{"long":["গুয়ানা সময়","গুয়ানা সময়"]},"Pacific/Honolulu":{"long":["হাওয়াই-আলেউত মানক সময়","হাওয়াই-আলেউত দিবালোক সময়"]},"Asia/Hong_Kong":{"long":["হং কং মানক সময়","হং কং গ্রীষ্মকালীন সময়"]},"Asia/Hovd":{"long":["হোভড মানক সময়","হোভড গ্রীষ্মকালীন সময়"]},"Asia/Calcutta":{"long":["ভারতীয় মানক সময়","ভারতীয় মানক সময়"],"short":["IST","IST"]},"Indian/Chagos":{"long":["ভারত মহাসাগরীয় সময়","ভারত মহাসাগরীয় সময়"]},"Asia/Bangkok":{"long":["ইন্দোচীন সময়","ইন্দোচীন সময়"]},"Asia/Phnom_Penh":{"long":["ইন্দোচীন সময়","ইন্দোচীন সময়"]},"Asia/Vientiane":{"long":["ইন্দোচীন সময়","ইন্দোচীন সময়"]},"Asia/Makassar":{"long":["কেন্দ্রীয় ইন্দোনেশিয়া সময়","কেন্দ্রীয় ইন্দোনেশিয়া সময়"]},"Asia/Jayapura":{"long":["পূর্ব ইন্দোনেশিয়া সময়","পূর্ব ইন্দোনেশিয়া সময়"]},"Asia/Jakarta":{"long":["পশ্চিমী ইন্দোনেশিয়া সময়","পশ্চিমী ইন্দোনেশিয়া সময়"]},"Asia/Tehran":{"long":["ইরান মানক সময়","ইরান দিবালোক সময়"]},"Asia/Irkutsk":{"long":["ইরকুটস্ক মানক সময়","ইরকুটস্ক গ্রীষ্মকালীন সময়"]},"Asia/Jerusalem":{"long":["ইজরায়েল মানক সময়","ইজরায়েল দিবালোক সময়"]},"Asia/Tokyo":{"long":["জাপান মানক সময়","জাপান দিবালোক সময়"]},"Asia/Kamchatka":{"long":["পিত্রেপ্যাভলস্ক- ক্যামচ্যাটস্কি মান সময়","পিত্রেপ্যাভলস্ক- ক্যামচ্যাটস্কি গৃষ্মকালীন সময়"]},"Asia/Karachi":{"long":["পাকিস্তান মানক সময়","পাকিস্তান গ্রীষ্মকালীন সময়"]},"Asia/Seoul":{"long":["কোরিয়ান মানক সময়","কোরিয়ান দিবালোক সময়"]},"Pacific/Kosrae":{"long":["কোসরেই সময়","কোসরেই সময়"]},"Asia/Krasnoyarsk":{"long":["ক্রাসনোয়ার্স্কি মানক সময়","ক্রাসনোয়ার্স্কি গ্রীষ্মকালীন সময়"]},"Europe/Samara":{"long":["সামারা মান সময়","সামারা গৃষ্মকালীন সময়"]},"Pacific/Kiritimati":{"long":["লাইন দ্বীপপুঞ্জ সময়","লাইন দ্বীপপুঞ্জ সময়"]},"Australia/Lord_Howe":{"long":["লর্ড হাওয়ে মানক মসয়","লর্ড হাওয়ে দিবালোক মসয়"]},"Antarctica/Macquarie":{"long":["ম্যাককুরি দ্বীপ সময়","ম্যাককুরি দ্বীপ সময়"]},"Asia/Magadan":{"long":["ম্যাগাডান মানক সময়","ম্যাগাডান গ্রীষ্মকালীন সময়"]},"Indian/Maldives":{"long":["মালদ্বীপ সময়","মালদ্বীপ সময়"]},"Pacific/Marquesas":{"long":["মার্কেসাস সময়","মার্কেসাস সময়"]},"Pacific/Majuro":{"long":["মার্শাল দ্বীপপুঞ্জ সময়","মার্শাল দ্বীপপুঞ্জ সময়"]},"Indian/Mauritius":{"long":["মরিশাস মানক সময়","মরিশাস গ্রীষ্মকালীন সময়"]},"Antarctica/Mawson":{"long":["মসন সময়","মসন সময়"]},"America/Santa_Isabel":{"long":["উত্তরপশ্চিম মেক্সিকোর মানক সময়","উত্তরপশ্চিম মেক্সিকোর দিনের সময়"]},"America/Mazatlan":{"long":["মেক্সিকান প্রশান্ত মহসাগরীয় মানক সময়","মেক্সিকান প্রশান্ত মহাসাগরীয় দিবালোক সময়"]},"Asia/Ulaanbaatar":{"long":["উলান বাতোর মানক সময়","উলান বাতোর গ্রীষ্মকালীন সময়"]},"Europe/Moscow":{"long":["মস্কো মানক সময়","মস্কো গ্রীষ্মকালীন সময়"]},"Asia/Rangoon":{"long":["মায়ানমার সময়","মায়ানমার সময়"]},"Pacific/Nauru":{"long":["নাউরু সময়","নাউরু সময়"]},"Asia/Katmandu":{"long":["নেপাল সময়","নেপাল সময়"]},"Pacific/Noumea":{"long":["নিউ ক্যালেডোনিয়া মানক সময়","নিউ ক্যালেডোনিয়া গ্রীষ্মকালীন সময়"]},"Pacific/Auckland":{"long":["নিউজিল্যান্ড মানক সময়","নিউজিল্যান্ড দিবালোক সময়"]},"Antarctica/McMurdo":{"long":["নিউজিল্যান্ড মানক সময়","নিউজিল্যান্ড দিবালোক সময়"]},"America/St_Johns":{"long":["নিউফাউন্ডল্যান্ড মানক সময়","নিউফাউন্ডল্যান্ড দিবালোক সময়"]},"Pacific/Niue":{"long":["নিউই সময়","নিউই সময়"]},"Pacific/Norfolk":{"long":["নরফোক দ্বীপ মানক সময়","নরফোক দ্বীপ দিবালোক সময়"]},"America/Noronha":{"long":["ফার্নান্দো ডি নোরোনহা মানক সময়","ফার্নান্দো ডি নোরোনহা গ্রীষ্মকালীন সময়"]},"Asia/Novosibirsk":{"long":["নোভোসিবির্স্ক মানক সময়","নোভোসিবির্স্ক গ্রীষ্মকালীন সময়"]},"Asia/Omsk":{"long":["ওমস্ক মানক সময়","ওমস্ক গ্রীষ্মকালীন সময়"]},"Pacific/Palau":{"long":["পালাউ সময়","পালাউ সময়"]},"Pacific/Port_Moresby":{"long":["পাপুয়া নিউ গিনি সময়","পাপুয়া নিউ গিনি সময়"]},"America/Asuncion":{"long":["প্যারাগুয়ে মানক সময়","প্যারাগুয়ে গ্রীষ্মকালীন সময়"]},"America/Lima":{"long":["পেরু মানক সময়","পেরু গ্রীষ্মকালীন সময়"]},"Asia/Manila":{"long":["ফিলিপাইন মানক সময়","ফিলিপাইন গ্রীষ্মকালীন সময়"]},"Pacific/Enderbury":{"long":["ফোনিক্স দ্বীপপুঞ্জ সময়","ফোনিক্স দ্বীপপুঞ্জ সময়"]},"America/Miquelon":{"long":["সেন্ট পিয়ের ও মিকেলন মানক সময়","সেন্ট পিয়ের ও মিকেলন দিবালোক সময়"]},"Pacific/Pitcairn":{"long":["পিটকেয়ার্ন সময়","পিটকেয়ার্ন সময়"]},"Pacific/Ponape":{"long":["পোনাপে সময়","পোনাপে সময়"]},"Asia/Pyongyang":{"long":["পিয়ংইয়াং সময়","পিয়ংইয়াং সময়"]},"Indian/Reunion":{"long":["রিইউনিয়ন সময়","রিইউনিয়ন সময়"]},"Antarctica/Rothera":{"long":["রথেরা সময়","রথেরা সময়"]},"Asia/Sakhalin":{"long":["সাখালিন মানক সময়","সাখালিন গ্রীষ্মকালীন সময়"]},"Pacific/Pago_Pago":{"long":["সামোয়া মানক সময়","সামোয়া দিবালোক সময়"]},"Indian/Mahe":{"long":["সেশেলস সময়","সেশেলস সময়"]},"Asia/Singapore":{"long":["সিঙ্গাপুর মানক সময়","সিঙ্গাপুর মানক সময়"]},"Pacific/Guadalcanal":{"long":["সলোমন দ্বীপপুঞ্জ সময়","সলোমন দ্বীপপুঞ্জ সময়"]},"Atlantic/South_Georgia":{"long":["দক্ষিণ জর্জিয়া সময়","দক্ষিণ জর্জিয়া সময়"]},"Asia/Yekaterinburg":{"long":["ইয়েকাতেরিনবুর্গ মানক সময়","ইয়েকাতেরিনবুর্গ গ্রীষ্মকালীন সময়"]},"Antarctica/Syowa":{"long":["সায়োওয়া সময়","সায়োওয়া সময়"]},"Pacific/Tahiti":{"long":["তাহিতি সময়","তাহিতি সময়"]},"Asia/Taipei":{"long":["তাইপেই মানক সময়","তাইপেই দিবালোক সময়"]},"Asia/Tashkent":{"long":["উজবেকিস্তান মানক সময়","উজবেকিস্তান গ্রীষ্মকালীন সময়"]},"Pacific/Fakaofo":{"long":["টোকেলাউ সময়","টোকেলাউ সময়"]},"Pacific/Tongatapu":{"long":["টোঙ্গা মানক সময়","টোঙ্গা গ্রীষ্মকালীন সময়"]},"Pacific/Truk":{"long":["চুক সময়","চুক সময়"]},"Pacific/Funafuti":{"long":["টুভালু সময়","টুভালু সময়"]},"America/Montevideo":{"long":["উরুগুয়ে মানক সময়","উরুগুয়ে গ্রীষ্মকালীন সময়"]},"Pacific/Efate":{"long":["ভানুয়াতু মানক সময়","ভানুয়াতু গ্রীষ্মকালীন সময়"]},"America/Caracas":{"long":["ভেনেজুয়েলা সময়","ভেনেজুয়েলা সময়"]},"Asia/Vladivostok":{"long":["ভ্লাদিভস্তক মানক সময়","ভ্লাদিভস্তক গ্রীষ্মকালীন সময়"]},"Europe/Volgograd":{"long":["ভলগোগ্রাড মানক সময়","ভলগোগ্রাড গ্রীষ্মকালীন সময়"]},"Antarctica/Vostok":{"long":["ভসটক সময়","ভসটক সময়"]},"Pacific/Wake":{"long":["ওয়েক দ্বীপ সময়","ওয়েক দ্বীপ সময়"]},"Pacific/Wallis":{"long":["ওয়ালিস এবং ফুটুনা সময়","ওয়ালিস এবং ফুটুনা সময়"]},"Asia/Yakutsk":{"long":["ইয়াকুটাস্ক মানক সময়","ইয়াকুটাস্ক গ্রীষ্মকালীন সময়"]},"America/Whitehorse":{"long":["ইউকোন সময়","ইউকোন সময়"]},"UTC":{"long":["স্থানাংকিত আন্তর্জাতিক সময়","স্থানাংকিত আন্তর্জাতিক সময়"],"short":["UTC","UTC"]}},"gmtFormat":"GMT {0}","hourFormat":"+HH:mm;-HH:mm","dateFormat":{"full":"EEEE, d MMMM, y","long":"d MMMM, y","medium":"d MMM, y","short":"d/M/yy"},"timeFormat":{"full":"h:mm:ss a zzzz","long":"h:mm:ss a z","medium":"h:mm:ss a","short":"h:mm a"},"dateTimeFormat":{"full":"{1} {0}","long":"{1} {0}","medium":"{1} {0}","short":"{1} {0}"},"formats":{"gregory":{"Bh":"h B","Bhm":"h:mm B","Bhms":"h:mm:ss B","d":"d","E":"ccc","EBhm":"E h:mm B","EBhms":"E h:mm:ss B","Ed":"d E","Ehm":"E h:mm a","EHm":"E HH:mm","Ehms":"E h:mm:ss a","EHms":"E HH:mm:ss","Gy":"y G","GyMd":"dd-MM-y GGGGG","GyMMM":"MMM y G","GyMMMd":"d MMM, y G","GyMMMEd":"E, d MMM, y G","h":"h a","H":"HH","hm":"h:mm a","Hm":"HH:mm","hms":"h:mm:ss a","Hms":"HH:mm:ss","hmsv":"h:mm:ss a v","Hmsv":"HH:mm:ss v","hmv":"h:mm a v","Hmv":"HH:mm v","M":"L","Md":"d/M","MEd":"E, d-M","MMdd":"dd-MM","MMM":"LLL","MMMd":"d MMM","MMMEd":"E d MMM","MMMMd":"d MMMM","MMMMEd":"E d MMMM","ms":"mm:ss","y":"y","yM":"M/y","yMd":"d/M/y","yMEd":"E, d/M/y","yMM":"MM-y","yMMM":"MMM y","yMMMd":"d MMM, y","yMMMEd":"E, d MMM, y","yMMMM":"MMMM y","EEEE, d MMMM, y":"EEEE, d MMMM, y","d MMMM, y":"d MMMM, y","d MMM, y":"d MMM, y","d/M/yy":"d/M/yy","h:mm:ss a zzzz":"h:mm:ss a zzzz","h:mm:ss a z":"h:mm:ss a z","h:mm:ss a":"h:mm:ss a","h:mm a":"h:mm a","EEEE, d MMMM, y h:mm:ss a zzzz":"EEEE, d MMMM, y h:mm:ss a zzzz","d MMMM, y h:mm:ss a zzzz":"d MMMM, y h:mm:ss a zzzz","d MMM, y h:mm:ss a zzzz":"d MMM, y h:mm:ss a zzzz","d/M/yy h:mm:ss a zzzz":"d/M/yy h:mm:ss a zzzz","d h:mm:ss a zzzz":"d h:mm:ss a zzzz","E h:mm:ss a zzzz":"ccc h:mm:ss a zzzz","Ed h:mm:ss a zzzz":"d E h:mm:ss a zzzz","Gy h:mm:ss a zzzz":"y G h:mm:ss a zzzz","GyMd h:mm:ss a zzzz":"dd-MM-y GGGGG h:mm:ss a zzzz","GyMMM h:mm:ss a zzzz":"MMM y G h:mm:ss a zzzz","GyMMMd h:mm:ss a zzzz":"d MMM, y G h:mm:ss a zzzz","GyMMMEd h:mm:ss a zzzz":"E, d MMM, y G h:mm:ss a zzzz","M h:mm:ss a zzzz":"L h:mm:ss a zzzz","Md h:mm:ss a zzzz":"d/M h:mm:ss a zzzz","MEd h:mm:ss a zzzz":"E, d-M h:mm:ss a zzzz","MMdd h:mm:ss a zzzz":"dd-MM h:mm:ss a zzzz","MMM h:mm:ss a zzzz":"LLL h:mm:ss a zzzz","MMMd h:mm:ss a zzzz":"d MMM h:mm:ss a zzzz","MMMEd h:mm:ss a zzzz":"E d MMM h:mm:ss a zzzz","MMMMd h:mm:ss a zzzz":"d MMMM h:mm:ss a zzzz","MMMMEd h:mm:ss a zzzz":"E d MMMM h:mm:ss a zzzz","y h:mm:ss a zzzz":"y h:mm:ss a zzzz","yM h:mm:ss a zzzz":"M/y h:mm:ss a zzzz","yMd h:mm:ss a zzzz":"d/M/y h:mm:ss a zzzz","yMEd h:mm:ss a zzzz":"E, d/M/y h:mm:ss a zzzz","yMM h:mm:ss a zzzz":"MM-y h:mm:ss a zzzz","yMMM h:mm:ss a zzzz":"MMM y h:mm:ss a zzzz","yMMMd h:mm:ss a zzzz":"d MMM, y h:mm:ss a zzzz","yMMMEd h:mm:ss a zzzz":"E, d MMM, y h:mm:ss a zzzz","yMMMM h:mm:ss a zzzz":"MMMM y h:mm:ss a zzzz","EEEE, d MMMM, y h:mm:ss a z":"EEEE, d MMMM, y h:mm:ss a z","d MMMM, y h:mm:ss a z":"d MMMM, y h:mm:ss a z","d MMM, y h:mm:ss a z":"d MMM, y h:mm:ss a z","d/M/yy h:mm:ss a z":"d/M/yy h:mm:ss a z","d h:mm:ss a z":"d h:mm:ss a z","E h:mm:ss a z":"ccc h:mm:ss a z","Ed h:mm:ss a z":"d E h:mm:ss a z","Gy h:mm:ss a z":"y G h:mm:ss a z","GyMd h:mm:ss a z":"dd-MM-y GGGGG h:mm:ss a z","GyMMM h:mm:ss a z":"MMM y G h:mm:ss a z","GyMMMd h:mm:ss a z":"d MMM, y G h:mm:ss a z","GyMMMEd h:mm:ss a z":"E, d MMM, y G h:mm:ss a z","M h:mm:ss a z":"L h:mm:ss a z","Md h:mm:ss a z":"d/M h:mm:ss a z","MEd h:mm:ss a z":"E, d-M h:mm:ss a z","MMdd h:mm:ss a z":"dd-MM h:mm:ss a z","MMM h:mm:ss a z":"LLL h:mm:ss a z","MMMd h:mm:ss a z":"d MMM h:mm:ss a z","MMMEd h:mm:ss a z":"E d MMM h:mm:ss a z","MMMMd h:mm:ss a z":"d MMMM h:mm:ss a z","MMMMEd h:mm:ss a z":"E d MMMM h:mm:ss a z","y h:mm:ss a z":"y h:mm:ss a z","yM h:mm:ss a z":"M/y h:mm:ss a z","yMd h:mm:ss a z":"d/M/y h:mm:ss a z","yMEd h:mm:ss a z":"E, d/M/y h:mm:ss a z","yMM h:mm:ss a z":"MM-y h:mm:ss a z","yMMM h:mm:ss a z":"MMM y h:mm:ss a z","yMMMd h:mm:ss a z":"d MMM, y h:mm:ss a z","yMMMEd h:mm:ss a z":"E, d MMM, y h:mm:ss a z","yMMMM h:mm:ss a z":"MMMM y h:mm:ss a z","EEEE, d MMMM, y h:mm:ss a":"EEEE, d MMMM, y h:mm:ss a","d MMMM, y h:mm:ss a":"d MMMM, y h:mm:ss a","d MMM, y h:mm:ss a":"d MMM, y h:mm:ss a","d/M/yy h:mm:ss a":"d/M/yy h:mm:ss a","d h:mm:ss a":"d h:mm:ss a","E h:mm:ss a":"ccc h:mm:ss a","Ed h:mm:ss a":"d E h:mm:ss a","Gy h:mm:ss a":"y G h:mm:ss a","GyMd h:mm:ss a":"dd-MM-y GGGGG h:mm:ss a","GyMMM h:mm:ss a":"MMM y G h:mm:ss a","GyMMMd h:mm:ss a":"d MMM, y G h:mm:ss a","GyMMMEd h:mm:ss a":"E, d MMM, y G h:mm:ss a","M h:mm:ss a":"L h:mm:ss a","Md h:mm:ss a":"d/M h:mm:ss a","MEd h:mm:ss a":"E, d-M h:mm:ss a","MMdd h:mm:ss a":"dd-MM h:mm:ss a","MMM h:mm:ss a":"LLL h:mm:ss a","MMMd h:mm:ss a":"d MMM h:mm:ss a","MMMEd h:mm:ss a":"E d MMM h:mm:ss a","MMMMd h:mm:ss a":"d MMMM h:mm:ss a","MMMMEd h:mm:ss a":"E d MMMM h:mm:ss a","y h:mm:ss a":"y h:mm:ss a","yM h:mm:ss a":"M/y h:mm:ss a","yMd h:mm:ss a":"d/M/y h:mm:ss a","yMEd h:mm:ss a":"E, d/M/y h:mm:ss a","yMM h:mm:ss a":"MM-y h:mm:ss a","yMMM h:mm:ss a":"MMM y h:mm:ss a","yMMMd h:mm:ss a":"d MMM, y h:mm:ss a","yMMMEd h:mm:ss a":"E, d MMM, y h:mm:ss a","yMMMM h:mm:ss a":"MMMM y h:mm:ss a","EEEE, d MMMM, y h:mm a":"EEEE, d MMMM, y h:mm a","d MMMM, y h:mm a":"d MMMM, y h:mm a","d MMM, y h:mm a":"d MMM, y h:mm a","d/M/yy h:mm a":"d/M/yy h:mm a","d h:mm a":"d h:mm a","E h:mm a":"ccc h:mm a","Ed h:mm a":"d E h:mm a","Gy h:mm a":"y G h:mm a","GyMd h:mm a":"dd-MM-y GGGGG h:mm a","GyMMM h:mm a":"MMM y G h:mm a","GyMMMd h:mm a":"d MMM, y G h:mm a","GyMMMEd h:mm a":"E, d MMM, y G h:mm a","M h:mm a":"L h:mm a","Md h:mm a":"d/M h:mm a","MEd h:mm a":"E, d-M h:mm a","MMdd h:mm a":"dd-MM h:mm a","MMM h:mm a":"LLL h:mm a","MMMd h:mm a":"d MMM h:mm a","MMMEd h:mm a":"E d MMM h:mm a","MMMMd h:mm a":"d MMMM h:mm a","MMMMEd h:mm a":"E d MMMM h:mm a","y h:mm a":"y h:mm a","yM h:mm a":"M/y h:mm a","yMd h:mm a":"d/M/y h:mm a","yMEd h:mm a":"E, d/M/y h:mm a","yMM h:mm a":"MM-y h:mm a","yMMM h:mm a":"MMM y h:mm a","yMMMd h:mm a":"d MMM, y h:mm a","yMMMEd h:mm a":"E, d MMM, y h:mm a","yMMMM h:mm a":"MMMM y h:mm a","EEEE, d MMMM, y Bh":"EEEE, d MMMM, y h B","d MMMM, y Bh":"d MMMM, y h B","d MMM, y Bh":"d MMM, y h B","d/M/yy Bh":"d/M/yy h B","d Bh":"d h B","E Bh":"ccc h B","Ed Bh":"d E h B","Gy Bh":"y G h B","GyMd Bh":"dd-MM-y GGGGG h B","GyMMM Bh":"MMM y G h B","GyMMMd Bh":"d MMM, y G h B","GyMMMEd Bh":"E, d MMM, y G h B","M Bh":"L h B","Md Bh":"d/M h B","MEd Bh":"E, d-M h B","MMdd Bh":"dd-MM h B","MMM Bh":"LLL h B","MMMd Bh":"d MMM h B","MMMEd Bh":"E d MMM h B","MMMMd Bh":"d MMMM h B","MMMMEd Bh":"E d MMMM h B","y Bh":"y h B","yM Bh":"M/y h B","yMd Bh":"d/M/y h B","yMEd Bh":"E, d/M/y h B","yMM Bh":"MM-y h B","yMMM Bh":"MMM y h B","yMMMd Bh":"d MMM, y h B","yMMMEd Bh":"E, d MMM, y h B","yMMMM Bh":"MMMM y h B","EEEE, d MMMM, y Bhm":"EEEE, d MMMM, y h:mm B","d MMMM, y Bhm":"d MMMM, y h:mm B","d MMM, y Bhm":"d MMM, y h:mm B","d/M/yy Bhm":"d/M/yy h:mm B","d Bhm":"d h:mm B","E Bhm":"ccc h:mm B","Ed Bhm":"d E h:mm B","Gy Bhm":"y G h:mm B","GyMd Bhm":"dd-MM-y GGGGG h:mm B","GyMMM Bhm":"MMM y G h:mm B","GyMMMd Bhm":"d MMM, y G h:mm B","GyMMMEd Bhm":"E, d MMM, y G h:mm B","M Bhm":"L h:mm B","Md Bhm":"d/M h:mm B","MEd Bhm":"E, d-M h:mm B","MMdd Bhm":"dd-MM h:mm B","MMM Bhm":"LLL h:mm B","MMMd Bhm":"d MMM h:mm B","MMMEd Bhm":"E d MMM h:mm B","MMMMd Bhm":"d MMMM h:mm B","MMMMEd Bhm":"E d MMMM h:mm B","y Bhm":"y h:mm B","yM Bhm":"M/y h:mm B","yMd Bhm":"d/M/y h:mm B","yMEd Bhm":"E, d/M/y h:mm B","yMM Bhm":"MM-y h:mm B","yMMM Bhm":"MMM y h:mm B","yMMMd Bhm":"d MMM, y h:mm B","yMMMEd Bhm":"E, d MMM, y h:mm B","yMMMM Bhm":"MMMM y h:mm B","EEEE, d MMMM, y Bhms":"EEEE, d MMMM, y h:mm:ss B","d MMMM, y Bhms":"d MMMM, y h:mm:ss B","d MMM, y Bhms":"d MMM, y h:mm:ss B","d/M/yy Bhms":"d/M/yy h:mm:ss B","d Bhms":"d h:mm:ss B","E Bhms":"ccc h:mm:ss B","Ed Bhms":"d E h:mm:ss B","Gy Bhms":"y G h:mm:ss B","GyMd Bhms":"dd-MM-y GGGGG h:mm:ss B","GyMMM Bhms":"MMM y G h:mm:ss B","GyMMMd Bhms":"d MMM, y G h:mm:ss B","GyMMMEd Bhms":"E, d MMM, y G h:mm:ss B","M Bhms":"L h:mm:ss B","Md Bhms":"d/M h:mm:ss B","MEd Bhms":"E, d-M h:mm:ss B","MMdd Bhms":"dd-MM h:mm:ss B","MMM Bhms":"LLL h:mm:ss B","MMMd Bhms":"d MMM h:mm:ss B","MMMEd Bhms":"E d MMM h:mm:ss B","MMMMd Bhms":"d MMMM h:mm:ss B","MMMMEd Bhms":"E d MMMM h:mm:ss B","y Bhms":"y h:mm:ss B","yM Bhms":"M/y h:mm:ss B","yMd Bhms":"d/M/y h:mm:ss B","yMEd Bhms":"E, d/M/y h:mm:ss B","yMM Bhms":"MM-y h:mm:ss B","yMMM Bhms":"MMM y h:mm:ss B","yMMMd Bhms":"d MMM, y h:mm:ss B","yMMMEd Bhms":"E, d MMM, y h:mm:ss B","yMMMM Bhms":"MMMM y h:mm:ss B","EEEE, d MMMM, y h":"EEEE, d MMMM, y h a","d MMMM, y h":"d MMMM, y h a","d MMM, y h":"d MMM, y h a","d/M/yy h":"d/M/yy h a","d h":"d h a","E h":"ccc h a","Ed h":"d E h a","Gy h":"y G h a","GyMd h":"dd-MM-y GGGGG h a","GyMMM h":"MMM y G h a","GyMMMd h":"d MMM, y G h a","GyMMMEd h":"E, d MMM, y G h a","M h":"L h a","Md h":"d/M h a","MEd h":"E, d-M h a","MMdd h":"dd-MM h a","MMM h":"LLL h a","MMMd h":"d MMM h a","MMMEd h":"E d MMM h a","MMMMd h":"d MMMM h a","MMMMEd h":"E d MMMM h a","y h":"y h a","yM h":"M/y h a","yMd h":"d/M/y h a","yMEd h":"E, d/M/y h a","yMM h":"MM-y h a","yMMM h":"MMM y h a","yMMMd h":"d MMM, y h a","yMMMEd h":"E, d MMM, y h a","yMMMM h":"MMMM y h a","EEEE, d MMMM, y H":"EEEE, d MMMM, y HH","d MMMM, y H":"d MMMM, y HH","d MMM, y H":"d MMM, y HH","d/M/yy H":"d/M/yy HH","d H":"d HH","E H":"ccc HH","Ed H":"d E HH","Gy H":"y G HH","GyMd H":"dd-MM-y GGGGG HH","GyMMM H":"MMM y G HH","GyMMMd H":"d MMM, y G HH","GyMMMEd H":"E, d MMM, y G HH","M H":"L HH","Md H":"d/M HH","MEd H":"E, d-M HH","MMdd H":"dd-MM HH","MMM H":"LLL HH","MMMd H":"d MMM HH","MMMEd H":"E d MMM HH","MMMMd H":"d MMMM HH","MMMMEd H":"E d MMMM HH","y H":"y HH","yM H":"M/y HH","yMd H":"d/M/y HH","yMEd H":"E, d/M/y HH","yMM H":"MM-y HH","yMMM H":"MMM y HH","yMMMd H":"d MMM, y HH","yMMMEd H":"E, d MMM, y HH","yMMMM H":"MMMM y HH","EEEE, d MMMM, y hm":"EEEE, d MMMM, y h:mm a","d MMMM, y hm":"d MMMM, y h:mm a","d MMM, y hm":"d MMM, y h:mm a","d/M/yy hm":"d/M/yy h:mm a","d hm":"d h:mm a","E hm":"ccc h:mm a","Ed hm":"d E h:mm a","Gy hm":"y G h:mm a","GyMd hm":"dd-MM-y GGGGG h:mm a","GyMMM hm":"MMM y G h:mm a","GyMMMd hm":"d MMM, y G h:mm a","GyMMMEd hm":"E, d MMM, y G h:mm a","M hm":"L h:mm a","Md hm":"d/M h:mm a","MEd hm":"E, d-M h:mm a","MMdd hm":"dd-MM h:mm a","MMM hm":"LLL h:mm a","MMMd hm":"d MMM h:mm a","MMMEd hm":"E d MMM h:mm a","MMMMd hm":"d MMMM h:mm a","MMMMEd hm":"E d MMMM h:mm a","y hm":"y h:mm a","yM hm":"M/y h:mm a","yMd hm":"d/M/y h:mm a","yMEd hm":"E, d/M/y h:mm a","yMM hm":"MM-y h:mm a","yMMM hm":"MMM y h:mm a","yMMMd hm":"d MMM, y h:mm a","yMMMEd hm":"E, d MMM, y h:mm a","yMMMM hm":"MMMM y h:mm a","EEEE, d MMMM, y Hm":"EEEE, d MMMM, y HH:mm","d MMMM, y Hm":"d MMMM, y HH:mm","d MMM, y Hm":"d MMM, y HH:mm","d/M/yy Hm":"d/M/yy HH:mm","d Hm":"d HH:mm","E Hm":"ccc HH:mm","Ed Hm":"d E HH:mm","Gy Hm":"y G HH:mm","GyMd Hm":"dd-MM-y GGGGG HH:mm","GyMMM Hm":"MMM y G HH:mm","GyMMMd Hm":"d MMM, y G HH:mm","GyMMMEd Hm":"E, d MMM, y G HH:mm","M Hm":"L HH:mm","Md Hm":"d/M HH:mm","MEd Hm":"E, d-M HH:mm","MMdd Hm":"dd-MM HH:mm","MMM Hm":"LLL HH:mm","MMMd Hm":"d MMM HH:mm","MMMEd Hm":"E d MMM HH:mm","MMMMd Hm":"d MMMM HH:mm","MMMMEd Hm":"E d MMMM HH:mm","y Hm":"y HH:mm","yM Hm":"M/y HH:mm","yMd Hm":"d/M/y HH:mm","yMEd Hm":"E, d/M/y HH:mm","yMM Hm":"MM-y HH:mm","yMMM Hm":"MMM y HH:mm","yMMMd Hm":"d MMM, y HH:mm","yMMMEd Hm":"E, d MMM, y HH:mm","yMMMM Hm":"MMMM y HH:mm","EEEE, d MMMM, y hms":"EEEE, d MMMM, y h:mm:ss a","d MMMM, y hms":"d MMMM, y h:mm:ss a","d MMM, y hms":"d MMM, y h:mm:ss a","d/M/yy hms":"d/M/yy h:mm:ss a","d hms":"d h:mm:ss a","E hms":"ccc h:mm:ss a","Ed hms":"d E h:mm:ss a","Gy hms":"y G h:mm:ss a","GyMd hms":"dd-MM-y GGGGG h:mm:ss a","GyMMM hms":"MMM y G h:mm:ss a","GyMMMd hms":"d MMM, y G h:mm:ss a","GyMMMEd hms":"E, d MMM, y G h:mm:ss a","M hms":"L h:mm:ss a","Md hms":"d/M h:mm:ss a","MEd hms":"E, d-M h:mm:ss a","MMdd hms":"dd-MM h:mm:ss a","MMM hms":"LLL h:mm:ss a","MMMd hms":"d MMM h:mm:ss a","MMMEd hms":"E d MMM h:mm:ss a","MMMMd hms":"d MMMM h:mm:ss a","MMMMEd hms":"E d MMMM h:mm:ss a","y hms":"y h:mm:ss a","yM hms":"M/y h:mm:ss a","yMd hms":"d/M/y h:mm:ss a","yMEd hms":"E, d/M/y h:mm:ss a","yMM hms":"MM-y h:mm:ss a","yMMM hms":"MMM y h:mm:ss a","yMMMd hms":"d MMM, y h:mm:ss a","yMMMEd hms":"E, d MMM, y h:mm:ss a","yMMMM hms":"MMMM y h:mm:ss a","EEEE, d MMMM, y Hms":"EEEE, d MMMM, y HH:mm:ss","d MMMM, y Hms":"d MMMM, y HH:mm:ss","d MMM, y Hms":"d MMM, y HH:mm:ss","d/M/yy Hms":"d/M/yy HH:mm:ss","d Hms":"d HH:mm:ss","E Hms":"ccc HH:mm:ss","Ed Hms":"d E HH:mm:ss","Gy Hms":"y G HH:mm:ss","GyMd Hms":"dd-MM-y GGGGG HH:mm:ss","GyMMM Hms":"MMM y G HH:mm:ss","GyMMMd Hms":"d MMM, y G HH:mm:ss","GyMMMEd Hms":"E, d MMM, y G HH:mm:ss","M Hms":"L HH:mm:ss","Md Hms":"d/M HH:mm:ss","MEd Hms":"E, d-M HH:mm:ss","MMdd Hms":"dd-MM HH:mm:ss","MMM Hms":"LLL HH:mm:ss","MMMd Hms":"d MMM HH:mm:ss","MMMEd Hms":"E d MMM HH:mm:ss","MMMMd Hms":"d MMMM HH:mm:ss","MMMMEd Hms":"E d MMMM HH:mm:ss","y Hms":"y HH:mm:ss","yM Hms":"M/y HH:mm:ss","yMd Hms":"d/M/y HH:mm:ss","yMEd Hms":"E, d/M/y HH:mm:ss","yMM Hms":"MM-y HH:mm:ss","yMMM Hms":"MMM y HH:mm:ss","yMMMd Hms":"d MMM, y HH:mm:ss","yMMMEd Hms":"E, d MMM, y HH:mm:ss","yMMMM Hms":"MMMM y HH:mm:ss","EEEE, d MMMM, y hmsv":"EEEE, d MMMM, y h:mm:ss a v","d MMMM, y hmsv":"d MMMM, y h:mm:ss a v","d MMM, y hmsv":"d MMM, y h:mm:ss a v","d/M/yy hmsv":"d/M/yy h:mm:ss a v","d hmsv":"d h:mm:ss a v","E hmsv":"ccc h:mm:ss a v","Ed hmsv":"d E h:mm:ss a v","Gy hmsv":"y G h:mm:ss a v","GyMd hmsv":"dd-MM-y GGGGG h:mm:ss a v","GyMMM hmsv":"MMM y G h:mm:ss a v","GyMMMd hmsv":"d MMM, y G h:mm:ss a v","GyMMMEd hmsv":"E, d MMM, y G h:mm:ss a v","M hmsv":"L h:mm:ss a v","Md hmsv":"d/M h:mm:ss a v","MEd hmsv":"E, d-M h:mm:ss a v","MMdd hmsv":"dd-MM h:mm:ss a v","MMM hmsv":"LLL h:mm:ss a v","MMMd hmsv":"d MMM h:mm:ss a v","MMMEd hmsv":"E d MMM h:mm:ss a v","MMMMd hmsv":"d MMMM h:mm:ss a v","MMMMEd hmsv":"E d MMMM h:mm:ss a v","y hmsv":"y h:mm:ss a v","yM hmsv":"M/y h:mm:ss a v","yMd hmsv":"d/M/y h:mm:ss a v","yMEd hmsv":"E, d/M/y h:mm:ss a v","yMM hmsv":"MM-y h:mm:ss a v","yMMM hmsv":"MMM y h:mm:ss a v","yMMMd hmsv":"d MMM, y h:mm:ss a v","yMMMEd hmsv":"E, d MMM, y h:mm:ss a v","yMMMM hmsv":"MMMM y h:mm:ss a v","EEEE, d MMMM, y Hmsv":"EEEE, d MMMM, y HH:mm:ss v","d MMMM, y Hmsv":"d MMMM, y HH:mm:ss v","d MMM, y Hmsv":"d MMM, y HH:mm:ss v","d/M/yy Hmsv":"d/M/yy HH:mm:ss v","d Hmsv":"d HH:mm:ss v","E Hmsv":"ccc HH:mm:ss v","Ed Hmsv":"d E HH:mm:ss v","Gy Hmsv":"y G HH:mm:ss v","GyMd Hmsv":"dd-MM-y GGGGG HH:mm:ss v","GyMMM Hmsv":"MMM y G HH:mm:ss v","GyMMMd Hmsv":"d MMM, y G HH:mm:ss v","GyMMMEd Hmsv":"E, d MMM, y G HH:mm:ss v","M Hmsv":"L HH:mm:ss v","Md Hmsv":"d/M HH:mm:ss v","MEd Hmsv":"E, d-M HH:mm:ss v","MMdd Hmsv":"dd-MM HH:mm:ss v","MMM Hmsv":"LLL HH:mm:ss v","MMMd Hmsv":"d MMM HH:mm:ss v","MMMEd Hmsv":"E d MMM HH:mm:ss v","MMMMd Hmsv":"d MMMM HH:mm:ss v","MMMMEd Hmsv":"E d MMMM HH:mm:ss v","y Hmsv":"y HH:mm:ss v","yM Hmsv":"M/y HH:mm:ss v","yMd Hmsv":"d/M/y HH:mm:ss v","yMEd Hmsv":"E, d/M/y HH:mm:ss v","yMM Hmsv":"MM-y HH:mm:ss v","yMMM Hmsv":"MMM y HH:mm:ss v","yMMMd Hmsv":"d MMM, y HH:mm:ss v","yMMMEd Hmsv":"E, d MMM, y HH:mm:ss v","yMMMM Hmsv":"MMMM y HH:mm:ss v","EEEE, d MMMM, y hmv":"EEEE, d MMMM, y h:mm a v","d MMMM, y hmv":"d MMMM, y h:mm a v","d MMM, y hmv":"d MMM, y h:mm a v","d/M/yy hmv":"d/M/yy h:mm a v","d hmv":"d h:mm a v","E hmv":"ccc h:mm a v","Ed hmv":"d E h:mm a v","Gy hmv":"y G h:mm a v","GyMd hmv":"dd-MM-y GGGGG h:mm a v","GyMMM hmv":"MMM y G h:mm a v","GyMMMd hmv":"d MMM, y G h:mm a v","GyMMMEd hmv":"E, d MMM, y G h:mm a v","M hmv":"L h:mm a v","Md hmv":"d/M h:mm a v","MEd hmv":"E, d-M h:mm a v","MMdd hmv":"dd-MM h:mm a v","MMM hmv":"LLL h:mm a v","MMMd hmv":"d MMM h:mm a v","MMMEd hmv":"E d MMM h:mm a v","MMMMd hmv":"d MMMM h:mm a v","MMMMEd hmv":"E d MMMM h:mm a v","y hmv":"y h:mm a v","yM hmv":"M/y h:mm a v","yMd hmv":"d/M/y h:mm a v","yMEd hmv":"E, d/M/y h:mm a v","yMM hmv":"MM-y h:mm a v","yMMM hmv":"MMM y h:mm a v","yMMMd hmv":"d MMM, y h:mm a v","yMMMEd hmv":"E, d MMM, y h:mm a v","yMMMM hmv":"MMMM y h:mm a v","EEEE, d MMMM, y Hmv":"EEEE, d MMMM, y HH:mm v","d MMMM, y Hmv":"d MMMM, y HH:mm v","d MMM, y Hmv":"d MMM, y HH:mm v","d/M/yy Hmv":"d/M/yy HH:mm v","d Hmv":"d HH:mm v","E Hmv":"ccc HH:mm v","Ed Hmv":"d E HH:mm v","Gy Hmv":"y G HH:mm v","GyMd Hmv":"dd-MM-y GGGGG HH:mm v","GyMMM Hmv":"MMM y G HH:mm v","GyMMMd Hmv":"d MMM, y G HH:mm v","GyMMMEd Hmv":"E, d MMM, y G HH:mm v","M Hmv":"L HH:mm v","Md Hmv":"d/M HH:mm v","MEd Hmv":"E, d-M HH:mm v","MMdd Hmv":"dd-MM HH:mm v","MMM Hmv":"LLL HH:mm v","MMMd Hmv":"d MMM HH:mm v","MMMEd Hmv":"E d MMM HH:mm v","MMMMd Hmv":"d MMMM HH:mm v","MMMMEd Hmv":"E d MMMM HH:mm v","y Hmv":"y HH:mm v","yM Hmv":"M/y HH:mm v","yMd Hmv":"d/M/y HH:mm v","yMEd Hmv":"E, d/M/y HH:mm v","yMM Hmv":"MM-y HH:mm v","yMMM Hmv":"MMM y HH:mm v","yMMMd Hmv":"d MMM, y HH:mm v","yMMMEd Hmv":"E, d MMM, y HH:mm v","yMMMM Hmv":"MMMM y HH:mm v","EEEE, d MMMM, y ms":"EEEE, d MMMM, y mm:ss","d MMMM, y ms":"d MMMM, y mm:ss","d MMM, y ms":"d MMM, y mm:ss","d/M/yy ms":"d/M/yy mm:ss","d ms":"d mm:ss","E ms":"ccc mm:ss","Ed ms":"d E mm:ss","Gy ms":"y G mm:ss","GyMd ms":"dd-MM-y GGGGG mm:ss","GyMMM ms":"MMM y G mm:ss","GyMMMd ms":"d MMM, y G mm:ss","GyMMMEd ms":"E, d MMM, y G mm:ss","M ms":"L mm:ss","Md ms":"d/M mm:ss","MEd ms":"E, d-M mm:ss","MMdd ms":"dd-MM mm:ss","MMM ms":"LLL mm:ss","MMMd ms":"d MMM mm:ss","MMMEd ms":"E d MMM mm:ss","MMMMd ms":"d MMMM mm:ss","MMMMEd ms":"E d MMMM mm:ss","y ms":"y mm:ss","yM ms":"M/y mm:ss","yMd ms":"d/M/y mm:ss","yMEd ms":"E, d/M/y mm:ss","yMM ms":"MM-y mm:ss","yMMM ms":"MMM y mm:ss","yMMMd ms":"d MMM, y mm:ss","yMMMEd ms":"E, d MMM, y mm:ss","yMMMM ms":"MMMM y mm:ss"}},"intervalFormats":{"intervalFormatFallback":"{0} – {1}","Bh":{"B":"h B – h B","h":"h–h B"},"Bhm":{"B":"h:mm B – h:mm B","h":"h:mm–h:mm B","m":"h:mm–h:mm B"},"d":{"d":"d–d"},"Gy":{"G":"y G – y G","y":"y – y G"},"GyM":{"G":"M/y GGGGG – M/y GGGGG","M":"M/y – M/y GGGGG","y":"M/y – M/y GGGGG"},"GyMd":{"d":"d/M/y – d/M/y GGGGG","G":"d/M/y GGGGG – d/M/y GGGGG","M":"d/M/y – d/M/y GGGGG","y":"d/M/y – d/M/y GGGGG"},"GyMEd":{"d":"E, d/M/y – E, d/M/y GGGGG","G":"E, d/M/y GGGGG – E, d/M/y GGGGG","M":"E, d/M/y GGGGG – E, d/M/y GGGGG","y":"E, d/M/y – E, d/M/y GGGGG"},"GyMMM":{"G":"MMM y G – MMM y G","M":"MMM – MMM y G","y":"MMM y – MMM y G"},"GyMMMd":{"d":"d – d MMM, y G","G":"d MMM, y G – d MMM, y G","M":"d MMM – d MMM, y G","y":"d MMM, y – d MMM, y G"},"GyMMMEd":{"d":"E, d MMM – E, d MMM, y G","G":"E, d MMM, y G – E, d MMM, y G","M":"E, d MMM – E, d MMM, y G","y":"E, d MMM, y – E, d MMM, y G"},"h":{"a":"h a – h a","h":"h–h a"},"H":{"H":"HH–HH"},"hm":{"a":"h:mm a – h:mm a","h":"h:mm–h:mm a","m":"h:mm–h:mm a"},"Hm":{"H":"HH:mm–HH:mm","m":"HH:mm–HH:mm"},"hmv":{"a":"h:mm a – h:mm a v","h":"h:mm–h:mm a v","m":"h:mm–h:mm a v"},"Hmv":{"H":"HH:mm–HH:mm v","m":"HH:mm–HH:mm v"},"hv":{"a":"h a – h a v","h":"h–h a v"},"Hv":{"H":"HH–HH v"},"M":{"M":"M–M"},"Md":{"d":"d/M – d/M","M":"d/M – d/M"},"MEd":{"d":"E, d/M – E, d/M","M":"E, d/M – E, d/M"},"MMM":{"M":"MMM – MMM"},"MMMd":{"d":"d–d MMM","M":"d MMM – d MMM"},"MMMEd":{"d":"E, d MMM – E, d MMM","M":"E, d MMM – E, d MMM"},"y":{"y":"y–y"},"yM":{"M":"M/y – M/y","y":"M/y – M/y"},"yMd":{"d":"d/M/y – d/M/y","M":"d/M/y – d/M/y","y":"d/M/y – d/M/y"},"yMEd":{"d":"E, d/M/y – E, d/M/y","M":"E, d/M/y – E, d/M/y","y":"E, d/M/y – E, d/M/y"},"yMMM":{"M":"MMM–MMM y","y":"MMM y – MMM y"},"yMMMd":{"d":"d–d MMM, y","M":"d MMM – d MMM, y","y":"d MMM, y – d MMM, y"},"yMMMEd":{"d":"E, d MMM – E, d MMM, y","M":"E, d MMM – E, d MMM, y","y":"E, d MMM, y – E, d MMM, y"},"yMMMM":{"M":"MMMM–MMMM y","y":"MMMM y – MMMM y"}},"hourCycle":"h12","nu":["beng"],"ca":["gregory","islamic","islamicc","islamic-tbla"],"hc":["h12","","h23"]},"locale":"bn"}