{"data":{"am":"AM","pm":"PM","weekday":{"narrow":["P","E","T","K","N","R","L"],"short":["P","E","T","K","N","R","L"],"long":["pühapäev","esmaspäev","teisipäev","kolmapäev","neljapäev","reede","laupäev"]},"era":{"narrow":{"BC":"eKr","AD":"pKr"},"short":{"BC":"eKr","AD":"pKr"},"long":{"BC":"enne Kristust","AD":"pärast Kristust"}},"month":{"narrow":["J","V","M","A","M","J","J","A","S","O","N","D"],"short":["jaan","veebr","märts","apr","mai","juuni","juuli","aug","sept","okt","nov","dets"],"long":["jaanuar","veebruar","märts","aprill","mai","juuni","juuli","august","september","oktoober","november","detsember"]},"timeZoneName":{"America/Rio_Branco":{"long":["Acre standardaeg","Acre suveaeg"]},"Asia/Kabul":{"long":["Afganistani aeg","Afganistani aeg"]},"Africa/Maputo":{"long":["Kesk-Aafrika aeg","Kesk-Aafrika aeg"]},"Africa/Bujumbura":{"long":["Kesk-Aafrika aeg","Kesk-Aafrika aeg"]},"Africa/Gaborone":{"long":["Kesk-Aafrika aeg","Kesk-Aafrika aeg"]},"Africa/Lubumbashi":{"long":["Kesk-Aafrika aeg","Kesk-Aafrika aeg"]},"Africa/Blantyre":{"long":["Kesk-Aafrika aeg","Kesk-Aafrika aeg"]},"Africa/Kigali":{"long":["Kesk-Aafrika aeg","Kesk-Aafrika aeg"]},"Africa/Lusaka":{"long":["Kesk-Aafrika aeg","Kesk-Aafrika aeg"]},"Africa/Harare":{"long":["Kesk-Aafrika aeg","Kesk-Aafrika aeg"]},"Africa/Nairobi":{"long":["Ida-Aafrika aeg","Ida-Aafrika aeg"]},"Africa/Djibouti":{"long":["Ida-Aafrika aeg","Ida-Aafrika aeg"]},"Africa/Asmera":{"long":["Ida-Aafrika aeg","Ida-Aafrika aeg"]},"Africa/Addis_Ababa":{"long":["Ida-Aafrika aeg","Ida-Aafrika aeg"]},"Indian/Comoro":{"long":["Ida-Aafrika aeg","Ida-Aafrika aeg"]},"Indian/Antananarivo":{"long":["Ida-Aafrika aeg","Ida-Aafrika aeg"]},"Africa/Mogadishu":{"long":["Ida-Aafrika aeg","Ida-Aafrika aeg"]},"Africa/Dar_es_Salaam":{"long":["Ida-Aafrika aeg","Ida-Aafrika aeg"]},"Africa/Kampala":{"long":["Ida-Aafrika aeg","Ida-Aafrika aeg"]},"Indian/Mayotte":{"long":["Ida-Aafrika aeg","Ida-Aafrika aeg"]},"Africa/Johannesburg":{"long":["Lõuna-Aafrika standardaeg","Lõuna-Aafrika standardaeg"]},"Africa/Maseru":{"long":["Lõuna-Aafrika standardaeg","Lõuna-Aafrika standardaeg"]},"Africa/Mbabane":{"long":["Lõuna-Aafrika standardaeg","Lõuna-Aafrika standardaeg"]},"Africa/Lagos":{"long":["Lääne-Aafrika standardaeg","Lääne-Aafrika suveaeg"]},"Africa/Luanda":{"long":["Lääne-Aafrika standardaeg","Lääne-Aafrika suveaeg"]},"Africa/Porto-Novo":{"long":["Lääne-Aafrika standardaeg","Lääne-Aafrika suveaeg"]},"Africa/Kinshasa":{"long":["Lääne-Aafrika standardaeg","Lääne-Aafrika suveaeg"]},"Africa/Bangui":{"long":["Lääne-Aafrika standardaeg","Lääne-Aafrika suveaeg"]},"Africa/Brazzaville":{"long":["Lääne-Aafrika standardaeg","Lääne-Aafrika suveaeg"]},"Africa/Douala":{"long":["Lääne-Aafrika standardaeg","Lääne-Aafrika suveaeg"]},"Africa/Libreville":{"long":["Lääne-Aafrika standardaeg","Lääne-Aafrika suveaeg"]},"Africa/Malabo":{"long":["Lääne-Aafrika standardaeg","Lääne-Aafrika suveaeg"]},"Africa/Niamey":{"long":["Lääne-Aafrika standardaeg","Lääne-Aafrika suveaeg"]},"Africa/Ndjamena":{"long":["Lääne-Aafrika standardaeg","Lääne-Aafrika suveaeg"]},"Asia/Aqtobe":{"long":["Lääne-Kasahstani aeg","Lääne-Kasahstani aeg"]},"America/Juneau":{"long":["Alaska standardaeg","Alaska suveaeg"]},"Asia/Almaty":{"long":["Ida-Kasahstani aeg","Ida-Kasahstani aeg"]},"America/Manaus":{"long":["Amazonase standardaeg","Amazonase suveaeg"]},"America/Chicago":{"long":["Kesk-Ameerika standardaeg","Kesk-Ameerika suveaeg"]},"America/Belize":{"long":["Kesk-Ameerika standardaeg","Kesk-Ameerika suveaeg"]},"America/Winnipeg":{"long":["Kesk-Ameerika standardaeg","Kesk-Ameerika suveaeg"]},"America/Costa_Rica":{"long":["Kesk-Ameerika standardaeg","Kesk-Ameerika suveaeg"]},"America/Guatemala":{"long":["Kesk-Ameerika standardaeg","Kesk-Ameerika suveaeg"]},"America/Tegucigalpa":{"long":["Kesk-Ameerika standardaeg","Kesk-Ameerika suveaeg"]},"America/Mexico_City":{"long":["Kesk-Ameerika standardaeg","Kesk-Ameerika suveaeg"]},"America/El_Salvador":{"long":["Kesk-Ameerika standardaeg","Kesk-Ameerika suveaeg"]},"America/New_York":{"long":["Idaranniku standardaeg","Idaranniku suveaeg"]},"America/Nassau":{"long":["Idaranniku standardaeg","Idaranniku suveaeg"]},"America/Toronto":{"long":["Idaranniku standardaeg","Idaranniku suveaeg"]},"America/Port-au-Prince":{"long":["Idaranniku standardaeg","Idaranniku suveaeg"]},"America/Jamaica":{"long":["Idaranniku standardaeg","Idaranniku suveaeg"]},"America/Cayman":{"long":["Idaranniku standardaeg","Idaranniku suveaeg"]},"America/Panama":{"long":["Idaranniku standardaeg","Idaranniku suveaeg"]},"America/Denver":{"long":["Mäestikuvööndi standardaeg","Mäestikuvööndi suveaeg"]},"America/Edmonton":{"long":["Mäestikuvööndi standardaeg","Mäestikuvööndi suveaeg"]},"America/Hermosillo":{"long":["Mäestikuvööndi standardaeg","Mäestikuvööndi suveaeg"]},"America/Los_Angeles":{"long":["Vaikse ookeani standardaeg","Vaikse ookeani suveaeg"]},"America/Vancouver":{"long":["Vaikse ookeani standardaeg","Vaikse ookeani suveaeg"]},"America/Tijuana":{"long":["Vaikse ookeani standardaeg","Vaikse ookeani suveaeg"]},"Asia/Anadyr":{"long":["Anadõri standardaeg","Anadõri suveaeg"]},"Pacific/Apia":{"long":["Apia standardaeg","Apia suveaeg"]},"Asia/Riyadh":{"long":["Araabia standardaeg","Araabia suveaeg"]},"Asia/Bahrain":{"long":["Araabia standardaeg","Araabia suveaeg"]},"Asia/Baghdad":{"long":["Araabia standardaeg","Araabia suveaeg"]},"Asia/Kuwait":{"long":["Araabia standardaeg","Araabia suveaeg"]},"Asia/Qatar":{"long":["Araabia standardaeg","Araabia suveaeg"]},"Asia/Aden":{"long":["Araabia standardaeg","Araabia suveaeg"]},"America/Buenos_Aires":{"long":["Argentina standardaeg","Argentina suveaeg"]},"America/Argentina/San_Luis":{"long":["Lääne-Argentina standardaeg","Lääne-Argentina suveaeg"]},"Asia/Ashgabat":{"long":["Türkmenistani standardaeg","Türkmenistani suveaeg"]},"America/Halifax":{"long":["Atlandi standardaeg","Atlandi suveaeg"]},"America/Antigua":{"long":["Atlandi standardaeg","Atlandi suveaeg"]},"America/Anguilla":{"long":["Atlandi standardaeg","Atlandi suveaeg"]},"America/Aruba":{"long":["Atlandi standardaeg","Atlandi suveaeg"]},"America/Barbados":{"long":["Atlandi standardaeg","Atlandi suveaeg"]},"Atlantic/Bermuda":{"long":["Atlandi standardaeg","Atlandi suveaeg"]},"America/Kralendijk":{"long":["Atlandi standardaeg","Atlandi suveaeg"]},"America/Curacao":{"long":["Atlandi standardaeg","Atlandi suveaeg"]},"America/Dominica":{"long":["Atlandi standardaeg","Atlandi suveaeg"]},"America/Grenada":{"long":["Atlandi standardaeg","Atlandi suveaeg"]},"America/Thule":{"long":["Atlandi standardaeg","Atlandi suveaeg"]},"America/Guadeloupe":{"long":["Atlandi standardaeg","Atlandi suveaeg"]},"America/St_Kitts":{"long":["Atlandi standardaeg","Atlandi suveaeg"]},"America/St_Lucia":{"long":["Atlandi standardaeg","Atlandi suveaeg"]},"America/Marigot":{"long":["Atlandi standardaeg","Atlandi suveaeg"]},"America/Martinique":{"long":["Atlandi standardaeg","Atlandi suveaeg"]},"America/Montserrat":{"long":["Atlandi standardaeg","Atlandi suveaeg"]},"America/Puerto_Rico":{"long":["Atlandi standardaeg","Atlandi suveaeg"]},"America/Lower_Princes":{"long":["Atlandi standardaeg","Atlandi suveaeg"]},"America/Port_of_Spain":{"long":["Atlandi standardaeg","Atlandi suveaeg"]},"America/St_Vincent":{"long":["Atlandi standardaeg","Atlandi suveaeg"]},"America/Tortola":{"long":["Atlandi standardaeg","Atlandi suveaeg"]},"America/St_Thomas":{"long":["Atlandi standardaeg","Atlandi suveaeg"]},"Australia/Adelaide":{"long":["Kesk-Austraalia standardaeg","Kesk-Austraalia suveaeg"]},"Australia/Eucla":{"long":["Austraalia Kesk-Lääne standardaeg","Austraalia Kesk-Lääne suveaeg"]},"Australia/Sydney":{"long":["Ida-Austraalia standardaeg","Ida-Austraalia suveaeg"]},"Australia/Perth":{"long":["Lääne-Austraalia standardaeg","Lääne-Austraalia suveaeg"]},"Atlantic/Azores":{"long":["Assooride standardaeg","Assooride suveaeg"]},"Asia/Thimphu":{"long":["Bhutani aeg","Bhutani aeg"]},"America/La_Paz":{"long":["Boliivia aeg","Boliivia aeg"]},"Asia/Kuching":{"long":["Malaisia aeg","Malaisia aeg"]},"America/Sao_Paulo":{"long":["Brasiilia standardaeg","Brasiilia suveaeg"]},"Europe/London":{"long":["Greenwichi aeg","Greenwichi aeg"]},"Asia/Brunei":{"long":["Brunei aeg","Brunei aeg"]},"Atlantic/Cape_Verde":{"long":["Roheneemesaarte standardaeg","Roheneemesaarte suveaeg"]},"Antarctica/Casey":{"long":["Casey aeg","Casey aeg"]},"Pacific/Saipan":{"long":["Põhja-Mariaani aeg","Põhja-Mariaani aeg"]},"Pacific/Guam":{"long":["Guami standardaeg","Guami standardaeg"]},"Pacific/Chatham":{"long":["Chathami standardaeg","Chathami suveaeg"]},"America/Santiago":{"long":["Tšiili standardaeg","Tšiili suveaeg"]},"Asia/Shanghai":{"long":["Hiina standardaeg","Hiina suveaeg"]},"Asia/Choibalsan":{"long":["Tšojbalsani standardaeg","Tšojbalsani suveaeg"]},"Indian/Christmas":{"long":["Jõulusaare aeg","Jõulusaare aeg"]},"Indian/Cocos":{"long":["Kookossaarte aeg","Kookossaarte aeg"]},"America/Bogota":{"long":["Colombia standardaeg","Colombia suveaeg"]},"Pacific/Rarotonga":{"long":["Cooki saarte standardaeg","Cooki saarte osaline suveaeg"]},"America/Havana":{"long":["Kuuba standardaeg","Kuuba suveaeg"]},"Antarctica/Davis":{"long":["Davise aeg","Davise aeg"]},"Antarctica/DumontDUrville":{"long":["Dumont-d’Urville’i aeg","Dumont-d’Urville’i aeg"]},"Asia/Dushanbe":{"long":["Tadžikistani aeg","Tadžikistani aeg"]},"America/Paramaribo":{"long":["Suriname aeg","Suriname aeg"]},"Asia/Dili":{"long":["Ida-Timori aeg","Ida-Timori aeg"]},"Pacific/Easter":{"long":["Lihavõttesaare standardaeg","Lihavõttesaare suveaeg"]},"America/Guayaquil":{"long":["Ecuadori aeg","Ecuadori aeg"]},"Europe/Paris":{"long":["Kesk-Euroopa standardaeg","Kesk-Euroopa suveaeg"]},"Europe/Andorra":{"long":["Kesk-Euroopa standardaeg","Kesk-Euroopa suveaeg"]},"Europe/Tirane":{"long":["Kesk-Euroopa standardaeg","Kesk-Euroopa suveaeg"]},"Europe/Vienna":{"long":["Kesk-Euroopa standardaeg","Kesk-Euroopa suveaeg"]},"Europe/Sarajevo":{"long":["Kesk-Euroopa standardaeg","Kesk-Euroopa suveaeg"]},"Europe/Brussels":{"long":["Kesk-Euroopa standardaeg","Kesk-Euroopa suveaeg"]},"Europe/Zurich":{"long":["Kesk-Euroopa standardaeg","Kesk-Euroopa suveaeg"]},"Europe/Prague":{"long":["Kesk-Euroopa standardaeg","Kesk-Euroopa suveaeg"]},"Europe/Berlin":{"long":["Kesk-Euroopa standardaeg","Kesk-Euroopa suveaeg"]},"Europe/Copenhagen":{"long":["Kesk-Euroopa standardaeg","Kesk-Euroopa suveaeg"]},"Europe/Madrid":{"long":["Kesk-Euroopa standardaeg","Kesk-Euroopa suveaeg"]},"Europe/Gibraltar":{"long":["Kesk-Euroopa standardaeg","Kesk-Euroopa suveaeg"]},"Europe/Zagreb":{"long":["Kesk-Euroopa standardaeg","Kesk-Euroopa suveaeg"]},"Europe/Budapest":{"long":["Kesk-Euroopa standardaeg","Kesk-Euroopa suveaeg"]},"Europe/Rome":{"long":["Kesk-Euroopa standardaeg","Kesk-Euroopa suveaeg"]},"Europe/Vaduz":{"long":["Kesk-Euroopa standardaeg","Kesk-Euroopa suveaeg"]},"Europe/Luxembourg":{"long":["Kesk-Euroopa standardaeg","Kesk-Euroopa suveaeg"]},"Europe/Monaco":{"long":["Kesk-Euroopa standardaeg","Kesk-Euroopa suveaeg"]},"Europe/Podgorica":{"long":["Kesk-Euroopa standardaeg","Kesk-Euroopa suveaeg"]},"Europe/Skopje":{"long":["Kesk-Euroopa standardaeg","Kesk-Euroopa suveaeg"]},"Europe/Malta":{"long":["Kesk-Euroopa standardaeg","Kesk-Euroopa suveaeg"]},"Europe/Amsterdam":{"long":["Kesk-Euroopa standardaeg","Kesk-Euroopa suveaeg"]},"Europe/Oslo":{"long":["Kesk-Euroopa standardaeg","Kesk-Euroopa suveaeg"]},"Europe/Warsaw":{"long":["Kesk-Euroopa standardaeg","Kesk-Euroopa suveaeg"]},"Europe/Belgrade":{"long":["Kesk-Euroopa standardaeg","Kesk-Euroopa suveaeg"]},"Europe/Stockholm":{"long":["Kesk-Euroopa standardaeg","Kesk-Euroopa suveaeg"]},"Europe/Ljubljana":{"long":["Kesk-Euroopa standardaeg","Kesk-Euroopa suveaeg"]},"Arctic/Longyearbyen":{"long":["Kesk-Euroopa standardaeg","Kesk-Euroopa suveaeg"]},"Europe/Bratislava":{"long":["Kesk-Euroopa standardaeg","Kesk-Euroopa suveaeg"]},"Europe/San_Marino":{"long":["Kesk-Euroopa standardaeg","Kesk-Euroopa suveaeg"]},"Africa/Tunis":{"long":["Kesk-Euroopa standardaeg","Kesk-Euroopa suveaeg"]},"Europe/Vatican":{"long":["Kesk-Euroopa standardaeg","Kesk-Euroopa suveaeg"]},"Europe/Bucharest":{"long":["Ida-Euroopa standardaeg","Ida-Euroopa suveaeg"]},"Europe/Mariehamn":{"long":["Ida-Euroopa standardaeg","Ida-Euroopa suveaeg"]},"Europe/Sofia":{"long":["Ida-Euroopa standardaeg","Ida-Euroopa suveaeg"]},"Asia/Nicosia":{"long":["Ida-Euroopa standardaeg","Ida-Euroopa suveaeg"]},"Africa/Cairo":{"long":["Ida-Euroopa standardaeg","Ida-Euroopa suveaeg"]},"Europe/Helsinki":{"long":["Ida-Euroopa standardaeg","Ida-Euroopa suveaeg"]},"Europe/Athens":{"long":["Ida-Euroopa standardaeg","Ida-Euroopa suveaeg"]},"Asia/Beirut":{"long":["Ida-Euroopa standardaeg","Ida-Euroopa suveaeg"]},"Europe/Minsk":{"long":["Kaliningradi ja Valgevene aeg","Kaliningradi ja Valgevene aeg"]},"Europe/Kaliningrad":{"long":["Kaliningradi ja Valgevene aeg","Kaliningradi ja Valgevene aeg"]},"Atlantic/Canary":{"long":["Lääne-Euroopa standardaeg","Lääne-Euroopa suveaeg"]},"Atlantic/Faeroe":{"long":["Lääne-Euroopa standardaeg","Lääne-Euroopa suveaeg"]},"Atlantic/Stanley":{"long":["Falklandi saarte standardaeg","Falklandi saarte suveaeg"]},"Pacific/Fiji":{"long":["Fidži standardaeg","Fidži suveaeg"]},"America/Cayenne":{"long":["Prantsuse Guajaana aeg","Prantsuse Guajaana aeg"]},"Indian/Kerguelen":{"long":["Prantsuse Antarktiliste ja Lõunaalade aeg","Prantsuse Antarktiliste ja Lõunaalade aeg"]},"Asia/Bishkek":{"long":["Kõrgõzstani aeg","Kõrgõzstani aeg"]},"Pacific/Galapagos":{"long":["Galapagose aeg","Galapagose aeg"]},"Pacific/Gambier":{"long":["Gambier’ aeg","Gambier’ aeg"]},"Pacific/Tarawa":{"long":["Gilberti saarte aeg","Gilberti saarte aeg"]},"Atlantic/Reykjavik":{"long":["Greenwichi aeg","Greenwichi aeg"]},"Africa/Ouagadougou":{"long":["Greenwichi aeg","Greenwichi aeg"]},"Africa/Abidjan":{"long":["Greenwichi aeg","Greenwichi aeg"]},"Africa/Accra":{"long":["Greenwichi aeg","Greenwichi aeg"]},"Africa/Banjul":{"long":["Greenwichi aeg","Greenwichi aeg"]},"Africa/Conakry":{"long":["Greenwichi aeg","Greenwichi aeg"]},"Africa/Bamako":{"long":["Greenwichi aeg","Greenwichi aeg"]},"Africa/Nouakchott":{"long":["Greenwichi aeg","Greenwichi aeg"]},"Atlantic/St_Helena":{"long":["Greenwichi aeg","Greenwichi aeg"]},"Africa/Freetown":{"long":["Greenwichi aeg","Greenwichi aeg"]},"Africa/Dakar":{"long":["Greenwichi aeg","Greenwichi aeg"]},"Africa/Lome":{"long":["Greenwichi aeg","Greenwichi aeg"]},"America/Scoresbysund":{"long":["Ida-Gröönimaa standardaeg","Ida-Gröönimaa suveaeg"]},"America/Godthab":{"long":["Lääne-Gröönimaa standardaeg","Lääne-Gröönimaa suveaeg"]},"Asia/Dubai":{"long":["Pärsia lahe standardaeg","Pärsia lahe standardaeg"]},"Asia/Muscat":{"long":["Pärsia lahe standardaeg","Pärsia lahe standardaeg"]},"America/Guyana":{"long":["Guyana aeg","Guyana aeg"]},"Pacific/Honolulu":{"long":["Hawaii-Aleuudi standardaeg","Hawaii-Aleuudi suveaeg"]},"Asia/Hong_Kong":{"long":["Hongkongi standardaeg","Hongkongi suveaeg"]},"Asia/Hovd":{"long":["Hovdi standardaeg","Hovdi suveaeg"]},"Asia/Calcutta":{"long":["India aeg","India aeg"]},"Asia/Colombo":{"long":["Sri Lanka aeg","Sri Lanka aeg"]},"Indian/Chagos":{"long":["India ookeani aeg","India ookeani aeg"]},"Asia/Bangkok":{"long":["Indohiina aeg","Indohiina aeg"]},"Asia/Phnom_Penh":{"long":["Indohiina aeg","Indohiina aeg"]},"Asia/Vientiane":{"long":["Indohiina aeg","Indohiina aeg"]},"Asia/Makassar":{"long":["Kesk-Indoneesia aeg","Kesk-Indoneesia aeg"]},"Asia/Jayapura":{"long":["Ida-Indoneesia aeg","Ida-Indoneesia aeg"]},"Asia/Jakarta":{"long":["Lääne-Indoneesia aeg","Lääne-Indoneesia aeg"]},"Asia/Tehran":{"long":["Iraani standardaeg","Iraani suveaeg"]},"Asia/Irkutsk":{"long":["Irkutski standardaeg","Irkutski suveaeg"]},"Asia/Jerusalem":{"long":["Iisraeli standardaeg","Iisraeli suveaeg"]},"Asia/Tokyo":{"long":["Jaapani standardaeg","Jaapani suveaeg"]},"Asia/Kamchatka":{"long":["Kamtšatka standardaeg","Kamtšatka suveaeg"]},"Asia/Karachi":{"long":["Pakistani standardaeg","Pakistani suveaeg"]},"Asia/Qyzylorda":{"long":["Kõzõlorda standardaeg","Kõzõlorda suveaeg"]},"Asia/Seoul":{"long":["Korea standardaeg","Korea suveaeg"]},"Pacific/Kosrae":{"long":["Kosrae aeg","Kosrae aeg"]},"Asia/Krasnoyarsk":{"long":["Krasnojarski standardaeg","Krasnojarski suveaeg"]},"Europe/Samara":{"long":["Samara standardaeg","Samara suveaeg"]},"Pacific/Kiritimati":{"long":["Line’i saarte aeg","Line’i saarte aeg"]},"Australia/Lord_Howe":{"long":["Lord Howe’i standardaeg","Lord Howe’i suveaeg"]},"Asia/Macau":{"long":["Macau standardaeg","Macau suveaeg"]},"Antarctica/Macquarie":{"long":["Macquarie saare aeg","Macquarie saare aeg"]},"Asia/Magadan":{"long":["Magadani standardaeg","Magadani suveaeg"]},"Indian/Maldives":{"long":["Maldiivi aeg","Maldiivi aeg"]},"Pacific/Marquesas":{"long":["Markiisaarte aeg","Markiisaarte aeg"]},"Pacific/Majuro":{"long":["Marshalli Saarte aeg","Marshalli Saarte aeg"]},"Indian/Mauritius":{"long":["Mauritiuse standardaeg","Mauritiuse suveaeg"]},"Antarctica/Mawson":{"long":["Mawsoni aeg","Mawsoni aeg"]},"America/Santa_Isabel":{"long":["Loode-Mehhiko standardaeg","Loode-Mehhiko suveaeg"]},"America/Mazatlan":{"long":["Mehhiko Vaikse ookeani standardaeg","Mehhiko Vaikse ookeani suveaeg"]},"Asia/Ulaanbaatar":{"long":["Ulaanbaatari standardaeg","Ulaanbaatari suveaeg"]},"Europe/Moscow":{"long":["Moskva standardaeg","Moskva suveaeg"]},"Asia/Rangoon":{"long":["Birma aeg","Birma aeg"]},"Pacific/Nauru":{"long":["Nauru aeg","Nauru aeg"]},"Asia/Katmandu":{"long":["Nepali aeg","Nepali aeg"]},"Pacific/Noumea":{"long":["Uus-Kaledoonia standardaeg","Uus-Kaledoonia suveaeg"]},"Pacific/Auckland":{"long":["Uus-Meremaa standardaeg","Uus-Meremaa suveaeg"]},"Antarctica/McMurdo":{"long":["Uus-Meremaa standardaeg","Uus-Meremaa suveaeg"]},"America/St_Johns":{"long":["Newfoundlandi standardaeg","Newfoundlandi suveaeg"]},"Pacific/Niue":{"long":["Niue aeg","Niue aeg"]},"Pacific/Norfolk":{"long":["Norfolki saare standardaeg","Norfolki saare suveaeg"]},"America/Noronha":{"long":["Fernando de Noronha standardaeg","Fernando de Noronha suveaeg"]},"Asia/Novosibirsk":{"long":["Novosibirski standardaeg","Novosibirski suveaeg"]},"Asia/Omsk":{"long":["Omski standardaeg","Omski suveaeg"]},"Pacific/Palau":{"long":["Belau aeg","Belau aeg"]},"Pacific/Port_Moresby":{"long":["Paapua Uus-Guinea aeg","Paapua Uus-Guinea aeg"]},"America/Asuncion":{"long":["Paraguay standardaeg","Paraguay suveaeg"]},"America/Lima":{"long":["Peruu standardaeg","Peruu suveaeg"]},"Asia/Manila":{"long":["Filipiini standardaeg","Filipiini suveaeg"]},"Pacific/Enderbury":{"long":["Fööniksisaarte aeg","Fööniksisaarte aeg"]},"America/Miquelon":{"long":["Saint-Pierre’i ja Miqueloni standardaeg","Saint-Pierre’i ja Miqueloni suveaeg"]},"Pacific/Pitcairn":{"long":["Pitcairni aeg","Pitcairni aeg"]},"Pacific/Ponape":{"long":["Pohnpei aeg","Pohnpei aeg"]},"Asia/Pyongyang":{"long":["Pyongyangi aeg","Pyongyangi aeg"]},"Indian/Reunion":{"long":["Réunioni aeg","Réunioni aeg"]},"Antarctica/Rothera":{"long":["Rothera aeg","Rothera aeg"]},"Asia/Sakhalin":{"long":["Sahhalini standardaeg","Sahhalini suveaeg"]},"Pacific/Pago_Pago":{"long":["Samoa standardaeg","Samoa suveaeg"]},"Indian/Mahe":{"long":["Seišelli aeg","Seišelli aeg"]},"Asia/Singapore":{"long":["Singapuri standardaeg","Singapuri standardaeg"]},"Pacific/Guadalcanal":{"long":["Saalomoni Saarte aeg","Saalomoni Saarte aeg"]},"Atlantic/South_Georgia":{"long":["Lõuna-Georgia aeg","Lõuna-Georgia aeg"]},"Asia/Yekaterinburg":{"long":["Jekaterinburgi standardaeg","Jekaterinburgi suveaeg"]},"Antarctica/Syowa":{"long":["Syowa aeg","Syowa aeg"]},"Pacific/Tahiti":{"long":["Tahiti aeg","Tahiti aeg"]},"Asia/Taipei":{"long":["Taipei standardaeg","Taipei suveaeg"]},"Asia/Tashkent":{"long":["Usbekistani standardaeg","Usbekistani suveaeg"]},"Pacific/Fakaofo":{"long":["Tokelau aeg","Tokelau aeg"]},"Pacific/Tongatapu":{"long":["Tonga standardaeg","Tonga suveaeg"]},"Pacific/Truk":{"long":["Chuuki aeg","Chuuki aeg"]},"Pacific/Funafuti":{"long":["Tuvalu aeg","Tuvalu aeg"]},"America/Montevideo":{"long":["Uruguay standardaeg","Uruguay suveaeg"]},"Pacific/Efate":{"long":["Vanuatu standardaeg","Vanuatu suveaeg"]},"America/Caracas":{"long":["Venezuela aeg","Venezuela aeg"]},"Asia/Vladivostok":{"long":["Vladivostoki standardaeg","Vladivostoki suveaeg"]},"Europe/Volgograd":{"long":["Volgogradi standardaeg","Volgogradi suveaeg"]},"Antarctica/Vostok":{"long":["Vostoki aeg","Vostoki aeg"]},"Pacific/Wake":{"long":["Wake’i aeg","Wake’i aeg"]},"Pacific/Wallis":{"long":["Wallise ja Futuna aeg","Wallise ja Futuna aeg"]},"Asia/Yakutsk":{"long":["Jakutski standardaeg","Jakutski suveaeg"]},"America/Whitehorse":{"long":["Yukoni aeg","Yukoni aeg"]},"UTC":{"long":["Koordineeritud maailmaaeg","Koordineeritud maailmaaeg"],"short":["UTC","UTC"]}},"gmtFormat":"GMT {0}","hourFormat":"+HH:mm;−HH:mm","dateFormat":{"full":"EEEE, d. MMMM y","long":"d. MMMM y","medium":"d. MMM y","short":"dd.MM.yy"},"timeFormat":{"full":"HH:mm:ss zzzz","long":"HH:mm:ss z","medium":"HH:mm:ss","short":"HH:mm"},"dateTimeFormat":{"full":"{1} {0}","long":"{1} {0}","medium":"{1} {0}","short":"{1} {0}"},"formats":{"gregory":{"Bh":"h B","Bhm":"h:mm B","Bhms":"h:mm:ss B","d":"d","E":"ccc","EBhm":"E h:mm B","EBhms":"E h:mm:ss B","Ed":"E, d","Ehm":"E h:mm a","EHm":"E HH:mm","Ehms":"E h:mm:ss a","EHms":"E HH:mm:ss","Gy":"y G","GyMd":"d.MM.y GGGGG","GyMMM":"MMM y G","GyMMMd":"d. MMM y G","GyMMMEd":"E, d. MMMM y G","h":"h a","H":"HH","hm":"h:mm a","Hm":"HH:mm","hms":"h:mm:ss a","Hms":"HH:mm:ss","hmsv":"h:mm:ss a v","Hmsv":"HH:mm:ss v","hmv":"h:mm a v","Hmv":"HH:mm v","M":"M","Md":"d.M","MEd":"E, d.M","MMM":"MMMM","MMMd":"d. MMM","MMMEd":"E, d. MMM","MMMMd":"d. MMMM","MMMMEd":"E, d. MMMM","mmss":"mm:ss","ms":"mm:ss","y":"y","yM":"M.y","yMd":"d.M.y","yMEd":"E, d.M.y","yMMM":"MMM y","yMMMd":"d. MMM y","yMMMEd":"E, d. MMMM y","yMMMM":"MMMM y","EEEE, d. MMMM y":"EEEE, d. MMMM y","d. MMMM y":"d. MMMM y","d. MMM y":"d. MMM y","dd.MM.yy":"dd.MM.yy","HH:mm:ss zzzz":"HH:mm:ss zzzz","HH:mm:ss z":"HH:mm:ss z","HH:mm:ss":"HH:mm:ss","HH:mm":"HH:mm","EEEE, d. MMMM y HH:mm:ss zzzz":"EEEE, d. MMMM y HH:mm:ss zzzz","d. MMMM y HH:mm:ss zzzz":"d. MMMM y HH:mm:ss zzzz","d. MMM y HH:mm:ss zzzz":"d. MMM y HH:mm:ss zzzz","dd.MM.yy HH:mm:ss zzzz":"dd.MM.yy HH:mm:ss zzzz","d HH:mm:ss zzzz":"d HH:mm:ss zzzz","E HH:mm:ss zzzz":"ccc HH:mm:ss zzzz","Ed HH:mm:ss zzzz":"E, d HH:mm:ss zzzz","Gy HH:mm:ss zzzz":"y G HH:mm:ss zzzz","GyMd HH:mm:ss zzzz":"d.MM.y GGGGG HH:mm:ss zzzz","GyMMM HH:mm:ss zzzz":"MMM y G HH:mm:ss zzzz","GyMMMd HH:mm:ss zzzz":"d. MMM y G HH:mm:ss zzzz","GyMMMEd HH:mm:ss zzzz":"E, d. MMMM y G HH:mm:ss zzzz","M HH:mm:ss zzzz":"M HH:mm:ss zzzz","Md HH:mm:ss zzzz":"d.M HH:mm:ss zzzz","MEd HH:mm:ss zzzz":"E, d.M HH:mm:ss zzzz","MMM HH:mm:ss zzzz":"MMMM HH:mm:ss zzzz","MMMd HH:mm:ss zzzz":"d. MMM HH:mm:ss zzzz","MMMEd HH:mm:ss zzzz":"E, d. MMM HH:mm:ss zzzz","MMMMd HH:mm:ss zzzz":"d. MMMM HH:mm:ss zzzz","MMMMEd HH:mm:ss zzzz":"E, d. MMMM HH:mm:ss zzzz","y HH:mm:ss zzzz":"y HH:mm:ss zzzz","yM HH:mm:ss zzzz":"M.y HH:mm:ss zzzz","yMd HH:mm:ss zzzz":"d.M.y HH:mm:ss zzzz","yMEd HH:mm:ss zzzz":"E, d.M.y HH:mm:ss zzzz","yMMM HH:mm:ss zzzz":"MMM y HH:mm:ss zzzz","yMMMd HH:mm:ss zzzz":"d. MMM y HH:mm:ss zzzz","yMMMEd HH:mm:ss zzzz":"E, d. MMMM y HH:mm:ss zzzz","yMMMM HH:mm:ss zzzz":"MMMM y HH:mm:ss zzzz","EEEE, d. MMMM y HH:mm:ss z":"EEEE, d. MMMM y HH:mm:ss z","d. MMMM y HH:mm:ss z":"d. MMMM y HH:mm:ss z","d. MMM y HH:mm:ss z":"d. MMM y HH:mm:ss z","dd.MM.yy HH:mm:ss z":"dd.MM.yy HH:mm:ss z","d HH:mm:ss z":"d HH:mm:ss z","E HH:mm:ss z":"ccc HH:mm:ss z","Ed HH:mm:ss z":"E, d HH:mm:ss z","Gy HH:mm:ss z":"y G HH:mm:ss z","GyMd HH:mm:ss z":"d.MM.y GGGGG HH:mm:ss z","GyMMM HH:mm:ss z":"MMM y G HH:mm:ss z","GyMMMd HH:mm:ss z":"d. MMM y G HH:mm:ss z","GyMMMEd HH:mm:ss z":"E, d. MMMM y G HH:mm:ss z","M HH:mm:ss z":"M HH:mm:ss z","Md HH:mm:ss z":"d.M HH:mm:ss z","MEd HH:mm:ss z":"E, d.M HH:mm:ss z","MMM HH:mm:ss z":"MMMM HH:mm:ss z","MMMd HH:mm:ss z":"d. MMM HH:mm:ss z","MMMEd HH:mm:ss z":"E, d. MMM HH:mm:ss z","MMMMd HH:mm:ss z":"d. MMMM HH:mm:ss z","MMMMEd HH:mm:ss z":"E, d. MMMM HH:mm:ss z","y HH:mm:ss z":"y HH:mm:ss z","yM HH:mm:ss z":"M.y HH:mm:ss z","yMd HH:mm:ss z":"d.M.y HH:mm:ss z","yMEd HH:mm:ss z":"E, d.M.y HH:mm:ss z","yMMM HH:mm:ss z":"MMM y HH:mm:ss z","yMMMd HH:mm:ss z":"d. MMM y HH:mm:ss z","yMMMEd HH:mm:ss z":"E, d. MMMM y HH:mm:ss z","yMMMM HH:mm:ss z":"MMMM y HH:mm:ss z","EEEE, d. MMMM y HH:mm:ss":"EEEE, d. MMMM y HH:mm:ss","d. MMMM y HH:mm:ss":"d. MMMM y HH:mm:ss","d. MMM y HH:mm:ss":"d. MMM y HH:mm:ss","dd.MM.yy HH:mm:ss":"dd.MM.yy HH:mm:ss","d HH:mm:ss":"d HH:mm:ss","E HH:mm:ss":"ccc HH:mm:ss","Ed HH:mm:ss":"E, d HH:mm:ss","Gy HH:mm:ss":"y G HH:mm:ss","GyMd HH:mm:ss":"d.MM.y GGGGG HH:mm:ss","GyMMM HH:mm:ss":"MMM y G HH:mm:ss","GyMMMd HH:mm:ss":"d. MMM y G HH:mm:ss","GyMMMEd HH:mm:ss":"E, d. MMMM y G HH:mm:ss","M HH:mm:ss":"M HH:mm:ss","Md HH:mm:ss":"d.M HH:mm:ss","MEd HH:mm:ss":"E, d.M HH:mm:ss","MMM HH:mm:ss":"MMMM HH:mm:ss","MMMd HH:mm:ss":"d. MMM HH:mm:ss","MMMEd HH:mm:ss":"E, d. MMM HH:mm:ss","MMMMd HH:mm:ss":"d. MMMM HH:mm:ss","MMMMEd HH:mm:ss":"E, d. MMMM HH:mm:ss","y HH:mm:ss":"y HH:mm:ss","yM HH:mm:ss":"M.y HH:mm:ss","yMd HH:mm:ss":"d.M.y HH:mm:ss","yMEd HH:mm:ss":"E, d.M.y HH:mm:ss","yMMM HH:mm:ss":"MMM y HH:mm:ss","yMMMd HH:mm:ss":"d. MMM y HH:mm:ss","yMMMEd HH:mm:ss":"E, d. MMMM y HH:mm:ss","yMMMM HH:mm:ss":"MMMM y HH:mm:ss","EEEE, d. MMMM y HH:mm":"EEEE, d. MMMM y HH:mm","d. MMMM y HH:mm":"d. MMMM y HH:mm","d. MMM y HH:mm":"d. MMM y HH:mm","dd.MM.yy HH:mm":"dd.MM.yy HH:mm","d HH:mm":"d HH:mm","E HH:mm":"ccc HH:mm","Ed HH:mm":"E, d HH:mm","Gy HH:mm":"y G HH:mm","GyMd HH:mm":"d.MM.y GGGGG HH:mm","GyMMM HH:mm":"MMM y G HH:mm","GyMMMd HH:mm":"d. MMM y G HH:mm","GyMMMEd HH:mm":"E, d. MMMM y G HH:mm","M HH:mm":"M HH:mm","Md HH:mm":"d.M HH:mm","MEd HH:mm":"E, d.M HH:mm","MMM HH:mm":"MMMM HH:mm","MMMd HH:mm":"d. MMM HH:mm","MMMEd HH:mm":"E, d. MMM HH:mm","MMMMd HH:mm":"d. MMMM HH:mm","MMMMEd HH:mm":"E, d. MMMM HH:mm","y HH:mm":"y HH:mm","yM HH:mm":"M.y HH:mm","yMd HH:mm":"d.M.y HH:mm","yMEd HH:mm":"E, d.M.y HH:mm","yMMM HH:mm":"MMM y HH:mm","yMMMd HH:mm":"d. MMM y HH:mm","yMMMEd HH:mm":"E, d. MMMM y HH:mm","yMMMM HH:mm":"MMMM y HH:mm","EEEE, d. MMMM y Bh":"EEEE, d. MMMM y h B","d. MMMM y Bh":"d. MMMM y h B","d. MMM y Bh":"d. MMM y h B","dd.MM.yy Bh":"dd.MM.yy h B","d Bh":"d h B","E Bh":"ccc h B","Ed Bh":"E, d h B","Gy Bh":"y G h B","GyMd Bh":"d.MM.y GGGGG h B","GyMMM Bh":"MMM y G h B","GyMMMd Bh":"d. MMM y G h B","GyMMMEd Bh":"E, d. MMMM y G h B","M Bh":"M h B","Md Bh":"d.M h B","MEd Bh":"E, d.M h B","MMM Bh":"MMMM h B","MMMd Bh":"d. MMM h B","MMMEd Bh":"E, d. MMM h B","MMMMd Bh":"d. MMMM h B","MMMMEd Bh":"E, d. MMMM h B","y Bh":"y h B","yM Bh":"M.y h B","yMd Bh":"d.M.y h B","yMEd Bh":"E, d.M.y h B","yMMM Bh":"MMM y h B","yMMMd Bh":"d. MMM y h B","yMMMEd Bh":"E, d. MMMM y h B","yMMMM Bh":"MMMM y h B","EEEE, d. MMMM y Bhm":"EEEE, d. MMMM y h:mm B","d. MMMM y Bhm":"d. MMMM y h:mm B","d. MMM y Bhm":"d. MMM y h:mm B","dd.MM.yy Bhm":"dd.MM.yy h:mm B","d Bhm":"d h:mm B","E Bhm":"ccc h:mm B","Ed Bhm":"E, d h:mm B","Gy Bhm":"y G h:mm B","GyMd Bhm":"d.MM.y GGGGG h:mm B","GyMMM Bhm":"MMM y G h:mm B","GyMMMd Bhm":"d. MMM y G h:mm B","GyMMMEd Bhm":"E, d. MMMM y G h:mm B","M Bhm":"M h:mm B","Md Bhm":"d.M h:mm B","MEd Bhm":"E, d.M h:mm B","MMM Bhm":"MMMM h:mm B","MMMd Bhm":"d. MMM h:mm B","MMMEd Bhm":"E, d. MMM h:mm B","MMMMd Bhm":"d. MMMM h:mm B","MMMMEd Bhm":"E, d. MMMM h:mm B","y Bhm":"y h:mm B","yM Bhm":"M.y h:mm B","yMd Bhm":"d.M.y h:mm B","yMEd Bhm":"E, d.M.y h:mm B","yMMM Bhm":"MMM y h:mm B","yMMMd Bhm":"d. MMM y h:mm B","yMMMEd Bhm":"E, d. MMMM y h:mm B","yMMMM Bhm":"MMMM y h:mm B","EEEE, d. MMMM y Bhms":"EEEE, d. MMMM y h:mm:ss B","d. MMMM y Bhms":"d. MMMM y h:mm:ss B","d. MMM y Bhms":"d. MMM y h:mm:ss B","dd.MM.yy Bhms":"dd.MM.yy h:mm:ss B","d Bhms":"d h:mm:ss B","E Bhms":"ccc h:mm:ss B","Ed Bhms":"E, d h:mm:ss B","Gy Bhms":"y G h:mm:ss B","GyMd Bhms":"d.MM.y GGGGG h:mm:ss B","GyMMM Bhms":"MMM y G h:mm:ss B","GyMMMd Bhms":"d. MMM y G h:mm:ss B","GyMMMEd Bhms":"E, d. MMMM y G h:mm:ss B","M Bhms":"M h:mm:ss B","Md Bhms":"d.M h:mm:ss B","MEd Bhms":"E, d.M h:mm:ss B","MMM Bhms":"MMMM h:mm:ss B","MMMd Bhms":"d. MMM h:mm:ss B","MMMEd Bhms":"E, d. MMM h:mm:ss B","MMMMd Bhms":"d. MMMM h:mm:ss B","MMMMEd Bhms":"E, d. MMMM h:mm:ss B","y Bhms":"y h:mm:ss B","yM Bhms":"M.y h:mm:ss B","yMd Bhms":"d.M.y h:mm:ss B","yMEd Bhms":"E, d.M.y h:mm:ss B","yMMM Bhms":"MMM y h:mm:ss B","yMMMd Bhms":"d. MMM y h:mm:ss B","yMMMEd Bhms":"E, d. MMMM y h:mm:ss B","yMMMM Bhms":"MMMM y h:mm:ss B","EEEE, d. MMMM y h":"EEEE, d. MMMM y h a","d. MMMM y h":"d. MMMM y h a","d. MMM y h":"d. MMM y h a","dd.MM.yy h":"dd.MM.yy h a","d h":"d h a","E h":"ccc h a","Ed h":"E, d h a","Gy h":"y G h a","GyMd h":"d.MM.y GGGGG h a","GyMMM h":"MMM y G h a","GyMMMd h":"d. MMM y G h a","GyMMMEd h":"E, d. MMMM y G h a","M h":"M h a","Md h":"d.M h a","MEd h":"E, d.M h a","MMM h":"MMMM h a","MMMd h":"d. MMM h a","MMMEd h":"E, d. MMM h a","MMMMd h":"d. MMMM h a","MMMMEd h":"E, d. MMMM h a","y h":"y h a","yM h":"M.y h a","yMd h":"d.M.y h a","yMEd h":"E, d.M.y h a","yMMM h":"MMM y h a","yMMMd h":"d. MMM y h a","yMMMEd h":"E, d. MMMM y h a","yMMMM h":"MMMM y h a","EEEE, d. MMMM y H":"EEEE, d. MMMM y HH","d. MMMM y H":"d. MMMM y HH","d. MMM y H":"d. MMM y HH","dd.MM.yy H":"dd.MM.yy HH","d H":"d HH","E H":"ccc HH","Ed H":"E, d HH","Gy H":"y G HH","GyMd H":"d.MM.y GGGGG HH","GyMMM H":"MMM y G HH","GyMMMd H":"d. MMM y G HH","GyMMMEd H":"E, d. MMMM y G HH","M H":"M HH","Md H":"d.M HH","MEd H":"E, d.M HH","MMM H":"MMMM HH","MMMd H":"d. MMM HH","MMMEd H":"E, d. MMM HH","MMMMd H":"d. MMMM HH","MMMMEd H":"E, d. MMMM HH","y H":"y HH","yM H":"M.y HH","yMd H":"d.M.y HH","yMEd H":"E, d.M.y HH","yMMM H":"MMM y HH","yMMMd H":"d. MMM y HH","yMMMEd H":"E, d. MMMM y HH","yMMMM H":"MMMM y HH","EEEE, d. MMMM y hm":"EEEE, d. MMMM y h:mm a","d. MMMM y hm":"d. MMMM y h:mm a","d. MMM y hm":"d. MMM y h:mm a","dd.MM.yy hm":"dd.MM.yy h:mm a","d hm":"d h:mm a","E hm":"ccc h:mm a","Ed hm":"E, d h:mm a","Gy hm":"y G h:mm a","GyMd hm":"d.MM.y GGGGG h:mm a","GyMMM hm":"MMM y G h:mm a","GyMMMd hm":"d. MMM y G h:mm a","GyMMMEd hm":"E, d. MMMM y G h:mm a","M hm":"M h:mm a","Md hm":"d.M h:mm a","MEd hm":"E, d.M h:mm a","MMM hm":"MMMM h:mm a","MMMd hm":"d. MMM h:mm a","MMMEd hm":"E, d. MMM h:mm a","MMMMd hm":"d. MMMM h:mm a","MMMMEd hm":"E, d. MMMM h:mm a","y hm":"y h:mm a","yM hm":"M.y h:mm a","yMd hm":"d.M.y h:mm a","yMEd hm":"E, d.M.y h:mm a","yMMM hm":"MMM y h:mm a","yMMMd hm":"d. MMM y h:mm a","yMMMEd hm":"E, d. MMMM y h:mm a","yMMMM hm":"MMMM y h:mm a","EEEE, d. MMMM y Hm":"EEEE, d. MMMM y HH:mm","d. MMMM y Hm":"d. MMMM y HH:mm","d. MMM y Hm":"d. MMM y HH:mm","dd.MM.yy Hm":"dd.MM.yy HH:mm","d Hm":"d HH:mm","E Hm":"ccc HH:mm","Ed Hm":"E, d HH:mm","Gy Hm":"y G HH:mm","GyMd Hm":"d.MM.y GGGGG HH:mm","GyMMM Hm":"MMM y G HH:mm","GyMMMd Hm":"d. MMM y G HH:mm","GyMMMEd Hm":"E, d. MMMM y G HH:mm","M Hm":"M HH:mm","Md Hm":"d.M HH:mm","MEd Hm":"E, d.M HH:mm","MMM Hm":"MMMM HH:mm","MMMd Hm":"d. MMM HH:mm","MMMEd Hm":"E, d. MMM HH:mm","MMMMd Hm":"d. MMMM HH:mm","MMMMEd Hm":"E, d. MMMM HH:mm","y Hm":"y HH:mm","yM Hm":"M.y HH:mm","yMd Hm":"d.M.y HH:mm","yMEd Hm":"E, d.M.y HH:mm","yMMM Hm":"MMM y HH:mm","yMMMd Hm":"d. MMM y HH:mm","yMMMEd Hm":"E, d. MMMM y HH:mm","yMMMM Hm":"MMMM y HH:mm","EEEE, d. MMMM y hms":"EEEE, d. MMMM y h:mm:ss a","d. MMMM y hms":"d. MMMM y h:mm:ss a","d. MMM y hms":"d. MMM y h:mm:ss a","dd.MM.yy hms":"dd.MM.yy h:mm:ss a","d hms":"d h:mm:ss a","E hms":"ccc h:mm:ss a","Ed hms":"E, d h:mm:ss a","Gy hms":"y G h:mm:ss a","GyMd hms":"d.MM.y GGGGG h:mm:ss a","GyMMM hms":"MMM y G h:mm:ss a","GyMMMd hms":"d. MMM y G h:mm:ss a","GyMMMEd hms":"E, d. MMMM y G h:mm:ss a","M hms":"M h:mm:ss a","Md hms":"d.M h:mm:ss a","MEd hms":"E, d.M h:mm:ss a","MMM hms":"MMMM h:mm:ss a","MMMd hms":"d. MMM h:mm:ss a","MMMEd hms":"E, d. MMM h:mm:ss a","MMMMd hms":"d. MMMM h:mm:ss a","MMMMEd hms":"E, d. MMMM h:mm:ss a","y hms":"y h:mm:ss a","yM hms":"M.y h:mm:ss a","yMd hms":"d.M.y h:mm:ss a","yMEd hms":"E, d.M.y h:mm:ss a","yMMM hms":"MMM y h:mm:ss a","yMMMd hms":"d. MMM y h:mm:ss a","yMMMEd hms":"E, d. MMMM y h:mm:ss a","yMMMM hms":"MMMM y h:mm:ss a","EEEE, d. MMMM y Hms":"EEEE, d. MMMM y HH:mm:ss","d. MMMM y Hms":"d. MMMM y HH:mm:ss","d. MMM y Hms":"d. MMM y HH:mm:ss","dd.MM.yy Hms":"dd.MM.yy HH:mm:ss","d Hms":"d HH:mm:ss","E Hms":"ccc HH:mm:ss","Ed Hms":"E, d HH:mm:ss","Gy Hms":"y G HH:mm:ss","GyMd Hms":"d.MM.y GGGGG HH:mm:ss","GyMMM Hms":"MMM y G HH:mm:ss","GyMMMd Hms":"d. MMM y G HH:mm:ss","GyMMMEd Hms":"E, d. MMMM y G HH:mm:ss","M Hms":"M HH:mm:ss","Md Hms":"d.M HH:mm:ss","MEd Hms":"E, d.M HH:mm:ss","MMM Hms":"MMMM HH:mm:ss","MMMd Hms":"d. MMM HH:mm:ss","MMMEd Hms":"E, d. MMM HH:mm:ss","MMMMd Hms":"d. MMMM HH:mm:ss","MMMMEd Hms":"E, d. MMMM HH:mm:ss","y Hms":"y HH:mm:ss","yM Hms":"M.y HH:mm:ss","yMd Hms":"d.M.y HH:mm:ss","yMEd Hms":"E, d.M.y HH:mm:ss","yMMM Hms":"MMM y HH:mm:ss","yMMMd Hms":"d. MMM y HH:mm:ss","yMMMEd Hms":"E, d. MMMM y HH:mm:ss","yMMMM Hms":"MMMM y HH:mm:ss","EEEE, d. MMMM y hmsv":"EEEE, d. MMMM y h:mm:ss a v","d. MMMM y hmsv":"d. MMMM y h:mm:ss a v","d. MMM y hmsv":"d. MMM y h:mm:ss a v","dd.MM.yy hmsv":"dd.MM.yy h:mm:ss a v","d hmsv":"d h:mm:ss a v","E hmsv":"ccc h:mm:ss a v","Ed hmsv":"E, d h:mm:ss a v","Gy hmsv":"y G h:mm:ss a v","GyMd hmsv":"d.MM.y GGGGG h:mm:ss a v","GyMMM hmsv":"MMM y G h:mm:ss a v","GyMMMd hmsv":"d. MMM y G h:mm:ss a v","GyMMMEd hmsv":"E, d. MMMM y G h:mm:ss a v","M hmsv":"M h:mm:ss a v","Md hmsv":"d.M h:mm:ss a v","MEd hmsv":"E, d.M h:mm:ss a v","MMM hmsv":"MMMM h:mm:ss a v","MMMd hmsv":"d. MMM h:mm:ss a v","MMMEd hmsv":"E, d. MMM h:mm:ss a v","MMMMd hmsv":"d. MMMM h:mm:ss a v","MMMMEd hmsv":"E, d. MMMM h:mm:ss a v","y hmsv":"y h:mm:ss a v","yM hmsv":"M.y h:mm:ss a v","yMd hmsv":"d.M.y h:mm:ss a v","yMEd hmsv":"E, d.M.y h:mm:ss a v","yMMM hmsv":"MMM y h:mm:ss a v","yMMMd hmsv":"d. MMM y h:mm:ss a v","yMMMEd hmsv":"E, d. MMMM y h:mm:ss a v","yMMMM hmsv":"MMMM y h:mm:ss a v","EEEE, d. MMMM y Hmsv":"EEEE, d. MMMM y HH:mm:ss v","d. MMMM y Hmsv":"d. MMMM y HH:mm:ss v","d. MMM y Hmsv":"d. MMM y HH:mm:ss v","dd.MM.yy Hmsv":"dd.MM.yy HH:mm:ss v","d Hmsv":"d HH:mm:ss v","E Hmsv":"ccc HH:mm:ss v","Ed Hmsv":"E, d HH:mm:ss v","Gy Hmsv":"y G HH:mm:ss v","GyMd Hmsv":"d.MM.y GGGGG HH:mm:ss v","GyMMM Hmsv":"MMM y G HH:mm:ss v","GyMMMd Hmsv":"d. MMM y G HH:mm:ss v","GyMMMEd Hmsv":"E, d. MMMM y G HH:mm:ss v","M Hmsv":"M HH:mm:ss v","Md Hmsv":"d.M HH:mm:ss v","MEd Hmsv":"E, d.M HH:mm:ss v","MMM Hmsv":"MMMM HH:mm:ss v","MMMd Hmsv":"d. MMM HH:mm:ss v","MMMEd Hmsv":"E, d. MMM HH:mm:ss v","MMMMd Hmsv":"d. MMMM HH:mm:ss v","MMMMEd Hmsv":"E, d. MMMM HH:mm:ss v","y Hmsv":"y HH:mm:ss v","yM Hmsv":"M.y HH:mm:ss v","yMd Hmsv":"d.M.y HH:mm:ss v","yMEd Hmsv":"E, d.M.y HH:mm:ss v","yMMM Hmsv":"MMM y HH:mm:ss v","yMMMd Hmsv":"d. MMM y HH:mm:ss v","yMMMEd Hmsv":"E, d. MMMM y HH:mm:ss v","yMMMM Hmsv":"MMMM y HH:mm:ss v","EEEE, d. MMMM y hmv":"EEEE, d. MMMM y h:mm a v","d. MMMM y hmv":"d. MMMM y h:mm a v","d. MMM y hmv":"d. MMM y h:mm a v","dd.MM.yy hmv":"dd.MM.yy h:mm a v","d hmv":"d h:mm a v","E hmv":"ccc h:mm a v","Ed hmv":"E, d h:mm a v","Gy hmv":"y G h:mm a v","GyMd hmv":"d.MM.y GGGGG h:mm a v","GyMMM hmv":"MMM y G h:mm a v","GyMMMd hmv":"d. MMM y G h:mm a v","GyMMMEd hmv":"E, d. MMMM y G h:mm a v","M hmv":"M h:mm a v","Md hmv":"d.M h:mm a v","MEd hmv":"E, d.M h:mm a v","MMM hmv":"MMMM h:mm a v","MMMd hmv":"d. MMM h:mm a v","MMMEd hmv":"E, d. MMM h:mm a v","MMMMd hmv":"d. MMMM h:mm a v","MMMMEd hmv":"E, d. MMMM h:mm a v","y hmv":"y h:mm a v","yM hmv":"M.y h:mm a v","yMd hmv":"d.M.y h:mm a v","yMEd hmv":"E, d.M.y h:mm a v","yMMM hmv":"MMM y h:mm a v","yMMMd hmv":"d. MMM y h:mm a v","yMMMEd hmv":"E, d. MMMM y h:mm a v","yMMMM hmv":"MMMM y h:mm a v","EEEE, d. MMMM y Hmv":"EEEE, d. MMMM y HH:mm v","d. MMMM y Hmv":"d. MMMM y HH:mm v","d. MMM y Hmv":"d. MMM y HH:mm v","dd.MM.yy Hmv":"dd.MM.yy HH:mm v","d Hmv":"d HH:mm v","E Hmv":"ccc HH:mm v","Ed Hmv":"E, d HH:mm v","Gy Hmv":"y G HH:mm v","GyMd Hmv":"d.MM.y GGGGG HH:mm v","GyMMM Hmv":"MMM y G HH:mm v","GyMMMd Hmv":"d. MMM y G HH:mm v","GyMMMEd Hmv":"E, d. MMMM y G HH:mm v","M Hmv":"M HH:mm v","Md Hmv":"d.M HH:mm v","MEd Hmv":"E, d.M HH:mm v","MMM Hmv":"MMMM HH:mm v","MMMd Hmv":"d. MMM HH:mm v","MMMEd Hmv":"E, d. MMM HH:mm v","MMMMd Hmv":"d. MMMM HH:mm v","MMMMEd Hmv":"E, d. MMMM HH:mm v","y Hmv":"y HH:mm v","yM Hmv":"M.y HH:mm v","yMd Hmv":"d.M.y HH:mm v","yMEd Hmv":"E, d.M.y HH:mm v","yMMM Hmv":"MMM y HH:mm v","yMMMd Hmv":"d. MMM y HH:mm v","yMMMEd Hmv":"E, d. MMMM y HH:mm v","yMMMM Hmv":"MMMM y HH:mm v","EEEE, d. MMMM y mmss":"EEEE, d. MMMM y mm:ss","d. MMMM y mmss":"d. MMMM y mm:ss","d. MMM y mmss":"d. MMM y mm:ss","dd.MM.yy mmss":"dd.MM.yy mm:ss","d mmss":"d mm:ss","E mmss":"ccc mm:ss","Ed mmss":"E, d mm:ss","Gy mmss":"y G mm:ss","GyMd mmss":"d.MM.y GGGGG mm:ss","GyMMM mmss":"MMM y G mm:ss","GyMMMd mmss":"d. MMM y G mm:ss","GyMMMEd mmss":"E, d. MMMM y G mm:ss","M mmss":"M mm:ss","Md mmss":"d.M mm:ss","MEd mmss":"E, d.M mm:ss","MMM mmss":"MMMM mm:ss","MMMd mmss":"d. MMM mm:ss","MMMEd mmss":"E, d. MMM mm:ss","MMMMd mmss":"d. MMMM mm:ss","MMMMEd mmss":"E, d. MMMM mm:ss","y mmss":"y mm:ss","yM mmss":"M.y mm:ss","yMd mmss":"d.M.y mm:ss","yMEd mmss":"E, d.M.y mm:ss","yMMM mmss":"MMM y mm:ss","yMMMd mmss":"d. MMM y mm:ss","yMMMEd mmss":"E, d. MMMM y mm:ss","yMMMM mmss":"MMMM y mm:ss","EEEE, d. MMMM y ms":"EEEE, d. MMMM y mm:ss","d. MMMM y ms":"d. MMMM y mm:ss","d. MMM y ms":"d. MMM y mm:ss","dd.MM.yy ms":"dd.MM.yy mm:ss","d ms":"d mm:ss","E ms":"ccc mm:ss","Ed ms":"E, d mm:ss","Gy ms":"y G mm:ss","GyMd ms":"d.MM.y GGGGG mm:ss","GyMMM ms":"MMM y G mm:ss","GyMMMd ms":"d. MMM y G mm:ss","GyMMMEd ms":"E, d. MMMM y G mm:ss","M ms":"M mm:ss","Md ms":"d.M mm:ss","MEd ms":"E, d.M mm:ss","MMM ms":"MMMM mm:ss","MMMd ms":"d. MMM mm:ss","MMMEd ms":"E, d. MMM mm:ss","MMMMd ms":"d. MMMM mm:ss","MMMMEd ms":"E, d. MMMM mm:ss","y ms":"y mm:ss","yM ms":"M.y mm:ss","yMd ms":"d.M.y mm:ss","yMEd ms":"E, d.M.y mm:ss","yMMM ms":"MMM y mm:ss","yMMMd ms":"d. MMM y mm:ss","yMMMEd ms":"E, d. MMMM y mm:ss","yMMMM ms":"MMMM y mm:ss"}},"intervalFormats":{"intervalFormatFallback":"{0} – {1}","Bh":{"B":"h B – h B","h":"h–h B"},"Bhm":{"B":"h:mm B – h:mm B","h":"h:mm–h:mm B","m":"h:mm–h:mm B"},"d":{"d":"d–d"},"Gy":{"G":"y G – y G","y":"y–y G"},"GyM":{"G":"M.y GGGGG – M.y GGGGG","M":"M.y–M.y GGGGG","y":"M.y–M.y GGGGG"},"GyMd":{"d":"d.MM.y–d.MM.y GGGGG","G":"d.MM.y GGGGG – d.MM.y GGGGG","M":"d.MM.y–d.MM.y GGGGG","y":"d.MM.y–d.MM.y GGGGG"},"GyMEd":{"d":"E, d.MM.y – E, d.MM.y GGGGG","G":"E, d.MM.y GGGGG – E, d.MM.y GGGGG","M":"E, d.MM.y – E, d.MM.y GGGGG","y":"E, d.MM.y – E, d.MM.y GGGGG"},"GyMMM":{"G":"MMM y G – MMM y G","M":"MMM–MMM y G","y":"MMM y – MMM y G"},"GyMMMd":{"d":"d.–d. MMM y G","G":"d. MMM y G – d. MMM y G","M":"d. MMM – d. MMM y G","y":"d. MMM y – d. MMM y G"},"GyMMMEd":{"d":"E, d. MMM – E, d. MMM y G","G":"E, d. MMM y G – E, d. MMM y G","M":"E, d. MMM – E, d. MMM y G","y":"E, d. MMM y – E, d. MMM y G"},"h":{"a":"h a – h a","h":"h–h a"},"H":{"H":"HH–HH"},"hm":{"a":"h:mm a – h:mm a","h":"h:mm–h:mm a","m":"h:mm–h:mm a"},"Hm":{"H":"HH:mm–HH:mm","m":"HH:mm–HH:mm"},"hmv":{"a":"h:mm a – h:mm a v","h":"h:mm–h:mm a v","m":"h:mm–h:mm a v"},"Hmv":{"H":"HH:mm–HH:mm v","m":"HH:mm–HH:mm v"},"hv":{"a":"h a – h a v","h":"h–h a v"},"Hv":{"H":"HH–HH v"},"M":{"M":"MM–MM"},"Md":{"d":"dd.MM–dd.MM","M":"dd.MM–dd.MM"},"MEd":{"d":"E, dd.MM – E, dd.MM","M":"E, dd.MM – E, dd.MM"},"MMM":{"M":"MMM–MMM"},"MMMd":{"d":"d.–d. MMM","M":"d. MMM – d. MMM"},"MMMEd":{"d":"E, d. MMM – E, d. MMM","M":"E, d. MMM – E, d. MMM"},"y":{"y":"y–y"},"yM":{"M":"MM.y–MM.y","y":"MM.y–MM.y"},"yMd":{"d":"dd.MM.y–dd.MM.y","M":"dd.MM.y–dd.MM.y","y":"dd.MM.y–dd.MM.y"},"yMEd":{"d":"E, dd.MM.y – E, dd.MM.y","M":"E, dd.MM.y – E, dd.MM.y","y":"E, dd.MM.y – E, dd.MM.y"},"yMMM":{"M":"MMM–MMM y","y":"MMM y – MMM y"},"yMMMd":{"d":"d.–d. MMM y","M":"d. MMM – d. MMM y","y":"d. MMM y – d. MMM y"},"yMMMEd":{"d":"E, d. MMM – E, d. MMM y","M":"E, d. MMM – E, d. MMM y","y":"E, d. MMM y – E, d. MMM y"},"yMMMM":{"M":"MMMM–MMMM y","y":"MMMM y – MMMM y"}},"hourCycle":"h23","nu":["latn"],"ca":["gregory"],"hc":["h23",""]},"locale":"et"}