{"data":{"am":"AM","pm":"PM","weekday":{"narrow":["I","A","A","A","O","O","L"],"short":["ig.","al.","ar.","az.","og.","or.","lr."],"long":["igandea","astelehena","asteartea","asteazkena","osteguna","ostirala","larunbata"]},"era":{"narrow":{"BC":"a","AD":"o"},"short":{"BC":"K.a.","AD":"K.o."},"long":{"BC":"K.a.","AD":"Kristo ondoren"}},"month":{"narrow":["U","O","M","A","M","E","U","A","I","U","A","A"],"short":["urt.","ots.","mar.","api.","mai.","eka.","uzt.","abu.","ira.","urr.","aza.","abe."],"long":["urtarrila","otsaila","martxoa","apirila","maiatza","ekaina","uztaila","abuztua","iraila","urria","azaroa","abendua"]},"timeZoneName":{"America/Rio_Branco":{"long":["Acreko ordu estandarra","Acreko udako ordua"]},"Asia/Kabul":{"long":["Afganistango ordua","Afganistango ordua"]},"Africa/Maputo":{"long":["Afrikako erdialdeko ordua","Afrikako erdialdeko ordua"]},"Africa/Bujumbura":{"long":["Afrikako erdialdeko ordua","Afrikako erdialdeko ordua"]},"Africa/Gaborone":{"long":["Afrikako erdialdeko ordua","Afrikako erdialdeko ordua"]},"Africa/Lubumbashi":{"long":["Afrikako erdialdeko ordua","Afrikako erdialdeko ordua"]},"Africa/Blantyre":{"long":["Afrikako erdialdeko ordua","Afrikako erdialdeko ordua"]},"Africa/Kigali":{"long":["Afrikako erdialdeko ordua","Afrikako erdialdeko ordua"]},"Africa/Lusaka":{"long":["Afrikako erdialdeko ordua","Afrikako erdialdeko ordua"]},"Africa/Harare":{"long":["Afrikako erdialdeko ordua","Afrikako erdialdeko ordua"]},"Africa/Nairobi":{"long":["Afrikako ekialdeko ordua","Afrikako ekialdeko ordua"]},"Africa/Djibouti":{"long":["Afrikako ekialdeko ordua","Afrikako ekialdeko ordua"]},"Africa/Asmera":{"long":["Afrikako ekialdeko ordua","Afrikako ekialdeko ordua"]},"Africa/Addis_Ababa":{"long":["Afrikako ekialdeko ordua","Afrikako ekialdeko ordua"]},"Indian/Comoro":{"long":["Afrikako ekialdeko ordua","Afrikako ekialdeko ordua"]},"Indian/Antananarivo":{"long":["Afrikako ekialdeko ordua","Afrikako ekialdeko ordua"]},"Africa/Mogadishu":{"long":["Afrikako ekialdeko ordua","Afrikako ekialdeko ordua"]},"Africa/Dar_es_Salaam":{"long":["Afrikako ekialdeko ordua","Afrikako ekialdeko ordua"]},"Africa/Kampala":{"long":["Afrikako ekialdeko ordua","Afrikako ekialdeko ordua"]},"Indian/Mayotte":{"long":["Afrikako ekialdeko ordua","Afrikako ekialdeko ordua"]},"Africa/Johannesburg":{"long":["Afrikako hegoaldeko ordua","Afrikako hegoaldeko ordua"]},"Africa/Maseru":{"long":["Afrikako hegoaldeko ordua","Afrikako hegoaldeko ordua"]},"Africa/Mbabane":{"long":["Afrikako hegoaldeko ordua","Afrikako hegoaldeko ordua"]},"Africa/Lagos":{"long":["Afrikako mendebaldeko ordu estandarra","Afrikako mendebaldeko udako ordua"]},"Africa/Luanda":{"long":["Afrikako mendebaldeko ordu estandarra","Afrikako mendebaldeko udako ordua"]},"Africa/Porto-Novo":{"long":["Afrikako mendebaldeko ordu estandarra","Afrikako mendebaldeko udako ordua"]},"Africa/Kinshasa":{"long":["Afrikako mendebaldeko ordu estandarra","Afrikako mendebaldeko udako ordua"]},"Africa/Bangui":{"long":["Afrikako mendebaldeko ordu estandarra","Afrikako mendebaldeko udako ordua"]},"Africa/Brazzaville":{"long":["Afrikako mendebaldeko ordu estandarra","Afrikako mendebaldeko udako ordua"]},"Africa/Douala":{"long":["Afrikako mendebaldeko ordu estandarra","Afrikako mendebaldeko udako ordua"]},"Africa/Libreville":{"long":["Afrikako mendebaldeko ordu estandarra","Afrikako mendebaldeko udako ordua"]},"Africa/Malabo":{"long":["Afrikako mendebaldeko ordu estandarra","Afrikako mendebaldeko udako ordua"]},"Africa/Niamey":{"long":["Afrikako mendebaldeko ordu estandarra","Afrikako mendebaldeko udako ordua"]},"Africa/Ndjamena":{"long":["Afrikako mendebaldeko ordu estandarra","Afrikako mendebaldeko udako ordua"]},"Asia/Aqtobe":{"long":["Kazakhstango mendebaldeko ordua","Kazakhstango mendebaldeko ordua"]},"America/Juneau":{"long":["Alaskako ordu estandarra","Alaskako udako ordua"],"short":["AKST","AKDT"]},"Asia/Almaty":{"long":["Kazakhstango ekialdeko ordua","Kazakhstango ekialdeko ordua"]},"America/Manaus":{"long":["Amazoniako ordu estandarra","Amazoniako udako ordua"]},"America/Chicago":{"long":["Ipar Amerikako erdialdeko ordu estandarra","Ipar Amerikako erdialdeko udako ordua"],"short":["CST","CDT"]},"America/Belize":{"long":["Ipar Amerikako erdialdeko ordu estandarra","Ipar Amerikako erdialdeko udako ordua"],"short":["CST","CDT"]},"America/Winnipeg":{"long":["Ipar Amerikako erdialdeko ordu estandarra","Ipar Amerikako erdialdeko udako ordua"],"short":["CST","CDT"]},"America/Costa_Rica":{"long":["Ipar Amerikako erdialdeko ordu estandarra","Ipar Amerikako erdialdeko udako ordua"],"short":["CST","CDT"]},"America/Guatemala":{"long":["Ipar Amerikako erdialdeko ordu estandarra","Ipar Amerikako erdialdeko udako ordua"],"short":["CST","CDT"]},"America/Tegucigalpa":{"long":["Ipar Amerikako erdialdeko ordu estandarra","Ipar Amerikako erdialdeko udako ordua"],"short":["CST","CDT"]},"America/Mexico_City":{"long":["Ipar Amerikako erdialdeko ordu estandarra","Ipar Amerikako erdialdeko udako ordua"],"short":["CST","CDT"]},"America/El_Salvador":{"long":["Ipar Amerikako erdialdeko ordu estandarra","Ipar Amerikako erdialdeko udako ordua"],"short":["CST","CDT"]},"America/New_York":{"long":["Ipar Amerikako ekialdeko ordu estandarra","Ipar Amerikako ekialdeko udako ordua"],"short":["EST","EDT"]},"America/Nassau":{"long":["Ipar Amerikako ekialdeko ordu estandarra","Ipar Amerikako ekialdeko udako ordua"],"short":["EST","EDT"]},"America/Toronto":{"long":["Ipar Amerikako ekialdeko ordu estandarra","Ipar Amerikako ekialdeko udako ordua"],"short":["EST","EDT"]},"America/Port-au-Prince":{"long":["Ipar Amerikako ekialdeko ordu estandarra","Ipar Amerikako ekialdeko udako ordua"],"short":["EST","EDT"]},"America/Jamaica":{"long":["Ipar Amerikako ekialdeko ordu estandarra","Ipar Amerikako ekialdeko udako ordua"],"short":["EST","EDT"]},"America/Cayman":{"long":["Ipar Amerikako ekialdeko ordu estandarra","Ipar Amerikako ekialdeko udako ordua"],"short":["EST","EDT"]},"America/Panama":{"long":["Ipar Amerikako ekialdeko ordu estandarra","Ipar Amerikako ekialdeko udako ordua"],"short":["EST","EDT"]},"America/Denver":{"long":["Ipar Amerikako mendialdeko ordu estandarra","Ipar Amerikako mendialdeko udako ordua"],"short":["MST","MDT"]},"America/Edmonton":{"long":["Ipar Amerikako mendialdeko ordu estandarra","Ipar Amerikako mendialdeko udako ordua"],"short":["MST","MDT"]},"America/Hermosillo":{"long":["Ipar Amerikako mendialdeko ordu estandarra","Ipar Amerikako mendialdeko udako ordua"],"short":["MST","MDT"]},"America/Los_Angeles":{"long":["Ipar Amerikako Pazifikoko ordu estandarra","Ipar Amerikako Pazifikoko udako ordua"],"short":["PST","PDT"]},"America/Vancouver":{"long":["Ipar Amerikako Pazifikoko ordu estandarra","Ipar Amerikako Pazifikoko udako ordua"],"short":["PST","PDT"]},"America/Tijuana":{"long":["Ipar Amerikako Pazifikoko ordu estandarra","Ipar Amerikako Pazifikoko udako ordua"],"short":["PST","PDT"]},"Asia/Anadyr":{"long":["Anadyrreko ordu estandarra","Anadyrreko udako ordua"]},"Pacific/Apia":{"long":["Apiako ordu estandarra","Apiako udako ordua"]},"Asia/Riyadh":{"long":["Arabiako ordu estandarra","Arabiako udako ordua"]},"Asia/Bahrain":{"long":["Arabiako ordu estandarra","Arabiako udako ordua"]},"Asia/Baghdad":{"long":["Arabiako ordu estandarra","Arabiako udako ordua"]},"Asia/Kuwait":{"long":["Arabiako ordu estandarra","Arabiako udako ordua"]},"Asia/Qatar":{"long":["Arabiako ordu estandarra","Arabiako udako ordua"]},"Asia/Aden":{"long":["Arabiako ordu estandarra","Arabiako udako ordua"]},"America/Buenos_Aires":{"long":["Argentinako ordu estandarra","Argentinako udako ordua"]},"America/Argentina/San_Luis":{"long":["Argentina mendebaldeko ordu estandarra","Argentina mendebaldeko udako ordua"]},"Asia/Ashgabat":{"long":["Turkmenistango ordu estandarra","Turkmenistango udako ordua"]},"America/Halifax":{"long":["Ipar Amerikako Atlantikoko ordu estandarra","Ipar Amerikako Atlantikoko udako ordua"],"short":["AST","ADT"]},"America/Antigua":{"long":["Ipar Amerikako Atlantikoko ordu estandarra","Ipar Amerikako Atlantikoko udako ordua"],"short":["AST","ADT"]},"America/Anguilla":{"long":["Ipar Amerikako Atlantikoko ordu estandarra","Ipar Amerikako Atlantikoko udako ordua"],"short":["AST","ADT"]},"America/Aruba":{"long":["Ipar Amerikako Atlantikoko ordu estandarra","Ipar Amerikako Atlantikoko udako ordua"],"short":["AST","ADT"]},"America/Barbados":{"long":["Ipar Amerikako Atlantikoko ordu estandarra","Ipar Amerikako Atlantikoko udako ordua"],"short":["AST","ADT"]},"Atlantic/Bermuda":{"long":["Ipar Amerikako Atlantikoko ordu estandarra","Ipar Amerikako Atlantikoko udako ordua"],"short":["AST","ADT"]},"America/Kralendijk":{"long":["Ipar Amerikako Atlantikoko ordu estandarra","Ipar Amerikako Atlantikoko udako ordua"],"short":["AST","ADT"]},"America/Curacao":{"long":["Ipar Amerikako Atlantikoko ordu estandarra","Ipar Amerikako Atlantikoko udako ordua"],"short":["AST","ADT"]},"America/Dominica":{"long":["Ipar Amerikako Atlantikoko ordu estandarra","Ipar Amerikako Atlantikoko udako ordua"],"short":["AST","ADT"]},"America/Grenada":{"long":["Ipar Amerikako Atlantikoko ordu estandarra","Ipar Amerikako Atlantikoko udako ordua"],"short":["AST","ADT"]},"America/Thule":{"long":["Ipar Amerikako Atlantikoko ordu estandarra","Ipar Amerikako Atlantikoko udako ordua"],"short":["AST","ADT"]},"America/Guadeloupe":{"long":["Ipar Amerikako Atlantikoko ordu estandarra","Ipar Amerikako Atlantikoko udako ordua"],"short":["AST","ADT"]},"America/St_Kitts":{"long":["Ipar Amerikako Atlantikoko ordu estandarra","Ipar Amerikako Atlantikoko udako ordua"],"short":["AST","ADT"]},"America/St_Lucia":{"long":["Ipar Amerikako Atlantikoko ordu estandarra","Ipar Amerikako Atlantikoko udako ordua"],"short":["AST","ADT"]},"America/Marigot":{"long":["Ipar Amerikako Atlantikoko ordu estandarra","Ipar Amerikako Atlantikoko udako ordua"],"short":["AST","ADT"]},"America/Martinique":{"long":["Ipar Amerikako Atlantikoko ordu estandarra","Ipar Amerikako Atlantikoko udako ordua"],"short":["AST","ADT"]},"America/Montserrat":{"long":["Ipar Amerikako Atlantikoko ordu estandarra","Ipar Amerikako Atlantikoko udako ordua"],"short":["AST","ADT"]},"America/Puerto_Rico":{"long":["Ipar Amerikako Atlantikoko ordu estandarra","Ipar Amerikako Atlantikoko udako ordua"],"short":["AST","ADT"]},"America/Lower_Princes":{"long":["Ipar Amerikako Atlantikoko ordu estandarra","Ipar Amerikako Atlantikoko udako ordua"],"short":["AST","ADT"]},"America/Port_of_Spain":{"long":["Ipar Amerikako Atlantikoko ordu estandarra","Ipar Amerikako Atlantikoko udako ordua"],"short":["AST","ADT"]},"America/St_Vincent":{"long":["Ipar Amerikako Atlantikoko ordu estandarra","Ipar Amerikako Atlantikoko udako ordua"],"short":["AST","ADT"]},"America/Tortola":{"long":["Ipar Amerikako Atlantikoko ordu estandarra","Ipar Amerikako Atlantikoko udako ordua"],"short":["AST","ADT"]},"America/St_Thomas":{"long":["Ipar Amerikako Atlantikoko ordu estandarra","Ipar Amerikako Atlantikoko udako ordua"],"short":["AST","ADT"]},"Australia/Adelaide":{"long":["Australiako erdialdeko ordu estandarra","Australiako erdialdeko udako ordua"]},"Australia/Eucla":{"long":["Australiako erdi-mendebaldeko ordu estandarra","Australiako erdi-mendebaldeko udako ordua"]},"Australia/Sydney":{"long":["Australiako ekialdeko ordu estandarra","Australiako ekialdeko udako ordua"]},"Australia/Perth":{"long":["Australiako mendebaldeko ordu estandarra","Australiako mendebaldeko udako ordua"]},"Atlantic/Azores":{"long":["Azoreetako ordu estandarra","Azoreetako udako ordua"]},"Asia/Thimphu":{"long":["Bhutango ordua","Bhutango ordua"]},"America/La_Paz":{"long":["Boliviako ordua","Boliviako ordua"]},"Asia/Kuching":{"long":["Malaysiako ordua","Malaysiako ordua"]},"America/Sao_Paulo":{"long":["Brasiliako ordu estandarra","Brasiliako udako ordua"]},"Europe/London":{"long":["Greenwichko meridianoaren ordua","Greenwichko meridianoaren ordua"],"short":["GMT","GMT"]},"Asia/Brunei":{"long":["Brunei Darussalamgo ordua","Brunei Darussalamgo ordua"]},"Atlantic/Cape_Verde":{"long":["Cabo Verdeko ordu estandarra","Cabo Verdeko udako ordua"]},"Antarctica/Casey":{"long":["Caseyko ordua","Caseyko ordua"]},"Pacific/Saipan":{"long":["Ipar Mariana uharteetako ordua","Ipar Mariana uharteetako ordua"]},"Pacific/Guam":{"long":["Guameko ordu estandarra","Guameko ordu estandarra"]},"Pacific/Chatham":{"long":["Chathamgo ordu estandarra","Chathamgo udako ordua"]},"America/Santiago":{"long":["Txileko ordu estandarra","Txileko udako ordua"]},"Asia/Shanghai":{"long":["Txinako ordu estandarra","Txinako udako ordua"]},"Asia/Choibalsan":{"long":["Txoibalsango ordu estandarra","Txoibalsango udako ordua"]},"Indian/Christmas":{"long":["Christmas uharteko ordua","Christmas uharteko ordua"]},"Indian/Cocos":{"long":["Cocos uharteetako ordua","Cocos uharteetako ordua"]},"America/Bogota":{"long":["Kolonbiako ordu estandarra","Kolonbiako udako ordua"]},"Pacific/Rarotonga":{"long":["Cook uharteetako ordu estandarra","Cook uharteetako uda erdialdeko ordua"]},"America/Havana":{"long":["Kubako ordu estandarra","Kubako udako ordua"]},"Antarctica/Davis":{"long":["Daviseko ordua","Daviseko ordua"]},"Antarctica/DumontDUrville":{"long":["Dumont-d’Urvilleko ordua","Dumont-d’Urvilleko ordua"]},"Asia/Dushanbe":{"long":["Tadjikistango ordua","Tadjikistango ordua"]},"America/Paramaribo":{"long":["Surinamgo ordua","Surinamgo ordua"]},"Asia/Dili":{"long":["Ekialdeko Timorreko ordua","Ekialdeko Timorreko ordua"]},"Pacific/Easter":{"long":["Pazko uharteko ordu estandarra","Pazko uharteko udako ordua"]},"America/Guayaquil":{"long":["Ekuadorreko ordua","Ekuadorreko ordua"]},"Europe/Paris":{"long":["Europako erdialdeko ordu estandarra","Europako erdialdeko udako ordua"],"short":["CET","CEST"]},"Europe/Andorra":{"long":["Europako erdialdeko ordu estandarra","Europako erdialdeko udako ordua"],"short":["CET","CEST"]},"Europe/Tirane":{"long":["Europako erdialdeko ordu estandarra","Europako erdialdeko udako ordua"],"short":["CET","CEST"]},"Europe/Vienna":{"long":["Europako erdialdeko ordu estandarra","Europako erdialdeko udako ordua"],"short":["CET","CEST"]},"Europe/Sarajevo":{"long":["Europako erdialdeko ordu estandarra","Europako erdialdeko udako ordua"],"short":["CET","CEST"]},"Europe/Brussels":{"long":["Europako erdialdeko ordu estandarra","Europako erdialdeko udako ordua"],"short":["CET","CEST"]},"Europe/Zurich":{"long":["Europako erdialdeko ordu estandarra","Europako erdialdeko udako ordua"],"short":["CET","CEST"]},"Europe/Prague":{"long":["Europako erdialdeko ordu estandarra","Europako erdialdeko udako ordua"],"short":["CET","CEST"]},"Europe/Berlin":{"long":["Europako erdialdeko ordu estandarra","Europako erdialdeko udako ordua"],"short":["CET","CEST"]},"Europe/Copenhagen":{"long":["Europako erdialdeko ordu estandarra","Europako erdialdeko udako ordua"],"short":["CET","CEST"]},"Europe/Madrid":{"long":["Europako erdialdeko ordu estandarra","Europako erdialdeko udako ordua"],"short":["CET","CEST"]},"Europe/Gibraltar":{"long":["Europako erdialdeko ordu estandarra","Europako erdialdeko udako ordua"],"short":["CET","CEST"]},"Europe/Zagreb":{"long":["Europako erdialdeko ordu estandarra","Europako erdialdeko udako ordua"],"short":["CET","CEST"]},"Europe/Budapest":{"long":["Europako erdialdeko ordu estandarra","Europako erdialdeko udako ordua"],"short":["CET","CEST"]},"Europe/Rome":{"long":["Europako erdialdeko ordu estandarra","Europako erdialdeko udako ordua"],"short":["CET","CEST"]},"Europe/Vaduz":{"long":["Europako erdialdeko ordu estandarra","Europako erdialdeko udako ordua"],"short":["CET","CEST"]},"Europe/Luxembourg":{"long":["Europako erdialdeko ordu estandarra","Europako erdialdeko udako ordua"],"short":["CET","CEST"]},"Europe/Monaco":{"long":["Europako erdialdeko ordu estandarra","Europako erdialdeko udako ordua"],"short":["CET","CEST"]},"Europe/Podgorica":{"long":["Europako erdialdeko ordu estandarra","Europako erdialdeko udako ordua"],"short":["CET","CEST"]},"Europe/Skopje":{"long":["Europako erdialdeko ordu estandarra","Europako erdialdeko udako ordua"],"short":["CET","CEST"]},"Europe/Malta":{"long":["Europako erdialdeko ordu estandarra","Europako erdialdeko udako ordua"],"short":["CET","CEST"]},"Europe/Amsterdam":{"long":["Europako erdialdeko ordu estandarra","Europako erdialdeko udako ordua"],"short":["CET","CEST"]},"Europe/Oslo":{"long":["Europako erdialdeko ordu estandarra","Europako erdialdeko udako ordua"],"short":["CET","CEST"]},"Europe/Warsaw":{"long":["Europako erdialdeko ordu estandarra","Europako erdialdeko udako ordua"],"short":["CET","CEST"]},"Europe/Belgrade":{"long":["Europako erdialdeko ordu estandarra","Europako erdialdeko udako ordua"],"short":["CET","CEST"]},"Europe/Stockholm":{"long":["Europako erdialdeko ordu estandarra","Europako erdialdeko udako ordua"],"short":["CET","CEST"]},"Europe/Ljubljana":{"long":["Europako erdialdeko ordu estandarra","Europako erdialdeko udako ordua"],"short":["CET","CEST"]},"Arctic/Longyearbyen":{"long":["Europako erdialdeko ordu estandarra","Europako erdialdeko udako ordua"],"short":["CET","CEST"]},"Europe/Bratislava":{"long":["Europako erdialdeko ordu estandarra","Europako erdialdeko udako ordua"],"short":["CET","CEST"]},"Europe/San_Marino":{"long":["Europako erdialdeko ordu estandarra","Europako erdialdeko udako ordua"],"short":["CET","CEST"]},"Africa/Tunis":{"long":["Europako erdialdeko ordu estandarra","Europako erdialdeko udako ordua"],"short":["CET","CEST"]},"Europe/Vatican":{"long":["Europako erdialdeko ordu estandarra","Europako erdialdeko udako ordua"],"short":["CET","CEST"]},"Europe/Bucharest":{"long":["Europako ekialdeko ordu estandarra","Europako ekialdeko udako ordua"],"short":["EET","EEST"]},"Europe/Mariehamn":{"long":["Europako ekialdeko ordu estandarra","Europako ekialdeko udako ordua"],"short":["EET","EEST"]},"Europe/Sofia":{"long":["Europako ekialdeko ordu estandarra","Europako ekialdeko udako ordua"],"short":["EET","EEST"]},"Asia/Nicosia":{"long":["Europako ekialdeko ordu estandarra","Europako ekialdeko udako ordua"],"short":["EET","EEST"]},"Africa/Cairo":{"long":["Europako ekialdeko ordu estandarra","Europako ekialdeko udako ordua"],"short":["EET","EEST"]},"Europe/Helsinki":{"long":["Europako ekialdeko ordu estandarra","Europako ekialdeko udako ordua"],"short":["EET","EEST"]},"Europe/Athens":{"long":["Europako ekialdeko ordu estandarra","Europako ekialdeko udako ordua"],"short":["EET","EEST"]},"Asia/Beirut":{"long":["Europako ekialdeko ordu estandarra","Europako ekialdeko udako ordua"],"short":["EET","EEST"]},"Europe/Minsk":{"long":["Europako ekialde urruneko ordua","Europako ekialde urruneko ordua"]},"Europe/Kaliningrad":{"long":["Europako ekialde urruneko ordua","Europako ekialde urruneko ordua"]},"Atlantic/Canary":{"long":["Europako mendebaldeko ordu estandarra","Europako mendebaldeko udako ordua"],"short":["WET","WEST"]},"Atlantic/Faeroe":{"long":["Europako mendebaldeko ordu estandarra","Europako mendebaldeko udako ordua"],"short":["WET","WEST"]},"Atlantic/Stanley":{"long":["Falkland uharteetako ordu estandarra","Falkland uharteetako udako ordua"]},"Pacific/Fiji":{"long":["Fijiko ordu estandarra","Fijiko udako ordua"]},"America/Cayenne":{"long":["Guyana Frantseseko ordua","Guyana Frantseseko ordua"]},"Indian/Kerguelen":{"long":["Frantziaren lurralde austral eta antartikoetako ordutegia","Frantziaren lurralde austral eta antartikoetako ordutegia"]},"Asia/Bishkek":{"long":["Kirgizistango ordua","Kirgizistango ordua"]},"Pacific/Galapagos":{"long":["Galapagoetako ordua","Galapagoetako ordua"]},"Pacific/Gambier":{"long":["Gambierretako ordua","Gambierretako ordua"]},"Pacific/Tarawa":{"long":["Gilbert uharteetako ordua","Gilbert uharteetako ordua"]},"Atlantic/Reykjavik":{"long":["Greenwichko meridianoaren ordua","Greenwichko meridianoaren ordua"],"short":["GMT","GMT"]},"Africa/Ouagadougou":{"long":["Greenwichko meridianoaren ordua","Greenwichko meridianoaren ordua"],"short":["GMT","GMT"]},"Africa/Abidjan":{"long":["Greenwichko meridianoaren ordua","Greenwichko meridianoaren ordua"],"short":["GMT","GMT"]},"Africa/Accra":{"long":["Greenwichko meridianoaren ordua","Greenwichko meridianoaren ordua"],"short":["GMT","GMT"]},"Africa/Banjul":{"long":["Greenwichko meridianoaren ordua","Greenwichko meridianoaren ordua"],"short":["GMT","GMT"]},"Africa/Conakry":{"long":["Greenwichko meridianoaren ordua","Greenwichko meridianoaren ordua"],"short":["GMT","GMT"]},"Africa/Bamako":{"long":["Greenwichko meridianoaren ordua","Greenwichko meridianoaren ordua"],"short":["GMT","GMT"]},"Africa/Nouakchott":{"long":["Greenwichko meridianoaren ordua","Greenwichko meridianoaren ordua"],"short":["GMT","GMT"]},"Atlantic/St_Helena":{"long":["Greenwichko meridianoaren ordua","Greenwichko meridianoaren ordua"],"short":["GMT","GMT"]},"Africa/Freetown":{"long":["Greenwichko meridianoaren ordua","Greenwichko meridianoaren ordua"],"short":["GMT","GMT"]},"Africa/Dakar":{"long":["Greenwichko meridianoaren ordua","Greenwichko meridianoaren ordua"],"short":["GMT","GMT"]},"Africa/Lome":{"long":["Greenwichko meridianoaren ordua","Greenwichko meridianoaren ordua"],"short":["GMT","GMT"]},"America/Scoresbysund":{"long":["Groenlandiako ekialdeko ordu estandarra","Groenlandiako ekialdeko udako ordua"]},"America/Godthab":{"long":["Groenlandiako mendebaldeko ordu estandarra","Groenlandiako mendebaldeko udako ordua"]},"Asia/Dubai":{"long":["Golkoko ordu estandarra","Golkoko ordu estandarra"]},"Asia/Muscat":{"long":["Golkoko ordu estandarra","Golkoko ordu estandarra"]},"America/Guyana":{"long":["Guyanako ordua","Guyanako ordua"]},"Pacific/Honolulu":{"long":["Hawaii-Aleutiar uharteetako ordu estandarra","Hawaii-Aleutiar uharteetako udako ordua"],"short":["HAST","HADT"]},"Asia/Hong_Kong":{"long":["Hong Kongo ordu estandarra","Hong Kongo udako ordua"]},"Asia/Hovd":{"long":["Khovdeko ordu estandarra","Khovdeko udako ordua"]},"Asia/Calcutta":{"long":["Indiako ordua","Indiako ordua"]},"Asia/Colombo":{"long":["Lankako ordua","Lankako ordua"]},"Indian/Chagos":{"long":["Indiako Ozeanoko ordua","Indiako Ozeanoko ordua"]},"Asia/Bangkok":{"long":["Indotxinako ordua","Indotxinako ordua"]},"Asia/Phnom_Penh":{"long":["Indotxinako ordua","Indotxinako ordua"]},"Asia/Vientiane":{"long":["Indotxinako ordua","Indotxinako ordua"]},"Asia/Makassar":{"long":["Indonesiako erdialdeko ordua","Indonesiako erdialdeko ordua"]},"Asia/Jayapura":{"long":["Indonesiako ekialdeko ordua","Indonesiako ekialdeko ordua"]},"Asia/Jakarta":{"long":["Indonesiako mendebaldeko ordua","Indonesiako mendebaldeko ordua"]},"Asia/Tehran":{"long":["Irango ordu estandarra","Irango udako ordua"]},"Asia/Irkutsk":{"long":["Irkutskeko ordu estandarra","Irkutskeko udako ordua"]},"Asia/Jerusalem":{"long":["Israelgo ordu estandarra","Israelgo udako ordua"]},"Asia/Tokyo":{"long":["Japoniako ordu estandarra","Japoniako udako ordua"]},"Asia/Kamchatka":{"long":["Petropavlovsk-Kamchatskiko ordu estandarra","Petropavlovsk-Kamchatskiko udako ordua"]},"Asia/Karachi":{"long":["Pakistango ordu estandarra","Pakistango udako ordua"]},"Asia/Qyzylorda":{"long":["Kyzylordako ordu estandarra","Kyzylordako udako ordua"]},"Asia/Seoul":{"long":["Koreako ordu estandarra","Koreako udako ordua"]},"Pacific/Kosrae":{"long":["Kosraeko ordua","Kosraeko ordua"]},"Asia/Krasnoyarsk":{"long":["Krasnoiarskeko ordu estandarra","Krasnoiarskeko udako ordua"]},"Europe/Samara":{"long":["Samarako ordu estandarra","Samarako udako ordua"]},"Pacific/Kiritimati":{"long":["Line uharteetako ordua","Line uharteetako ordua"]},"Australia/Lord_Howe":{"long":["Lord Howeko ordu estandarra","Lord Howeko udako ordua"]},"Asia/Macau":{"long":["Macaoko ordu estandarra","Macaoko udako ordua"]},"Antarctica/Macquarie":{"long":["Macquarie uharteko ordua","Macquarie uharteko ordua"]},"Asia/Magadan":{"long":["Magadango ordu estandarra","Magadango udako ordua"]},"Indian/Maldives":{"long":["Maldivetako ordua","Maldivetako ordua"]},"Pacific/Marquesas":{"long":["Markesetako ordua","Markesetako ordua"]},"Pacific/Majuro":{"long":["Marshall Uharteetako ordua","Marshall Uharteetako ordua"]},"Indian/Mauritius":{"long":["Maurizioko ordu estandarra","Maurizioko udako ordua"]},"Antarctica/Mawson":{"long":["Mawsoneko ordua","Mawsoneko ordua"]},"America/Santa_Isabel":{"long":["Mexikoko ipar-ekialdeko ordu estandarra","Mexikoko ipar-ekialdeko udako ordua"]},"America/Mazatlan":{"long":["Mexikoko Pazifikoko ordu estandarra","Mexikoko Pazifikoko udako ordua"]},"Asia/Ulaanbaatar":{"long":["Ulan Batorreko ordu estandarra","Ulan Batorreko udako ordua"]},"Europe/Moscow":{"long":["Moskuko ordu estandarra","Moskuko udako ordua"]},"Asia/Rangoon":{"long":["Myanmarreko ordua","Myanmarreko ordua"]},"Pacific/Nauru":{"long":["Nauruko ordua","Nauruko ordua"]},"Asia/Katmandu":{"long":["Nepalgo ordua","Nepalgo ordua"]},"Pacific/Noumea":{"long":["Kaledonia Berriko ordu estandarra","Kaledonia Berriko udako ordua"]},"Pacific/Auckland":{"long":["Zeelanda Berriko ordu estandarra","Zeelanda Berriko udako ordua"]},"Antarctica/McMurdo":{"long":["Zeelanda Berriko ordu estandarra","Zeelanda Berriko udako ordua"]},"America/St_Johns":{"long":["Ternuako ordu estandarra","Ternuako udako ordua"]},"Pacific/Niue":{"long":["Niueko ordua","Niueko ordua"]},"Pacific/Norfolk":{"long":["Norfolk uharteetako ordu estandarra","Norfolk uharteetako udako ordua"]},"America/Noronha":{"long":["Fernando de Noronhako ordu estandarra","Fernando de Noronhako udako ordua"]},"Asia/Novosibirsk":{"long":["Novosibirskeko ordu estandarra","Novosibirskeko udako ordua"]},"Asia/Omsk":{"long":["Omskeko ordu estandarra","Omskeko udako ordua"]},"Pacific/Palau":{"long":["Palauko ordua","Palauko ordua"]},"Pacific/Port_Moresby":{"long":["Papua Ginea Berriko ordua","Papua Ginea Berriko ordua"]},"America/Asuncion":{"long":["Paraguaiko ordu estandarra","Paraguaiko udako ordua"]},"America/Lima":{"long":["Peruko ordu estandarra","Peruko udako ordua"]},"Asia/Manila":{"long":["Filipinetako ordu estandarra","Filipinetako udako ordua"]},"Pacific/Enderbury":{"long":["Phoenix uharteetako ordua","Phoenix uharteetako ordua"]},"America/Miquelon":{"long":["Saint-Pierre eta Mikeluneko ordu estandarra","Saint-Pierre eta Mikeluneko udako ordua"]},"Pacific/Pitcairn":{"long":["Pitcairneko ordua","Pitcairneko ordua"]},"Pacific/Ponape":{"long":["Ponapeko ordua","Ponapeko ordua"]},"Asia/Pyongyang":{"long":["Piongiangeko ordua","Piongiangeko ordua"]},"Indian/Reunion":{"long":["Reunioneko ordua","Reunioneko ordua"]},"Antarctica/Rothera":{"long":["Rotherako ordua","Rotherako ordua"]},"Asia/Sakhalin":{"long":["Sakhalingo ordu estandarra","Sakhalingo udako ordua"]},"Pacific/Pago_Pago":{"long":["Samoako ordu estandarra","Samoako udako ordua"]},"Indian/Mahe":{"long":["Seychelle uharteetako ordua","Seychelle uharteetako ordua"]},"Asia/Singapore":{"long":["Singapurreko ordu estandarra","Singapurreko ordu estandarra"]},"Pacific/Guadalcanal":{"long":["Salomon Uharteetako ordua","Salomon Uharteetako ordua"]},"Atlantic/South_Georgia":{"long":["Hegoaldeko Georgietako ordua","Hegoaldeko Georgietako ordua"]},"Asia/Yekaterinburg":{"long":["Jekaterinburgeko ordu estandarra","Jekaterinburgeko udako ordua"]},"Antarctica/Syowa":{"long":["Syowako ordua","Syowako ordua"]},"Pacific/Tahiti":{"long":["Tahitiko ordua","Tahitiko ordua"]},"Asia/Taipei":{"long":["Taipeiko ordu estandarra","Taipeiko udako ordua"]},"Asia/Tashkent":{"long":["Uzbekistango ordu estandarra","Uzbekistango udako ordua"]},"Pacific/Fakaofo":{"long":["Tokelauko ordua","Tokelauko ordua"]},"Pacific/Tongatapu":{"long":["Tongako ordu estandarra","Tongako udako ordua"]},"Pacific/Truk":{"long":["Chuukeko ordua","Chuukeko ordua"]},"Pacific/Funafuti":{"long":["Tuvaluko ordua","Tuvaluko ordua"]},"America/Montevideo":{"long":["Uruguaiko ordu estandarra","Uruguaiko udako ordua"]},"Pacific/Efate":{"long":["Vanuatuko ordu estandarra","Vanuatuko udako ordua"]},"America/Caracas":{"long":["Venezuelako ordua","Venezuelako ordua"]},"Asia/Vladivostok":{"long":["Vladivostokeko ordu estandarra","Vladivostokeko udako ordua"]},"Europe/Volgograd":{"long":["Volgogradeko ordu estandarra","Volgogradeko udako ordua"]},"Antarctica/Vostok":{"long":["Vostokeko ordua","Vostokeko ordua"]},"Pacific/Wake":{"long":["Wake uharteko ordua","Wake uharteko ordua"]},"Pacific/Wallis":{"long":["Wallis eta Futunako ordutegia","Wallis eta Futunako ordutegia"]},"Asia/Yakutsk":{"long":["Jakutskeko ordu estandarra","Jakutskeko udako ordua"]},"America/Whitehorse":{"long":["Yukongo ordua","Yukongo ordua"]},"UTC":{"long":["ordu unibertsal koordinatua","ordu unibertsal koordinatua"],"short":["UTC","UTC"]}},"gmtFormat":"GMT{0}","hourFormat":"+HH:mm;-HH:mm","dateFormat":{"full":"y('e')'ko' MMMM'ren' d('a'), EEEE","long":"y('e')'ko' MMMM'ren' d('a')","medium":"y('e')'ko' MMM d('a')","short":"yy/M/d"},"timeFormat":{"full":"HH:mm:ss (zzzz)","long":"HH:mm:ss (z)","medium":"HH:mm:ss","short":"HH:mm"},"dateTimeFormat":{"full":"{1} {0}","long":"{1} {0}","medium":"{1} {0}","short":"{1} {0}"},"formats":{"gregory":{"Bh":"B h","Bhm":"B h:mm","Bhms":"B h:mm:ss","d":"d","E":"ccc","EBhm":"E B h:mm","EBhms":"E B h:mm:ss","Ed":"d, E","Ehm":"E h:mm a","EHm":"E HH:mm","Ehms":"E h:mm:ss a","EHms":"E HH:mm:ss","Gy":"G y","GyMd":"GGGGG y-MM-dd","GyMMM":"G y. 'urteko' MMM","GyMMMd":"G y. 'urteko' MMM d('a')","GyMMMEd":"G y. 'urteko' MMM d('a'), E","h":"h a","H":"HH","hm":"h:mm a","Hm":"HH:mm","hms":"h:mm:ss a","Hms":"HH:mm:ss","hmsv":"h:mm:ss a v","Hmsv":"HH:mm:ss v","hmv":"h:mm a v","Hmv":"HH:mm v","M":"L","Md":"M/d","MEd":"M/d, E","MMM":"LLL","MMMd":"MMM d('a')","MMMEd":"MMM d('a'), E","MMMMd":"MMMM'ren' d('a')","ms":"mm:ss","y":"y","yM":"y/M","yMd":"y/M/d","yMEd":"y/M/d, E","yMMM":"y MMM","yMMMd":"y MMM d('a')","yMMMEd":"y MMM d('a'), E","yMMMM":"y('e')'ko' MMMM","yMMMMd":"y('e')'ko' MMMM'ren' d('a')","yMMMMEd":"y('e')'ko' MMMM'ren' d('a'), E","y('e')'ko' MMMM'ren' d('a'), EEEE":"y('e')'ko' MMMM'ren' d('a'), EEEE","y('e')'ko' MMMM'ren' d('a')":"y('e')'ko' MMMM'ren' d('a')","y('e')'ko' MMM d('a')":"y('e')'ko' MMM d('a')","yy/M/d":"yy/M/d","HH:mm:ss (zzzz)":"HH:mm:ss (zzzz)","HH:mm:ss (z)":"HH:mm:ss (z)","HH:mm:ss":"HH:mm:ss","HH:mm":"HH:mm","y('e')'ko' MMMM'ren' d('a'), EEEE HH:mm:ss (zzzz)":"y('e')'ko' MMMM'ren' d('a'), EEEE HH:mm:ss (zzzz)","y('e')'ko' MMMM'ren' d('a') HH:mm:ss (zzzz)":"y('e')'ko' MMMM'ren' d('a') HH:mm:ss (zzzz)","y('e')'ko' MMM d('a') HH:mm:ss (zzzz)":"y('e')'ko' MMM d('a') HH:mm:ss (zzzz)","yy/M/d HH:mm:ss (zzzz)":"yy/M/d HH:mm:ss (zzzz)","d HH:mm:ss (zzzz)":"d HH:mm:ss (zzzz)","E HH:mm:ss (zzzz)":"ccc HH:mm:ss (zzzz)","Ed HH:mm:ss (zzzz)":"d, E HH:mm:ss (zzzz)","Gy HH:mm:ss (zzzz)":"G y HH:mm:ss (zzzz)","GyMd HH:mm:ss (zzzz)":"GGGGG y-MM-dd HH:mm:ss (zzzz)","GyMMM HH:mm:ss (zzzz)":"G y. 'urteko' MMM HH:mm:ss (zzzz)","GyMMMd HH:mm:ss (zzzz)":"G y. 'urteko' MMM d('a') HH:mm:ss (zzzz)","GyMMMEd HH:mm:ss (zzzz)":"G y. 'urteko' MMM d('a'), E HH:mm:ss (zzzz)","M HH:mm:ss (zzzz)":"L HH:mm:ss (zzzz)","Md HH:mm:ss (zzzz)":"M/d HH:mm:ss (zzzz)","MEd HH:mm:ss (zzzz)":"M/d, E HH:mm:ss (zzzz)","MMM HH:mm:ss (zzzz)":"LLL HH:mm:ss (zzzz)","MMMd HH:mm:ss (zzzz)":"MMM d('a') HH:mm:ss (zzzz)","MMMEd HH:mm:ss (zzzz)":"MMM d('a'), E HH:mm:ss (zzzz)","MMMMd HH:mm:ss (zzzz)":"MMMM'ren' d('a') HH:mm:ss (zzzz)","y HH:mm:ss (zzzz)":"y HH:mm:ss (zzzz)","yM HH:mm:ss (zzzz)":"y/M HH:mm:ss (zzzz)","yMd HH:mm:ss (zzzz)":"y/M/d HH:mm:ss (zzzz)","yMEd HH:mm:ss (zzzz)":"y/M/d, E HH:mm:ss (zzzz)","yMMM HH:mm:ss (zzzz)":"y MMM HH:mm:ss (zzzz)","yMMMd HH:mm:ss (zzzz)":"y MMM d('a') HH:mm:ss (zzzz)","yMMMEd HH:mm:ss (zzzz)":"y MMM d('a'), E HH:mm:ss (zzzz)","yMMMM HH:mm:ss (zzzz)":"y('e')'ko' MMMM HH:mm:ss (zzzz)","yMMMMd HH:mm:ss (zzzz)":"y('e')'ko' MMMM'ren' d('a') HH:mm:ss (zzzz)","yMMMMEd HH:mm:ss (zzzz)":"y('e')'ko' MMMM'ren' d('a'), E HH:mm:ss (zzzz)","y('e')'ko' MMMM'ren' d('a'), EEEE HH:mm:ss (z)":"y('e')'ko' MMMM'ren' d('a'), EEEE HH:mm:ss (z)","y('e')'ko' MMMM'ren' d('a') HH:mm:ss (z)":"y('e')'ko' MMMM'ren' d('a') HH:mm:ss (z)","y('e')'ko' MMM d('a') HH:mm:ss (z)":"y('e')'ko' MMM d('a') HH:mm:ss (z)","yy/M/d HH:mm:ss (z)":"yy/M/d HH:mm:ss (z)","d HH:mm:ss (z)":"d HH:mm:ss (z)","E HH:mm:ss (z)":"ccc HH:mm:ss (z)","Ed HH:mm:ss (z)":"d, E HH:mm:ss (z)","Gy HH:mm:ss (z)":"G y HH:mm:ss (z)","GyMd HH:mm:ss (z)":"GGGGG y-MM-dd HH:mm:ss (z)","GyMMM HH:mm:ss (z)":"G y. 'urteko' MMM HH:mm:ss (z)","GyMMMd HH:mm:ss (z)":"G y. 'urteko' MMM d('a') HH:mm:ss (z)","GyMMMEd HH:mm:ss (z)":"G y. 'urteko' MMM d('a'), E HH:mm:ss (z)","M HH:mm:ss (z)":"L HH:mm:ss (z)","Md HH:mm:ss (z)":"M/d HH:mm:ss (z)","MEd HH:mm:ss (z)":"M/d, E HH:mm:ss (z)","MMM HH:mm:ss (z)":"LLL HH:mm:ss (z)","MMMd HH:mm:ss (z)":"MMM d('a') HH:mm:ss (z)","MMMEd HH:mm:ss (z)":"MMM d('a'), E HH:mm:ss (z)","MMMMd HH:mm:ss (z)":"MMMM'ren' d('a') HH:mm:ss (z)","y HH:mm:ss (z)":"y HH:mm:ss (z)","yM HH:mm:ss (z)":"y/M HH:mm:ss (z)","yMd HH:mm:ss (z)":"y/M/d HH:mm:ss (z)","yMEd HH:mm:ss (z)":"y/M/d, E HH:mm:ss (z)","yMMM HH:mm:ss (z)":"y MMM HH:mm:ss (z)","yMMMd HH:mm:ss (z)":"y MMM d('a') HH:mm:ss (z)","yMMMEd HH:mm:ss (z)":"y MMM d('a'), E HH:mm:ss (z)","yMMMM HH:mm:ss (z)":"y('e')'ko' MMMM HH:mm:ss (z)","yMMMMd HH:mm:ss (z)":"y('e')'ko' MMMM'ren' d('a') HH:mm:ss (z)","yMMMMEd HH:mm:ss (z)":"y('e')'ko' MMMM'ren' d('a'), E HH:mm:ss (z)","y('e')'ko' MMMM'ren' d('a'), EEEE HH:mm:ss":"y('e')'ko' MMMM'ren' d('a'), EEEE HH:mm:ss","y('e')'ko' MMMM'ren' d('a') HH:mm:ss":"y('e')'ko' MMMM'ren' d('a') HH:mm:ss","y('e')'ko' MMM d('a') HH:mm:ss":"y('e')'ko' MMM d('a') HH:mm:ss","yy/M/d HH:mm:ss":"yy/M/d HH:mm:ss","d HH:mm:ss":"d HH:mm:ss","E HH:mm:ss":"ccc HH:mm:ss","Ed HH:mm:ss":"d, E HH:mm:ss","Gy HH:mm:ss":"G y HH:mm:ss","GyMd HH:mm:ss":"GGGGG y-MM-dd HH:mm:ss","GyMMM HH:mm:ss":"G y. 'urteko' MMM HH:mm:ss","GyMMMd HH:mm:ss":"G y. 'urteko' MMM d('a') HH:mm:ss","GyMMMEd HH:mm:ss":"G y. 'urteko' MMM d('a'), E HH:mm:ss","M HH:mm:ss":"L HH:mm:ss","Md HH:mm:ss":"M/d HH:mm:ss","MEd HH:mm:ss":"M/d, E HH:mm:ss","MMM HH:mm:ss":"LLL HH:mm:ss","MMMd HH:mm:ss":"MMM d('a') HH:mm:ss","MMMEd HH:mm:ss":"MMM d('a'), E HH:mm:ss","MMMMd HH:mm:ss":"MMMM'ren' d('a') HH:mm:ss","y HH:mm:ss":"y HH:mm:ss","yM HH:mm:ss":"y/M HH:mm:ss","yMd HH:mm:ss":"y/M/d HH:mm:ss","yMEd HH:mm:ss":"y/M/d, E HH:mm:ss","yMMM HH:mm:ss":"y MMM HH:mm:ss","yMMMd HH:mm:ss":"y MMM d('a') HH:mm:ss","yMMMEd HH:mm:ss":"y MMM d('a'), E HH:mm:ss","yMMMM HH:mm:ss":"y('e')'ko' MMMM HH:mm:ss","yMMMMd HH:mm:ss":"y('e')'ko' MMMM'ren' d('a') HH:mm:ss","yMMMMEd HH:mm:ss":"y('e')'ko' MMMM'ren' d('a'), E HH:mm:ss","y('e')'ko' MMMM'ren' d('a'), EEEE HH:mm":"y('e')'ko' MMMM'ren' d('a'), EEEE HH:mm","y('e')'ko' MMMM'ren' d('a') HH:mm":"y('e')'ko' MMMM'ren' d('a') HH:mm","y('e')'ko' MMM d('a') HH:mm":"y('e')'ko' MMM d('a') HH:mm","yy/M/d HH:mm":"yy/M/d HH:mm","d HH:mm":"d HH:mm","E HH:mm":"ccc HH:mm","Ed HH:mm":"d, E HH:mm","Gy HH:mm":"G y HH:mm","GyMd HH:mm":"GGGGG y-MM-dd HH:mm","GyMMM HH:mm":"G y. 'urteko' MMM HH:mm","GyMMMd HH:mm":"G y. 'urteko' MMM d('a') HH:mm","GyMMMEd HH:mm":"G y. 'urteko' MMM d('a'), E HH:mm","M HH:mm":"L HH:mm","Md HH:mm":"M/d HH:mm","MEd HH:mm":"M/d, E HH:mm","MMM HH:mm":"LLL HH:mm","MMMd HH:mm":"MMM d('a') HH:mm","MMMEd HH:mm":"MMM d('a'), E HH:mm","MMMMd HH:mm":"MMMM'ren' d('a') HH:mm","y HH:mm":"y HH:mm","yM HH:mm":"y/M HH:mm","yMd HH:mm":"y/M/d HH:mm","yMEd HH:mm":"y/M/d, E HH:mm","yMMM HH:mm":"y MMM HH:mm","yMMMd HH:mm":"y MMM d('a') HH:mm","yMMMEd HH:mm":"y MMM d('a'), E HH:mm","yMMMM HH:mm":"y('e')'ko' MMMM HH:mm","yMMMMd HH:mm":"y('e')'ko' MMMM'ren' d('a') HH:mm","yMMMMEd HH:mm":"y('e')'ko' MMMM'ren' d('a'), E HH:mm","y('e')'ko' MMMM'ren' d('a'), EEEE Bh":"y('e')'ko' MMMM'ren' d('a'), EEEE B h","y('e')'ko' MMMM'ren' d('a') Bh":"y('e')'ko' MMMM'ren' d('a') B h","y('e')'ko' MMM d('a') Bh":"y('e')'ko' MMM d('a') B h","yy/M/d Bh":"yy/M/d B h","d Bh":"d B h","E Bh":"ccc B h","Ed Bh":"d, E B h","Gy Bh":"G y B h","GyMd Bh":"GGGGG y-MM-dd B h","GyMMM Bh":"G y. 'urteko' MMM B h","GyMMMd Bh":"G y. 'urteko' MMM d('a') B h","GyMMMEd Bh":"G y. 'urteko' MMM d('a'), E B h","M Bh":"L B h","Md Bh":"M/d B h","MEd Bh":"M/d, E B h","MMM Bh":"LLL B h","MMMd Bh":"MMM d('a') B h","MMMEd Bh":"MMM d('a'), E B h","MMMMd Bh":"MMMM'ren' d('a') B h","y Bh":"y B h","yM Bh":"y/M B h","yMd Bh":"y/M/d B h","yMEd Bh":"y/M/d, E B h","yMMM Bh":"y MMM B h","yMMMd Bh":"y MMM d('a') B h","yMMMEd Bh":"y MMM d('a'), E B h","yMMMM Bh":"y('e')'ko' MMMM B h","yMMMMd Bh":"y('e')'ko' MMMM'ren' d('a') B h","yMMMMEd Bh":"y('e')'ko' MMMM'ren' d('a'), E B h","y('e')'ko' MMMM'ren' d('a'), EEEE Bhm":"y('e')'ko' MMMM'ren' d('a'), EEEE B h:mm","y('e')'ko' MMMM'ren' d('a') Bhm":"y('e')'ko' MMMM'ren' d('a') B h:mm","y('e')'ko' MMM d('a') Bhm":"y('e')'ko' MMM d('a') B h:mm","yy/M/d Bhm":"yy/M/d B h:mm","d Bhm":"d B h:mm","E Bhm":"ccc B h:mm","Ed Bhm":"d, E B h:mm","Gy Bhm":"G y B h:mm","GyMd Bhm":"GGGGG y-MM-dd B h:mm","GyMMM Bhm":"G y. 'urteko' MMM B h:mm","GyMMMd Bhm":"G y. 'urteko' MMM d('a') B h:mm","GyMMMEd Bhm":"G y. 'urteko' MMM d('a'), E B h:mm","M Bhm":"L B h:mm","Md Bhm":"M/d B h:mm","MEd Bhm":"M/d, E B h:mm","MMM Bhm":"LLL B h:mm","MMMd Bhm":"MMM d('a') B h:mm","MMMEd Bhm":"MMM d('a'), E B h:mm","MMMMd Bhm":"MMMM'ren' d('a') B h:mm","y Bhm":"y B h:mm","yM Bhm":"y/M B h:mm","yMd Bhm":"y/M/d B h:mm","yMEd Bhm":"y/M/d, E B h:mm","yMMM Bhm":"y MMM B h:mm","yMMMd Bhm":"y MMM d('a') B h:mm","yMMMEd Bhm":"y MMM d('a'), E B h:mm","yMMMM Bhm":"y('e')'ko' MMMM B h:mm","yMMMMd Bhm":"y('e')'ko' MMMM'ren' d('a') B h:mm","yMMMMEd Bhm":"y('e')'ko' MMMM'ren' d('a'), E B h:mm","y('e')'ko' MMMM'ren' d('a'), EEEE Bhms":"y('e')'ko' MMMM'ren' d('a'), EEEE B h:mm:ss","y('e')'ko' MMMM'ren' d('a') Bhms":"y('e')'ko' MMMM'ren' d('a') B h:mm:ss","y('e')'ko' MMM d('a') Bhms":"y('e')'ko' MMM d('a') B h:mm:ss","yy/M/d Bhms":"yy/M/d B h:mm:ss","d Bhms":"d B h:mm:ss","E Bhms":"ccc B h:mm:ss","Ed Bhms":"d, E B h:mm:ss","Gy Bhms":"G y B h:mm:ss","GyMd Bhms":"GGGGG y-MM-dd B h:mm:ss","GyMMM Bhms":"G y. 'urteko' MMM B h:mm:ss","GyMMMd Bhms":"G y. 'urteko' MMM d('a') B h:mm:ss","GyMMMEd Bhms":"G y. 'urteko' MMM d('a'), E B h:mm:ss","M Bhms":"L B h:mm:ss","Md Bhms":"M/d B h:mm:ss","MEd Bhms":"M/d, E B h:mm:ss","MMM Bhms":"LLL B h:mm:ss","MMMd Bhms":"MMM d('a') B h:mm:ss","MMMEd Bhms":"MMM d('a'), E B h:mm:ss","MMMMd Bhms":"MMMM'ren' d('a') B h:mm:ss","y Bhms":"y B h:mm:ss","yM Bhms":"y/M B h:mm:ss","yMd Bhms":"y/M/d B h:mm:ss","yMEd Bhms":"y/M/d, E B h:mm:ss","yMMM Bhms":"y MMM B h:mm:ss","yMMMd Bhms":"y MMM d('a') B h:mm:ss","yMMMEd Bhms":"y MMM d('a'), E B h:mm:ss","yMMMM Bhms":"y('e')'ko' MMMM B h:mm:ss","yMMMMd Bhms":"y('e')'ko' MMMM'ren' d('a') B h:mm:ss","yMMMMEd Bhms":"y('e')'ko' MMMM'ren' d('a'), E B h:mm:ss","y('e')'ko' MMMM'ren' d('a'), EEEE h":"y('e')'ko' MMMM'ren' d('a'), EEEE h a","y('e')'ko' MMMM'ren' d('a') h":"y('e')'ko' MMMM'ren' d('a') h a","y('e')'ko' MMM d('a') h":"y('e')'ko' MMM d('a') h a","yy/M/d h":"yy/M/d h a","d h":"d h a","E h":"ccc h a","Ed h":"d, E h a","Gy h":"G y h a","GyMd h":"GGGGG y-MM-dd h a","GyMMM h":"G y. 'urteko' MMM h a","GyMMMd h":"G y. 'urteko' MMM d('a') h a","GyMMMEd h":"G y. 'urteko' MMM d('a'), E h a","M h":"L h a","Md h":"M/d h a","MEd h":"M/d, E h a","MMM h":"LLL h a","MMMd h":"MMM d('a') h a","MMMEd h":"MMM d('a'), E h a","MMMMd h":"MMMM'ren' d('a') h a","y h":"y h a","yM h":"y/M h a","yMd h":"y/M/d h a","yMEd h":"y/M/d, E h a","yMMM h":"y MMM h a","yMMMd h":"y MMM d('a') h a","yMMMEd h":"y MMM d('a'), E h a","yMMMM h":"y('e')'ko' MMMM h a","yMMMMd h":"y('e')'ko' MMMM'ren' d('a') h a","yMMMMEd h":"y('e')'ko' MMMM'ren' d('a'), E h a","y('e')'ko' MMMM'ren' d('a'), EEEE H":"y('e')'ko' MMMM'ren' d('a'), EEEE HH","y('e')'ko' MMMM'ren' d('a') H":"y('e')'ko' MMMM'ren' d('a') HH","y('e')'ko' MMM d('a') H":"y('e')'ko' MMM d('a') HH","yy/M/d H":"yy/M/d HH","d H":"d HH","E H":"ccc HH","Ed H":"d, E HH","Gy H":"G y HH","GyMd H":"GGGGG y-MM-dd HH","GyMMM H":"G y. 'urteko' MMM HH","GyMMMd H":"G y. 'urteko' MMM d('a') HH","GyMMMEd H":"G y. 'urteko' MMM d('a'), E HH","M H":"L HH","Md H":"M/d HH","MEd H":"M/d, E HH","MMM H":"LLL HH","MMMd H":"MMM d('a') HH","MMMEd H":"MMM d('a'), E HH","MMMMd H":"MMMM'ren' d('a') HH","y H":"y HH","yM H":"y/M HH","yMd H":"y/M/d HH","yMEd H":"y/M/d, E HH","yMMM H":"y MMM HH","yMMMd H":"y MMM d('a') HH","yMMMEd H":"y MMM d('a'), E HH","yMMMM H":"y('e')'ko' MMMM HH","yMMMMd H":"y('e')'ko' MMMM'ren' d('a') HH","yMMMMEd H":"y('e')'ko' MMMM'ren' d('a'), E HH","y('e')'ko' MMMM'ren' d('a'), EEEE hm":"y('e')'ko' MMMM'ren' d('a'), EEEE h:mm a","y('e')'ko' MMMM'ren' d('a') hm":"y('e')'ko' MMMM'ren' d('a') h:mm a","y('e')'ko' MMM d('a') hm":"y('e')'ko' MMM d('a') h:mm a","yy/M/d hm":"yy/M/d h:mm a","d hm":"d h:mm a","E hm":"ccc h:mm a","Ed hm":"d, E h:mm a","Gy hm":"G y h:mm a","GyMd hm":"GGGGG y-MM-dd h:mm a","GyMMM hm":"G y. 'urteko' MMM h:mm a","GyMMMd hm":"G y. 'urteko' MMM d('a') h:mm a","GyMMMEd hm":"G y. 'urteko' MMM d('a'), E h:mm a","M hm":"L h:mm a","Md hm":"M/d h:mm a","MEd hm":"M/d, E h:mm a","MMM hm":"LLL h:mm a","MMMd hm":"MMM d('a') h:mm a","MMMEd hm":"MMM d('a'), E h:mm a","MMMMd hm":"MMMM'ren' d('a') h:mm a","y hm":"y h:mm a","yM hm":"y/M h:mm a","yMd hm":"y/M/d h:mm a","yMEd hm":"y/M/d, E h:mm a","yMMM hm":"y MMM h:mm a","yMMMd hm":"y MMM d('a') h:mm a","yMMMEd hm":"y MMM d('a'), E h:mm a","yMMMM hm":"y('e')'ko' MMMM h:mm a","yMMMMd hm":"y('e')'ko' MMMM'ren' d('a') h:mm a","yMMMMEd hm":"y('e')'ko' MMMM'ren' d('a'), E h:mm a","y('e')'ko' MMMM'ren' d('a'), EEEE Hm":"y('e')'ko' MMMM'ren' d('a'), EEEE HH:mm","y('e')'ko' MMMM'ren' d('a') Hm":"y('e')'ko' MMMM'ren' d('a') HH:mm","y('e')'ko' MMM d('a') Hm":"y('e')'ko' MMM d('a') HH:mm","yy/M/d Hm":"yy/M/d HH:mm","d Hm":"d HH:mm","E Hm":"ccc HH:mm","Ed Hm":"d, E HH:mm","Gy Hm":"G y HH:mm","GyMd Hm":"GGGGG y-MM-dd HH:mm","GyMMM Hm":"G y. 'urteko' MMM HH:mm","GyMMMd Hm":"G y. 'urteko' MMM d('a') HH:mm","GyMMMEd Hm":"G y. 'urteko' MMM d('a'), E HH:mm","M Hm":"L HH:mm","Md Hm":"M/d HH:mm","MEd Hm":"M/d, E HH:mm","MMM Hm":"LLL HH:mm","MMMd Hm":"MMM d('a') HH:mm","MMMEd Hm":"MMM d('a'), E HH:mm","MMMMd Hm":"MMMM'ren' d('a') HH:mm","y Hm":"y HH:mm","yM Hm":"y/M HH:mm","yMd Hm":"y/M/d HH:mm","yMEd Hm":"y/M/d, E HH:mm","yMMM Hm":"y MMM HH:mm","yMMMd Hm":"y MMM d('a') HH:mm","yMMMEd Hm":"y MMM d('a'), E HH:mm","yMMMM Hm":"y('e')'ko' MMMM HH:mm","yMMMMd Hm":"y('e')'ko' MMMM'ren' d('a') HH:mm","yMMMMEd Hm":"y('e')'ko' MMMM'ren' d('a'), E HH:mm","y('e')'ko' MMMM'ren' d('a'), EEEE hms":"y('e')'ko' MMMM'ren' d('a'), EEEE h:mm:ss a","y('e')'ko' MMMM'ren' d('a') hms":"y('e')'ko' MMMM'ren' d('a') h:mm:ss a","y('e')'ko' MMM d('a') hms":"y('e')'ko' MMM d('a') h:mm:ss a","yy/M/d hms":"yy/M/d h:mm:ss a","d hms":"d h:mm:ss a","E hms":"ccc h:mm:ss a","Ed hms":"d, E h:mm:ss a","Gy hms":"G y h:mm:ss a","GyMd hms":"GGGGG y-MM-dd h:mm:ss a","GyMMM hms":"G y. 'urteko' MMM h:mm:ss a","GyMMMd hms":"G y. 'urteko' MMM d('a') h:mm:ss a","GyMMMEd hms":"G y. 'urteko' MMM d('a'), E h:mm:ss a","M hms":"L h:mm:ss a","Md hms":"M/d h:mm:ss a","MEd hms":"M/d, E h:mm:ss a","MMM hms":"LLL h:mm:ss a","MMMd hms":"MMM d('a') h:mm:ss a","MMMEd hms":"MMM d('a'), E h:mm:ss a","MMMMd hms":"MMMM'ren' d('a') h:mm:ss a","y hms":"y h:mm:ss a","yM hms":"y/M h:mm:ss a","yMd hms":"y/M/d h:mm:ss a","yMEd hms":"y/M/d, E h:mm:ss a","yMMM hms":"y MMM h:mm:ss a","yMMMd hms":"y MMM d('a') h:mm:ss a","yMMMEd hms":"y MMM d('a'), E h:mm:ss a","yMMMM hms":"y('e')'ko' MMMM h:mm:ss a","yMMMMd hms":"y('e')'ko' MMMM'ren' d('a') h:mm:ss a","yMMMMEd hms":"y('e')'ko' MMMM'ren' d('a'), E h:mm:ss a","y('e')'ko' MMMM'ren' d('a'), EEEE Hms":"y('e')'ko' MMMM'ren' d('a'), EEEE HH:mm:ss","y('e')'ko' MMMM'ren' d('a') Hms":"y('e')'ko' MMMM'ren' d('a') HH:mm:ss","y('e')'ko' MMM d('a') Hms":"y('e')'ko' MMM d('a') HH:mm:ss","yy/M/d Hms":"yy/M/d HH:mm:ss","d Hms":"d HH:mm:ss","E Hms":"ccc HH:mm:ss","Ed Hms":"d, E HH:mm:ss","Gy Hms":"G y HH:mm:ss","GyMd Hms":"GGGGG y-MM-dd HH:mm:ss","GyMMM Hms":"G y. 'urteko' MMM HH:mm:ss","GyMMMd Hms":"G y. 'urteko' MMM d('a') HH:mm:ss","GyMMMEd Hms":"G y. 'urteko' MMM d('a'), E HH:mm:ss","M Hms":"L HH:mm:ss","Md Hms":"M/d HH:mm:ss","MEd Hms":"M/d, E HH:mm:ss","MMM Hms":"LLL HH:mm:ss","MMMd Hms":"MMM d('a') HH:mm:ss","MMMEd Hms":"MMM d('a'), E HH:mm:ss","MMMMd Hms":"MMMM'ren' d('a') HH:mm:ss","y Hms":"y HH:mm:ss","yM Hms":"y/M HH:mm:ss","yMd Hms":"y/M/d HH:mm:ss","yMEd Hms":"y/M/d, E HH:mm:ss","yMMM Hms":"y MMM HH:mm:ss","yMMMd Hms":"y MMM d('a') HH:mm:ss","yMMMEd Hms":"y MMM d('a'), E HH:mm:ss","yMMMM Hms":"y('e')'ko' MMMM HH:mm:ss","yMMMMd Hms":"y('e')'ko' MMMM'ren' d('a') HH:mm:ss","yMMMMEd Hms":"y('e')'ko' MMMM'ren' d('a'), E HH:mm:ss","y('e')'ko' MMMM'ren' d('a'), EEEE hmsv":"y('e')'ko' MMMM'ren' d('a'), EEEE h:mm:ss a v","y('e')'ko' MMMM'ren' d('a') hmsv":"y('e')'ko' MMMM'ren' d('a') h:mm:ss a v","y('e')'ko' MMM d('a') hmsv":"y('e')'ko' MMM d('a') h:mm:ss a v","yy/M/d hmsv":"yy/M/d h:mm:ss a v","d hmsv":"d h:mm:ss a v","E hmsv":"ccc h:mm:ss a v","Ed hmsv":"d, E h:mm:ss a v","Gy hmsv":"G y h:mm:ss a v","GyMd hmsv":"GGGGG y-MM-dd h:mm:ss a v","GyMMM hmsv":"G y. 'urteko' MMM h:mm:ss a v","GyMMMd hmsv":"G y. 'urteko' MMM d('a') h:mm:ss a v","GyMMMEd hmsv":"G y. 'urteko' MMM d('a'), E h:mm:ss a v","M hmsv":"L h:mm:ss a v","Md hmsv":"M/d h:mm:ss a v","MEd hmsv":"M/d, E h:mm:ss a v","MMM hmsv":"LLL h:mm:ss a v","MMMd hmsv":"MMM d('a') h:mm:ss a v","MMMEd hmsv":"MMM d('a'), E h:mm:ss a v","MMMMd hmsv":"MMMM'ren' d('a') h:mm:ss a v","y hmsv":"y h:mm:ss a v","yM hmsv":"y/M h:mm:ss a v","yMd hmsv":"y/M/d h:mm:ss a v","yMEd hmsv":"y/M/d, E h:mm:ss a v","yMMM hmsv":"y MMM h:mm:ss a v","yMMMd hmsv":"y MMM d('a') h:mm:ss a v","yMMMEd hmsv":"y MMM d('a'), E h:mm:ss a v","yMMMM hmsv":"y('e')'ko' MMMM h:mm:ss a v","yMMMMd hmsv":"y('e')'ko' MMMM'ren' d('a') h:mm:ss a v","yMMMMEd hmsv":"y('e')'ko' MMMM'ren' d('a'), E h:mm:ss a v","y('e')'ko' MMMM'ren' d('a'), EEEE Hmsv":"y('e')'ko' MMMM'ren' d('a'), EEEE HH:mm:ss v","y('e')'ko' MMMM'ren' d('a') Hmsv":"y('e')'ko' MMMM'ren' d('a') HH:mm:ss v","y('e')'ko' MMM d('a') Hmsv":"y('e')'ko' MMM d('a') HH:mm:ss v","yy/M/d Hmsv":"yy/M/d HH:mm:ss v","d Hmsv":"d HH:mm:ss v","E Hmsv":"ccc HH:mm:ss v","Ed Hmsv":"d, E HH:mm:ss v","Gy Hmsv":"G y HH:mm:ss v","GyMd Hmsv":"GGGGG y-MM-dd HH:mm:ss v","GyMMM Hmsv":"G y. 'urteko' MMM HH:mm:ss v","GyMMMd Hmsv":"G y. 'urteko' MMM d('a') HH:mm:ss v","GyMMMEd Hmsv":"G y. 'urteko' MMM d('a'), E HH:mm:ss v","M Hmsv":"L HH:mm:ss v","Md Hmsv":"M/d HH:mm:ss v","MEd Hmsv":"M/d, E HH:mm:ss v","MMM Hmsv":"LLL HH:mm:ss v","MMMd Hmsv":"MMM d('a') HH:mm:ss v","MMMEd Hmsv":"MMM d('a'), E HH:mm:ss v","MMMMd Hmsv":"MMMM'ren' d('a') HH:mm:ss v","y Hmsv":"y HH:mm:ss v","yM Hmsv":"y/M HH:mm:ss v","yMd Hmsv":"y/M/d HH:mm:ss v","yMEd Hmsv":"y/M/d, E HH:mm:ss v","yMMM Hmsv":"y MMM HH:mm:ss v","yMMMd Hmsv":"y MMM d('a') HH:mm:ss v","yMMMEd Hmsv":"y MMM d('a'), E HH:mm:ss v","yMMMM Hmsv":"y('e')'ko' MMMM HH:mm:ss v","yMMMMd Hmsv":"y('e')'ko' MMMM'ren' d('a') HH:mm:ss v","yMMMMEd Hmsv":"y('e')'ko' MMMM'ren' d('a'), E HH:mm:ss v","y('e')'ko' MMMM'ren' d('a'), EEEE hmv":"y('e')'ko' MMMM'ren' d('a'), EEEE h:mm a v","y('e')'ko' MMMM'ren' d('a') hmv":"y('e')'ko' MMMM'ren' d('a') h:mm a v","y('e')'ko' MMM d('a') hmv":"y('e')'ko' MMM d('a') h:mm a v","yy/M/d hmv":"yy/M/d h:mm a v","d hmv":"d h:mm a v","E hmv":"ccc h:mm a v","Ed hmv":"d, E h:mm a v","Gy hmv":"G y h:mm a v","GyMd hmv":"GGGGG y-MM-dd h:mm a v","GyMMM hmv":"G y. 'urteko' MMM h:mm a v","GyMMMd hmv":"G y. 'urteko' MMM d('a') h:mm a v","GyMMMEd hmv":"G y. 'urteko' MMM d('a'), E h:mm a v","M hmv":"L h:mm a v","Md hmv":"M/d h:mm a v","MEd hmv":"M/d, E h:mm a v","MMM hmv":"LLL h:mm a v","MMMd hmv":"MMM d('a') h:mm a v","MMMEd hmv":"MMM d('a'), E h:mm a v","MMMMd hmv":"MMMM'ren' d('a') h:mm a v","y hmv":"y h:mm a v","yM hmv":"y/M h:mm a v","yMd hmv":"y/M/d h:mm a v","yMEd hmv":"y/M/d, E h:mm a v","yMMM hmv":"y MMM h:mm a v","yMMMd hmv":"y MMM d('a') h:mm a v","yMMMEd hmv":"y MMM d('a'), E h:mm a v","yMMMM hmv":"y('e')'ko' MMMM h:mm a v","yMMMMd hmv":"y('e')'ko' MMMM'ren' d('a') h:mm a v","yMMMMEd hmv":"y('e')'ko' MMMM'ren' d('a'), E h:mm a v","y('e')'ko' MMMM'ren' d('a'), EEEE Hmv":"y('e')'ko' MMMM'ren' d('a'), EEEE HH:mm v","y('e')'ko' MMMM'ren' d('a') Hmv":"y('e')'ko' MMMM'ren' d('a') HH:mm v","y('e')'ko' MMM d('a') Hmv":"y('e')'ko' MMM d('a') HH:mm v","yy/M/d Hmv":"yy/M/d HH:mm v","d Hmv":"d HH:mm v","E Hmv":"ccc HH:mm v","Ed Hmv":"d, E HH:mm v","Gy Hmv":"G y HH:mm v","GyMd Hmv":"GGGGG y-MM-dd HH:mm v","GyMMM Hmv":"G y. 'urteko' MMM HH:mm v","GyMMMd Hmv":"G y. 'urteko' MMM d('a') HH:mm v","GyMMMEd Hmv":"G y. 'urteko' MMM d('a'), E HH:mm v","M Hmv":"L HH:mm v","Md Hmv":"M/d HH:mm v","MEd Hmv":"M/d, E HH:mm v","MMM Hmv":"LLL HH:mm v","MMMd Hmv":"MMM d('a') HH:mm v","MMMEd Hmv":"MMM d('a'), E HH:mm v","MMMMd Hmv":"MMMM'ren' d('a') HH:mm v","y Hmv":"y HH:mm v","yM Hmv":"y/M HH:mm v","yMd Hmv":"y/M/d HH:mm v","yMEd Hmv":"y/M/d, E HH:mm v","yMMM Hmv":"y MMM HH:mm v","yMMMd Hmv":"y MMM d('a') HH:mm v","yMMMEd Hmv":"y MMM d('a'), E HH:mm v","yMMMM Hmv":"y('e')'ko' MMMM HH:mm v","yMMMMd Hmv":"y('e')'ko' MMMM'ren' d('a') HH:mm v","yMMMMEd Hmv":"y('e')'ko' MMMM'ren' d('a'), E HH:mm v","y('e')'ko' MMMM'ren' d('a'), EEEE ms":"y('e')'ko' MMMM'ren' d('a'), EEEE mm:ss","y('e')'ko' MMMM'ren' d('a') ms":"y('e')'ko' MMMM'ren' d('a') mm:ss","y('e')'ko' MMM d('a') ms":"y('e')'ko' MMM d('a') mm:ss","yy/M/d ms":"yy/M/d mm:ss","d ms":"d mm:ss","E ms":"ccc mm:ss","Ed ms":"d, E mm:ss","Gy ms":"G y mm:ss","GyMd ms":"GGGGG y-MM-dd mm:ss","GyMMM ms":"G y. 'urteko' MMM mm:ss","GyMMMd ms":"G y. 'urteko' MMM d('a') mm:ss","GyMMMEd ms":"G y. 'urteko' MMM d('a'), E mm:ss","M ms":"L mm:ss","Md ms":"M/d mm:ss","MEd ms":"M/d, E mm:ss","MMM ms":"LLL mm:ss","MMMd ms":"MMM d('a') mm:ss","MMMEd ms":"MMM d('a'), E mm:ss","MMMMd ms":"MMMM'ren' d('a') mm:ss","y ms":"y mm:ss","yM ms":"y/M mm:ss","yMd ms":"y/M/d mm:ss","yMEd ms":"y/M/d, E mm:ss","yMMM ms":"y MMM mm:ss","yMMMd ms":"y MMM d('a') mm:ss","yMMMEd ms":"y MMM d('a'), E mm:ss","yMMMM ms":"y('e')'ko' MMMM mm:ss","yMMMMd ms":"y('e')'ko' MMMM'ren' d('a') mm:ss","yMMMMEd ms":"y('e')'ko' MMMM'ren' d('a'), E mm:ss"}},"intervalFormats":{"intervalFormatFallback":"{0} – {1}","Bh":{"B":"B h – B h","h":"B h–h"},"Bhm":{"B":"B h:mm – B h:mm","h":"B h:mm–h:mm","m":"B h:mm–h:mm"},"d":{"d":"d–d"},"Gy":{"G":"G y – G y","y":"G y–y"},"GyM":{"G":"GGGGG y-MM – GGGGG y-MM","M":"GGGGG y-MM – y-MM","y":"GGGGG y-MM – y-MM"},"GyMd":{"d":"GGGGG y-MM-dd – y-MM-dd","G":"GGGGG y-MM-dd – GGGGG y-MM-dd","M":"GGGGG y-MM-dd – y-MM-dd","y":"GGGGG y-MM-dd – y-MM-dd"},"GyMEd":{"d":"GGGGG y-MM-dd, E – y-MM-dd, E","G":"GGGGG y-MM-dd, E – GGGGG y-MM-dd, E","M":"GGGGG y-MM-dd, E – y-MM-dd, E","y":"GGGGG y-MM-dd, E – y-MM-dd, E"},"GyMMM":{"G":"G y, MMM – G y, MMM","M":"G y, MMM–MMM","y":"G y, MMM – G y, MMM"},"GyMMMd":{"d":"G y, MMM d–d","G":"G y, MMM d('a') – G y, MMM d('a')","M":"G y, MMM d('a') – MMM d('a')","y":"G y, MMM d('a') – G y, MMM d('a')"},"GyMMMEd":{"d":"G y, MMM d('a'), E – MMM d('a'), E","G":"G y, MMM d('a'), E – G y, MMM d('a'), E","M":"G y, MMM d('a'), E – MMM d('a'), E","y":"G y, MMM d('a'), E – G y, MMM d('a'), E"},"h":{"a":"h a – h a","h":"h–h a"},"H":{"H":"HH–HH"},"hm":{"a":"h:mm a – h:mm a","h":"h:mm–h:mm a","m":"h:mm–h:mm a"},"Hm":{"H":"HH:mm–HH:mm","m":"HH:mm–HH:mm"},"hmv":{"a":"h:mm a – h:mm a v","h":"h:mm–h:mm a v","m":"h:mm–h:mm a v"},"Hmv":{"H":"HH:mm–HH:mm v","m":"HH:mm–HH:mm v"},"hv":{"a":"h a – h a v","h":"h–h a v"},"Hv":{"H":"HH–HH v"},"M":{"M":"M–M"},"Md":{"d":"M/d – M/d","M":"M/d – M/d"},"MEd":{"d":"M/d, E – M/d, E","M":"M/d, E – M/d, E"},"MMM":{"M":"MMM–MMM"},"MMMd":{"d":"MMM d–d","M":"MMM d('a') – MMM d('a')"},"MMMEd":{"d":"MMM d('a'), E – MMM d('a'), E","M":"MMM d('a'), E – MMM d('a'), E"},"y":{"y":"y–y"},"yM":{"M":"y/M – y/M","y":"y/M – y/M"},"yMd":{"d":"y/M/d – y/M/d","M":"y/M/d – y/M/d","y":"y/M/d – y/M/d"},"yMEd":{"d":"y/M/d, E – y/M/d, E","M":"y/M/d, E – y/M/d, E","y":"y/M/d, E – y/M/d, E"},"yMMM":{"M":"y('e')'ko' MMM–MMM","y":"y('e')'ko' MMM – y('e')'ko' MMM"},"yMMMd":{"d":"y('e')'ko' MMM d–d","M":"y('e')'ko' MMM d('a') – MMM d('a')","y":"y('e')'ko' MMM d('a') – y('e')'ko' MMM d('a')"},"yMMMEd":{"d":"y('e')'ko' MMM d('a'), E – y('e')'ko' MMM d('a'), E","M":"y('e')'ko' MMM d('a'), E – MMM d('a'), E","y":"y('e')'ko' MMM d('a'), E – y('e')'ko' MMM d('a'), E"},"yMMMM":{"M":"y('e')'ko' MMMM–MMMM","y":"y('e')'ko' MMMM – y('e')'ko' MMMM"}},"hourCycle":"h23","nu":["latn"],"ca":["gregory"],"hc":["h23","","h12",""]},"locale":"eu"}