{"data":{"am":"לפנה״צ","pm":"אחה״צ","weekday":{"narrow":["א׳","ב׳","ג׳","ד׳","ה׳","ו׳","ש׳"],"short":["יום א׳","יום ב׳","יום ג׳","יום ד׳","יום ה׳","יום ו׳","שבת"],"long":["יום ראשון","יום שני","יום שלישי","יום רביעי","יום חמישי","יום שישי","יום שבת"]},"era":{"narrow":{"BC":"לפני","AD":"אחריי"},"short":{"BC":"לפנה״ס","AD":"לספירה"},"long":{"BC":"לפני הספירה","AD":"לספירה"}},"month":{"narrow":["1","2","3","4","5","6","7","8","9","10","11","12"],"short":["ינו׳","פבר׳","מרץ","אפר׳","מאי","יוני","יולי","אוג׳","ספט׳","אוק׳","נוב׳","דצמ׳"],"long":["ינואר","פברואר","מרץ","אפריל","מאי","יוני","יולי","אוגוסט","ספטמבר","אוקטובר","נובמבר","דצמבר"]},"timeZoneName":{"Asia/Kabul":{"long":["שעון אפגניסטן","שעון אפגניסטן"]},"Africa/Maputo":{"long":["שעון מרכז אפריקה","שעון מרכז אפריקה"]},"Africa/Bujumbura":{"long":["שעון מרכז אפריקה","שעון מרכז אפריקה"]},"Africa/Gaborone":{"long":["שעון מרכז אפריקה","שעון מרכז אפריקה"]},"Africa/Lubumbashi":{"long":["שעון מרכז אפריקה","שעון מרכז אפריקה"]},"Africa/Blantyre":{"long":["שעון מרכז אפריקה","שעון מרכז אפריקה"]},"Africa/Kigali":{"long":["שעון מרכז אפריקה","שעון מרכז אפריקה"]},"Africa/Lusaka":{"long":["שעון מרכז אפריקה","שעון מרכז אפריקה"]},"Africa/Harare":{"long":["שעון מרכז אפריקה","שעון מרכז אפריקה"]},"Africa/Nairobi":{"long":["שעון מזרח אפריקה","שעון מזרח אפריקה"]},"Africa/Djibouti":{"long":["שעון מזרח אפריקה","שעון מזרח אפריקה"]},"Africa/Asmera":{"long":["שעון מזרח אפריקה","שעון מזרח אפריקה"]},"Africa/Addis_Ababa":{"long":["שעון מזרח אפריקה","שעון מזרח אפריקה"]},"Indian/Comoro":{"long":["שעון מזרח אפריקה","שעון מזרח אפריקה"]},"Indian/Antananarivo":{"long":["שעון מזרח אפריקה","שעון מזרח אפריקה"]},"Africa/Mogadishu":{"long":["שעון מזרח אפריקה","שעון מזרח אפריקה"]},"Africa/Dar_es_Salaam":{"long":["שעון מזרח אפריקה","שעון מזרח אפריקה"]},"Africa/Kampala":{"long":["שעון מזרח אפריקה","שעון מזרח אפריקה"]},"Indian/Mayotte":{"long":["שעון מזרח אפריקה","שעון מזרח אפריקה"]},"Africa/Johannesburg":{"long":["שעון דרום אפריקה","שעון דרום אפריקה"]},"Africa/Maseru":{"long":["שעון דרום אפריקה","שעון דרום אפריקה"]},"Africa/Mbabane":{"long":["שעון דרום אפריקה","שעון דרום אפריקה"]},"Africa/Lagos":{"long":["שעון מערב אפריקה (חורף)","שעון מערב אפריקה (קיץ)"]},"Africa/Luanda":{"long":["שעון מערב אפריקה (חורף)","שעון מערב אפריקה (קיץ)"]},"Africa/Porto-Novo":{"long":["שעון מערב אפריקה (חורף)","שעון מערב אפריקה (קיץ)"]},"Africa/Kinshasa":{"long":["שעון מערב אפריקה (חורף)","שעון מערב אפריקה (קיץ)"]},"Africa/Bangui":{"long":["שעון מערב אפריקה (חורף)","שעון מערב אפריקה (קיץ)"]},"Africa/Brazzaville":{"long":["שעון מערב אפריקה (חורף)","שעון מערב אפריקה (קיץ)"]},"Africa/Douala":{"long":["שעון מערב אפריקה (חורף)","שעון מערב אפריקה (קיץ)"]},"Africa/Libreville":{"long":["שעון מערב אפריקה (חורף)","שעון מערב אפריקה (קיץ)"]},"Africa/Malabo":{"long":["שעון מערב אפריקה (חורף)","שעון מערב אפריקה (קיץ)"]},"Africa/Niamey":{"long":["שעון מערב אפריקה (חורף)","שעון מערב אפריקה (קיץ)"]},"Africa/Ndjamena":{"long":["שעון מערב אפריקה (חורף)","שעון מערב אפריקה (קיץ)"]},"Asia/Aqtobe":{"long":["שעון מערב קזחסטן","שעון מערב קזחסטן"]},"America/Juneau":{"long":["שעון אלסקה (חורף)","שעון אלסקה (קיץ)"]},"Asia/Almaty":{"long":["שעון מזרח קזחסטן","שעון מזרח קזחסטן"]},"America/Manaus":{"long":["שעון אמזונס (חורף)","שעון אמזונס (קיץ)"]},"America/Chicago":{"long":["שעון מרכז ארה״ב (חורף)","שעון מרכז ארה״ב (קיץ)"]},"America/Belize":{"long":["שעון מרכז ארה״ב (חורף)","שעון מרכז ארה״ב (קיץ)"]},"America/Winnipeg":{"long":["שעון מרכז ארה״ב (חורף)","שעון מרכז ארה״ב (קיץ)"]},"America/Costa_Rica":{"long":["שעון מרכז ארה״ב (חורף)","שעון מרכז ארה״ב (קיץ)"]},"America/Guatemala":{"long":["שעון מרכז ארה״ב (חורף)","שעון מרכז ארה״ב (קיץ)"]},"America/Tegucigalpa":{"long":["שעון מרכז ארה״ב (חורף)","שעון מרכז ארה״ב (קיץ)"]},"America/Mexico_City":{"long":["שעון מרכז ארה״ב (חורף)","שעון מרכז ארה״ב (קיץ)"]},"America/El_Salvador":{"long":["שעון מרכז ארה״ב (חורף)","שעון מרכז ארה״ב (קיץ)"]},"America/New_York":{"long":["שעון החוף המזרחי (חורף)","שעון החוף המזרחי (קיץ)"]},"America/Nassau":{"long":["שעון החוף המזרחי (חורף)","שעון החוף המזרחי (קיץ)"]},"America/Toronto":{"long":["שעון החוף המזרחי (חורף)","שעון החוף המזרחי (קיץ)"]},"America/Port-au-Prince":{"long":["שעון החוף המזרחי (חורף)","שעון החוף המזרחי (קיץ)"]},"America/Jamaica":{"long":["שעון החוף המזרחי (חורף)","שעון החוף המזרחי (קיץ)"]},"America/Cayman":{"long":["שעון החוף המזרחי (חורף)","שעון החוף המזרחי (קיץ)"]},"America/Panama":{"long":["שעון החוף המזרחי (חורף)","שעון החוף המזרחי (קיץ)"]},"America/Denver":{"long":["שעון אזור ההרים בארה״ב (חורף)","שעון אזור ההרים בארה״ב (קיץ)"]},"America/Edmonton":{"long":["שעון אזור ההרים בארה״ב (חורף)","שעון אזור ההרים בארה״ב (קיץ)"]},"America/Hermosillo":{"long":["שעון אזור ההרים בארה״ב (חורף)","שעון אזור ההרים בארה״ב (קיץ)"]},"America/Los_Angeles":{"long":["שעון מערב ארה״ב (חורף)","שעון מערב ארה״ב (קיץ)"]},"America/Vancouver":{"long":["שעון מערב ארה״ב (חורף)","שעון מערב ארה״ב (קיץ)"]},"America/Tijuana":{"long":["שעון מערב ארה״ב (חורף)","שעון מערב ארה״ב (קיץ)"]},"Asia/Anadyr":{"long":["שעון רגיל אנדיר","שעון קיץ אנדיר"]},"Pacific/Apia":{"long":["שעון אפיה (חורף)","שעון אפיה (קיץ)"]},"Asia/Riyadh":{"long":["שעון חצי האי ערב (חורף)","שעון חצי האי ערב (קיץ)"]},"Asia/Bahrain":{"long":["שעון חצי האי ערב (חורף)","שעון חצי האי ערב (קיץ)"]},"Asia/Baghdad":{"long":["שעון חצי האי ערב (חורף)","שעון חצי האי ערב (קיץ)"]},"Asia/Kuwait":{"long":["שעון חצי האי ערב (חורף)","שעון חצי האי ערב (קיץ)"]},"Asia/Qatar":{"long":["שעון חצי האי ערב (חורף)","שעון חצי האי ערב (קיץ)"]},"Asia/Aden":{"long":["שעון חצי האי ערב (חורף)","שעון חצי האי ערב (קיץ)"]},"America/Buenos_Aires":{"long":["שעון ארגנטינה (חורף)","שעון ארגנטינה (קיץ)"]},"America/Argentina/San_Luis":{"long":["שעון מערב ארגנטינה (חורף)","שעון מערב ארגנטינה (קיץ)"]},"Asia/Ashgabat":{"long":["שעון טורקמניסטן (חורף)","שעון טורקמניסטן (קיץ)"]},"America/Halifax":{"long":["שעון האוקיינוס האטלנטי (חורף)","שעון האוקיינוס האטלנטי (קיץ)"]},"America/Antigua":{"long":["שעון האוקיינוס האטלנטי (חורף)","שעון האוקיינוס האטלנטי (קיץ)"]},"America/Anguilla":{"long":["שעון האוקיינוס האטלנטי (חורף)","שעון האוקיינוס האטלנטי (קיץ)"]},"America/Aruba":{"long":["שעון האוקיינוס האטלנטי (חורף)","שעון האוקיינוס האטלנטי (קיץ)"]},"America/Barbados":{"long":["שעון האוקיינוס האטלנטי (חורף)","שעון האוקיינוס האטלנטי (קיץ)"]},"Atlantic/Bermuda":{"long":["שעון האוקיינוס האטלנטי (חורף)","שעון האוקיינוס האטלנטי (קיץ)"]},"America/Kralendijk":{"long":["שעון האוקיינוס האטלנטי (חורף)","שעון האוקיינוס האטלנטי (קיץ)"]},"America/Curacao":{"long":["שעון האוקיינוס האטלנטי (חורף)","שעון האוקיינוס האטלנטי (קיץ)"]},"America/Dominica":{"long":["שעון האוקיינוס האטלנטי (חורף)","שעון האוקיינוס האטלנטי (קיץ)"]},"America/Grenada":{"long":["שעון האוקיינוס האטלנטי (חורף)","שעון האוקיינוס האטלנטי (קיץ)"]},"America/Thule":{"long":["שעון האוקיינוס האטלנטי (חורף)","שעון האוקיינוס האטלנטי (קיץ)"]},"America/Guadeloupe":{"long":["שעון האוקיינוס האטלנטי (חורף)","שעון האוקיינוס האטלנטי (קיץ)"]},"America/St_Kitts":{"long":["שעון האוקיינוס האטלנטי (חורף)","שעון האוקיינוס האטלנטי (קיץ)"]},"America/St_Lucia":{"long":["שעון האוקיינוס האטלנטי (חורף)","שעון האוקיינוס האטלנטי (קיץ)"]},"America/Marigot":{"long":["שעון האוקיינוס האטלנטי (חורף)","שעון האוקיינוס האטלנטי (קיץ)"]},"America/Martinique":{"long":["שעון האוקיינוס האטלנטי (חורף)","שעון האוקיינוס האטלנטי (קיץ)"]},"America/Montserrat":{"long":["שעון האוקיינוס האטלנטי (חורף)","שעון האוקיינוס האטלנטי (קיץ)"]},"America/Puerto_Rico":{"long":["שעון האוקיינוס האטלנטי (חורף)","שעון האוקיינוס האטלנטי (קיץ)"]},"America/Lower_Princes":{"long":["שעון האוקיינוס האטלנטי (חורף)","שעון האוקיינוס האטלנטי (קיץ)"]},"America/Port_of_Spain":{"long":["שעון האוקיינוס האטלנטי (חורף)","שעון האוקיינוס האטלנטי (קיץ)"]},"America/St_Vincent":{"long":["שעון האוקיינוס האטלנטי (חורף)","שעון האוקיינוס האטלנטי (קיץ)"]},"America/Tortola":{"long":["שעון האוקיינוס האטלנטי (חורף)","שעון האוקיינוס האטלנטי (קיץ)"]},"America/St_Thomas":{"long":["שעון האוקיינוס האטלנטי (חורף)","שעון האוקיינוס האטלנטי (קיץ)"]},"Australia/Adelaide":{"long":["שעון מרכז אוסטרליה (חורף)","שעון מרכז אוסטרליה (קיץ)"]},"Australia/Eucla":{"long":["שעון מרכז-מערב אוסטרליה (חורף)","שעון מרכז-מערב אוסטרליה (קיץ)"]},"Australia/Sydney":{"long":["שעון מזרח אוסטרליה (חורף)","שעון מזרח אוסטרליה (קיץ)"]},"Australia/Perth":{"long":["שעון מערב אוסטרליה (חורף)","שעון מערב אוסטרליה (קיץ)"]},"Atlantic/Azores":{"long":["שעון האיים האזוריים (חורף)","שעון האיים האזוריים (קיץ)"]},"Asia/Thimphu":{"long":["שעון בהוטן","שעון בהוטן"]},"America/La_Paz":{"long":["שעון בוליביה","שעון בוליביה"]},"Asia/Kuching":{"long":["שעון מלזיה","שעון מלזיה"]},"America/Sao_Paulo":{"long":["שעון ברזיליה (חורף)","שעון ברזיליה (קיץ)"]},"Europe/London":{"long":["שעון גריניץ׳‏","שעון גריניץ׳‏"]},"Asia/Brunei":{"long":["שעון ברוניי דארוסלאם","שעון ברוניי דארוסלאם"]},"Atlantic/Cape_Verde":{"long":["שעון כף ורדה (חורף)","שעון כף ורדה (קיץ)"]},"Pacific/Saipan":{"long":["שעון איי מריאנה הצפוניים","שעון איי מריאנה הצפוניים"]},"Pacific/Guam":{"long":["שעון גואם","שעון גואם"]},"Pacific/Chatham":{"long":["שעון צ׳טהאם (חורף)","שעון צ׳טהאם (קיץ)"]},"America/Santiago":{"long":["שעון צ׳ילה (חורף)","שעון צ׳ילה (קיץ)"]},"Asia/Shanghai":{"long":["שעון סין (חורף)","שעון סין (קיץ)"]},"Asia/Choibalsan":{"long":["שעון צ׳ויבלסן (חורף)","שעון צ׳ויבלסן (קיץ)"]},"Indian/Christmas":{"long":["שעון האי כריסטמס","שעון האי כריסטמס"]},"Indian/Cocos":{"long":["שעון איי קוקוס","שעון איי קוקוס"]},"America/Bogota":{"long":["שעון קולומביה (חורף)","שעון קולומביה (קיץ)"]},"Pacific/Rarotonga":{"long":["שעון איי קוק (חורף)","שעון איי קוק (מחצית הקיץ)"]},"America/Havana":{"long":["שעון קובה (חורף)","שעון קובה (קיץ)"]},"Antarctica/Davis":{"long":["שעון דיוויס","שעון דיוויס"]},"Antarctica/DumontDUrville":{"long":["שעון דומון ד׳אורוויל","שעון דומון ד׳אורוויל"]},"Asia/Dushanbe":{"long":["שעון טג׳יקיסטן","שעון טג׳יקיסטן"]},"America/Paramaribo":{"long":["שעון סורינאם","שעון סורינאם"]},"Asia/Dili":{"long":["שעון מזרח טימור","שעון מזרח טימור"]},"Pacific/Easter":{"long":["שעון אי הפסחא (חורף)","שעון אי הפסחא (קיץ)"]},"America/Guayaquil":{"long":["שעון אקוודור","שעון אקוודור"]},"Europe/Paris":{"long":["שעון מרכז אירופה (חורף)","שעון מרכז אירופה (קיץ)"]},"Europe/Andorra":{"long":["שעון מרכז אירופה (חורף)","שעון מרכז אירופה (קיץ)"]},"Europe/Tirane":{"long":["שעון מרכז אירופה (חורף)","שעון מרכז אירופה (קיץ)"]},"Europe/Vienna":{"long":["שעון מרכז אירופה (חורף)","שעון מרכז אירופה (קיץ)"]},"Europe/Sarajevo":{"long":["שעון מרכז אירופה (חורף)","שעון מרכז אירופה (קיץ)"]},"Europe/Brussels":{"long":["שעון מרכז אירופה (חורף)","שעון מרכז אירופה (קיץ)"]},"Europe/Zurich":{"long":["שעון מרכז אירופה (חורף)","שעון מרכז אירופה (קיץ)"]},"Europe/Prague":{"long":["שעון מרכז אירופה (חורף)","שעון מרכז אירופה (קיץ)"]},"Europe/Berlin":{"long":["שעון מרכז אירופה (חורף)","שעון מרכז אירופה (קיץ)"]},"Europe/Copenhagen":{"long":["שעון מרכז אירופה (חורף)","שעון מרכז אירופה (קיץ)"]},"Europe/Madrid":{"long":["שעון מרכז אירופה (חורף)","שעון מרכז אירופה (קיץ)"]},"Europe/Gibraltar":{"long":["שעון מרכז אירופה (חורף)","שעון מרכז אירופה (קיץ)"]},"Europe/Zagreb":{"long":["שעון מרכז אירופה (חורף)","שעון מרכז אירופה (קיץ)"]},"Europe/Budapest":{"long":["שעון מרכז אירופה (חורף)","שעון מרכז אירופה (קיץ)"]},"Europe/Rome":{"long":["שעון מרכז אירופה (חורף)","שעון מרכז אירופה (קיץ)"]},"Europe/Vaduz":{"long":["שעון מרכז אירופה (חורף)","שעון מרכז אירופה (קיץ)"]},"Europe/Luxembourg":{"long":["שעון מרכז אירופה (חורף)","שעון מרכז אירופה (קיץ)"]},"Europe/Monaco":{"long":["שעון מרכז אירופה (חורף)","שעון מרכז אירופה (קיץ)"]},"Europe/Podgorica":{"long":["שעון מרכז אירופה (חורף)","שעון מרכז אירופה (קיץ)"]},"Europe/Skopje":{"long":["שעון מרכז אירופה (חורף)","שעון מרכז אירופה (קיץ)"]},"Europe/Malta":{"long":["שעון מרכז אירופה (חורף)","שעון מרכז אירופה (קיץ)"]},"Europe/Amsterdam":{"long":["שעון מרכז אירופה (חורף)","שעון מרכז אירופה (קיץ)"]},"Europe/Oslo":{"long":["שעון מרכז אירופה (חורף)","שעון מרכז אירופה (קיץ)"]},"Europe/Warsaw":{"long":["שעון מרכז אירופה (חורף)","שעון מרכז אירופה (קיץ)"]},"Europe/Belgrade":{"long":["שעון מרכז אירופה (חורף)","שעון מרכז אירופה (קיץ)"]},"Europe/Stockholm":{"long":["שעון מרכז אירופה (חורף)","שעון מרכז אירופה (קיץ)"]},"Europe/Ljubljana":{"long":["שעון מרכז אירופה (חורף)","שעון מרכז אירופה (קיץ)"]},"Arctic/Longyearbyen":{"long":["שעון מרכז אירופה (חורף)","שעון מרכז אירופה (קיץ)"]},"Europe/Bratislava":{"long":["שעון מרכז אירופה (חורף)","שעון מרכז אירופה (קיץ)"]},"Europe/San_Marino":{"long":["שעון מרכז אירופה (חורף)","שעון מרכז אירופה (קיץ)"]},"Africa/Tunis":{"long":["שעון מרכז אירופה (חורף)","שעון מרכז אירופה (קיץ)"]},"Europe/Vatican":{"long":["שעון מרכז אירופה (חורף)","שעון מרכז אירופה (קיץ)"]},"Europe/Bucharest":{"long":["שעון מזרח אירופה (חורף)","שעון מזרח אירופה (קיץ)"]},"Europe/Mariehamn":{"long":["שעון מזרח אירופה (חורף)","שעון מזרח אירופה (קיץ)"]},"Europe/Sofia":{"long":["שעון מזרח אירופה (חורף)","שעון מזרח אירופה (קיץ)"]},"Asia/Nicosia":{"long":["שעון מזרח אירופה (חורף)","שעון מזרח אירופה (קיץ)"]},"Africa/Cairo":{"long":["שעון מזרח אירופה (חורף)","שעון מזרח אירופה (קיץ)"]},"Europe/Helsinki":{"long":["שעון מזרח אירופה (חורף)","שעון מזרח אירופה (קיץ)"]},"Europe/Athens":{"long":["שעון מזרח אירופה (חורף)","שעון מזרח אירופה (קיץ)"]},"Asia/Beirut":{"long":["שעון מזרח אירופה (חורף)","שעון מזרח אירופה (קיץ)"]},"Europe/Minsk":{"long":["שעון מינסק","שעון מינסק"]},"Europe/Kaliningrad":{"long":["שעון מינסק","שעון מינסק"]},"Atlantic/Canary":{"long":["שעון מערב אירופה (חורף)","שעון מערב אירופה (קיץ)"]},"Atlantic/Faeroe":{"long":["שעון מערב אירופה (חורף)","שעון מערב אירופה (קיץ)"]},"Atlantic/Stanley":{"long":["שעון איי פוקלנד (חורף)","שעון איי פוקלנד (קיץ)"]},"Pacific/Fiji":{"long":["שעון פיג׳י (חורף)","שעון פיג׳י (קיץ)"]},"America/Cayenne":{"long":["שעון גיאנה הצרפתית","שעון גיאנה הצרפתית"]},"Indian/Kerguelen":{"long":["שעון הארצות הדרומיות והאנטארקטיות של צרפת","שעון הארצות הדרומיות והאנטארקטיות של צרפת"]},"Asia/Bishkek":{"long":["שעון קירגיזסטן","שעון קירגיזסטן"]},"Pacific/Galapagos":{"long":["שעון איי גלאפגוס","שעון איי גלאפגוס"]},"Pacific/Gambier":{"long":["שעון איי גמבייה","שעון איי גמבייה"]},"Pacific/Tarawa":{"long":["שעון איי גילברט","שעון איי גילברט"]},"Atlantic/Reykjavik":{"long":["שעון גריניץ׳‏","שעון גריניץ׳‏"]},"Africa/Ouagadougou":{"long":["שעון גריניץ׳‏","שעון גריניץ׳‏"]},"Africa/Abidjan":{"long":["שעון גריניץ׳‏","שעון גריניץ׳‏"]},"Africa/Accra":{"long":["שעון גריניץ׳‏","שעון גריניץ׳‏"]},"Africa/Banjul":{"long":["שעון גריניץ׳‏","שעון גריניץ׳‏"]},"Africa/Conakry":{"long":["שעון גריניץ׳‏","שעון גריניץ׳‏"]},"Africa/Bamako":{"long":["שעון גריניץ׳‏","שעון גריניץ׳‏"]},"Africa/Nouakchott":{"long":["שעון גריניץ׳‏","שעון גריניץ׳‏"]},"Atlantic/St_Helena":{"long":["שעון גריניץ׳‏","שעון גריניץ׳‏"]},"Africa/Freetown":{"long":["שעון גריניץ׳‏","שעון גריניץ׳‏"]},"Africa/Dakar":{"long":["שעון גריניץ׳‏","שעון גריניץ׳‏"]},"Africa/Lome":{"long":["שעון גריניץ׳‏","שעון גריניץ׳‏"]},"America/Scoresbysund":{"long":["שעון מזרח גרינלנד (חורף)","שעון מזרח גרינלנד (קיץ)"]},"America/Godthab":{"long":["שעון מערב גרינלנד (חורף)","שעון מערב גרינלנד (קיץ)"]},"Asia/Dubai":{"long":["שעון מדינות המפרץ","שעון מדינות המפרץ"]},"Asia/Muscat":{"long":["שעון מדינות המפרץ","שעון מדינות המפרץ"]},"America/Guyana":{"long":["שעון גיאנה","שעון גיאנה"]},"Pacific/Honolulu":{"long":["שעון האיים האלאוטיים הוואי (חורף)","שעון האיים האלאוטיים הוואי (קיץ)"]},"Asia/Hong_Kong":{"long":["שעון הונג קונג (חורף)","שעון הונג קונג (קיץ)"]},"Asia/Hovd":{"long":["שעון חובד (חורף)","שעון חובד (קיץ)"]},"Asia/Calcutta":{"long":["שעון הודו","שעון הודו"]},"Indian/Chagos":{"long":["שעון האוקיינוס ההודי","שעון האוקיינוס ההודי"]},"Asia/Bangkok":{"long":["שעון הודו-סין","שעון הודו-סין"]},"Asia/Phnom_Penh":{"long":["שעון הודו-סין","שעון הודו-סין"]},"Asia/Vientiane":{"long":["שעון הודו-סין","שעון הודו-סין"]},"Asia/Makassar":{"long":["שעון מרכז אינדונזיה","שעון מרכז אינדונזיה"]},"Asia/Jayapura":{"long":["שעון מזרח אינדונזיה","שעון מזרח אינדונזיה"]},"Asia/Jakarta":{"long":["שעון מערב אינדונזיה","שעון מערב אינדונזיה"]},"Asia/Tehran":{"long":["שעון איראן (חורף)","שעון איראן (קיץ)"]},"Asia/Irkutsk":{"long":["שעון אירקוטסק (חורף)","שעון אירקוסטק (קיץ)"]},"Asia/Jerusalem":{"long":["שעון ישראל (חורף)","שעון ישראל (קיץ)"]},"Asia/Tokyo":{"long":["שעון יפן (חורף)","שעון יפן (קיץ)"]},"Asia/Kamchatka":{"long":["שעון רגיל פטרופבלובסק-קמצ׳טסקי","שעון קיץ פטרופבלובסק-קמצ׳טסקי"]},"Asia/Karachi":{"long":["שעון פקיסטן (חורף)","שעון פקיסטן (קיץ)"]},"Asia/Qyzylorda":{"long":["שעון קיזילורדה (חורף)","שעון קיזילורדה (קיץ)"]},"Asia/Seoul":{"long":["שעון קוריאה (חורף)","שעון קוריאה (קיץ)"]},"Pacific/Kosrae":{"long":["שעון קוסראה","שעון קוסראה"]},"Asia/Krasnoyarsk":{"long":["שעון קרסנויארסק (חורף)","שעון קרסנויארסק (קיץ)"]},"Europe/Samara":{"long":["שעון רגיל סמרה","שעון קיץ סמרה"]},"Pacific/Kiritimati":{"long":["שעון איי ליין","שעון איי ליין"]},"Australia/Lord_Howe":{"long":["שעון אי הלורד האו (חורף)","שעון אי הלורד האו (קיץ)"]},"Asia/Macau":{"long":["שעון חורף מקאו","שעון קיץ מקאו"]},"Antarctica/Macquarie":{"long":["שעון מקווארי","שעון מקווארי"]},"Asia/Magadan":{"long":["שעון מגדן (חורף)","שעון מגדן (קיץ)"]},"Indian/Maldives":{"long":["שעון האיים המלדיביים","שעון האיים המלדיביים"]},"Pacific/Marquesas":{"long":["שעון איי מרקיז","שעון איי מרקיז"]},"Pacific/Majuro":{"long":["שעון איי מרשל","שעון איי מרשל"]},"Indian/Mauritius":{"long":["שעון מאוריציוס (חורף)","שעון מאוריציוס (קיץ)"]},"Antarctica/Mawson":{"long":["שעון מאוסון","שעון מאוסון"]},"America/Santa_Isabel":{"long":["שעון צפון-מערב מקסיקו (חורף)","שעון צפון-מערב מקסיקו (קיץ)"]},"America/Mazatlan":{"long":["שעון מערב מקסיקו (חורף)","שעון מערב מקסיקו (קיץ)"]},"Asia/Ulaanbaatar":{"long":["שעון אולאן באטור (חורף)","שעון אולאן באטור (קיץ)"]},"Europe/Moscow":{"long":["שעון מוסקבה (חורף)","שעון מוסקבה (קיץ)"]},"Asia/Rangoon":{"long":["שעון מיאנמר","שעון מיאנמר"]},"Pacific/Nauru":{"long":["שעון נאורו","שעון נאורו"]},"Asia/Katmandu":{"long":["שעון נפאל","שעון נפאל"]},"Pacific/Noumea":{"long":["שעון קלדוניה החדשה (חורף)","שעון קלדוניה החדשה (קיץ)"]},"Pacific/Auckland":{"long":["שעון ניו זילנד (חורף)","שעון ניו זילנד (קיץ)"]},"Antarctica/McMurdo":{"long":["שעון ניו זילנד (חורף)","שעון ניו זילנד (קיץ)"]},"America/St_Johns":{"long":["שעון ניופאונדלנד (חורף)","שעון ניופאונדלנד (קיץ)"]},"Pacific/Niue":{"long":["שעון ניואה","שעון ניואה"]},"Pacific/Norfolk":{"long":["שעון האי נורפוק (חורף)","שעון האי נורפוק (קיץ)"]},"America/Noronha":{"long":["שעון פרננדו די נורוניה (חורף)","שעון פרננדו די נורוניה (קיץ)"]},"Asia/Novosibirsk":{"long":["שעון נובוסיבירסק (חורף)","שעון נובוסיבירסק (קיץ)"]},"Asia/Omsk":{"long":["שעון אומסק (חורף)","שעון אומסק (קיץ)"]},"Pacific/Palau":{"long":["שעון פלאו","שעון פלאו"]},"Pacific/Port_Moresby":{"long":["שעון פפואה גיניאה החדשה","שעון פפואה גיניאה החדשה"]},"America/Asuncion":{"long":["שעון פרגוואי (חורף)","שעון פרגוואי (קיץ)"]},"America/Lima":{"long":["שעון פרו (חורף)","שעון פרו (קיץ)"]},"Asia/Manila":{"long":["שעון הפיליפינים (חורף)","שעון הפיליפינים (קיץ)"]},"Pacific/Enderbury":{"long":["שעון איי פיניקס","שעון איי פיניקס"]},"America/Miquelon":{"long":["שעון סנט פייר ומיקלון (חורף)","שעון סנט פייר ומיקלון (קיץ)"]},"Pacific/Pitcairn":{"long":["שעון פיטקרן","שעון פיטקרן"]},"Pacific/Ponape":{"long":["שעון פונאפי","שעון פונאפי"]},"Asia/Pyongyang":{"long":["שעון פיונגיאנג","שעון פיונגיאנג"]},"Indian/Reunion":{"long":["שעון ראוניון","שעון ראוניון"]},"Antarctica/Rothera":{"long":["שעון רות׳רה","שעון רות׳רה"]},"Asia/Sakhalin":{"long":["שעון סחלין (חורף)","שעון סחלין (קיץ)"]},"Pacific/Pago_Pago":{"long":["שעון סמואה (חורף)","שעון סמואה (קיץ)"]},"Indian/Mahe":{"long":["שעון איי סיישל","שעון איי סיישל"]},"Asia/Singapore":{"long":["שעון סינגפור","שעון סינגפור"]},"Pacific/Guadalcanal":{"long":["שעון איי שלמה","שעון איי שלמה"]},"Atlantic/South_Georgia":{"long":["שעון דרום ג׳ורג׳יה","שעון דרום ג׳ורג׳יה"]},"Asia/Yekaterinburg":{"long":["שעון יקטרינבורג (חורף)","שעון יקטרינבורג (קיץ)"]},"Antarctica/Syowa":{"long":["שעון סייווה","שעון סייווה"]},"Pacific/Tahiti":{"long":["שעון טהיטי","שעון טהיטי"]},"Asia/Taipei":{"long":["שעון טאיפיי (חורף)","שעון טאיפיי (קיץ)"]},"Asia/Tashkent":{"long":["שעון אוזבקיסטן (חורף)","שעון אוזבקיסטן (קיץ)"]},"Pacific/Fakaofo":{"long":["שעון טוקלאו","שעון טוקלאו"]},"Pacific/Tongatapu":{"long":["שעון טונגה (חורף)","שעון טונגה (קיץ)"]},"Pacific/Truk":{"long":["שעון צ׳וק","שעון צ׳וק"]},"Pacific/Funafuti":{"long":["שעון טובאלו","שעון טובאלו"]},"America/Montevideo":{"long":["שעון אורוגוואי (חורף)","שעון אורוגוואי (קיץ)"]},"Pacific/Efate":{"long":["שעון ונואטו (חורף)","שעון ונואטו (קיץ)"]},"America/Caracas":{"long":["שעון ונצואלה","שעון ונצואלה"]},"Asia/Vladivostok":{"long":["שעון ולדיווסטוק (חורף)","שעון ולדיווסטוק (קיץ)"]},"Europe/Volgograd":{"long":["שעון וולגוגרד (חורף)","שעון וולגוגרד (קיץ)"]},"Antarctica/Vostok":{"long":["שעון ווסטוק","שעון ווסטוק"]},"Pacific/Wake":{"long":["שעון האי וייק","שעון האי וייק"]},"Pacific/Wallis":{"long":["שעון וואליס ופוטונה","שעון וואליס ופוטונה"]},"Asia/Yakutsk":{"long":["שעון יקוטסק (חורף)","שעון יקוטסק (קיץ)"]},"America/Whitehorse":{"long":["שעון יוקון","שעון יוקון"]},"UTC":{"long":["זמן אוניברסלי מתואם","זמן אוניברסלי מתואם"],"short":["UTC","UTC"]}},"gmtFormat":"GMT{0}‎","hourFormat":"‎+HH:mm;-HH:mm‎","dateFormat":{"full":"EEEE, d בMMMM y","long":"d בMMMM y","medium":"d בMMM y","short":"d.M.y"},"timeFormat":{"full":"H:mm:ss zzzz","long":"H:mm:ss z","medium":"H:mm:ss","short":"H:mm"},"dateTimeFormat":{"full":"{1}, {0}","long":"{1}, {0}","medium":"{1}, {0}","short":"{1}, {0}"},"formats":{"gregory":{"Bh":"h B","Bhm":"h:mm B","Bhms":"h:mm:ss B","d":"d","E":"ccc","EBhm":"E h:mm B","EBhms":"E h:mm:ss B","Ed":"E ה-d","Ehm":"E h:mm a","EHm":"E H:mm","Ehms":"E h:mm:ss a","EHms":"E H:mm:ss","Gy":"y G","GyMd":"d/M/y GGGGG","GyMMM":"MMM y G","GyMMMd":"d בMMM y G","GyMMMEd":"E, d בMMM y G","h":"‏h a","H":"H","hm":"h:mm a","Hm":"H:mm","hms":"h:mm:ss a","Hms":"H:mm:ss","hmsv":"h:mm:ss a v","Hmsv":"HH:mm:ss v","hmv":"h:mm a v","Hmv":"HH:mm v","M":"L","Md":"d.M","MEd":"E, d.M","MMM":"LLL","MMMd":"d בMMM","MMMEd":"E, d בMMM","MMMMd":"d בMMMM","ms":"mm:ss","y":"y","yM":"M.y","yMd":"d.M.y","yMEd":"E, d.M.y","yMM":"M.y","yMMM":"MMM y","yMMMd":"d בMMM y","yMMMEd":"E, d בMMM y","yMMMM":"MMMM y","EEEE, d בMMMM y":"EEEE, d בMMMM y","d בMMMM y":"d בMMMM y","d בMMM y":"d בMMM y","d.M.y":"d.M.y","H:mm:ss zzzz":"H:mm:ss zzzz","H:mm:ss z":"H:mm:ss z","H:mm:ss":"H:mm:ss","H:mm":"H:mm","EEEE, d בMMMM y, H:mm:ss zzzz":"EEEE, d בMMMM y, H:mm:ss zzzz","d בMMMM y, H:mm:ss zzzz":"d בMMMM y, H:mm:ss zzzz","d בMMM y, H:mm:ss zzzz":"d בMMM y, H:mm:ss zzzz","d.M.y, H:mm:ss zzzz":"d.M.y, H:mm:ss zzzz","d, H:mm:ss zzzz":"d, H:mm:ss zzzz","E, H:mm:ss zzzz":"ccc, H:mm:ss zzzz","Ed, H:mm:ss zzzz":"E ה-d, H:mm:ss zzzz","Gy, H:mm:ss zzzz":"y G, H:mm:ss zzzz","GyMd, H:mm:ss zzzz":"d/M/y GGGGG, H:mm:ss zzzz","GyMMM, H:mm:ss zzzz":"MMM y G, H:mm:ss zzzz","GyMMMd, H:mm:ss zzzz":"d בMMM y G, H:mm:ss zzzz","GyMMMEd, H:mm:ss zzzz":"E, d בMMM y G, H:mm:ss zzzz","M, H:mm:ss zzzz":"L, H:mm:ss zzzz","Md, H:mm:ss zzzz":"d.M, H:mm:ss zzzz","MEd, H:mm:ss zzzz":"E, d.M, H:mm:ss zzzz","MMM, H:mm:ss zzzz":"LLL, H:mm:ss zzzz","MMMd, H:mm:ss zzzz":"d בMMM, H:mm:ss zzzz","MMMEd, H:mm:ss zzzz":"E, d בMMM, H:mm:ss zzzz","MMMMd, H:mm:ss zzzz":"d בMMMM, H:mm:ss zzzz","y, H:mm:ss zzzz":"y, H:mm:ss zzzz","yM, H:mm:ss zzzz":"M.y, H:mm:ss zzzz","yMd, H:mm:ss zzzz":"d.M.y, H:mm:ss zzzz","yMEd, H:mm:ss zzzz":"E, d.M.y, H:mm:ss zzzz","yMM, H:mm:ss zzzz":"M.y, H:mm:ss zzzz","yMMM, H:mm:ss zzzz":"MMM y, H:mm:ss zzzz","yMMMd, H:mm:ss zzzz":"d בMMM y, H:mm:ss zzzz","yMMMEd, H:mm:ss zzzz":"E, d בMMM y, H:mm:ss zzzz","yMMMM, H:mm:ss zzzz":"MMMM y, H:mm:ss zzzz","EEEE, d בMMMM y, H:mm:ss z":"EEEE, d בMMMM y, H:mm:ss z","d בMMMM y, H:mm:ss z":"d בMMMM y, H:mm:ss z","d בMMM y, H:mm:ss z":"d בMMM y, H:mm:ss z","d.M.y, H:mm:ss z":"d.M.y, H:mm:ss z","d, H:mm:ss z":"d, H:mm:ss z","E, H:mm:ss z":"ccc, H:mm:ss z","Ed, H:mm:ss z":"E ה-d, H:mm:ss z","Gy, H:mm:ss z":"y G, H:mm:ss z","GyMd, H:mm:ss z":"d/M/y GGGGG, H:mm:ss z","GyMMM, H:mm:ss z":"MMM y G, H:mm:ss z","GyMMMd, H:mm:ss z":"d בMMM y G, H:mm:ss z","GyMMMEd, H:mm:ss z":"E, d בMMM y G, H:mm:ss z","M, H:mm:ss z":"L, H:mm:ss z","Md, H:mm:ss z":"d.M, H:mm:ss z","MEd, H:mm:ss z":"E, d.M, H:mm:ss z","MMM, H:mm:ss z":"LLL, H:mm:ss z","MMMd, H:mm:ss z":"d בMMM, H:mm:ss z","MMMEd, H:mm:ss z":"E, d בMMM, H:mm:ss z","MMMMd, H:mm:ss z":"d בMMMM, H:mm:ss z","y, H:mm:ss z":"y, H:mm:ss z","yM, H:mm:ss z":"M.y, H:mm:ss z","yMd, H:mm:ss z":"d.M.y, H:mm:ss z","yMEd, H:mm:ss z":"E, d.M.y, H:mm:ss z","yMM, H:mm:ss z":"M.y, H:mm:ss z","yMMM, H:mm:ss z":"MMM y, H:mm:ss z","yMMMd, H:mm:ss z":"d בMMM y, H:mm:ss z","yMMMEd, H:mm:ss z":"E, d בMMM y, H:mm:ss z","yMMMM, H:mm:ss z":"MMMM y, H:mm:ss z","EEEE, d בMMMM y, H:mm:ss":"EEEE, d בMMMM y, H:mm:ss","d בMMMM y, H:mm:ss":"d בMMMM y, H:mm:ss","d בMMM y, H:mm:ss":"d בMMM y, H:mm:ss","d.M.y, H:mm:ss":"d.M.y, H:mm:ss","d, H:mm:ss":"d, H:mm:ss","E, H:mm:ss":"ccc, H:mm:ss","Ed, H:mm:ss":"E ה-d, H:mm:ss","Gy, H:mm:ss":"y G, H:mm:ss","GyMd, H:mm:ss":"d/M/y GGGGG, H:mm:ss","GyMMM, H:mm:ss":"MMM y G, H:mm:ss","GyMMMd, H:mm:ss":"d בMMM y G, H:mm:ss","GyMMMEd, H:mm:ss":"E, d בMMM y G, H:mm:ss","M, H:mm:ss":"L, H:mm:ss","Md, H:mm:ss":"d.M, H:mm:ss","MEd, H:mm:ss":"E, d.M, H:mm:ss","MMM, H:mm:ss":"LLL, H:mm:ss","MMMd, H:mm:ss":"d בMMM, H:mm:ss","MMMEd, H:mm:ss":"E, d בMMM, H:mm:ss","MMMMd, H:mm:ss":"d בMMMM, H:mm:ss","y, H:mm:ss":"y, H:mm:ss","yM, H:mm:ss":"M.y, H:mm:ss","yMd, H:mm:ss":"d.M.y, H:mm:ss","yMEd, H:mm:ss":"E, d.M.y, H:mm:ss","yMM, H:mm:ss":"M.y, H:mm:ss","yMMM, H:mm:ss":"MMM y, H:mm:ss","yMMMd, H:mm:ss":"d בMMM y, H:mm:ss","yMMMEd, H:mm:ss":"E, d בMMM y, H:mm:ss","yMMMM, H:mm:ss":"MMMM y, H:mm:ss","EEEE, d בMMMM y, H:mm":"EEEE, d בMMMM y, H:mm","d בMMMM y, H:mm":"d בMMMM y, H:mm","d בMMM y, H:mm":"d בMMM y, H:mm","d.M.y, H:mm":"d.M.y, H:mm","d, H:mm":"d, H:mm","E, H:mm":"ccc, H:mm","Ed, H:mm":"E ה-d, H:mm","Gy, H:mm":"y G, H:mm","GyMd, H:mm":"d/M/y GGGGG, H:mm","GyMMM, H:mm":"MMM y G, H:mm","GyMMMd, H:mm":"d בMMM y G, H:mm","GyMMMEd, H:mm":"E, d בMMM y G, H:mm","M, H:mm":"L, H:mm","Md, H:mm":"d.M, H:mm","MEd, H:mm":"E, d.M, H:mm","MMM, H:mm":"LLL, H:mm","MMMd, H:mm":"d בMMM, H:mm","MMMEd, H:mm":"E, d בMMM, H:mm","MMMMd, H:mm":"d בMMMM, H:mm","y, H:mm":"y, H:mm","yM, H:mm":"M.y, H:mm","yMd, H:mm":"d.M.y, H:mm","yMEd, H:mm":"E, d.M.y, H:mm","yMM, H:mm":"M.y, H:mm","yMMM, H:mm":"MMM y, H:mm","yMMMd, H:mm":"d בMMM y, H:mm","yMMMEd, H:mm":"E, d בMMM y, H:mm","yMMMM, H:mm":"MMMM y, H:mm","EEEE, d בMMMM y, Bh":"EEEE, d בMMMM y, h B","d בMMMM y, Bh":"d בMMMM y, h B","d בMMM y, Bh":"d בMMM y, h B","d.M.y, Bh":"d.M.y, h B","d, Bh":"d, h B","E, Bh":"ccc, h B","Ed, Bh":"E ה-d, h B","Gy, Bh":"y G, h B","GyMd, Bh":"d/M/y GGGGG, h B","GyMMM, Bh":"MMM y G, h B","GyMMMd, Bh":"d בMMM y G, h B","GyMMMEd, Bh":"E, d בMMM y G, h B","M, Bh":"L, h B","Md, Bh":"d.M, h B","MEd, Bh":"E, d.M, h B","MMM, Bh":"LLL, h B","MMMd, Bh":"d בMMM, h B","MMMEd, Bh":"E, d בMMM, h B","MMMMd, Bh":"d בMMMM, h B","y, Bh":"y, h B","yM, Bh":"M.y, h B","yMd, Bh":"d.M.y, h B","yMEd, Bh":"E, d.M.y, h B","yMM, Bh":"M.y, h B","yMMM, Bh":"MMM y, h B","yMMMd, Bh":"d בMMM y, h B","yMMMEd, Bh":"E, d בMMM y, h B","yMMMM, Bh":"MMMM y, h B","EEEE, d בMMMM y, Bhm":"EEEE, d בMMMM y, h:mm B","d בMMMM y, Bhm":"d בMMMM y, h:mm B","d בMMM y, Bhm":"d בMMM y, h:mm B","d.M.y, Bhm":"d.M.y, h:mm B","d, Bhm":"d, h:mm B","E, Bhm":"ccc, h:mm B","Ed, Bhm":"E ה-d, h:mm B","Gy, Bhm":"y G, h:mm B","GyMd, Bhm":"d/M/y GGGGG, h:mm B","GyMMM, Bhm":"MMM y G, h:mm B","GyMMMd, Bhm":"d בMMM y G, h:mm B","GyMMMEd, Bhm":"E, d בMMM y G, h:mm B","M, Bhm":"L, h:mm B","Md, Bhm":"d.M, h:mm B","MEd, Bhm":"E, d.M, h:mm B","MMM, Bhm":"LLL, h:mm B","MMMd, Bhm":"d בMMM, h:mm B","MMMEd, Bhm":"E, d בMMM, h:mm B","MMMMd, Bhm":"d בMMMM, h:mm B","y, Bhm":"y, h:mm B","yM, Bhm":"M.y, h:mm B","yMd, Bhm":"d.M.y, h:mm B","yMEd, Bhm":"E, d.M.y, h:mm B","yMM, Bhm":"M.y, h:mm B","yMMM, Bhm":"MMM y, h:mm B","yMMMd, Bhm":"d בMMM y, h:mm B","yMMMEd, Bhm":"E, d בMMM y, h:mm B","yMMMM, Bhm":"MMMM y, h:mm B","EEEE, d בMMMM y, Bhms":"EEEE, d בMMMM y, h:mm:ss B","d בMMMM y, Bhms":"d בMMMM y, h:mm:ss B","d בMMM y, Bhms":"d בMMM y, h:mm:ss B","d.M.y, Bhms":"d.M.y, h:mm:ss B","d, Bhms":"d, h:mm:ss B","E, Bhms":"ccc, h:mm:ss B","Ed, Bhms":"E ה-d, h:mm:ss B","Gy, Bhms":"y G, h:mm:ss B","GyMd, Bhms":"d/M/y GGGGG, h:mm:ss B","GyMMM, Bhms":"MMM y G, h:mm:ss B","GyMMMd, Bhms":"d בMMM y G, h:mm:ss B","GyMMMEd, Bhms":"E, d בMMM y G, h:mm:ss B","M, Bhms":"L, h:mm:ss B","Md, Bhms":"d.M, h:mm:ss B","MEd, Bhms":"E, d.M, h:mm:ss B","MMM, Bhms":"LLL, h:mm:ss B","MMMd, Bhms":"d בMMM, h:mm:ss B","MMMEd, Bhms":"E, d בMMM, h:mm:ss B","MMMMd, Bhms":"d בMMMM, h:mm:ss B","y, Bhms":"y, h:mm:ss B","yM, Bhms":"M.y, h:mm:ss B","yMd, Bhms":"d.M.y, h:mm:ss B","yMEd, Bhms":"E, d.M.y, h:mm:ss B","yMM, Bhms":"M.y, h:mm:ss B","yMMM, Bhms":"MMM y, h:mm:ss B","yMMMd, Bhms":"d בMMM y, h:mm:ss B","yMMMEd, Bhms":"E, d בMMM y, h:mm:ss B","yMMMM, Bhms":"MMMM y, h:mm:ss B","EEEE, d בMMMM y, h":"EEEE, d בMMMM y, ‏h a","d בMMMM y, h":"d בMMMM y, ‏h a","d בMMM y, h":"d בMMM y, ‏h a","d.M.y, h":"d.M.y, ‏h a","d, h":"d, ‏h a","E, h":"ccc, ‏h a","Ed, h":"E ה-d, ‏h a","Gy, h":"y G, ‏h a","GyMd, h":"d/M/y GGGGG, ‏h a","GyMMM, h":"MMM y G, ‏h a","GyMMMd, h":"d בMMM y G, ‏h a","GyMMMEd, h":"E, d בMMM y G, ‏h a","M, h":"L, ‏h a","Md, h":"d.M, ‏h a","MEd, h":"E, d.M, ‏h a","MMM, h":"LLL, ‏h a","MMMd, h":"d בMMM, ‏h a","MMMEd, h":"E, d בMMM, ‏h a","MMMMd, h":"d בMMMM, ‏h a","y, h":"y, ‏h a","yM, h":"M.y, ‏h a","yMd, h":"d.M.y, ‏h a","yMEd, h":"E, d.M.y, ‏h a","yMM, h":"M.y, ‏h a","yMMM, h":"MMM y, ‏h a","yMMMd, h":"d בMMM y, ‏h a","yMMMEd, h":"E, d בMMM y, ‏h a","yMMMM, h":"MMMM y, ‏h a","EEEE, d בMMMM y, H":"EEEE, d בMMMM y, H","d בMMMM y, H":"d בMMMM y, H","d בMMM y, H":"d בMMM y, H","d.M.y, H":"d.M.y, H","d, H":"d, H","E, H":"ccc, H","Ed, H":"E ה-d, H","Gy, H":"y G, H","GyMd, H":"d/M/y GGGGG, H","GyMMM, H":"MMM y G, H","GyMMMd, H":"d בMMM y G, H","GyMMMEd, H":"E, d בMMM y G, H","M, H":"L, H","Md, H":"d.M, H","MEd, H":"E, d.M, H","MMM, H":"LLL, H","MMMd, H":"d בMMM, H","MMMEd, H":"E, d בMMM, H","MMMMd, H":"d בMMMM, H","y, H":"y, H","yM, H":"M.y, H","yMd, H":"d.M.y, H","yMEd, H":"E, d.M.y, H","yMM, H":"M.y, H","yMMM, H":"MMM y, H","yMMMd, H":"d בMMM y, H","yMMMEd, H":"E, d בMMM y, H","yMMMM, H":"MMMM y, H","EEEE, d בMMMM y, hm":"EEEE, d בMMMM y, h:mm a","d בMMMM y, hm":"d בMMMM y, h:mm a","d בMMM y, hm":"d בMMM y, h:mm a","d.M.y, hm":"d.M.y, h:mm a","d, hm":"d, h:mm a","E, hm":"ccc, h:mm a","Ed, hm":"E ה-d, h:mm a","Gy, hm":"y G, h:mm a","GyMd, hm":"d/M/y GGGGG, h:mm a","GyMMM, hm":"MMM y G, h:mm a","GyMMMd, hm":"d בMMM y G, h:mm a","GyMMMEd, hm":"E, d בMMM y G, h:mm a","M, hm":"L, h:mm a","Md, hm":"d.M, h:mm a","MEd, hm":"E, d.M, h:mm a","MMM, hm":"LLL, h:mm a","MMMd, hm":"d בMMM, h:mm a","MMMEd, hm":"E, d בMMM, h:mm a","MMMMd, hm":"d בMMMM, h:mm a","y, hm":"y, h:mm a","yM, hm":"M.y, h:mm a","yMd, hm":"d.M.y, h:mm a","yMEd, hm":"E, d.M.y, h:mm a","yMM, hm":"M.y, h:mm a","yMMM, hm":"MMM y, h:mm a","yMMMd, hm":"d בMMM y, h:mm a","yMMMEd, hm":"E, d בMMM y, h:mm a","yMMMM, hm":"MMMM y, h:mm a","EEEE, d בMMMM y, Hm":"EEEE, d בMMMM y, H:mm","d בMMMM y, Hm":"d בMMMM y, H:mm","d בMMM y, Hm":"d בMMM y, H:mm","d.M.y, Hm":"d.M.y, H:mm","d, Hm":"d, H:mm","E, Hm":"ccc, H:mm","Ed, Hm":"E ה-d, H:mm","Gy, Hm":"y G, H:mm","GyMd, Hm":"d/M/y GGGGG, H:mm","GyMMM, Hm":"MMM y G, H:mm","GyMMMd, Hm":"d בMMM y G, H:mm","GyMMMEd, Hm":"E, d בMMM y G, H:mm","M, Hm":"L, H:mm","Md, Hm":"d.M, H:mm","MEd, Hm":"E, d.M, H:mm","MMM, Hm":"LLL, H:mm","MMMd, Hm":"d בMMM, H:mm","MMMEd, Hm":"E, d בMMM, H:mm","MMMMd, Hm":"d בMMMM, H:mm","y, Hm":"y, H:mm","yM, Hm":"M.y, H:mm","yMd, Hm":"d.M.y, H:mm","yMEd, Hm":"E, d.M.y, H:mm","yMM, Hm":"M.y, H:mm","yMMM, Hm":"MMM y, H:mm","yMMMd, Hm":"d בMMM y, H:mm","yMMMEd, Hm":"E, d בMMM y, H:mm","yMMMM, Hm":"MMMM y, H:mm","EEEE, d בMMMM y, hms":"EEEE, d בMMMM y, h:mm:ss a","d בMMMM y, hms":"d בMMMM y, h:mm:ss a","d בMMM y, hms":"d בMMM y, h:mm:ss a","d.M.y, hms":"d.M.y, h:mm:ss a","d, hms":"d, h:mm:ss a","E, hms":"ccc, h:mm:ss a","Ed, hms":"E ה-d, h:mm:ss a","Gy, hms":"y G, h:mm:ss a","GyMd, hms":"d/M/y GGGGG, h:mm:ss a","GyMMM, hms":"MMM y G, h:mm:ss a","GyMMMd, hms":"d בMMM y G, h:mm:ss a","GyMMMEd, hms":"E, d בMMM y G, h:mm:ss a","M, hms":"L, h:mm:ss a","Md, hms":"d.M, h:mm:ss a","MEd, hms":"E, d.M, h:mm:ss a","MMM, hms":"LLL, h:mm:ss a","MMMd, hms":"d בMMM, h:mm:ss a","MMMEd, hms":"E, d בMMM, h:mm:ss a","MMMMd, hms":"d בMMMM, h:mm:ss a","y, hms":"y, h:mm:ss a","yM, hms":"M.y, h:mm:ss a","yMd, hms":"d.M.y, h:mm:ss a","yMEd, hms":"E, d.M.y, h:mm:ss a","yMM, hms":"M.y, h:mm:ss a","yMMM, hms":"MMM y, h:mm:ss a","yMMMd, hms":"d בMMM y, h:mm:ss a","yMMMEd, hms":"E, d בMMM y, h:mm:ss a","yMMMM, hms":"MMMM y, h:mm:ss a","EEEE, d בMMMM y, Hms":"EEEE, d בMMMM y, H:mm:ss","d בMMMM y, Hms":"d בMMMM y, H:mm:ss","d בMMM y, Hms":"d בMMM y, H:mm:ss","d.M.y, Hms":"d.M.y, H:mm:ss","d, Hms":"d, H:mm:ss","E, Hms":"ccc, H:mm:ss","Ed, Hms":"E ה-d, H:mm:ss","Gy, Hms":"y G, H:mm:ss","GyMd, Hms":"d/M/y GGGGG, H:mm:ss","GyMMM, Hms":"MMM y G, H:mm:ss","GyMMMd, Hms":"d בMMM y G, H:mm:ss","GyMMMEd, Hms":"E, d בMMM y G, H:mm:ss","M, Hms":"L, H:mm:ss","Md, Hms":"d.M, H:mm:ss","MEd, Hms":"E, d.M, H:mm:ss","MMM, Hms":"LLL, H:mm:ss","MMMd, Hms":"d בMMM, H:mm:ss","MMMEd, Hms":"E, d בMMM, H:mm:ss","MMMMd, Hms":"d בMMMM, H:mm:ss","y, Hms":"y, H:mm:ss","yM, Hms":"M.y, H:mm:ss","yMd, Hms":"d.M.y, H:mm:ss","yMEd, Hms":"E, d.M.y, H:mm:ss","yMM, Hms":"M.y, H:mm:ss","yMMM, Hms":"MMM y, H:mm:ss","yMMMd, Hms":"d בMMM y, H:mm:ss","yMMMEd, Hms":"E, d בMMM y, H:mm:ss","yMMMM, Hms":"MMMM y, H:mm:ss","EEEE, d בMMMM y, hmsv":"EEEE, d בMMMM y, h:mm:ss a v","d בMMMM y, hmsv":"d בMMMM y, h:mm:ss a v","d בMMM y, hmsv":"d בMMM y, h:mm:ss a v","d.M.y, hmsv":"d.M.y, h:mm:ss a v","d, hmsv":"d, h:mm:ss a v","E, hmsv":"ccc, h:mm:ss a v","Ed, hmsv":"E ה-d, h:mm:ss a v","Gy, hmsv":"y G, h:mm:ss a v","GyMd, hmsv":"d/M/y GGGGG, h:mm:ss a v","GyMMM, hmsv":"MMM y G, h:mm:ss a v","GyMMMd, hmsv":"d בMMM y G, h:mm:ss a v","GyMMMEd, hmsv":"E, d בMMM y G, h:mm:ss a v","M, hmsv":"L, h:mm:ss a v","Md, hmsv":"d.M, h:mm:ss a v","MEd, hmsv":"E, d.M, h:mm:ss a v","MMM, hmsv":"LLL, h:mm:ss a v","MMMd, hmsv":"d בMMM, h:mm:ss a v","MMMEd, hmsv":"E, d בMMM, h:mm:ss a v","MMMMd, hmsv":"d בMMMM, h:mm:ss a v","y, hmsv":"y, h:mm:ss a v","yM, hmsv":"M.y, h:mm:ss a v","yMd, hmsv":"d.M.y, h:mm:ss a v","yMEd, hmsv":"E, d.M.y, h:mm:ss a v","yMM, hmsv":"M.y, h:mm:ss a v","yMMM, hmsv":"MMM y, h:mm:ss a v","yMMMd, hmsv":"d בMMM y, h:mm:ss a v","yMMMEd, hmsv":"E, d בMMM y, h:mm:ss a v","yMMMM, hmsv":"MMMM y, h:mm:ss a v","EEEE, d בMMMM y, Hmsv":"EEEE, d בMMMM y, HH:mm:ss v","d בMMMM y, Hmsv":"d בMMMM y, HH:mm:ss v","d בMMM y, Hmsv":"d בMMM y, HH:mm:ss v","d.M.y, Hmsv":"d.M.y, HH:mm:ss v","d, Hmsv":"d, HH:mm:ss v","E, Hmsv":"ccc, HH:mm:ss v","Ed, Hmsv":"E ה-d, HH:mm:ss v","Gy, Hmsv":"y G, HH:mm:ss v","GyMd, Hmsv":"d/M/y GGGGG, HH:mm:ss v","GyMMM, Hmsv":"MMM y G, HH:mm:ss v","GyMMMd, Hmsv":"d בMMM y G, HH:mm:ss v","GyMMMEd, Hmsv":"E, d בMMM y G, HH:mm:ss v","M, Hmsv":"L, HH:mm:ss v","Md, Hmsv":"d.M, HH:mm:ss v","MEd, Hmsv":"E, d.M, HH:mm:ss v","MMM, Hmsv":"LLL, HH:mm:ss v","MMMd, Hmsv":"d בMMM, HH:mm:ss v","MMMEd, Hmsv":"E, d בMMM, HH:mm:ss v","MMMMd, Hmsv":"d בMMMM, HH:mm:ss v","y, Hmsv":"y, HH:mm:ss v","yM, Hmsv":"M.y, HH:mm:ss v","yMd, Hmsv":"d.M.y, HH:mm:ss v","yMEd, Hmsv":"E, d.M.y, HH:mm:ss v","yMM, Hmsv":"M.y, HH:mm:ss v","yMMM, Hmsv":"MMM y, HH:mm:ss v","yMMMd, Hmsv":"d בMMM y, HH:mm:ss v","yMMMEd, Hmsv":"E, d בMMM y, HH:mm:ss v","yMMMM, Hmsv":"MMMM y, HH:mm:ss v","EEEE, d בMMMM y, hmv":"EEEE, d בMMMM y, h:mm a v","d בMMMM y, hmv":"d בMMMM y, h:mm a v","d בMMM y, hmv":"d בMMM y, h:mm a v","d.M.y, hmv":"d.M.y, h:mm a v","d, hmv":"d, h:mm a v","E, hmv":"ccc, h:mm a v","Ed, hmv":"E ה-d, h:mm a v","Gy, hmv":"y G, h:mm a v","GyMd, hmv":"d/M/y GGGGG, h:mm a v","GyMMM, hmv":"MMM y G, h:mm a v","GyMMMd, hmv":"d בMMM y G, h:mm a v","GyMMMEd, hmv":"E, d בMMM y G, h:mm a v","M, hmv":"L, h:mm a v","Md, hmv":"d.M, h:mm a v","MEd, hmv":"E, d.M, h:mm a v","MMM, hmv":"LLL, h:mm a v","MMMd, hmv":"d בMMM, h:mm a v","MMMEd, hmv":"E, d בMMM, h:mm a v","MMMMd, hmv":"d בMMMM, h:mm a v","y, hmv":"y, h:mm a v","yM, hmv":"M.y, h:mm a v","yMd, hmv":"d.M.y, h:mm a v","yMEd, hmv":"E, d.M.y, h:mm a v","yMM, hmv":"M.y, h:mm a v","yMMM, hmv":"MMM y, h:mm a v","yMMMd, hmv":"d בMMM y, h:mm a v","yMMMEd, hmv":"E, d בMMM y, h:mm a v","yMMMM, hmv":"MMMM y, h:mm a v","EEEE, d בMMMM y, Hmv":"EEEE, d בMMMM y, HH:mm v","d בMMMM y, Hmv":"d בMMMM y, HH:mm v","d בMMM y, Hmv":"d בMMM y, HH:mm v","d.M.y, Hmv":"d.M.y, HH:mm v","d, Hmv":"d, HH:mm v","E, Hmv":"ccc, HH:mm v","Ed, Hmv":"E ה-d, HH:mm v","Gy, Hmv":"y G, HH:mm v","GyMd, Hmv":"d/M/y GGGGG, HH:mm v","GyMMM, Hmv":"MMM y G, HH:mm v","GyMMMd, Hmv":"d בMMM y G, HH:mm v","GyMMMEd, Hmv":"E, d בMMM y G, HH:mm v","M, Hmv":"L, HH:mm v","Md, Hmv":"d.M, HH:mm v","MEd, Hmv":"E, d.M, HH:mm v","MMM, Hmv":"LLL, HH:mm v","MMMd, Hmv":"d בMMM, HH:mm v","MMMEd, Hmv":"E, d בMMM, HH:mm v","MMMMd, Hmv":"d בMMMM, HH:mm v","y, Hmv":"y, HH:mm v","yM, Hmv":"M.y, HH:mm v","yMd, Hmv":"d.M.y, HH:mm v","yMEd, Hmv":"E, d.M.y, HH:mm v","yMM, Hmv":"M.y, HH:mm v","yMMM, Hmv":"MMM y, HH:mm v","yMMMd, Hmv":"d בMMM y, HH:mm v","yMMMEd, Hmv":"E, d בMMM y, HH:mm v","yMMMM, Hmv":"MMMM y, HH:mm v","EEEE, d בMMMM y, ms":"EEEE, d בMMMM y, mm:ss","d בMMMM y, ms":"d בMMMM y, mm:ss","d בMMM y, ms":"d בMMM y, mm:ss","d.M.y, ms":"d.M.y, mm:ss","d, ms":"d, mm:ss","E, ms":"ccc, mm:ss","Ed, ms":"E ה-d, mm:ss","Gy, ms":"y G, mm:ss","GyMd, ms":"d/M/y GGGGG, mm:ss","GyMMM, ms":"MMM y G, mm:ss","GyMMMd, ms":"d בMMM y G, mm:ss","GyMMMEd, ms":"E, d בMMM y G, mm:ss","M, ms":"L, mm:ss","Md, ms":"d.M, mm:ss","MEd, ms":"E, d.M, mm:ss","MMM, ms":"LLL, mm:ss","MMMd, ms":"d בMMM, mm:ss","MMMEd, ms":"E, d בMMM, mm:ss","MMMMd, ms":"d בMMMM, mm:ss","y, ms":"y, mm:ss","yM, ms":"M.y, mm:ss","yMd, ms":"d.M.y, mm:ss","yMEd, ms":"E, d.M.y, mm:ss","yMM, ms":"M.y, mm:ss","yMMM, ms":"MMM y, mm:ss","yMMMd, ms":"d בMMM y, mm:ss","yMMMEd, ms":"E, d בMMM y, mm:ss","yMMMM, ms":"MMMM y, mm:ss"}},"intervalFormats":{"intervalFormatFallback":"{0} – {1}","Bh":{"B":"h B – h B","h":"h–h B"},"Bhm":{"B":"h:mm B – h:mm B","h":"h:mm–h:mm B","m":"h:mm–h:mm B"},"d":{"d":"d–d"},"Gy":{"G":"y G – y G","y":"y – y G"},"GyM":{"G":"M.y GGGGG – M.y GGGGG","M":"M.y – M.y GGGGG","y":"M.y – M.y GGGGG"},"GyMd":{"d":"d.M.y – d.M.y GGGGG","G":"d.M.y GGGGG – d.M.y GGGGG","M":"d.M.y – d.M.y GGGGG","y":"d.M.y – d.M.y GGGGG"},"GyMEd":{"d":"E, d.M.y – E, d.M.y GGGGG","G":"E, d.M.y GGGGG – E, d.M.y GGGGG","M":"E, d.M.y – E, d.M.y GGGGG","y":"E, d.M.y – E, d.M.y GGGGG"},"GyMMM":{"G":"MMM y G – MMM y G","M":"MMM – MMM y G","y":"MMM y – MMM y G"},"GyMMMd":{"d":"d – d בMMM y G","G":"d בMMM y G – d בMMM y G","M":"d בMMM – d בMMM y G","y":"d בMMM y – d בMMM y G"},"GyMMMEd":{"d":"E, d בMMM – E, d בMMM y G","G":"E, d בMMM y G – E, d בMMM y G","M":"E, d בMMM – E, d בMMM y G","y":"E, d בMMM y – E, d בMMM y G"},"h":{"a":"h a – h a","h":"h–h a"},"H":{"H":"H–H"},"hm":{"a":"h:mm a – h:mm a","h":"h:mm–h:mm a","m":"h:mm–h:mm a"},"Hm":{"H":"H:mm–H:mm","m":"H:mm–H:mm"},"hmv":{"a":"h:mm a – h:mm a v","h":"h:mm–h:mm a v","m":"h:mm–h:mm a v"},"Hmv":{"H":"H:mm–H:mm v","m":"H:mm–H:mm v"},"hv":{"a":"h a – h a v","h":"h–h a v"},"Hv":{"H":"H–H v"},"M":{"M":"M–M"},"Md":{"d":"d.M–d.M","M":"d.M–d.M"},"MEd":{"d":"EEEE d.M–EEEE d.M","M":"EEEE d.M – EEEE d.M"},"MMM":{"M":"MMM–MMM"},"MMMd":{"d":"d–d בMMM","M":"d בMMM–d בMMM"},"MMMEd":{"d":"EEEE, d בMMM – EEEE, d בMMM","M":"EEEE, d בMMM – EEEE, d בMMM"},"MMMM":{"M":"LLLL–LLLL"},"y":{"y":"y–y"},"yM":{"M":"M.y–M.y","y":"M.y‏–M.y"},"yMd":{"d":"dd.M.y – dd.M.y","M":"d.M.y – d.M.y","y":"d.M.y – d.M.y"},"yMEd":{"d":"EEEE d.M.y – EEEE d.M.y","M":"EEEE d.M.y – EEEE d.M.y","y":"EEEE d.M.y – EEEE d.M.y"},"yMMM":{"M":"MMM–MMM y","y":"MMM y – MMM y"},"yMMMd":{"d":"d–d בMMM y","M":"d MMM – d MMM y","y":"d MMM y – d MMM y"},"yMMMEd":{"d":"EEEE d MMM – EEEE d MMM y","M":"EEEE d MMM – EEEE d MMM y","y":"EEEE d MMM y – EEEE d MMM y"},"yMMMM":{"M":"MMMM–MMMM y","y":"MMMM y–MMMM y"}},"hourCycle":"h23","nu":["latn"],"ca":["gregory","hebrew","islamic","islamicc","islamic-tbla"],"hc":["h23",""]},"locale":"he"}