{"data":{"am":"am","pm":"pm","weekday":{"narrow":["र","सो","मं","बु","गु","शु","श"],"short":["रवि","सोम","मंगल","बुध","गुरु","शुक्र","शनि"],"long":["रविवार","सोमवार","मंगलवार","बुधवार","गुरुवार","शुक्रवार","शनिवार"]},"era":{"narrow":{"BC":"ईसा-पूर्व","AD":"ईस्वी"},"short":{"BC":"ईसा-पूर्व","AD":"ईस्वी"},"long":{"BC":"ईसा-पूर्व","AD":"ईसवी सन"}},"month":{"narrow":["ज","फ़","मा","अ","म","जू","जु","अ","सि","अ","न","दि"],"short":["जन॰","फ़र॰","मार्च","अप्रैल","मई","जून","जुल॰","अग॰","सित॰","अक्तू॰","नव॰","दिस॰"],"long":["जनवरी","फ़रवरी","मार्च","अप्रैल","मई","जून","जुलाई","अगस्त","सितंबर","अक्तूबर","नवंबर","दिसंबर"]},"timeZoneName":{"Asia/Kabul":{"long":["अफ़गानिस्तान समय","अफ़गानिस्तान समय"]},"Africa/Maputo":{"long":["मध्य अफ़्रीका समय","मध्य अफ़्रीका समय"]},"Africa/Bujumbura":{"long":["मध्य अफ़्रीका समय","मध्य अफ़्रीका समय"]},"Africa/Gaborone":{"long":["मध्य अफ़्रीका समय","मध्य अफ़्रीका समय"]},"Africa/Lubumbashi":{"long":["मध्य अफ़्रीका समय","मध्य अफ़्रीका समय"]},"Africa/Blantyre":{"long":["मध्य अफ़्रीका समय","मध्य अफ़्रीका समय"]},"Africa/Kigali":{"long":["मध्य अफ़्रीका समय","मध्य अफ़्रीका समय"]},"Africa/Lusaka":{"long":["मध्य अफ़्रीका समय","मध्य अफ़्रीका समय"]},"Africa/Harare":{"long":["मध्य अफ़्रीका समय","मध्य अफ़्रीका समय"]},"Africa/Nairobi":{"long":["पूर्वी अफ़्रीका समय","पूर्वी अफ़्रीका समय"]},"Africa/Djibouti":{"long":["पूर्वी अफ़्रीका समय","पूर्वी अफ़्रीका समय"]},"Africa/Asmera":{"long":["पूर्वी अफ़्रीका समय","पूर्वी अफ़्रीका समय"]},"Africa/Addis_Ababa":{"long":["पूर्वी अफ़्रीका समय","पूर्वी अफ़्रीका समय"]},"Indian/Comoro":{"long":["पूर्वी अफ़्रीका समय","पूर्वी अफ़्रीका समय"]},"Indian/Antananarivo":{"long":["पूर्वी अफ़्रीका समय","पूर्वी अफ़्रीका समय"]},"Africa/Mogadishu":{"long":["पूर्वी अफ़्रीका समय","पूर्वी अफ़्रीका समय"]},"Africa/Dar_es_Salaam":{"long":["पूर्वी अफ़्रीका समय","पूर्वी अफ़्रीका समय"]},"Africa/Kampala":{"long":["पूर्वी अफ़्रीका समय","पूर्वी अफ़्रीका समय"]},"Indian/Mayotte":{"long":["पूर्वी अफ़्रीका समय","पूर्वी अफ़्रीका समय"]},"Africa/Johannesburg":{"long":["दक्षिण अफ़्रीका मानक समय","दक्षिण अफ़्रीका मानक समय"]},"Africa/Maseru":{"long":["दक्षिण अफ़्रीका मानक समय","दक्षिण अफ़्रीका मानक समय"]},"Africa/Mbabane":{"long":["दक्षिण अफ़्रीका मानक समय","दक्षिण अफ़्रीका मानक समय"]},"Africa/Lagos":{"long":["पश्चिम अफ़्रीका मानक समय","पश्चिम अफ़्रीका ग्रीष्मकालीन समय"]},"Africa/Luanda":{"long":["पश्चिम अफ़्रीका मानक समय","पश्चिम अफ़्रीका ग्रीष्मकालीन समय"]},"Africa/Porto-Novo":{"long":["पश्चिम अफ़्रीका मानक समय","पश्चिम अफ़्रीका ग्रीष्मकालीन समय"]},"Africa/Kinshasa":{"long":["पश्चिम अफ़्रीका मानक समय","पश्चिम अफ़्रीका ग्रीष्मकालीन समय"]},"Africa/Bangui":{"long":["पश्चिम अफ़्रीका मानक समय","पश्चिम अफ़्रीका ग्रीष्मकालीन समय"]},"Africa/Brazzaville":{"long":["पश्चिम अफ़्रीका मानक समय","पश्चिम अफ़्रीका ग्रीष्मकालीन समय"]},"Africa/Douala":{"long":["पश्चिम अफ़्रीका मानक समय","पश्चिम अफ़्रीका ग्रीष्मकालीन समय"]},"Africa/Libreville":{"long":["पश्चिम अफ़्रीका मानक समय","पश्चिम अफ़्रीका ग्रीष्मकालीन समय"]},"Africa/Malabo":{"long":["पश्चिम अफ़्रीका मानक समय","पश्चिम अफ़्रीका ग्रीष्मकालीन समय"]},"Africa/Niamey":{"long":["पश्चिम अफ़्रीका मानक समय","पश्चिम अफ़्रीका ग्रीष्मकालीन समय"]},"Africa/Ndjamena":{"long":["पश्चिम अफ़्रीका मानक समय","पश्चिम अफ़्रीका ग्रीष्मकालीन समय"]},"Asia/Aqtobe":{"long":["पश्चिम कज़ाखस्तान समय","पश्चिम कज़ाखस्तान समय"]},"America/Juneau":{"long":["अलास्‍का मानक समय","अलास्‍का डेलाइट समय"]},"Asia/Almaty":{"long":["पूर्व कज़ाखस्तान समय","पूर्व कज़ाखस्तान समय"]},"America/Manaus":{"long":["अमेज़न मानक समय","अमेज़न ग्रीष्मकालीन समय"]},"America/Chicago":{"long":["उत्तरी अमेरिकी केंद्रीय मानक समय","उत्तरी अमेरिकी केंद्रीय डेलाइट समय"]},"America/Belize":{"long":["उत्तरी अमेरिकी केंद्रीय मानक समय","उत्तरी अमेरिकी केंद्रीय डेलाइट समय"]},"America/Winnipeg":{"long":["उत्तरी अमेरिकी केंद्रीय मानक समय","उत्तरी अमेरिकी केंद्रीय डेलाइट समय"]},"America/Costa_Rica":{"long":["उत्तरी अमेरिकी केंद्रीय मानक समय","उत्तरी अमेरिकी केंद्रीय डेलाइट समय"]},"America/Guatemala":{"long":["उत्तरी अमेरिकी केंद्रीय मानक समय","उत्तरी अमेरिकी केंद्रीय डेलाइट समय"]},"America/Tegucigalpa":{"long":["उत्तरी अमेरिकी केंद्रीय मानक समय","उत्तरी अमेरिकी केंद्रीय डेलाइट समय"]},"America/Mexico_City":{"long":["उत्तरी अमेरिकी केंद्रीय मानक समय","उत्तरी अमेरिकी केंद्रीय डेलाइट समय"]},"America/El_Salvador":{"long":["उत्तरी अमेरिकी केंद्रीय मानक समय","उत्तरी अमेरिकी केंद्रीय डेलाइट समय"]},"America/New_York":{"long":["उत्तरी अमेरिकी पूर्वी मानक समय","उत्तरी अमेरिकी पूर्वी डेलाइट समय"]},"America/Nassau":{"long":["उत्तरी अमेरिकी पूर्वी मानक समय","उत्तरी अमेरिकी पूर्वी डेलाइट समय"]},"America/Toronto":{"long":["उत्तरी अमेरिकी पूर्वी मानक समय","उत्तरी अमेरिकी पूर्वी डेलाइट समय"]},"America/Port-au-Prince":{"long":["उत्तरी अमेरिकी पूर्वी मानक समय","उत्तरी अमेरिकी पूर्वी डेलाइट समय"]},"America/Jamaica":{"long":["उत्तरी अमेरिकी पूर्वी मानक समय","उत्तरी अमेरिकी पूर्वी डेलाइट समय"]},"America/Cayman":{"long":["उत्तरी अमेरिकी पूर्वी मानक समय","उत्तरी अमेरिकी पूर्वी डेलाइट समय"]},"America/Panama":{"long":["उत्तरी अमेरिकी पूर्वी मानक समय","उत्तरी अमेरिकी पूर्वी डेलाइट समय"]},"America/Denver":{"long":["उत्तरी अमेरिकी माउंटेन मानक समय","उत्तरी अमेरिकी माउंटेन डेलाइट समय"]},"America/Edmonton":{"long":["उत्तरी अमेरिकी माउंटेन मानक समय","उत्तरी अमेरिकी माउंटेन डेलाइट समय"]},"America/Hermosillo":{"long":["उत्तरी अमेरिकी माउंटेन मानक समय","उत्तरी अमेरिकी माउंटेन डेलाइट समय"]},"America/Los_Angeles":{"long":["उत्तरी अमेरिकी प्रशांत मानक समय","उत्तरी अमेरिकी प्रशांत डेलाइट समय"]},"America/Vancouver":{"long":["उत्तरी अमेरिकी प्रशांत मानक समय","उत्तरी अमेरिकी प्रशांत डेलाइट समय"]},"America/Tijuana":{"long":["उत्तरी अमेरिकी प्रशांत मानक समय","उत्तरी अमेरिकी प्रशांत डेलाइट समय"]},"Asia/Anadyr":{"long":["एनाडीयर मानक समय","एनाडीयर ग्रीष्मकालीन समय"]},"Pacific/Apia":{"long":["एपिआ मानक समय","एपिआ डेलाइट समय"]},"Asia/Riyadh":{"long":["अरब मानक समय","अरब डेलाइट समय"]},"Asia/Bahrain":{"long":["अरब मानक समय","अरब डेलाइट समय"]},"Asia/Baghdad":{"long":["अरब मानक समय","अरब डेलाइट समय"]},"Asia/Kuwait":{"long":["अरब मानक समय","अरब डेलाइट समय"]},"Asia/Qatar":{"long":["अरब मानक समय","अरब डेलाइट समय"]},"Asia/Aden":{"long":["अरब मानक समय","अरब डेलाइट समय"]},"America/Buenos_Aires":{"long":["अर्जेंटीना मानक समय","अर्जेंटीना ग्रीष्मकालीन समय"]},"America/Argentina/San_Luis":{"long":["पश्चिमी अर्जेंटीना मानक समय","पश्चिमी अर्जेंटीना ग्रीष्मकालीन समय"]},"Asia/Ashgabat":{"long":["तुर्कमेनिस्तान मानक समय","तुर्कमेनिस्तान ग्रीष्मकालीन समय"]},"America/Halifax":{"long":["अटलांटिक मानक समय","अटलांटिक डेलाइट समय"]},"America/Antigua":{"long":["अटलांटिक मानक समय","अटलांटिक डेलाइट समय"]},"America/Anguilla":{"long":["अटलांटिक मानक समय","अटलांटिक डेलाइट समय"]},"America/Aruba":{"long":["अटलांटिक मानक समय","अटलांटिक डेलाइट समय"]},"America/Barbados":{"long":["अटलांटिक मानक समय","अटलांटिक डेलाइट समय"]},"Atlantic/Bermuda":{"long":["अटलांटिक मानक समय","अटलांटिक डेलाइट समय"]},"America/Kralendijk":{"long":["अटलांटिक मानक समय","अटलांटिक डेलाइट समय"]},"America/Curacao":{"long":["अटलांटिक मानक समय","अटलांटिक डेलाइट समय"]},"America/Dominica":{"long":["अटलांटिक मानक समय","अटलांटिक डेलाइट समय"]},"America/Grenada":{"long":["अटलांटिक मानक समय","अटलांटिक डेलाइट समय"]},"America/Thule":{"long":["अटलांटिक मानक समय","अटलांटिक डेलाइट समय"]},"America/Guadeloupe":{"long":["अटलांटिक मानक समय","अटलांटिक डेलाइट समय"]},"America/St_Kitts":{"long":["अटलांटिक मानक समय","अटलांटिक डेलाइट समय"]},"America/St_Lucia":{"long":["अटलांटिक मानक समय","अटलांटिक डेलाइट समय"]},"America/Marigot":{"long":["अटलांटिक मानक समय","अटलांटिक डेलाइट समय"]},"America/Martinique":{"long":["अटलांटिक मानक समय","अटलांटिक डेलाइट समय"]},"America/Montserrat":{"long":["अटलांटिक मानक समय","अटलांटिक डेलाइट समय"]},"America/Puerto_Rico":{"long":["अटलांटिक मानक समय","अटलांटिक डेलाइट समय"]},"America/Lower_Princes":{"long":["अटलांटिक मानक समय","अटलांटिक डेलाइट समय"]},"America/Port_of_Spain":{"long":["अटलांटिक मानक समय","अटलांटिक डेलाइट समय"]},"America/St_Vincent":{"long":["अटलांटिक मानक समय","अटलांटिक डेलाइट समय"]},"America/Tortola":{"long":["अटलांटिक मानक समय","अटलांटिक डेलाइट समय"]},"America/St_Thomas":{"long":["अटलांटिक मानक समय","अटलांटिक डेलाइट समय"]},"Australia/Adelaide":{"long":["ऑस्‍ट्रेलियाई केंद्रीय मानक समय","ऑस्‍ट्रेलियाई केंद्रीय डेलाइट समय"]},"Australia/Eucla":{"long":["ऑस्‍ट्रेलियाई केंद्रीय पश्चिमी मानक समय","ऑस्‍ट्रेलियाई केंद्रीय पश्चिमी डेलाइट समय"]},"Australia/Sydney":{"long":["ऑस्‍ट्रेलियाई पूर्वी मानक समय","ऑस्‍ट्रेलियाई पूर्वी डेलाइट समय"]},"Australia/Perth":{"long":["ऑस्ट्रेलियाई पश्चिमी मानक समय","ऑस्ट्रेलियाई पश्चिमी डेलाइट समय"]},"Atlantic/Azores":{"long":["अज़ोरेस मानक समय","अज़ोरेस ग्रीष्मकालीन समय"]},"Asia/Thimphu":{"long":["भूटान समय","भूटान समय"]},"America/La_Paz":{"long":["बोलीविया समय","बोलीविया समय"]},"Asia/Kuching":{"long":["मलेशिया समय","मलेशिया समय"]},"America/Sao_Paulo":{"long":["ब्राज़ीलिया मानक समय","ब्राज़ीलिया ग्रीष्मकालीन समय"]},"Europe/London":{"long":["ग्रीनविच मीन टाइम","ग्रीनविच मीन टाइम"]},"Asia/Brunei":{"long":["ब्रूनेई दारूस्सलम समय","ब्रूनेई दारूस्सलम समय"]},"Atlantic/Cape_Verde":{"long":["केप वर्ड मानक समय","केप वर्ड ग्रीष्मकालीन समय"]},"Pacific/Chatham":{"long":["चैथम मानक समय","चैथम डेलाइट समय"]},"America/Santiago":{"long":["चिली मानक समय","चिली ग्रीष्मकालीन समय"]},"Asia/Shanghai":{"long":["चीन मानक समय","चीन डेलाइट समय"]},"Asia/Choibalsan":{"long":["कॉइबाल्सन मानक समय","कॉइबाल्सन ग्रीष्मकालीन समय"]},"Indian/Christmas":{"long":["क्रिसमस द्वीप समय","क्रिसमस द्वीप समय"]},"Indian/Cocos":{"long":["कोकोस द्वीपसमूह समय","कोकोस द्वीपसमूह समय"]},"America/Bogota":{"long":["कोलंबिया मानक समय","कोलंबिया ग्रीष्मकालीन समय"]},"Pacific/Rarotonga":{"long":["कुक द्वीपसमूह मानक समय","कुक द्वीपसमूह अर्द्ध ग्रीष्मकालीन समय"]},"America/Havana":{"long":["क्यूबा मानक समय","क्यूबा डेलाइट समय"]},"Antarctica/Davis":{"long":["डेविस समय","डेविस समय"]},"Antarctica/DumontDUrville":{"long":["ड्यूमोंट डी अर्विले समय","ड्यूमोंट डी अर्विले समय"]},"Asia/Dushanbe":{"long":["ताजिकिस्तान समय","ताजिकिस्तान समय"]},"America/Paramaribo":{"long":["सूरीनाम समय","सूरीनाम समय"]},"Asia/Dili":{"long":["पूर्वी तिमोर समय","पूर्वी तिमोर समय"]},"Pacific/Easter":{"long":["ईस्टर द्वीप मानक समय","ईस्टर द्वीप ग्रीष्मकालीन समय"]},"America/Guayaquil":{"long":["इक्वाडोर समय","इक्वाडोर समय"]},"Europe/Paris":{"long":["मध्य यूरोपीय मानक समय","मध्‍य यूरोपीय ग्रीष्‍मकालीन समय"]},"Europe/Andorra":{"long":["मध्य यूरोपीय मानक समय","मध्‍य यूरोपीय ग्रीष्‍मकालीन समय"]},"Europe/Tirane":{"long":["मध्य यूरोपीय मानक समय","मध्‍य यूरोपीय ग्रीष्‍मकालीन समय"]},"Europe/Vienna":{"long":["मध्य यूरोपीय मानक समय","मध्‍य यूरोपीय ग्रीष्‍मकालीन समय"]},"Europe/Sarajevo":{"long":["मध्य यूरोपीय मानक समय","मध्‍य यूरोपीय ग्रीष्‍मकालीन समय"]},"Europe/Brussels":{"long":["मध्य यूरोपीय मानक समय","मध्‍य यूरोपीय ग्रीष्‍मकालीन समय"]},"Europe/Zurich":{"long":["मध्य यूरोपीय मानक समय","मध्‍य यूरोपीय ग्रीष्‍मकालीन समय"]},"Europe/Prague":{"long":["मध्य यूरोपीय मानक समय","मध्‍य यूरोपीय ग्रीष्‍मकालीन समय"]},"Europe/Berlin":{"long":["मध्य यूरोपीय मानक समय","मध्‍य यूरोपीय ग्रीष्‍मकालीन समय"]},"Europe/Copenhagen":{"long":["मध्य यूरोपीय मानक समय","मध्‍य यूरोपीय ग्रीष्‍मकालीन समय"]},"Europe/Madrid":{"long":["मध्य यूरोपीय मानक समय","मध्‍य यूरोपीय ग्रीष्‍मकालीन समय"]},"Europe/Gibraltar":{"long":["मध्य यूरोपीय मानक समय","मध्‍य यूरोपीय ग्रीष्‍मकालीन समय"]},"Europe/Zagreb":{"long":["मध्य यूरोपीय मानक समय","मध्‍य यूरोपीय ग्रीष्‍मकालीन समय"]},"Europe/Budapest":{"long":["मध्य यूरोपीय मानक समय","मध्‍य यूरोपीय ग्रीष्‍मकालीन समय"]},"Europe/Rome":{"long":["मध्य यूरोपीय मानक समय","मध्‍य यूरोपीय ग्रीष्‍मकालीन समय"]},"Europe/Vaduz":{"long":["मध्य यूरोपीय मानक समय","मध्‍य यूरोपीय ग्रीष्‍मकालीन समय"]},"Europe/Luxembourg":{"long":["मध्य यूरोपीय मानक समय","मध्‍य यूरोपीय ग्रीष्‍मकालीन समय"]},"Europe/Monaco":{"long":["मध्य यूरोपीय मानक समय","मध्‍य यूरोपीय ग्रीष्‍मकालीन समय"]},"Europe/Podgorica":{"long":["मध्य यूरोपीय मानक समय","मध्‍य यूरोपीय ग्रीष्‍मकालीन समय"]},"Europe/Skopje":{"long":["मध्य यूरोपीय मानक समय","मध्‍य यूरोपीय ग्रीष्‍मकालीन समय"]},"Europe/Malta":{"long":["मध्य यूरोपीय मानक समय","मध्‍य यूरोपीय ग्रीष्‍मकालीन समय"]},"Europe/Amsterdam":{"long":["मध्य यूरोपीय मानक समय","मध्‍य यूरोपीय ग्रीष्‍मकालीन समय"]},"Europe/Oslo":{"long":["मध्य यूरोपीय मानक समय","मध्‍य यूरोपीय ग्रीष्‍मकालीन समय"]},"Europe/Warsaw":{"long":["मध्य यूरोपीय मानक समय","मध्‍य यूरोपीय ग्रीष्‍मकालीन समय"]},"Europe/Belgrade":{"long":["मध्य यूरोपीय मानक समय","मध्‍य यूरोपीय ग्रीष्‍मकालीन समय"]},"Europe/Stockholm":{"long":["मध्य यूरोपीय मानक समय","मध्‍य यूरोपीय ग्रीष्‍मकालीन समय"]},"Europe/Ljubljana":{"long":["मध्य यूरोपीय मानक समय","मध्‍य यूरोपीय ग्रीष्‍मकालीन समय"]},"Arctic/Longyearbyen":{"long":["मध्य यूरोपीय मानक समय","मध्‍य यूरोपीय ग्रीष्‍मकालीन समय"]},"Europe/Bratislava":{"long":["मध्य यूरोपीय मानक समय","मध्‍य यूरोपीय ग्रीष्‍मकालीन समय"]},"Europe/San_Marino":{"long":["मध्य यूरोपीय मानक समय","मध्‍य यूरोपीय ग्रीष्‍मकालीन समय"]},"Africa/Tunis":{"long":["मध्य यूरोपीय मानक समय","मध्‍य यूरोपीय ग्रीष्‍मकालीन समय"]},"Europe/Vatican":{"long":["मध्य यूरोपीय मानक समय","मध्‍य यूरोपीय ग्रीष्‍मकालीन समय"]},"Europe/Bucharest":{"long":["पूर्वी यूरोपीय मानक समय","पूर्वी यूरोपीय ग्रीष्मकालीन समय"]},"Europe/Mariehamn":{"long":["पूर्वी यूरोपीय मानक समय","पूर्वी यूरोपीय ग्रीष्मकालीन समय"]},"Europe/Sofia":{"long":["पूर्वी यूरोपीय मानक समय","पूर्वी यूरोपीय ग्रीष्मकालीन समय"]},"Asia/Nicosia":{"long":["पूर्वी यूरोपीय मानक समय","पूर्वी यूरोपीय ग्रीष्मकालीन समय"]},"Africa/Cairo":{"long":["पूर्वी यूरोपीय मानक समय","पूर्वी यूरोपीय ग्रीष्मकालीन समय"]},"Europe/Helsinki":{"long":["पूर्वी यूरोपीय मानक समय","पूर्वी यूरोपीय ग्रीष्मकालीन समय"]},"Europe/Athens":{"long":["पूर्वी यूरोपीय मानक समय","पूर्वी यूरोपीय ग्रीष्मकालीन समय"]},"Asia/Beirut":{"long":["पूर्वी यूरोपीय मानक समय","पूर्वी यूरोपीय ग्रीष्मकालीन समय"]},"Europe/Minsk":{"long":["अग्र पूर्वी यूरोपीय समय","अग्र पूर्वी यूरोपीय समय"]},"Europe/Kaliningrad":{"long":["अग्र पूर्वी यूरोपीय समय","अग्र पूर्वी यूरोपीय समय"]},"Atlantic/Canary":{"long":["पश्चिमी यूरोपीय मानक समय","पश्चिमी यूरोपीय ग्रीष्‍मकालीन समय"]},"Atlantic/Faeroe":{"long":["पश्चिमी यूरोपीय मानक समय","पश्चिमी यूरोपीय ग्रीष्‍मकालीन समय"]},"Atlantic/Stanley":{"long":["फ़ॉकलैंड द्वीपसमूह मानक समय","फ़ॉकलैंड द्वीपसमूह ग्रीष्मकालीन समय"]},"Pacific/Fiji":{"long":["फ़िजी मानक समय","फ़िजी ग्रीष्मकालीन समय"]},"America/Cayenne":{"long":["फ़्रेंच गुयाना समय","फ़्रेंच गुयाना समय"]},"Indian/Kerguelen":{"long":["दक्षिणी फ़्रांस और अंटार्कटिक समय","दक्षिणी फ़्रांस और अंटार्कटिक समय"]},"Asia/Bishkek":{"long":["किर्गिस्‍तान समय","किर्गिस्‍तान समय"]},"Pacific/Galapagos":{"long":["गैलापेगोस का समय","गैलापेगोस का समय"]},"Pacific/Gambier":{"long":["गैंबियर समय","गैंबियर समय"]},"Pacific/Tarawa":{"long":["गिल्बर्ट द्वीपसमूह समय","गिल्बर्ट द्वीपसमूह समय"]},"Atlantic/Reykjavik":{"long":["ग्रीनविच मीन टाइम","ग्रीनविच मीन टाइम"]},"Africa/Ouagadougou":{"long":["ग्रीनविच मीन टाइम","ग्रीनविच मीन टाइम"]},"Africa/Abidjan":{"long":["ग्रीनविच मीन टाइम","ग्रीनविच मीन टाइम"]},"Africa/Accra":{"long":["ग्रीनविच मीन टाइम","ग्रीनविच मीन टाइम"]},"Africa/Banjul":{"long":["ग्रीनविच मीन टाइम","ग्रीनविच मीन टाइम"]},"Africa/Conakry":{"long":["ग्रीनविच मीन टाइम","ग्रीनविच मीन टाइम"]},"Africa/Bamako":{"long":["ग्रीनविच मीन टाइम","ग्रीनविच मीन टाइम"]},"Africa/Nouakchott":{"long":["ग्रीनविच मीन टाइम","ग्रीनविच मीन टाइम"]},"Atlantic/St_Helena":{"long":["ग्रीनविच मीन टाइम","ग्रीनविच मीन टाइम"]},"Africa/Freetown":{"long":["ग्रीनविच मीन टाइम","ग्रीनविच मीन टाइम"]},"Africa/Dakar":{"long":["ग्रीनविच मीन टाइम","ग्रीनविच मीन टाइम"]},"Africa/Lome":{"long":["ग्रीनविच मीन टाइम","ग्रीनविच मीन टाइम"]},"America/Scoresbysund":{"long":["पूर्वी ग्रीनलैंड मानक समय","पूर्वी ग्रीनलैंड ग्रीष्मकालीन समय"]},"America/Godthab":{"long":["पश्चिमी ग्रीनलैंड मानक समय","पश्चिमी ग्रीनलैंड ग्रीष्मकालीन समय"]},"Asia/Dubai":{"long":["खाड़ी मानक समय","खाड़ी मानक समय"]},"Asia/Muscat":{"long":["खाड़ी मानक समय","खाड़ी मानक समय"]},"America/Guyana":{"long":["गुयाना समय","गुयाना समय"]},"Pacific/Honolulu":{"long":["हवाई–आल्यूशन मानक समय","हवाई–आल्यूशन डेलाइट समय"]},"Asia/Hong_Kong":{"long":["हाँग काँग मानक समय","हाँग काँग ग्रीष्मकालीन समय"]},"Asia/Hovd":{"long":["होव्ड मानक समय","होव्ड ग्रीष्मकालीन समय"]},"Asia/Calcutta":{"long":["भारतीय मानक समय","भारतीय मानक समय"],"short":["IST","IST"]},"Indian/Chagos":{"long":["हिंद महासागर समय","हिंद महासागर समय"]},"Asia/Bangkok":{"long":["इंडोचाइना समय","इंडोचाइना समय"]},"Asia/Phnom_Penh":{"long":["इंडोचाइना समय","इंडोचाइना समय"]},"Asia/Vientiane":{"long":["इंडोचाइना समय","इंडोचाइना समय"]},"Asia/Makassar":{"long":["मध्य इंडोनेशिया समय","मध्य इंडोनेशिया समय"]},"Asia/Jayapura":{"long":["पूर्वी इंडोनेशिया समय","पूर्वी इंडोनेशिया समय"]},"Asia/Jakarta":{"long":["पश्चिमी इंडोनेशिया समय","पश्चिमी इंडोनेशिया समय"]},"Asia/Tehran":{"long":["ईरान मानक समय","ईरान डेलाइट समय"]},"Asia/Irkutsk":{"long":["इर्कुत्स्क मानक समय","इर्कुत्स्क ग्रीष्मकालीन समय"]},"Asia/Jerusalem":{"long":["इज़राइल मानक समय","इज़राइल डेलाइट समय"]},"Asia/Tokyo":{"long":["जापान मानक समय","जापान डेलाइट समय"]},"Asia/Kamchatka":{"long":["पेट्रोपेवलास्क-कैमचात्सकी मानक समय","पेट्रोपेवलास्क-कैमचात्सकी ग्रीष्मकालीन समय"]},"Asia/Karachi":{"long":["पाकिस्तान मानक समय","पाकिस्तान ग्रीष्मकालीन समय"]},"Asia/Seoul":{"long":["कोरियाई मानक समय","कोरियाई डेलाइट समय"]},"Pacific/Kosrae":{"long":["कोसराए समय","कोसराए समय"]},"Asia/Krasnoyarsk":{"long":["क्रास्नोयार्स्क मानक समय","क्रास्नोयार्स्क ग्रीष्मकालीन समय"]},"Europe/Samara":{"long":["समारा मानक समय","समारा ग्रीष्मकालीन समय"]},"Pacific/Kiritimati":{"long":["लाइन द्वीपसमूह समय","लाइन द्वीपसमूह समय"]},"Australia/Lord_Howe":{"long":["लॉर्ड होवे मानक समय","लॉर्ड होवे डेलाइट समय"]},"Antarctica/Macquarie":{"long":["मक्वारी द्वीप समय","मक्वारी द्वीप समय"]},"Asia/Magadan":{"long":["मागादान मानक समय","मागादान ग्रीष्मकालीन समय"]},"Indian/Maldives":{"long":["मालदीव समय","मालदीव समय"]},"Pacific/Marquesas":{"long":["मार्केसस समय","मार्केसस समय"]},"Pacific/Majuro":{"long":["मार्शल द्वीपसमूह समय","मार्शल द्वीपसमूह समय"]},"Indian/Mauritius":{"long":["मॉरीशस मानक समय","मॉरीशस ग्रीष्मकालीन समय"]},"Antarctica/Mawson":{"long":["माव्सन समय","माव्सन समय"]},"America/Santa_Isabel":{"long":["उत्तर पश्चिमी मेक्सिको मानक समय","उत्तर पश्चिमी मेक्सिको डेलाइट समय"]},"America/Mazatlan":{"long":["मेक्सिकन प्रशांत मानक समय","मेक्सिकन प्रशांत डेलाइट समय"]},"Asia/Ulaanbaatar":{"long":["उलान बटोर मानक समय","उलान बटोर ग्रीष्मकालीन समय"]},"Europe/Moscow":{"long":["मॉस्को मानक समय","मॉस्को ग्रीष्मकालीन समय"]},"Asia/Rangoon":{"long":["म्यांमार समय","म्यांमार समय"]},"Pacific/Nauru":{"long":["नौरू समय","नौरू समय"]},"Asia/Katmandu":{"long":["नेपाल समय","नेपाल समय"]},"Pacific/Noumea":{"long":["न्यू कैलेडोनिया मानक समय","न्यू कैलेडोनिया ग्रीष्मकालीन समय"]},"Pacific/Auckland":{"long":["न्यूज़ीलैंड मानक समय","न्यूज़ीलैंड डेलाइट समय"]},"Antarctica/McMurdo":{"long":["न्यूज़ीलैंड मानक समय","न्यूज़ीलैंड डेलाइट समय"]},"America/St_Johns":{"long":["न्यूफ़ाउंडलैंड मानक समय","न्यूफ़ाउंडलैंड डेलाइट समय"]},"Pacific/Niue":{"long":["नीयू समय","नीयू समय"]},"Pacific/Norfolk":{"long":["नॉरफ़ॉक द्वीप मानक समय","नॉरफ़ॉक द्वीप डेलाइट समय"]},"America/Noronha":{"long":["फ़र्नांर्डो डे नोरोन्हा मानक समय","फ़र्नांर्डो डे नोरोन्हा ग्रीष्मकालीन समय"]},"Asia/Novosibirsk":{"long":["नोवोसिबिर्स्क मानक समय","नोवोसिबिर्स्क ग्रीष्मकालीन समय"]},"Asia/Omsk":{"long":["ओम्स्क मानक समय","ओम्स्क ग्रीष्मकालीन समय"]},"Pacific/Palau":{"long":["पलाउ समय","पलाउ समय"]},"Pacific/Port_Moresby":{"long":["पापुआ न्यू गिनी समय","पापुआ न्यू गिनी समय"]},"America/Asuncion":{"long":["पैराग्वे मानक समय","पैराग्वे ग्रीष्मकालीन समय"]},"America/Lima":{"long":["पेरू मानक समय","पेरू ग्रीष्मकालीन समय"]},"Asia/Manila":{"long":["फ़िलिपीन मानक समय","फ़िलिपीन ग्रीष्मकालीन समय"]},"Pacific/Enderbury":{"long":["फ़ीनिक्स द्वीपसमूह समय","फ़ीनिक्स द्वीपसमूह समय"]},"America/Miquelon":{"long":["सेंट पिएरे और मिक्वेलान मानक समय","सेंट पिएरे और मिक्वेलान डेलाइट समय"]},"Pacific/Pitcairn":{"long":["पिटकैर्न समय","पिटकैर्न समय"]},"Pacific/Ponape":{"long":["पोनापे समय","पोनापे समय"]},"Asia/Pyongyang":{"long":["प्योंगयांग समय","प्योंगयांग समय"]},"Indian/Reunion":{"long":["रीयूनियन समय","रीयूनियन समय"]},"Antarctica/Rothera":{"long":["रोथेरा समय","रोथेरा समय"]},"Asia/Sakhalin":{"long":["सखालिन मानक समय","सखालिन ग्रीष्मकालीन समय"]},"Pacific/Pago_Pago":{"long":["समोआ मानक समय","समोआ डेलाइट समय"]},"Indian/Mahe":{"long":["सेशेल्स समय","सेशेल्स समय"]},"Asia/Singapore":{"long":["सिंगापुर समय","सिंगापुर समय"]},"Pacific/Guadalcanal":{"long":["सोलोमन द्वीपसमूह समय","सोलोमन द्वीपसमूह समय"]},"Atlantic/South_Georgia":{"long":["दक्षिणी जॉर्जिया समय","दक्षिणी जॉर्जिया समय"]},"Asia/Yekaterinburg":{"long":["येकातेरिनबर्ग मानक समय","येकातेरिनबर्ग ग्रीष्मकालीन समय"]},"Antarctica/Syowa":{"long":["स्योवा समय","स्योवा समय"]},"Pacific/Tahiti":{"long":["ताहिती समय","ताहिती समय"]},"Asia/Taipei":{"long":["ताइपे मानक समय","ताइपे डेलाइट समय"]},"Asia/Tashkent":{"long":["उज़्बेकिस्तान मानक समय","उज़्बेकिस्तान ग्रीष्मकालीन समय"]},"Pacific/Fakaofo":{"long":["टोकेलाऊ समय","टोकेलाऊ समय"]},"Pacific/Tongatapu":{"long":["टोंगा मानक समय","टोंगा ग्रीष्मकालीन समय"]},"Pacific/Truk":{"long":["चुक समय","चुक समय"]},"Pacific/Funafuti":{"long":["तुवालू समय","तुवालू समय"]},"America/Montevideo":{"long":["उरुग्वे मानक समय","उरुग्वे ग्रीष्मकालीन समय"]},"Pacific/Efate":{"long":["वनुआतू मानक समय","वनुआतू ग्रीष्मकालीन समय"]},"America/Caracas":{"long":["वेनेज़ुएला समय","वेनेज़ुएला समय"]},"Asia/Vladivostok":{"long":["व्लादिवोस्तोक मानक समय","व्लादिवोस्तोक ग्रीष्मकालीन समय"]},"Europe/Volgograd":{"long":["वोल्गोग्राड मानक समय","वोल्गोग्राड ग्रीष्मकालीन समय"]},"Antarctica/Vostok":{"long":["वोस्तोक समय","वोस्तोक समय"]},"Pacific/Wake":{"long":["वेक द्वीप समय","वेक द्वीप समय"]},"Pacific/Wallis":{"long":["वालिस और फ़्यूचूना समय","वालिस और फ़्यूचूना समय"]},"Asia/Yakutsk":{"long":["याकुत्स्क मानक समय","याकुत्स्क ग्रीष्मकालीन समय"]},"America/Whitehorse":{"long":["युकॉन समय","युकॉन समय"]},"UTC":{"long":["समन्वित वैश्विक समय","समन्वित वैश्विक समय"],"short":["UTC","UTC"]}},"gmtFormat":"GMT{0}","hourFormat":"+HH:mm;-HH:mm","dateFormat":{"full":"EEEE, d MMMM y","long":"d MMMM y","medium":"d MMM y","short":"d/M/yy"},"timeFormat":{"full":"h:mm:ss a zzzz","long":"h:mm:ss a z","medium":"h:mm:ss a","short":"h:mm a"},"dateTimeFormat":{"full":"{1}, {0}","long":"{1}, {0}","medium":"{1}, {0}","short":"{1}, {0}"},"formats":{"gregory":{"Bh":"B h","Bhm":"B h:mm","Bhms":"B h:mm:ss","d":"d","E":"ccc","EBhm":"E B h:mm","EBhms":"E B h:mm:ss","Ed":"E d","Ehm":"E h:mm a","EHm":"E HH:mm","Ehms":"E h:mm:ss a","EHms":"E HH:mm:ss","Gy":"y G","GyMd":"GGGGG d/M/y","GyMMM":"MMM G y","GyMMMd":"d MMM y G","GyMMMEd":"E, d MMM y G","h":"h a","H":"HH","hm":"h:mm a","Hm":"HH:mm","hms":"h:mm:ss a","Hms":"HH:mm:ss","hmsv":"h:mm:ss a v","Hmsv":"HH:mm:ss v","hmv":"h:mm a v","Hmv":"HH:mm v","M":"L","Md":"d/M","MEd":"E, d/M","MMdd":"dd/MM","MMM":"LLL","MMMd":"d MMM","MMMEd":"E, d MMM","MMMMd":"d MMMM","MMMMEd":"E, d MMMM","ms":"mm:ss","y":"y","yM":"M/y","yMd":"d/M/y","yMEd":"E, d/M/y","yMM":"MM/y","yMMdd":"dd/MM/y","yMMM":"MMM y","yMMMd":"d MMM y","yMMMEd":"E, d MMM y","yMMMM":"MMMM y","EEEE, d MMMM y":"EEEE, d MMMM y","d MMMM y":"d MMMM y","d MMM y":"d MMM y","d/M/yy":"d/M/yy","h:mm:ss a zzzz":"h:mm:ss a zzzz","h:mm:ss a z":"h:mm:ss a z","h:mm:ss a":"h:mm:ss a","h:mm a":"h:mm a","EEEE, d MMMM y, h:mm:ss a zzzz":"EEEE, d MMMM y, h:mm:ss a zzzz","d MMMM y, h:mm:ss a zzzz":"d MMMM y, h:mm:ss a zzzz","d MMM y, h:mm:ss a zzzz":"d MMM y, h:mm:ss a zzzz","d/M/yy, h:mm:ss a zzzz":"d/M/yy, h:mm:ss a zzzz","d, h:mm:ss a zzzz":"d, h:mm:ss a zzzz","E, h:mm:ss a zzzz":"ccc, h:mm:ss a zzzz","Ed, h:mm:ss a zzzz":"E d, h:mm:ss a zzzz","Gy, h:mm:ss a zzzz":"y G, h:mm:ss a zzzz","GyMd, h:mm:ss a zzzz":"GGGGG d/M/y, h:mm:ss a zzzz","GyMMM, h:mm:ss a zzzz":"MMM G y, h:mm:ss a zzzz","GyMMMd, h:mm:ss a zzzz":"d MMM y G, h:mm:ss a zzzz","GyMMMEd, h:mm:ss a zzzz":"E, d MMM y G, h:mm:ss a zzzz","M, h:mm:ss a zzzz":"L, h:mm:ss a zzzz","Md, h:mm:ss a zzzz":"d/M, h:mm:ss a zzzz","MEd, h:mm:ss a zzzz":"E, d/M, h:mm:ss a zzzz","MMdd, h:mm:ss a zzzz":"dd/MM, h:mm:ss a zzzz","MMM, h:mm:ss a zzzz":"LLL, h:mm:ss a zzzz","MMMd, h:mm:ss a zzzz":"d MMM, h:mm:ss a zzzz","MMMEd, h:mm:ss a zzzz":"E, d MMM, h:mm:ss a zzzz","MMMMd, h:mm:ss a zzzz":"d MMMM, h:mm:ss a zzzz","MMMMEd, h:mm:ss a zzzz":"E, d MMMM, h:mm:ss a zzzz","y, h:mm:ss a zzzz":"y, h:mm:ss a zzzz","yM, h:mm:ss a zzzz":"M/y, h:mm:ss a zzzz","yMd, h:mm:ss a zzzz":"d/M/y, h:mm:ss a zzzz","yMEd, h:mm:ss a zzzz":"E, d/M/y, h:mm:ss a zzzz","yMM, h:mm:ss a zzzz":"MM/y, h:mm:ss a zzzz","yMMdd, h:mm:ss a zzzz":"dd/MM/y, h:mm:ss a zzzz","yMMM, h:mm:ss a zzzz":"MMM y, h:mm:ss a zzzz","yMMMd, h:mm:ss a zzzz":"d MMM y, h:mm:ss a zzzz","yMMMEd, h:mm:ss a zzzz":"E, d MMM y, h:mm:ss a zzzz","yMMMM, h:mm:ss a zzzz":"MMMM y, h:mm:ss a zzzz","EEEE, d MMMM y, h:mm:ss a z":"EEEE, d MMMM y, h:mm:ss a z","d MMMM y, h:mm:ss a z":"d MMMM y, h:mm:ss a z","d MMM y, h:mm:ss a z":"d MMM y, h:mm:ss a z","d/M/yy, h:mm:ss a z":"d/M/yy, h:mm:ss a z","d, h:mm:ss a z":"d, h:mm:ss a z","E, h:mm:ss a z":"ccc, h:mm:ss a z","Ed, h:mm:ss a z":"E d, h:mm:ss a z","Gy, h:mm:ss a z":"y G, h:mm:ss a z","GyMd, h:mm:ss a z":"GGGGG d/M/y, h:mm:ss a z","GyMMM, h:mm:ss a z":"MMM G y, h:mm:ss a z","GyMMMd, h:mm:ss a z":"d MMM y G, h:mm:ss a z","GyMMMEd, h:mm:ss a z":"E, d MMM y G, h:mm:ss a z","M, h:mm:ss a z":"L, h:mm:ss a z","Md, h:mm:ss a z":"d/M, h:mm:ss a z","MEd, h:mm:ss a z":"E, d/M, h:mm:ss a z","MMdd, h:mm:ss a z":"dd/MM, h:mm:ss a z","MMM, h:mm:ss a z":"LLL, h:mm:ss a z","MMMd, h:mm:ss a z":"d MMM, h:mm:ss a z","MMMEd, h:mm:ss a z":"E, d MMM, h:mm:ss a z","MMMMd, h:mm:ss a z":"d MMMM, h:mm:ss a z","MMMMEd, h:mm:ss a z":"E, d MMMM, h:mm:ss a z","y, h:mm:ss a z":"y, h:mm:ss a z","yM, h:mm:ss a z":"M/y, h:mm:ss a z","yMd, h:mm:ss a z":"d/M/y, h:mm:ss a z","yMEd, h:mm:ss a z":"E, d/M/y, h:mm:ss a z","yMM, h:mm:ss a z":"MM/y, h:mm:ss a z","yMMdd, h:mm:ss a z":"dd/MM/y, h:mm:ss a z","yMMM, h:mm:ss a z":"MMM y, h:mm:ss a z","yMMMd, h:mm:ss a z":"d MMM y, h:mm:ss a z","yMMMEd, h:mm:ss a z":"E, d MMM y, h:mm:ss a z","yMMMM, h:mm:ss a z":"MMMM y, h:mm:ss a z","EEEE, d MMMM y, h:mm:ss a":"EEEE, d MMMM y, h:mm:ss a","d MMMM y, h:mm:ss a":"d MMMM y, h:mm:ss a","d MMM y, h:mm:ss a":"d MMM y, h:mm:ss a","d/M/yy, h:mm:ss a":"d/M/yy, h:mm:ss a","d, h:mm:ss a":"d, h:mm:ss a","E, h:mm:ss a":"ccc, h:mm:ss a","Ed, h:mm:ss a":"E d, h:mm:ss a","Gy, h:mm:ss a":"y G, h:mm:ss a","GyMd, h:mm:ss a":"GGGGG d/M/y, h:mm:ss a","GyMMM, h:mm:ss a":"MMM G y, h:mm:ss a","GyMMMd, h:mm:ss a":"d MMM y G, h:mm:ss a","GyMMMEd, h:mm:ss a":"E, d MMM y G, h:mm:ss a","M, h:mm:ss a":"L, h:mm:ss a","Md, h:mm:ss a":"d/M, h:mm:ss a","MEd, h:mm:ss a":"E, d/M, h:mm:ss a","MMdd, h:mm:ss a":"dd/MM, h:mm:ss a","MMM, h:mm:ss a":"LLL, h:mm:ss a","MMMd, h:mm:ss a":"d MMM, h:mm:ss a","MMMEd, h:mm:ss a":"E, d MMM, h:mm:ss a","MMMMd, h:mm:ss a":"d MMMM, h:mm:ss a","MMMMEd, h:mm:ss a":"E, d MMMM, h:mm:ss a","y, h:mm:ss a":"y, h:mm:ss a","yM, h:mm:ss a":"M/y, h:mm:ss a","yMd, h:mm:ss a":"d/M/y, h:mm:ss a","yMEd, h:mm:ss a":"E, d/M/y, h:mm:ss a","yMM, h:mm:ss a":"MM/y, h:mm:ss a","yMMdd, h:mm:ss a":"dd/MM/y, h:mm:ss a","yMMM, h:mm:ss a":"MMM y, h:mm:ss a","yMMMd, h:mm:ss a":"d MMM y, h:mm:ss a","yMMMEd, h:mm:ss a":"E, d MMM y, h:mm:ss a","yMMMM, h:mm:ss a":"MMMM y, h:mm:ss a","EEEE, d MMMM y, h:mm a":"EEEE, d MMMM y, h:mm a","d MMMM y, h:mm a":"d MMMM y, h:mm a","d MMM y, h:mm a":"d MMM y, h:mm a","d/M/yy, h:mm a":"d/M/yy, h:mm a","d, h:mm a":"d, h:mm a","E, h:mm a":"ccc, h:mm a","Ed, h:mm a":"E d, h:mm a","Gy, h:mm a":"y G, h:mm a","GyMd, h:mm a":"GGGGG d/M/y, h:mm a","GyMMM, h:mm a":"MMM G y, h:mm a","GyMMMd, h:mm a":"d MMM y G, h:mm a","GyMMMEd, h:mm a":"E, d MMM y G, h:mm a","M, h:mm a":"L, h:mm a","Md, h:mm a":"d/M, h:mm a","MEd, h:mm a":"E, d/M, h:mm a","MMdd, h:mm a":"dd/MM, h:mm a","MMM, h:mm a":"LLL, h:mm a","MMMd, h:mm a":"d MMM, h:mm a","MMMEd, h:mm a":"E, d MMM, h:mm a","MMMMd, h:mm a":"d MMMM, h:mm a","MMMMEd, h:mm a":"E, d MMMM, h:mm a","y, h:mm a":"y, h:mm a","yM, h:mm a":"M/y, h:mm a","yMd, h:mm a":"d/M/y, h:mm a","yMEd, h:mm a":"E, d/M/y, h:mm a","yMM, h:mm a":"MM/y, h:mm a","yMMdd, h:mm a":"dd/MM/y, h:mm a","yMMM, h:mm a":"MMM y, h:mm a","yMMMd, h:mm a":"d MMM y, h:mm a","yMMMEd, h:mm a":"E, d MMM y, h:mm a","yMMMM, h:mm a":"MMMM y, h:mm a","EEEE, d MMMM y, Bh":"EEEE, d MMMM y, B h","d MMMM y, Bh":"d MMMM y, B h","d MMM y, Bh":"d MMM y, B h","d/M/yy, Bh":"d/M/yy, B h","d, Bh":"d, B h","E, Bh":"ccc, B h","Ed, Bh":"E d, B h","Gy, Bh":"y G, B h","GyMd, Bh":"GGGGG d/M/y, B h","GyMMM, Bh":"MMM G y, B h","GyMMMd, Bh":"d MMM y G, B h","GyMMMEd, Bh":"E, d MMM y G, B h","M, Bh":"L, B h","Md, Bh":"d/M, B h","MEd, Bh":"E, d/M, B h","MMdd, Bh":"dd/MM, B h","MMM, Bh":"LLL, B h","MMMd, Bh":"d MMM, B h","MMMEd, Bh":"E, d MMM, B h","MMMMd, Bh":"d MMMM, B h","MMMMEd, Bh":"E, d MMMM, B h","y, Bh":"y, B h","yM, Bh":"M/y, B h","yMd, Bh":"d/M/y, B h","yMEd, Bh":"E, d/M/y, B h","yMM, Bh":"MM/y, B h","yMMdd, Bh":"dd/MM/y, B h","yMMM, Bh":"MMM y, B h","yMMMd, Bh":"d MMM y, B h","yMMMEd, Bh":"E, d MMM y, B h","yMMMM, Bh":"MMMM y, B h","EEEE, d MMMM y, Bhm":"EEEE, d MMMM y, B h:mm","d MMMM y, Bhm":"d MMMM y, B h:mm","d MMM y, Bhm":"d MMM y, B h:mm","d/M/yy, Bhm":"d/M/yy, B h:mm","d, Bhm":"d, B h:mm","E, Bhm":"ccc, B h:mm","Ed, Bhm":"E d, B h:mm","Gy, Bhm":"y G, B h:mm","GyMd, Bhm":"GGGGG d/M/y, B h:mm","GyMMM, Bhm":"MMM G y, B h:mm","GyMMMd, Bhm":"d MMM y G, B h:mm","GyMMMEd, Bhm":"E, d MMM y G, B h:mm","M, Bhm":"L, B h:mm","Md, Bhm":"d/M, B h:mm","MEd, Bhm":"E, d/M, B h:mm","MMdd, Bhm":"dd/MM, B h:mm","MMM, Bhm":"LLL, B h:mm","MMMd, Bhm":"d MMM, B h:mm","MMMEd, Bhm":"E, d MMM, B h:mm","MMMMd, Bhm":"d MMMM, B h:mm","MMMMEd, Bhm":"E, d MMMM, B h:mm","y, Bhm":"y, B h:mm","yM, Bhm":"M/y, B h:mm","yMd, Bhm":"d/M/y, B h:mm","yMEd, Bhm":"E, d/M/y, B h:mm","yMM, Bhm":"MM/y, B h:mm","yMMdd, Bhm":"dd/MM/y, B h:mm","yMMM, Bhm":"MMM y, B h:mm","yMMMd, Bhm":"d MMM y, B h:mm","yMMMEd, Bhm":"E, d MMM y, B h:mm","yMMMM, Bhm":"MMMM y, B h:mm","EEEE, d MMMM y, Bhms":"EEEE, d MMMM y, B h:mm:ss","d MMMM y, Bhms":"d MMMM y, B h:mm:ss","d MMM y, Bhms":"d MMM y, B h:mm:ss","d/M/yy, Bhms":"d/M/yy, B h:mm:ss","d, Bhms":"d, B h:mm:ss","E, Bhms":"ccc, B h:mm:ss","Ed, Bhms":"E d, B h:mm:ss","Gy, Bhms":"y G, B h:mm:ss","GyMd, Bhms":"GGGGG d/M/y, B h:mm:ss","GyMMM, Bhms":"MMM G y, B h:mm:ss","GyMMMd, Bhms":"d MMM y G, B h:mm:ss","GyMMMEd, Bhms":"E, d MMM y G, B h:mm:ss","M, Bhms":"L, B h:mm:ss","Md, Bhms":"d/M, B h:mm:ss","MEd, Bhms":"E, d/M, B h:mm:ss","MMdd, Bhms":"dd/MM, B h:mm:ss","MMM, Bhms":"LLL, B h:mm:ss","MMMd, Bhms":"d MMM, B h:mm:ss","MMMEd, Bhms":"E, d MMM, B h:mm:ss","MMMMd, Bhms":"d MMMM, B h:mm:ss","MMMMEd, Bhms":"E, d MMMM, B h:mm:ss","y, Bhms":"y, B h:mm:ss","yM, Bhms":"M/y, B h:mm:ss","yMd, Bhms":"d/M/y, B h:mm:ss","yMEd, Bhms":"E, d/M/y, B h:mm:ss","yMM, Bhms":"MM/y, B h:mm:ss","yMMdd, Bhms":"dd/MM/y, B h:mm:ss","yMMM, Bhms":"MMM y, B h:mm:ss","yMMMd, Bhms":"d MMM y, B h:mm:ss","yMMMEd, Bhms":"E, d MMM y, B h:mm:ss","yMMMM, Bhms":"MMMM y, B h:mm:ss","EEEE, d MMMM y, h":"EEEE, d MMMM y, h a","d MMMM y, h":"d MMMM y, h a","d MMM y, h":"d MMM y, h a","d/M/yy, h":"d/M/yy, h a","d, h":"d, h a","E, h":"ccc, h a","Ed, h":"E d, h a","Gy, h":"y G, h a","GyMd, h":"GGGGG d/M/y, h a","GyMMM, h":"MMM G y, h a","GyMMMd, h":"d MMM y G, h a","GyMMMEd, h":"E, d MMM y G, h a","M, h":"L, h a","Md, h":"d/M, h a","MEd, h":"E, d/M, h a","MMdd, h":"dd/MM, h a","MMM, h":"LLL, h a","MMMd, h":"d MMM, h a","MMMEd, h":"E, d MMM, h a","MMMMd, h":"d MMMM, h a","MMMMEd, h":"E, d MMMM, h a","y, h":"y, h a","yM, h":"M/y, h a","yMd, h":"d/M/y, h a","yMEd, h":"E, d/M/y, h a","yMM, h":"MM/y, h a","yMMdd, h":"dd/MM/y, h a","yMMM, h":"MMM y, h a","yMMMd, h":"d MMM y, h a","yMMMEd, h":"E, d MMM y, h a","yMMMM, h":"MMMM y, h a","EEEE, d MMMM y, H":"EEEE, d MMMM y, HH","d MMMM y, H":"d MMMM y, HH","d MMM y, H":"d MMM y, HH","d/M/yy, H":"d/M/yy, HH","d, H":"d, HH","E, H":"ccc, HH","Ed, H":"E d, HH","Gy, H":"y G, HH","GyMd, H":"GGGGG d/M/y, HH","GyMMM, H":"MMM G y, HH","GyMMMd, H":"d MMM y G, HH","GyMMMEd, H":"E, d MMM y G, HH","M, H":"L, HH","Md, H":"d/M, HH","MEd, H":"E, d/M, HH","MMdd, H":"dd/MM, HH","MMM, H":"LLL, HH","MMMd, H":"d MMM, HH","MMMEd, H":"E, d MMM, HH","MMMMd, H":"d MMMM, HH","MMMMEd, H":"E, d MMMM, HH","y, H":"y, HH","yM, H":"M/y, HH","yMd, H":"d/M/y, HH","yMEd, H":"E, d/M/y, HH","yMM, H":"MM/y, HH","yMMdd, H":"dd/MM/y, HH","yMMM, H":"MMM y, HH","yMMMd, H":"d MMM y, HH","yMMMEd, H":"E, d MMM y, HH","yMMMM, H":"MMMM y, HH","EEEE, d MMMM y, hm":"EEEE, d MMMM y, h:mm a","d MMMM y, hm":"d MMMM y, h:mm a","d MMM y, hm":"d MMM y, h:mm a","d/M/yy, hm":"d/M/yy, h:mm a","d, hm":"d, h:mm a","E, hm":"ccc, h:mm a","Ed, hm":"E d, h:mm a","Gy, hm":"y G, h:mm a","GyMd, hm":"GGGGG d/M/y, h:mm a","GyMMM, hm":"MMM G y, h:mm a","GyMMMd, hm":"d MMM y G, h:mm a","GyMMMEd, hm":"E, d MMM y G, h:mm a","M, hm":"L, h:mm a","Md, hm":"d/M, h:mm a","MEd, hm":"E, d/M, h:mm a","MMdd, hm":"dd/MM, h:mm a","MMM, hm":"LLL, h:mm a","MMMd, hm":"d MMM, h:mm a","MMMEd, hm":"E, d MMM, h:mm a","MMMMd, hm":"d MMMM, h:mm a","MMMMEd, hm":"E, d MMMM, h:mm a","y, hm":"y, h:mm a","yM, hm":"M/y, h:mm a","yMd, hm":"d/M/y, h:mm a","yMEd, hm":"E, d/M/y, h:mm a","yMM, hm":"MM/y, h:mm a","yMMdd, hm":"dd/MM/y, h:mm a","yMMM, hm":"MMM y, h:mm a","yMMMd, hm":"d MMM y, h:mm a","yMMMEd, hm":"E, d MMM y, h:mm a","yMMMM, hm":"MMMM y, h:mm a","EEEE, d MMMM y, Hm":"EEEE, d MMMM y, HH:mm","d MMMM y, Hm":"d MMMM y, HH:mm","d MMM y, Hm":"d MMM y, HH:mm","d/M/yy, Hm":"d/M/yy, HH:mm","d, Hm":"d, HH:mm","E, Hm":"ccc, HH:mm","Ed, Hm":"E d, HH:mm","Gy, Hm":"y G, HH:mm","GyMd, Hm":"GGGGG d/M/y, HH:mm","GyMMM, Hm":"MMM G y, HH:mm","GyMMMd, Hm":"d MMM y G, HH:mm","GyMMMEd, Hm":"E, d MMM y G, HH:mm","M, Hm":"L, HH:mm","Md, Hm":"d/M, HH:mm","MEd, Hm":"E, d/M, HH:mm","MMdd, Hm":"dd/MM, HH:mm","MMM, Hm":"LLL, HH:mm","MMMd, Hm":"d MMM, HH:mm","MMMEd, Hm":"E, d MMM, HH:mm","MMMMd, Hm":"d MMMM, HH:mm","MMMMEd, Hm":"E, d MMMM, HH:mm","y, Hm":"y, HH:mm","yM, Hm":"M/y, HH:mm","yMd, Hm":"d/M/y, HH:mm","yMEd, Hm":"E, d/M/y, HH:mm","yMM, Hm":"MM/y, HH:mm","yMMdd, Hm":"dd/MM/y, HH:mm","yMMM, Hm":"MMM y, HH:mm","yMMMd, Hm":"d MMM y, HH:mm","yMMMEd, Hm":"E, d MMM y, HH:mm","yMMMM, Hm":"MMMM y, HH:mm","EEEE, d MMMM y, hms":"EEEE, d MMMM y, h:mm:ss a","d MMMM y, hms":"d MMMM y, h:mm:ss a","d MMM y, hms":"d MMM y, h:mm:ss a","d/M/yy, hms":"d/M/yy, h:mm:ss a","d, hms":"d, h:mm:ss a","E, hms":"ccc, h:mm:ss a","Ed, hms":"E d, h:mm:ss a","Gy, hms":"y G, h:mm:ss a","GyMd, hms":"GGGGG d/M/y, h:mm:ss a","GyMMM, hms":"MMM G y, h:mm:ss a","GyMMMd, hms":"d MMM y G, h:mm:ss a","GyMMMEd, hms":"E, d MMM y G, h:mm:ss a","M, hms":"L, h:mm:ss a","Md, hms":"d/M, h:mm:ss a","MEd, hms":"E, d/M, h:mm:ss a","MMdd, hms":"dd/MM, h:mm:ss a","MMM, hms":"LLL, h:mm:ss a","MMMd, hms":"d MMM, h:mm:ss a","MMMEd, hms":"E, d MMM, h:mm:ss a","MMMMd, hms":"d MMMM, h:mm:ss a","MMMMEd, hms":"E, d MMMM, h:mm:ss a","y, hms":"y, h:mm:ss a","yM, hms":"M/y, h:mm:ss a","yMd, hms":"d/M/y, h:mm:ss a","yMEd, hms":"E, d/M/y, h:mm:ss a","yMM, hms":"MM/y, h:mm:ss a","yMMdd, hms":"dd/MM/y, h:mm:ss a","yMMM, hms":"MMM y, h:mm:ss a","yMMMd, hms":"d MMM y, h:mm:ss a","yMMMEd, hms":"E, d MMM y, h:mm:ss a","yMMMM, hms":"MMMM y, h:mm:ss a","EEEE, d MMMM y, Hms":"EEEE, d MMMM y, HH:mm:ss","d MMMM y, Hms":"d MMMM y, HH:mm:ss","d MMM y, Hms":"d MMM y, HH:mm:ss","d/M/yy, Hms":"d/M/yy, HH:mm:ss","d, Hms":"d, HH:mm:ss","E, Hms":"ccc, HH:mm:ss","Ed, Hms":"E d, HH:mm:ss","Gy, Hms":"y G, HH:mm:ss","GyMd, Hms":"GGGGG d/M/y, HH:mm:ss","GyMMM, Hms":"MMM G y, HH:mm:ss","GyMMMd, Hms":"d MMM y G, HH:mm:ss","GyMMMEd, Hms":"E, d MMM y G, HH:mm:ss","M, Hms":"L, HH:mm:ss","Md, Hms":"d/M, HH:mm:ss","MEd, Hms":"E, d/M, HH:mm:ss","MMdd, Hms":"dd/MM, HH:mm:ss","MMM, Hms":"LLL, HH:mm:ss","MMMd, Hms":"d MMM, HH:mm:ss","MMMEd, Hms":"E, d MMM, HH:mm:ss","MMMMd, Hms":"d MMMM, HH:mm:ss","MMMMEd, Hms":"E, d MMMM, HH:mm:ss","y, Hms":"y, HH:mm:ss","yM, Hms":"M/y, HH:mm:ss","yMd, Hms":"d/M/y, HH:mm:ss","yMEd, Hms":"E, d/M/y, HH:mm:ss","yMM, Hms":"MM/y, HH:mm:ss","yMMdd, Hms":"dd/MM/y, HH:mm:ss","yMMM, Hms":"MMM y, HH:mm:ss","yMMMd, Hms":"d MMM y, HH:mm:ss","yMMMEd, Hms":"E, d MMM y, HH:mm:ss","yMMMM, Hms":"MMMM y, HH:mm:ss","EEEE, d MMMM y, hmsv":"EEEE, d MMMM y, h:mm:ss a v","d MMMM y, hmsv":"d MMMM y, h:mm:ss a v","d MMM y, hmsv":"d MMM y, h:mm:ss a v","d/M/yy, hmsv":"d/M/yy, h:mm:ss a v","d, hmsv":"d, h:mm:ss a v","E, hmsv":"ccc, h:mm:ss a v","Ed, hmsv":"E d, h:mm:ss a v","Gy, hmsv":"y G, h:mm:ss a v","GyMd, hmsv":"GGGGG d/M/y, h:mm:ss a v","GyMMM, hmsv":"MMM G y, h:mm:ss a v","GyMMMd, hmsv":"d MMM y G, h:mm:ss a v","GyMMMEd, hmsv":"E, d MMM y G, h:mm:ss a v","M, hmsv":"L, h:mm:ss a v","Md, hmsv":"d/M, h:mm:ss a v","MEd, hmsv":"E, d/M, h:mm:ss a v","MMdd, hmsv":"dd/MM, h:mm:ss a v","MMM, hmsv":"LLL, h:mm:ss a v","MMMd, hmsv":"d MMM, h:mm:ss a v","MMMEd, hmsv":"E, d MMM, h:mm:ss a v","MMMMd, hmsv":"d MMMM, h:mm:ss a v","MMMMEd, hmsv":"E, d MMMM, h:mm:ss a v","y, hmsv":"y, h:mm:ss a v","yM, hmsv":"M/y, h:mm:ss a v","yMd, hmsv":"d/M/y, h:mm:ss a v","yMEd, hmsv":"E, d/M/y, h:mm:ss a v","yMM, hmsv":"MM/y, h:mm:ss a v","yMMdd, hmsv":"dd/MM/y, h:mm:ss a v","yMMM, hmsv":"MMM y, h:mm:ss a v","yMMMd, hmsv":"d MMM y, h:mm:ss a v","yMMMEd, hmsv":"E, d MMM y, h:mm:ss a v","yMMMM, hmsv":"MMMM y, h:mm:ss a v","EEEE, d MMMM y, Hmsv":"EEEE, d MMMM y, HH:mm:ss v","d MMMM y, Hmsv":"d MMMM y, HH:mm:ss v","d MMM y, Hmsv":"d MMM y, HH:mm:ss v","d/M/yy, Hmsv":"d/M/yy, HH:mm:ss v","d, Hmsv":"d, HH:mm:ss v","E, Hmsv":"ccc, HH:mm:ss v","Ed, Hmsv":"E d, HH:mm:ss v","Gy, Hmsv":"y G, HH:mm:ss v","GyMd, Hmsv":"GGGGG d/M/y, HH:mm:ss v","GyMMM, Hmsv":"MMM G y, HH:mm:ss v","GyMMMd, Hmsv":"d MMM y G, HH:mm:ss v","GyMMMEd, Hmsv":"E, d MMM y G, HH:mm:ss v","M, Hmsv":"L, HH:mm:ss v","Md, Hmsv":"d/M, HH:mm:ss v","MEd, Hmsv":"E, d/M, HH:mm:ss v","MMdd, Hmsv":"dd/MM, HH:mm:ss v","MMM, Hmsv":"LLL, HH:mm:ss v","MMMd, Hmsv":"d MMM, HH:mm:ss v","MMMEd, Hmsv":"E, d MMM, HH:mm:ss v","MMMMd, Hmsv":"d MMMM, HH:mm:ss v","MMMMEd, Hmsv":"E, d MMMM, HH:mm:ss v","y, Hmsv":"y, HH:mm:ss v","yM, Hmsv":"M/y, HH:mm:ss v","yMd, Hmsv":"d/M/y, HH:mm:ss v","yMEd, Hmsv":"E, d/M/y, HH:mm:ss v","yMM, Hmsv":"MM/y, HH:mm:ss v","yMMdd, Hmsv":"dd/MM/y, HH:mm:ss v","yMMM, Hmsv":"MMM y, HH:mm:ss v","yMMMd, Hmsv":"d MMM y, HH:mm:ss v","yMMMEd, Hmsv":"E, d MMM y, HH:mm:ss v","yMMMM, Hmsv":"MMMM y, HH:mm:ss v","EEEE, d MMMM y, hmv":"EEEE, d MMMM y, h:mm a v","d MMMM y, hmv":"d MMMM y, h:mm a v","d MMM y, hmv":"d MMM y, h:mm a v","d/M/yy, hmv":"d/M/yy, h:mm a v","d, hmv":"d, h:mm a v","E, hmv":"ccc, h:mm a v","Ed, hmv":"E d, h:mm a v","Gy, hmv":"y G, h:mm a v","GyMd, hmv":"GGGGG d/M/y, h:mm a v","GyMMM, hmv":"MMM G y, h:mm a v","GyMMMd, hmv":"d MMM y G, h:mm a v","GyMMMEd, hmv":"E, d MMM y G, h:mm a v","M, hmv":"L, h:mm a v","Md, hmv":"d/M, h:mm a v","MEd, hmv":"E, d/M, h:mm a v","MMdd, hmv":"dd/MM, h:mm a v","MMM, hmv":"LLL, h:mm a v","MMMd, hmv":"d MMM, h:mm a v","MMMEd, hmv":"E, d MMM, h:mm a v","MMMMd, hmv":"d MMMM, h:mm a v","MMMMEd, hmv":"E, d MMMM, h:mm a v","y, hmv":"y, h:mm a v","yM, hmv":"M/y, h:mm a v","yMd, hmv":"d/M/y, h:mm a v","yMEd, hmv":"E, d/M/y, h:mm a v","yMM, hmv":"MM/y, h:mm a v","yMMdd, hmv":"dd/MM/y, h:mm a v","yMMM, hmv":"MMM y, h:mm a v","yMMMd, hmv":"d MMM y, h:mm a v","yMMMEd, hmv":"E, d MMM y, h:mm a v","yMMMM, hmv":"MMMM y, h:mm a v","EEEE, d MMMM y, Hmv":"EEEE, d MMMM y, HH:mm v","d MMMM y, Hmv":"d MMMM y, HH:mm v","d MMM y, Hmv":"d MMM y, HH:mm v","d/M/yy, Hmv":"d/M/yy, HH:mm v","d, Hmv":"d, HH:mm v","E, Hmv":"ccc, HH:mm v","Ed, Hmv":"E d, HH:mm v","Gy, Hmv":"y G, HH:mm v","GyMd, Hmv":"GGGGG d/M/y, HH:mm v","GyMMM, Hmv":"MMM G y, HH:mm v","GyMMMd, Hmv":"d MMM y G, HH:mm v","GyMMMEd, Hmv":"E, d MMM y G, HH:mm v","M, Hmv":"L, HH:mm v","Md, Hmv":"d/M, HH:mm v","MEd, Hmv":"E, d/M, HH:mm v","MMdd, Hmv":"dd/MM, HH:mm v","MMM, Hmv":"LLL, HH:mm v","MMMd, Hmv":"d MMM, HH:mm v","MMMEd, Hmv":"E, d MMM, HH:mm v","MMMMd, Hmv":"d MMMM, HH:mm v","MMMMEd, Hmv":"E, d MMMM, HH:mm v","y, Hmv":"y, HH:mm v","yM, Hmv":"M/y, HH:mm v","yMd, Hmv":"d/M/y, HH:mm v","yMEd, Hmv":"E, d/M/y, HH:mm v","yMM, Hmv":"MM/y, HH:mm v","yMMdd, Hmv":"dd/MM/y, HH:mm v","yMMM, Hmv":"MMM y, HH:mm v","yMMMd, Hmv":"d MMM y, HH:mm v","yMMMEd, Hmv":"E, d MMM y, HH:mm v","yMMMM, Hmv":"MMMM y, HH:mm v","EEEE, d MMMM y, ms":"EEEE, d MMMM y, mm:ss","d MMMM y, ms":"d MMMM y, mm:ss","d MMM y, ms":"d MMM y, mm:ss","d/M/yy, ms":"d/M/yy, mm:ss","d, ms":"d, mm:ss","E, ms":"ccc, mm:ss","Ed, ms":"E d, mm:ss","Gy, ms":"y G, mm:ss","GyMd, ms":"GGGGG d/M/y, mm:ss","GyMMM, ms":"MMM G y, mm:ss","GyMMMd, ms":"d MMM y G, mm:ss","GyMMMEd, ms":"E, d MMM y G, mm:ss","M, ms":"L, mm:ss","Md, ms":"d/M, mm:ss","MEd, ms":"E, d/M, mm:ss","MMdd, ms":"dd/MM, mm:ss","MMM, ms":"LLL, mm:ss","MMMd, ms":"d MMM, mm:ss","MMMEd, ms":"E, d MMM, mm:ss","MMMMd, ms":"d MMMM, mm:ss","MMMMEd, ms":"E, d MMMM, mm:ss","y, ms":"y, mm:ss","yM, ms":"M/y, mm:ss","yMd, ms":"d/M/y, mm:ss","yMEd, ms":"E, d/M/y, mm:ss","yMM, ms":"MM/y, mm:ss","yMMdd, ms":"dd/MM/y, mm:ss","yMMM, ms":"MMM y, mm:ss","yMMMd, ms":"d MMM y, mm:ss","yMMMEd, ms":"E, d MMM y, mm:ss","yMMMM, ms":"MMMM y, mm:ss"}},"intervalFormats":{"intervalFormatFallback":"{0} – {1}","Bh":{"B":"B h – B h","h":"B h–h"},"Bhm":{"B":"B h:mm – B h:mm","h":"B h:mm–h:mm","m":"B h:mm–h:mm"},"d":{"d":"d–d"},"Gy":{"G":"G y – G y","y":"G y–y"},"GyM":{"G":"GGGGG y-MM – GGGGG y-MM","M":"GGGGG y-MM – y-MM","y":"GGGGG y-MM – y-MM"},"GyMd":{"d":"GGGGG y-MM-dd – y-MM-dd","G":"GGGGG y-MM-dd – GGGGG y-MM-dd","M":"GGGGG y-MM-dd – y-MM-dd","y":"GGGGG y-MM-dd – y-MM-dd"},"GyMEd":{"d":"GGGGG y-MM-dd, E – y-MM-dd, E","G":"GGGGG y-MM-dd, E – GGGGG y-MM-dd, E","M":"GGGGG y-MM-dd, E – y-MM-dd, E","y":"GGGGG y-MM-dd, E – y-MM-dd, E"},"GyMMM":{"G":"G y MMM – G y MMM","M":"G y MMM–MMM","y":"G y MMM – y MMM"},"GyMMMd":{"d":"G y MMM d–d","G":"G y MMM d – G y MMM d","M":"G y MMM d – MMM d","y":"G y MMM d – y MMM d"},"GyMMMEd":{"d":"G y MMM d, E – MMM d, E","G":"G y MMM d, E – G y MMM d, E","M":"G y MMM d, E – MMM d, E","y":"G y MMM d, E – y MMM d, E"},"h":{"a":"h a – h a","h":"h–h a"},"H":{"H":"HH–HH"},"hm":{"a":"h:mm a – h:mm a","h":"h:mm–h:mm a","m":"h:mm–h:mm a"},"Hm":{"H":"HH:mm–HH:mm","m":"HH:mm–HH:mm"},"hmv":{"a":"h:mm a – h:mm a v","h":"h:mm–h:mm a v","m":"h:mm–h:mm a v"},"Hmv":{"H":"HH:mm–HH:mm v","m":"HH:mm–HH:mm v"},"hv":{"a":"h a – h a v","h":"h–h a v"},"Hv":{"H":"HH–HH v"},"M":{"M":"M–M"},"Md":{"d":"d/M – d/M","M":"d/M – d/M"},"MEd":{"d":"E, d/M – E, d/M","M":"E, d/M – E, d/M"},"MMM":{"M":"MMM–MMM"},"MMMd":{"d":"d – d MMM","M":"d MMM – d MMM"},"MMMEd":{"d":"E, d MMM – E, d MMM","M":"E, d MMM – E, d MMM"},"y":{"y":"y–y"},"yM":{"M":"M/y – M/y","y":"M/y – M/y"},"yMd":{"d":"d/M/y – d/M/y","M":"d/M/y – d/M/y","y":"d/M/y – d/M/y"},"yMEd":{"d":"E, d/M/y – E, d/M/y","M":"E, d/M/y – E, d/M/y","y":"E, d/M/y – E, d/M/y"},"yMMM":{"M":"MMM–MMM y","y":"MMM y – MMM y"},"yMMMd":{"d":"d–d MMM y","M":"d MMM – d MMM y","y":"d MMM y – d MMM y"},"yMMMEd":{"d":"E, d MMM – E, d MMM y","M":"E, d MMM – E, d MMM y","y":"E, d MMM y – E, d MMM y"},"yMMMM":{"M":"MMMM – MMMM y","y":"MMMM y – MMMM y"}},"hourCycle":"h12","nu":["latn"],"ca":["gregory","indian"],"hc":["h12","h23"]},"locale":"hi"}