{"data":{"am":"午前","pm":"午後","weekday":{"narrow":["日","月","火","水","木","金","土"],"short":["日","月","火","水","木","金","土"],"long":["日曜日","月曜日","火曜日","水曜日","木曜日","金曜日","土曜日"]},"era":{"narrow":{"BC":"BC","AD":"AD"},"short":{"BC":"紀元前","AD":"西暦"},"long":{"BC":"紀元前","AD":"西暦"}},"month":{"narrow":["1","2","3","4","5","6","7","8","9","10","11","12"],"short":["1月","2月","3月","4月","5月","6月","7月","8月","9月","10月","11月","12月"],"long":["1月","2月","3月","4月","5月","6月","7月","8月","9月","10月","11月","12月"]},"timeZoneName":{"America/Rio_Branco":{"long":["アクレ標準時","アクレ夏時間"]},"Asia/Kabul":{"long":["アフガニスタン時間","アフガニスタン時間"]},"Africa/Maputo":{"long":["中央アフリカ時間","中央アフリカ時間"]},"Africa/Bujumbura":{"long":["中央アフリカ時間","中央アフリカ時間"]},"Africa/Gaborone":{"long":["中央アフリカ時間","中央アフリカ時間"]},"Africa/Lubumbashi":{"long":["中央アフリカ時間","中央アフリカ時間"]},"Africa/Blantyre":{"long":["中央アフリカ時間","中央アフリカ時間"]},"Africa/Kigali":{"long":["中央アフリカ時間","中央アフリカ時間"]},"Africa/Lusaka":{"long":["中央アフリカ時間","中央アフリカ時間"]},"Africa/Harare":{"long":["中央アフリカ時間","中央アフリカ時間"]},"Africa/Nairobi":{"long":["東アフリカ時間","東アフリカ時間"]},"Africa/Djibouti":{"long":["東アフリカ時間","東アフリカ時間"]},"Africa/Asmera":{"long":["東アフリカ時間","東アフリカ時間"]},"Africa/Addis_Ababa":{"long":["東アフリカ時間","東アフリカ時間"]},"Indian/Comoro":{"long":["東アフリカ時間","東アフリカ時間"]},"Indian/Antananarivo":{"long":["東アフリカ時間","東アフリカ時間"]},"Africa/Mogadishu":{"long":["東アフリカ時間","東アフリカ時間"]},"Africa/Dar_es_Salaam":{"long":["東アフリカ時間","東アフリカ時間"]},"Africa/Kampala":{"long":["東アフリカ時間","東アフリカ時間"]},"Indian/Mayotte":{"long":["東アフリカ時間","東アフリカ時間"]},"Africa/Johannesburg":{"long":["南アフリカ標準時","南アフリカ標準時"]},"Africa/Maseru":{"long":["南アフリカ標準時","南アフリカ標準時"]},"Africa/Mbabane":{"long":["南アフリカ標準時","南アフリカ標準時"]},"Africa/Lagos":{"long":["西アフリカ標準時","西アフリカ夏時間"]},"Africa/Luanda":{"long":["西アフリカ標準時","西アフリカ夏時間"]},"Africa/Porto-Novo":{"long":["西アフリカ標準時","西アフリカ夏時間"]},"Africa/Kinshasa":{"long":["西アフリカ標準時","西アフリカ夏時間"]},"Africa/Bangui":{"long":["西アフリカ標準時","西アフリカ夏時間"]},"Africa/Brazzaville":{"long":["西アフリカ標準時","西アフリカ夏時間"]},"Africa/Douala":{"long":["西アフリカ標準時","西アフリカ夏時間"]},"Africa/Libreville":{"long":["西アフリカ標準時","西アフリカ夏時間"]},"Africa/Malabo":{"long":["西アフリカ標準時","西アフリカ夏時間"]},"Africa/Niamey":{"long":["西アフリカ標準時","西アフリカ夏時間"]},"Africa/Ndjamena":{"long":["西アフリカ標準時","西アフリカ夏時間"]},"Asia/Aqtobe":{"long":["西カザフスタン時間","西カザフスタン時間"]},"America/Juneau":{"long":["アラスカ標準時","アラスカ夏時間"]},"Asia/Almaty":{"long":["東カザフスタン時間","東カザフスタン時間"]},"America/Manaus":{"long":["アマゾン標準時","アマゾン夏時間"]},"America/Chicago":{"long":["アメリカ中部標準時","アメリカ中部夏時間"]},"America/Belize":{"long":["アメリカ中部標準時","アメリカ中部夏時間"]},"America/Winnipeg":{"long":["アメリカ中部標準時","アメリカ中部夏時間"]},"America/Costa_Rica":{"long":["アメリカ中部標準時","アメリカ中部夏時間"]},"America/Guatemala":{"long":["アメリカ中部標準時","アメリカ中部夏時間"]},"America/Tegucigalpa":{"long":["アメリカ中部標準時","アメリカ中部夏時間"]},"America/Mexico_City":{"long":["アメリカ中部標準時","アメリカ中部夏時間"]},"America/El_Salvador":{"long":["アメリカ中部標準時","アメリカ中部夏時間"]},"America/New_York":{"long":["アメリカ東部標準時","アメリカ東部夏時間"]},"America/Nassau":{"long":["アメリカ東部標準時","アメリカ東部夏時間"]},"America/Toronto":{"long":["アメリカ東部標準時","アメリカ東部夏時間"]},"America/Port-au-Prince":{"long":["アメリカ東部標準時","アメリカ東部夏時間"]},"America/Jamaica":{"long":["アメリカ東部標準時","アメリカ東部夏時間"]},"America/Cayman":{"long":["アメリカ東部標準時","アメリカ東部夏時間"]},"America/Panama":{"long":["アメリカ東部標準時","アメリカ東部夏時間"]},"America/Denver":{"long":["アメリカ山地標準時","アメリカ山地夏時間"]},"America/Edmonton":{"long":["アメリカ山地標準時","アメリカ山地夏時間"]},"America/Hermosillo":{"long":["アメリカ山地標準時","アメリカ山地夏時間"]},"America/Los_Angeles":{"long":["アメリカ太平洋標準時","アメリカ太平洋夏時間"]},"America/Vancouver":{"long":["アメリカ太平洋標準時","アメリカ太平洋夏時間"]},"America/Tijuana":{"long":["アメリカ太平洋標準時","アメリカ太平洋夏時間"]},"Asia/Anadyr":{"long":["アナディリ標準時","アナディリ夏時間"]},"Pacific/Apia":{"long":["アピア標準時","アピア夏時間"]},"Asia/Riyadh":{"long":["アラビア標準時","アラビア夏時間"]},"Asia/Bahrain":{"long":["アラビア標準時","アラビア夏時間"]},"Asia/Baghdad":{"long":["アラビア標準時","アラビア夏時間"]},"Asia/Kuwait":{"long":["アラビア標準時","アラビア夏時間"]},"Asia/Qatar":{"long":["アラビア標準時","アラビア夏時間"]},"Asia/Aden":{"long":["アラビア標準時","アラビア夏時間"]},"America/Buenos_Aires":{"long":["アルゼンチン標準時","アルゼンチン夏時間"]},"America/Argentina/San_Luis":{"long":["西部アルゼンチン標準時","西部アルゼンチン夏時間"]},"Asia/Ashgabat":{"long":["トルクメニスタン標準時","トルクメニスタン夏時間"]},"America/Halifax":{"long":["大西洋標準時","大西洋夏時間"]},"America/Antigua":{"long":["大西洋標準時","大西洋夏時間"]},"America/Anguilla":{"long":["大西洋標準時","大西洋夏時間"]},"America/Aruba":{"long":["大西洋標準時","大西洋夏時間"]},"America/Barbados":{"long":["大西洋標準時","大西洋夏時間"]},"Atlantic/Bermuda":{"long":["大西洋標準時","大西洋夏時間"]},"America/Kralendijk":{"long":["大西洋標準時","大西洋夏時間"]},"America/Curacao":{"long":["大西洋標準時","大西洋夏時間"]},"America/Dominica":{"long":["大西洋標準時","大西洋夏時間"]},"America/Grenada":{"long":["大西洋標準時","大西洋夏時間"]},"America/Thule":{"long":["大西洋標準時","大西洋夏時間"]},"America/Guadeloupe":{"long":["大西洋標準時","大西洋夏時間"]},"America/St_Kitts":{"long":["大西洋標準時","大西洋夏時間"]},"America/St_Lucia":{"long":["大西洋標準時","大西洋夏時間"]},"America/Marigot":{"long":["大西洋標準時","大西洋夏時間"]},"America/Martinique":{"long":["大西洋標準時","大西洋夏時間"]},"America/Montserrat":{"long":["大西洋標準時","大西洋夏時間"]},"America/Puerto_Rico":{"long":["大西洋標準時","大西洋夏時間"]},"America/Lower_Princes":{"long":["大西洋標準時","大西洋夏時間"]},"America/Port_of_Spain":{"long":["大西洋標準時","大西洋夏時間"]},"America/St_Vincent":{"long":["大西洋標準時","大西洋夏時間"]},"America/Tortola":{"long":["大西洋標準時","大西洋夏時間"]},"America/St_Thomas":{"long":["大西洋標準時","大西洋夏時間"]},"Australia/Adelaide":{"long":["オーストラリア中部標準時","オーストラリア中部夏時間"]},"Australia/Eucla":{"long":["オーストラリア中西部標準時","オーストラリア中西部夏時間"]},"Australia/Sydney":{"long":["オーストラリア東部標準時","オーストラリア東部夏時間"]},"Australia/Perth":{"long":["オーストラリア西部標準時","オーストラリア西部夏時間"]},"Atlantic/Azores":{"long":["アゾレス標準時","アゾレス夏時間"]},"Asia/Thimphu":{"long":["ブータン時間","ブータン時間"]},"America/La_Paz":{"long":["ボリビア時間","ボリビア時間"]},"Asia/Kuching":{"long":["マレーシア時間","マレーシア時間"]},"America/Sao_Paulo":{"long":["ブラジリア標準時","ブラジリア夏時間"]},"Europe/London":{"long":["グリニッジ標準時","グリニッジ標準時"]},"Asia/Brunei":{"long":["ブルネイ・ダルサラーム時間","ブルネイ・ダルサラーム時間"]},"Atlantic/Cape_Verde":{"long":["カーボベルデ標準時","カーボベルデ夏時間"]},"Antarctica/Casey":{"long":["ケイシー基地時間","ケイシー基地時間"]},"Pacific/Saipan":{"long":["北マリアナ諸島時間","北マリアナ諸島時間"]},"Pacific/Guam":{"long":["グアム時間","グアム時間"]},"Pacific/Chatham":{"long":["チャタム標準時","チャタム夏時間"]},"America/Santiago":{"long":["チリ標準時","チリ夏時間"]},"Asia/Shanghai":{"long":["中国標準時","中国夏時間"]},"Asia/Choibalsan":{"long":["チョイバルサン標準時","チョイバルサン夏時間"]},"Indian/Christmas":{"long":["クリスマス島時間","クリスマス島時間"]},"Indian/Cocos":{"long":["ココス諸島時間","ココス諸島時間"]},"America/Bogota":{"long":["コロンビア標準時","コロンビア夏時間"]},"Pacific/Rarotonga":{"long":["クック諸島標準時","クック諸島夏時間"]},"America/Havana":{"long":["キューバ標準時","キューバ夏時間"]},"Antarctica/Davis":{"long":["デービス基地時間","デービス基地時間"]},"Antarctica/DumontDUrville":{"long":["デュモン・デュルヴィル基地時間","デュモン・デュルヴィル基地時間"]},"Asia/Dushanbe":{"long":["タジキスタン時間","タジキスタン時間"]},"America/Paramaribo":{"long":["スリナム時間","スリナム時間"]},"Asia/Dili":{"long":["東ティモール時間","東ティモール時間"]},"Pacific/Easter":{"long":["イースター島標準時","イースター島夏時間"]},"America/Guayaquil":{"long":["エクアドル時間","エクアドル時間"]},"Europe/Paris":{"long":["中央ヨーロッパ標準時","中央ヨーロッパ夏時間"]},"Europe/Andorra":{"long":["中央ヨーロッパ標準時","中央ヨーロッパ夏時間"]},"Europe/Tirane":{"long":["中央ヨーロッパ標準時","中央ヨーロッパ夏時間"]},"Europe/Vienna":{"long":["中央ヨーロッパ標準時","中央ヨーロッパ夏時間"]},"Europe/Sarajevo":{"long":["中央ヨーロッパ標準時","中央ヨーロッパ夏時間"]},"Europe/Brussels":{"long":["中央ヨーロッパ標準時","中央ヨーロッパ夏時間"]},"Europe/Zurich":{"long":["中央ヨーロッパ標準時","中央ヨーロッパ夏時間"]},"Europe/Prague":{"long":["中央ヨーロッパ標準時","中央ヨーロッパ夏時間"]},"Europe/Berlin":{"long":["中央ヨーロッパ標準時","中央ヨーロッパ夏時間"]},"Europe/Copenhagen":{"long":["中央ヨーロッパ標準時","中央ヨーロッパ夏時間"]},"Europe/Madrid":{"long":["中央ヨーロッパ標準時","中央ヨーロッパ夏時間"]},"Europe/Gibraltar":{"long":["中央ヨーロッパ標準時","中央ヨーロッパ夏時間"]},"Europe/Zagreb":{"long":["中央ヨーロッパ標準時","中央ヨーロッパ夏時間"]},"Europe/Budapest":{"long":["中央ヨーロッパ標準時","中央ヨーロッパ夏時間"]},"Europe/Rome":{"long":["中央ヨーロッパ標準時","中央ヨーロッパ夏時間"]},"Europe/Vaduz":{"long":["中央ヨーロッパ標準時","中央ヨーロッパ夏時間"]},"Europe/Luxembourg":{"long":["中央ヨーロッパ標準時","中央ヨーロッパ夏時間"]},"Europe/Monaco":{"long":["中央ヨーロッパ標準時","中央ヨーロッパ夏時間"]},"Europe/Podgorica":{"long":["中央ヨーロッパ標準時","中央ヨーロッパ夏時間"]},"Europe/Skopje":{"long":["中央ヨーロッパ標準時","中央ヨーロッパ夏時間"]},"Europe/Malta":{"long":["中央ヨーロッパ標準時","中央ヨーロッパ夏時間"]},"Europe/Amsterdam":{"long":["中央ヨーロッパ標準時","中央ヨーロッパ夏時間"]},"Europe/Oslo":{"long":["中央ヨーロッパ標準時","中央ヨーロッパ夏時間"]},"Europe/Warsaw":{"long":["中央ヨーロッパ標準時","中央ヨーロッパ夏時間"]},"Europe/Belgrade":{"long":["中央ヨーロッパ標準時","中央ヨーロッパ夏時間"]},"Europe/Stockholm":{"long":["中央ヨーロッパ標準時","中央ヨーロッパ夏時間"]},"Europe/Ljubljana":{"long":["中央ヨーロッパ標準時","中央ヨーロッパ夏時間"]},"Arctic/Longyearbyen":{"long":["中央ヨーロッパ標準時","中央ヨーロッパ夏時間"]},"Europe/Bratislava":{"long":["中央ヨーロッパ標準時","中央ヨーロッパ夏時間"]},"Europe/San_Marino":{"long":["中央ヨーロッパ標準時","中央ヨーロッパ夏時間"]},"Africa/Tunis":{"long":["中央ヨーロッパ標準時","中央ヨーロッパ夏時間"]},"Europe/Vatican":{"long":["中央ヨーロッパ標準時","中央ヨーロッパ夏時間"]},"Europe/Bucharest":{"long":["東ヨーロッパ標準時","東ヨーロッパ夏時間"]},"Europe/Mariehamn":{"long":["東ヨーロッパ標準時","東ヨーロッパ夏時間"]},"Europe/Sofia":{"long":["東ヨーロッパ標準時","東ヨーロッパ夏時間"]},"Asia/Nicosia":{"long":["東ヨーロッパ標準時","東ヨーロッパ夏時間"]},"Africa/Cairo":{"long":["東ヨーロッパ標準時","東ヨーロッパ夏時間"]},"Europe/Helsinki":{"long":["東ヨーロッパ標準時","東ヨーロッパ夏時間"]},"Europe/Athens":{"long":["東ヨーロッパ標準時","東ヨーロッパ夏時間"]},"Asia/Beirut":{"long":["東ヨーロッパ標準時","東ヨーロッパ夏時間"]},"Europe/Minsk":{"long":["極東ヨーロッパ時間","極東ヨーロッパ時間"]},"Europe/Kaliningrad":{"long":["極東ヨーロッパ時間","極東ヨーロッパ時間"]},"Atlantic/Canary":{"long":["西ヨーロッパ標準時","西ヨーロッパ夏時間"]},"Atlantic/Faeroe":{"long":["西ヨーロッパ標準時","西ヨーロッパ夏時間"]},"Atlantic/Stanley":{"long":["フォークランド諸島標準時","フォークランド諸島夏時間"]},"Pacific/Fiji":{"long":["フィジー標準時","フィジー夏時間"]},"America/Cayenne":{"long":["仏領ギアナ時間","仏領ギアナ時間"]},"Indian/Kerguelen":{"long":["仏領南方南極時間","仏領南方南極時間"]},"Asia/Bishkek":{"long":["キルギス時間","キルギス時間"]},"Pacific/Galapagos":{"long":["ガラパゴス時間","ガラパゴス時間"]},"Pacific/Gambier":{"long":["ガンビエ諸島時間","ガンビエ諸島時間"]},"Pacific/Tarawa":{"long":["ギルバート諸島時間","ギルバート諸島時間"]},"Atlantic/Reykjavik":{"long":["グリニッジ標準時","グリニッジ標準時"]},"Africa/Ouagadougou":{"long":["グリニッジ標準時","グリニッジ標準時"]},"Africa/Abidjan":{"long":["グリニッジ標準時","グリニッジ標準時"]},"Africa/Accra":{"long":["グリニッジ標準時","グリニッジ標準時"]},"Africa/Banjul":{"long":["グリニッジ標準時","グリニッジ標準時"]},"Africa/Conakry":{"long":["グリニッジ標準時","グリニッジ標準時"]},"Africa/Bamako":{"long":["グリニッジ標準時","グリニッジ標準時"]},"Africa/Nouakchott":{"long":["グリニッジ標準時","グリニッジ標準時"]},"Atlantic/St_Helena":{"long":["グリニッジ標準時","グリニッジ標準時"]},"Africa/Freetown":{"long":["グリニッジ標準時","グリニッジ標準時"]},"Africa/Dakar":{"long":["グリニッジ標準時","グリニッジ標準時"]},"Africa/Lome":{"long":["グリニッジ標準時","グリニッジ標準時"]},"America/Scoresbysund":{"long":["グリーンランド東部標準時","グリーンランド東部夏時間"]},"America/Godthab":{"long":["グリーンランド西部標準時","グリーンランド西部夏時間"]},"Asia/Dubai":{"long":["湾岸標準時","湾岸標準時"]},"Asia/Muscat":{"long":["湾岸標準時","湾岸標準時"]},"America/Guyana":{"long":["ガイアナ時間","ガイアナ時間"]},"Pacific/Honolulu":{"long":["ハワイ・アリューシャン標準時","ハワイ・アリューシャン夏時間"]},"Asia/Hong_Kong":{"long":["香港標準時","香港夏時間"]},"Asia/Hovd":{"long":["ホブド標準時","ホブド夏時間"]},"Asia/Calcutta":{"long":["インド標準時","インド標準時"]},"Asia/Colombo":{"long":["ランカ時間","ランカ時間"]},"Indian/Chagos":{"long":["インド洋時間","インド洋時間"]},"Asia/Bangkok":{"long":["インドシナ時間","インドシナ時間"]},"Asia/Phnom_Penh":{"long":["インドシナ時間","インドシナ時間"]},"Asia/Vientiane":{"long":["インドシナ時間","インドシナ時間"]},"Asia/Makassar":{"long":["インドネシア中部時間","インドネシア中部時間"]},"Asia/Jayapura":{"long":["インドネシア東部時間","インドネシア東部時間"]},"Asia/Jakarta":{"long":["インドネシア西部時間","インドネシア西部時間"]},"Asia/Tehran":{"long":["イラン標準時","イラン夏時間"]},"Asia/Irkutsk":{"long":["イルクーツク標準時","イルクーツク夏時間"]},"Asia/Jerusalem":{"long":["イスラエル標準時","イスラエル夏時間"]},"Asia/Tokyo":{"long":["日本標準時","日本夏時間"],"short":["JST","JDT"]},"Asia/Kamchatka":{"long":["ペトロパブロフスク・カムチャツキー標準時","ペトロパブロフスク・カムチャツキー夏時間"]},"Asia/Karachi":{"long":["パキスタン標準時","パキスタン夏時間"]},"Asia/Qyzylorda":{"long":["クズロルダ標準時","クズロルダ夏時間"]},"Asia/Seoul":{"long":["韓国標準時","韓国夏時間"]},"Pacific/Kosrae":{"long":["コスラエ時間","コスラエ時間"]},"Asia/Krasnoyarsk":{"long":["クラスノヤルスク標準時","クラスノヤルスク夏時間"]},"Europe/Samara":{"long":["サマラ標準時","サマラ夏時間"]},"Pacific/Kiritimati":{"long":["ライン諸島時間","ライン諸島時間"]},"Australia/Lord_Howe":{"long":["ロードハウ標準時","ロードハウ夏時間"]},"Asia/Macau":{"long":["マカオ標準時","マカオ夏時間"]},"Antarctica/Macquarie":{"long":["マッコーリー島時間","マッコーリー島時間"]},"Asia/Magadan":{"long":["マガダン標準時","マガダン夏時間"]},"Indian/Maldives":{"long":["モルディブ時間","モルディブ時間"]},"Pacific/Marquesas":{"long":["マルキーズ時間","マルキーズ時間"]},"Pacific/Majuro":{"long":["マーシャル諸島時間","マーシャル諸島時間"]},"Indian/Mauritius":{"long":["モーリシャス標準時","モーリシャス夏時間"]},"Antarctica/Mawson":{"long":["モーソン基地時間","モーソン基地時間"]},"America/Santa_Isabel":{"long":["メキシコ北西部標準時","メキシコ北西部夏時間"]},"America/Mazatlan":{"long":["メキシコ太平洋標準時","メキシコ太平洋夏時間"]},"Asia/Ulaanbaatar":{"long":["ウランバートル標準時","ウランバートル夏時間"]},"Europe/Moscow":{"long":["モスクワ標準時","モスクワ夏時間"]},"Asia/Rangoon":{"long":["ミャンマー時間","ミャンマー時間"]},"Pacific/Nauru":{"long":["ナウル時間","ナウル時間"]},"Asia/Katmandu":{"long":["ネパール時間","ネパール時間"]},"Pacific/Noumea":{"long":["ニューカレドニア標準時","ニューカレドニア夏時間"]},"Pacific/Auckland":{"long":["ニュージーランド標準時","ニュージーランド夏時間"]},"Antarctica/McMurdo":{"long":["ニュージーランド標準時","ニュージーランド夏時間"]},"America/St_Johns":{"long":["ニューファンドランド標準時","ニューファンドランド夏時間"]},"Pacific/Niue":{"long":["ニウエ時間","ニウエ時間"]},"Pacific/Norfolk":{"long":["ノーフォーク島標準時","ノーフォーク島夏時間"]},"America/Noronha":{"long":["フェルナンド・デ・ノローニャ標準時","フェルナンド・デ・ノローニャ夏時間"]},"Asia/Novosibirsk":{"long":["ノヴォシビルスク標準時","ノヴォシビルスク夏時間"]},"Asia/Omsk":{"long":["オムスク標準時","オムスク夏時間"]},"Pacific/Palau":{"long":["パラオ時間","パラオ時間"]},"Pacific/Port_Moresby":{"long":["パプアニューギニア時間","パプアニューギニア時間"]},"America/Asuncion":{"long":["パラグアイ標準時","パラグアイ夏時間"]},"America/Lima":{"long":["ペルー標準時","ペルー夏時間"]},"Asia/Manila":{"long":["フィリピン標準時","フィリピン夏時間"]},"Pacific/Enderbury":{"long":["フェニックス諸島時間","フェニックス諸島時間"]},"America/Miquelon":{"long":["サンピエール島・ミクロン島標準時","サンピエール島・ミクロン島夏時間"]},"Pacific/Pitcairn":{"long":["ピトケアン時間","ピトケアン時間"]},"Pacific/Ponape":{"long":["ポナペ時間","ポナペ時間"]},"Asia/Pyongyang":{"long":["平壌時間","平壌時間"]},"Indian/Reunion":{"long":["レユニオン時間","レユニオン時間"]},"Antarctica/Rothera":{"long":["ロゼラ基地時間","ロゼラ基地時間"]},"Asia/Sakhalin":{"long":["サハリン標準時","サハリン夏時間"]},"Pacific/Pago_Pago":{"long":["サモア標準時","サモア夏時間"]},"Indian/Mahe":{"long":["セーシェル時間","セーシェル時間"]},"Asia/Singapore":{"long":["シンガポール標準時","シンガポール標準時"]},"Pacific/Guadalcanal":{"long":["ソロモン諸島時間","ソロモン諸島時間"]},"Atlantic/South_Georgia":{"long":["サウスジョージア時間","サウスジョージア時間"]},"Asia/Yekaterinburg":{"long":["エカテリンブルグ標準時","エカテリンブルグ夏時間"]},"Antarctica/Syowa":{"long":["昭和基地時間","昭和基地時間"]},"Pacific/Tahiti":{"long":["タヒチ時間","タヒチ時間"]},"Asia/Taipei":{"long":["台北標準時","台北夏時間"]},"Asia/Tashkent":{"long":["ウズベキスタン標準時","ウズベキスタン夏時間"]},"Pacific/Fakaofo":{"long":["トケラウ時間","トケラウ時間"]},"Pacific/Tongatapu":{"long":["トンガ標準時","トンガ夏時間"]},"Pacific/Truk":{"long":["チューク時間","チューク時間"]},"Pacific/Funafuti":{"long":["ツバル時間","ツバル時間"]},"America/Montevideo":{"long":["ウルグアイ標準時","ウルグアイ夏時間"]},"Pacific/Efate":{"long":["バヌアツ標準時","バヌアツ夏時間"]},"America/Caracas":{"long":["ベネズエラ時間","ベネズエラ時間"]},"Asia/Vladivostok":{"long":["ウラジオストク標準時","ウラジオストク夏時間"]},"Europe/Volgograd":{"long":["ボルゴグラード標準時","ボルゴグラード夏時間"]},"Antarctica/Vostok":{"long":["ボストーク基地時間","ボストーク基地時間"]},"Pacific/Wake":{"long":["ウェーク島時間","ウェーク島時間"]},"Pacific/Wallis":{"long":["ウォリス・フツナ時間","ウォリス・フツナ時間"]},"Asia/Yakutsk":{"long":["ヤクーツク標準時","ヤクーツク夏時間"]},"America/Whitehorse":{"long":["ユーコン時間","ユーコン時間"]},"UTC":{"long":["協定世界時","協定世界時"],"short":["UTC","UTC"]}},"gmtFormat":"GMT{0}","hourFormat":"+HH:mm;-HH:mm","dateFormat":{"full":"y年M月d日EEEE","long":"y年M月d日","medium":"y/MM/dd","short":"y/MM/dd"},"timeFormat":{"full":"H時mm分ss秒 zzzz","long":"H:mm:ss z","medium":"H:mm:ss","short":"H:mm"},"dateTimeFormat":{"full":"{1} {0}","long":"{1} {0}","medium":"{1} {0}","short":"{1} {0}"},"formats":{"gregory":{"Bh":"BK時","Bhm":"BK:mm","Bhms":"BK:mm:ss","d":"d日","E":"ccc","EBhm":"BK:mm (E)","EBhms":"BK:mm:ss (E)","Ed":"d日(E)","EEEEd":"d日EEEE","Ehm":"aK:mm (E)","EHm":"H:mm (E)","Ehms":"aK:mm:ss (E)","EHms":"H:mm:ss (E)","Gy":"Gy年","GyMd":"Gy/M/d","GyMMM":"Gy年M月","GyMMMd":"Gy年M月d日","GyMMMEd":"Gy年M月d日(E)","GyMMMEEEEd":"Gy年M月d日EEEE","h":"aK時","H":"H時","hm":"aK:mm","Hm":"H:mm","hms":"aK:mm:ss","Hms":"H:mm:ss","hmsv":"aK:mm:ss v","Hmsv":"H:mm:ss v","hmv":"aK:mm v","Hmv":"H:mm v","M":"M月","Md":"M/d","MEd":"M/d(E)","MEEEEd":"M/dEEEE","MMM":"M月","MMMd":"M月d日","MMMEd":"M月d日(E)","MMMEEEEd":"M月d日EEEE","MMMMd":"M月d日","ms":"mm:ss","y":"y年","yM":"y/M","yMd":"y/M/d","yMEd":"y/M/d(E)","yMEEEEd":"y/M/dEEEE","yMM":"y/MM","yMMM":"y年M月","yMMMd":"y年M月d日","yMMMEd":"y年M月d日(E)","yMMMEEEEd":"y年M月d日EEEE","yMMMM":"y年M月","y年M月d日EEEE":"y年M月d日EEEE","y年M月d日":"y年M月d日","y/MM/dd":"y/MM/dd","H時mm分ss秒 zzzz":"H時mm分ss秒 zzzz","H:mm:ss z":"H:mm:ss z","H:mm:ss":"H:mm:ss","H:mm":"H:mm","y年M月d日EEEE H時mm分ss秒 zzzz":"y年M月d日EEEE H時mm分ss秒 zzzz","y年M月d日 H時mm分ss秒 zzzz":"y年M月d日 H時mm分ss秒 zzzz","y/MM/dd H時mm分ss秒 zzzz":"y/MM/dd H時mm分ss秒 zzzz","d H時mm分ss秒 zzzz":"d日 H時mm分ss秒 zzzz","E H時mm分ss秒 zzzz":"ccc H時mm分ss秒 zzzz","Ed H時mm分ss秒 zzzz":"d日(E) H時mm分ss秒 zzzz","EEEEd H時mm分ss秒 zzzz":"d日EEEE H時mm分ss秒 zzzz","Gy H時mm分ss秒 zzzz":"Gy年 H時mm分ss秒 zzzz","GyMd H時mm分ss秒 zzzz":"Gy/M/d H時mm分ss秒 zzzz","GyMMM H時mm分ss秒 zzzz":"Gy年M月 H時mm分ss秒 zzzz","GyMMMd H時mm分ss秒 zzzz":"Gy年M月d日 H時mm分ss秒 zzzz","GyMMMEd H時mm分ss秒 zzzz":"Gy年M月d日(E) H時mm分ss秒 zzzz","GyMMMEEEEd H時mm分ss秒 zzzz":"Gy年M月d日EEEE H時mm分ss秒 zzzz","M H時mm分ss秒 zzzz":"M月 H時mm分ss秒 zzzz","Md H時mm分ss秒 zzzz":"M/d H時mm分ss秒 zzzz","MEd H時mm分ss秒 zzzz":"M/d(E) H時mm分ss秒 zzzz","MEEEEd H時mm分ss秒 zzzz":"M/dEEEE H時mm分ss秒 zzzz","MMM H時mm分ss秒 zzzz":"M月 H時mm分ss秒 zzzz","MMMd H時mm分ss秒 zzzz":"M月d日 H時mm分ss秒 zzzz","MMMEd H時mm分ss秒 zzzz":"M月d日(E) H時mm分ss秒 zzzz","MMMEEEEd H時mm分ss秒 zzzz":"M月d日EEEE H時mm分ss秒 zzzz","MMMMd H時mm分ss秒 zzzz":"M月d日 H時mm分ss秒 zzzz","y H時mm分ss秒 zzzz":"y年 H時mm分ss秒 zzzz","yM H時mm分ss秒 zzzz":"y/M H時mm分ss秒 zzzz","yMd H時mm分ss秒 zzzz":"y/M/d H時mm分ss秒 zzzz","yMEd H時mm分ss秒 zzzz":"y/M/d(E) H時mm分ss秒 zzzz","yMEEEEd H時mm分ss秒 zzzz":"y/M/dEEEE H時mm分ss秒 zzzz","yMM H時mm分ss秒 zzzz":"y/MM H時mm分ss秒 zzzz","yMMM H時mm分ss秒 zzzz":"y年M月 H時mm分ss秒 zzzz","yMMMd H時mm分ss秒 zzzz":"y年M月d日 H時mm分ss秒 zzzz","yMMMEd H時mm分ss秒 zzzz":"y年M月d日(E) H時mm分ss秒 zzzz","yMMMEEEEd H時mm分ss秒 zzzz":"y年M月d日EEEE H時mm分ss秒 zzzz","yMMMM H時mm分ss秒 zzzz":"y年M月 H時mm分ss秒 zzzz","y年M月d日EEEE H:mm:ss z":"y年M月d日EEEE H:mm:ss z","y年M月d日 H:mm:ss z":"y年M月d日 H:mm:ss z","y/MM/dd H:mm:ss z":"y/MM/dd H:mm:ss z","d H:mm:ss z":"d日 H:mm:ss z","E H:mm:ss z":"ccc H:mm:ss z","Ed H:mm:ss z":"d日(E) H:mm:ss z","EEEEd H:mm:ss z":"d日EEEE H:mm:ss z","Gy H:mm:ss z":"Gy年 H:mm:ss z","GyMd H:mm:ss z":"Gy/M/d H:mm:ss z","GyMMM H:mm:ss z":"Gy年M月 H:mm:ss z","GyMMMd H:mm:ss z":"Gy年M月d日 H:mm:ss z","GyMMMEd H:mm:ss z":"Gy年M月d日(E) H:mm:ss z","GyMMMEEEEd H:mm:ss z":"Gy年M月d日EEEE H:mm:ss z","M H:mm:ss z":"M月 H:mm:ss z","Md H:mm:ss z":"M/d H:mm:ss z","MEd H:mm:ss z":"M/d(E) H:mm:ss z","MEEEEd H:mm:ss z":"M/dEEEE H:mm:ss z","MMM H:mm:ss z":"M月 H:mm:ss z","MMMd H:mm:ss z":"M月d日 H:mm:ss z","MMMEd H:mm:ss z":"M月d日(E) H:mm:ss z","MMMEEEEd H:mm:ss z":"M月d日EEEE H:mm:ss z","MMMMd H:mm:ss z":"M月d日 H:mm:ss z","y H:mm:ss z":"y年 H:mm:ss z","yM H:mm:ss z":"y/M H:mm:ss z","yMd H:mm:ss z":"y/M/d H:mm:ss z","yMEd H:mm:ss z":"y/M/d(E) H:mm:ss z","yMEEEEd H:mm:ss z":"y/M/dEEEE H:mm:ss z","yMM H:mm:ss z":"y/MM H:mm:ss z","yMMM H:mm:ss z":"y年M月 H:mm:ss z","yMMMd H:mm:ss z":"y年M月d日 H:mm:ss z","yMMMEd H:mm:ss z":"y年M月d日(E) H:mm:ss z","yMMMEEEEd H:mm:ss z":"y年M月d日EEEE H:mm:ss z","yMMMM H:mm:ss z":"y年M月 H:mm:ss z","y年M月d日EEEE H:mm:ss":"y年M月d日EEEE H:mm:ss","y年M月d日 H:mm:ss":"y年M月d日 H:mm:ss","y/MM/dd H:mm:ss":"y/MM/dd H:mm:ss","d H:mm:ss":"d日 H:mm:ss","E H:mm:ss":"ccc H:mm:ss","Ed H:mm:ss":"d日(E) H:mm:ss","EEEEd H:mm:ss":"d日EEEE H:mm:ss","Gy H:mm:ss":"Gy年 H:mm:ss","GyMd H:mm:ss":"Gy/M/d H:mm:ss","GyMMM H:mm:ss":"Gy年M月 H:mm:ss","GyMMMd H:mm:ss":"Gy年M月d日 H:mm:ss","GyMMMEd H:mm:ss":"Gy年M月d日(E) H:mm:ss","GyMMMEEEEd H:mm:ss":"Gy年M月d日EEEE H:mm:ss","M H:mm:ss":"M月 H:mm:ss","Md H:mm:ss":"M/d H:mm:ss","MEd H:mm:ss":"M/d(E) H:mm:ss","MEEEEd H:mm:ss":"M/dEEEE H:mm:ss","MMM H:mm:ss":"M月 H:mm:ss","MMMd H:mm:ss":"M月d日 H:mm:ss","MMMEd H:mm:ss":"M月d日(E) H:mm:ss","MMMEEEEd H:mm:ss":"M月d日EEEE H:mm:ss","MMMMd H:mm:ss":"M月d日 H:mm:ss","y H:mm:ss":"y年 H:mm:ss","yM H:mm:ss":"y/M H:mm:ss","yMd H:mm:ss":"y/M/d H:mm:ss","yMEd H:mm:ss":"y/M/d(E) H:mm:ss","yMEEEEd H:mm:ss":"y/M/dEEEE H:mm:ss","yMM H:mm:ss":"y/MM H:mm:ss","yMMM H:mm:ss":"y年M月 H:mm:ss","yMMMd H:mm:ss":"y年M月d日 H:mm:ss","yMMMEd H:mm:ss":"y年M月d日(E) H:mm:ss","yMMMEEEEd H:mm:ss":"y年M月d日EEEE H:mm:ss","yMMMM H:mm:ss":"y年M月 H:mm:ss","y年M月d日EEEE H:mm":"y年M月d日EEEE H:mm","y年M月d日 H:mm":"y年M月d日 H:mm","y/MM/dd H:mm":"y/MM/dd H:mm","d H:mm":"d日 H:mm","E H:mm":"ccc H:mm","Ed H:mm":"d日(E) H:mm","EEEEd H:mm":"d日EEEE H:mm","Gy H:mm":"Gy年 H:mm","GyMd H:mm":"Gy/M/d H:mm","GyMMM H:mm":"Gy年M月 H:mm","GyMMMd H:mm":"Gy年M月d日 H:mm","GyMMMEd H:mm":"Gy年M月d日(E) H:mm","GyMMMEEEEd H:mm":"Gy年M月d日EEEE H:mm","M H:mm":"M月 H:mm","Md H:mm":"M/d H:mm","MEd H:mm":"M/d(E) H:mm","MEEEEd H:mm":"M/dEEEE H:mm","MMM H:mm":"M月 H:mm","MMMd H:mm":"M月d日 H:mm","MMMEd H:mm":"M月d日(E) H:mm","MMMEEEEd H:mm":"M月d日EEEE H:mm","MMMMd H:mm":"M月d日 H:mm","y H:mm":"y年 H:mm","yM H:mm":"y/M H:mm","yMd H:mm":"y/M/d H:mm","yMEd H:mm":"y/M/d(E) H:mm","yMEEEEd H:mm":"y/M/dEEEE H:mm","yMM H:mm":"y/MM H:mm","yMMM H:mm":"y年M月 H:mm","yMMMd H:mm":"y年M月d日 H:mm","yMMMEd H:mm":"y年M月d日(E) H:mm","yMMMEEEEd H:mm":"y年M月d日EEEE H:mm","yMMMM H:mm":"y年M月 H:mm","y年M月d日EEEE Bh":"y年M月d日EEEE BK時","y年M月d日 Bh":"y年M月d日 BK時","y/MM/dd Bh":"y/MM/dd BK時","d Bh":"d日 BK時","E Bh":"ccc BK時","Ed Bh":"d日(E) BK時","EEEEd Bh":"d日EEEE BK時","Gy Bh":"Gy年 BK時","GyMd Bh":"Gy/M/d BK時","GyMMM Bh":"Gy年M月 BK時","GyMMMd Bh":"Gy年M月d日 BK時","GyMMMEd Bh":"Gy年M月d日(E) BK時","GyMMMEEEEd Bh":"Gy年M月d日EEEE BK時","M Bh":"M月 BK時","Md Bh":"M/d BK時","MEd Bh":"M/d(E) BK時","MEEEEd Bh":"M/dEEEE BK時","MMM Bh":"M月 BK時","MMMd Bh":"M月d日 BK時","MMMEd Bh":"M月d日(E) BK時","MMMEEEEd Bh":"M月d日EEEE BK時","MMMMd Bh":"M月d日 BK時","y Bh":"y年 BK時","yM Bh":"y/M BK時","yMd Bh":"y/M/d BK時","yMEd Bh":"y/M/d(E) BK時","yMEEEEd Bh":"y/M/dEEEE BK時","yMM Bh":"y/MM BK時","yMMM Bh":"y年M月 BK時","yMMMd Bh":"y年M月d日 BK時","yMMMEd Bh":"y年M月d日(E) BK時","yMMMEEEEd Bh":"y年M月d日EEEE BK時","yMMMM Bh":"y年M月 BK時","y年M月d日EEEE Bhm":"y年M月d日EEEE BK:mm","y年M月d日 Bhm":"y年M月d日 BK:mm","y/MM/dd Bhm":"y/MM/dd BK:mm","d Bhm":"d日 BK:mm","E Bhm":"ccc BK:mm","Ed Bhm":"d日(E) BK:mm","EEEEd Bhm":"d日EEEE BK:mm","Gy Bhm":"Gy年 BK:mm","GyMd Bhm":"Gy/M/d BK:mm","GyMMM Bhm":"Gy年M月 BK:mm","GyMMMd Bhm":"Gy年M月d日 BK:mm","GyMMMEd Bhm":"Gy年M月d日(E) BK:mm","GyMMMEEEEd Bhm":"Gy年M月d日EEEE BK:mm","M Bhm":"M月 BK:mm","Md Bhm":"M/d BK:mm","MEd Bhm":"M/d(E) BK:mm","MEEEEd Bhm":"M/dEEEE BK:mm","MMM Bhm":"M月 BK:mm","MMMd Bhm":"M月d日 BK:mm","MMMEd Bhm":"M月d日(E) BK:mm","MMMEEEEd Bhm":"M月d日EEEE BK:mm","MMMMd Bhm":"M月d日 BK:mm","y Bhm":"y年 BK:mm","yM Bhm":"y/M BK:mm","yMd Bhm":"y/M/d BK:mm","yMEd Bhm":"y/M/d(E) BK:mm","yMEEEEd Bhm":"y/M/dEEEE BK:mm","yMM Bhm":"y/MM BK:mm","yMMM Bhm":"y年M月 BK:mm","yMMMd Bhm":"y年M月d日 BK:mm","yMMMEd Bhm":"y年M月d日(E) BK:mm","yMMMEEEEd Bhm":"y年M月d日EEEE BK:mm","yMMMM Bhm":"y年M月 BK:mm","y年M月d日EEEE Bhms":"y年M月d日EEEE BK:mm:ss","y年M月d日 Bhms":"y年M月d日 BK:mm:ss","y/MM/dd Bhms":"y/MM/dd BK:mm:ss","d Bhms":"d日 BK:mm:ss","E Bhms":"ccc BK:mm:ss","Ed Bhms":"d日(E) BK:mm:ss","EEEEd Bhms":"d日EEEE BK:mm:ss","Gy Bhms":"Gy年 BK:mm:ss","GyMd Bhms":"Gy/M/d BK:mm:ss","GyMMM Bhms":"Gy年M月 BK:mm:ss","GyMMMd Bhms":"Gy年M月d日 BK:mm:ss","GyMMMEd Bhms":"Gy年M月d日(E) BK:mm:ss","GyMMMEEEEd Bhms":"Gy年M月d日EEEE BK:mm:ss","M Bhms":"M月 BK:mm:ss","Md Bhms":"M/d BK:mm:ss","MEd Bhms":"M/d(E) BK:mm:ss","MEEEEd Bhms":"M/dEEEE BK:mm:ss","MMM Bhms":"M月 BK:mm:ss","MMMd Bhms":"M月d日 BK:mm:ss","MMMEd Bhms":"M月d日(E) BK:mm:ss","MMMEEEEd Bhms":"M月d日EEEE BK:mm:ss","MMMMd Bhms":"M月d日 BK:mm:ss","y Bhms":"y年 BK:mm:ss","yM Bhms":"y/M BK:mm:ss","yMd Bhms":"y/M/d BK:mm:ss","yMEd Bhms":"y/M/d(E) BK:mm:ss","yMEEEEd Bhms":"y/M/dEEEE BK:mm:ss","yMM Bhms":"y/MM BK:mm:ss","yMMM Bhms":"y年M月 BK:mm:ss","yMMMd Bhms":"y年M月d日 BK:mm:ss","yMMMEd Bhms":"y年M月d日(E) BK:mm:ss","yMMMEEEEd Bhms":"y年M月d日EEEE BK:mm:ss","yMMMM Bhms":"y年M月 BK:mm:ss","y年M月d日EEEE h":"y年M月d日EEEE aK時","y年M月d日 h":"y年M月d日 aK時","y/MM/dd h":"y/MM/dd aK時","d h":"d日 aK時","E h":"ccc aK時","Ed h":"d日(E) aK時","EEEEd h":"d日EEEE aK時","Gy h":"Gy年 aK時","GyMd h":"Gy/M/d aK時","GyMMM h":"Gy年M月 aK時","GyMMMd h":"Gy年M月d日 aK時","GyMMMEd h":"Gy年M月d日(E) aK時","GyMMMEEEEd h":"Gy年M月d日EEEE aK時","M h":"M月 aK時","Md h":"M/d aK時","MEd h":"M/d(E) aK時","MEEEEd h":"M/dEEEE aK時","MMM h":"M月 aK時","MMMd h":"M月d日 aK時","MMMEd h":"M月d日(E) aK時","MMMEEEEd h":"M月d日EEEE aK時","MMMMd h":"M月d日 aK時","y h":"y年 aK時","yM h":"y/M aK時","yMd h":"y/M/d aK時","yMEd h":"y/M/d(E) aK時","yMEEEEd h":"y/M/dEEEE aK時","yMM h":"y/MM aK時","yMMM h":"y年M月 aK時","yMMMd h":"y年M月d日 aK時","yMMMEd h":"y年M月d日(E) aK時","yMMMEEEEd h":"y年M月d日EEEE aK時","yMMMM h":"y年M月 aK時","y年M月d日EEEE H":"y年M月d日EEEE H時","y年M月d日 H":"y年M月d日 H時","y/MM/dd H":"y/MM/dd H時","d H":"d日 H時","E H":"ccc H時","Ed H":"d日(E) H時","EEEEd H":"d日EEEE H時","Gy H":"Gy年 H時","GyMd H":"Gy/M/d H時","GyMMM H":"Gy年M月 H時","GyMMMd H":"Gy年M月d日 H時","GyMMMEd H":"Gy年M月d日(E) H時","GyMMMEEEEd H":"Gy年M月d日EEEE H時","M H":"M月 H時","Md H":"M/d H時","MEd H":"M/d(E) H時","MEEEEd H":"M/dEEEE H時","MMM H":"M月 H時","MMMd H":"M月d日 H時","MMMEd H":"M月d日(E) H時","MMMEEEEd H":"M月d日EEEE H時","MMMMd H":"M月d日 H時","y H":"y年 H時","yM H":"y/M H時","yMd H":"y/M/d H時","yMEd H":"y/M/d(E) H時","yMEEEEd H":"y/M/dEEEE H時","yMM H":"y/MM H時","yMMM H":"y年M月 H時","yMMMd H":"y年M月d日 H時","yMMMEd H":"y年M月d日(E) H時","yMMMEEEEd H":"y年M月d日EEEE H時","yMMMM H":"y年M月 H時","y年M月d日EEEE hm":"y年M月d日EEEE aK:mm","y年M月d日 hm":"y年M月d日 aK:mm","y/MM/dd hm":"y/MM/dd aK:mm","d hm":"d日 aK:mm","E hm":"ccc aK:mm","Ed hm":"d日(E) aK:mm","EEEEd hm":"d日EEEE aK:mm","Gy hm":"Gy年 aK:mm","GyMd hm":"Gy/M/d aK:mm","GyMMM hm":"Gy年M月 aK:mm","GyMMMd hm":"Gy年M月d日 aK:mm","GyMMMEd hm":"Gy年M月d日(E) aK:mm","GyMMMEEEEd hm":"Gy年M月d日EEEE aK:mm","M hm":"M月 aK:mm","Md hm":"M/d aK:mm","MEd hm":"M/d(E) aK:mm","MEEEEd hm":"M/dEEEE aK:mm","MMM hm":"M月 aK:mm","MMMd hm":"M月d日 aK:mm","MMMEd hm":"M月d日(E) aK:mm","MMMEEEEd hm":"M月d日EEEE aK:mm","MMMMd hm":"M月d日 aK:mm","y hm":"y年 aK:mm","yM hm":"y/M aK:mm","yMd hm":"y/M/d aK:mm","yMEd hm":"y/M/d(E) aK:mm","yMEEEEd hm":"y/M/dEEEE aK:mm","yMM hm":"y/MM aK:mm","yMMM hm":"y年M月 aK:mm","yMMMd hm":"y年M月d日 aK:mm","yMMMEd hm":"y年M月d日(E) aK:mm","yMMMEEEEd hm":"y年M月d日EEEE aK:mm","yMMMM hm":"y年M月 aK:mm","y年M月d日EEEE Hm":"y年M月d日EEEE H:mm","y年M月d日 Hm":"y年M月d日 H:mm","y/MM/dd Hm":"y/MM/dd H:mm","d Hm":"d日 H:mm","E Hm":"ccc H:mm","Ed Hm":"d日(E) H:mm","EEEEd Hm":"d日EEEE H:mm","Gy Hm":"Gy年 H:mm","GyMd Hm":"Gy/M/d H:mm","GyMMM Hm":"Gy年M月 H:mm","GyMMMd Hm":"Gy年M月d日 H:mm","GyMMMEd Hm":"Gy年M月d日(E) H:mm","GyMMMEEEEd Hm":"Gy年M月d日EEEE H:mm","M Hm":"M月 H:mm","Md Hm":"M/d H:mm","MEd Hm":"M/d(E) H:mm","MEEEEd Hm":"M/dEEEE H:mm","MMM Hm":"M月 H:mm","MMMd Hm":"M月d日 H:mm","MMMEd Hm":"M月d日(E) H:mm","MMMEEEEd Hm":"M月d日EEEE H:mm","MMMMd Hm":"M月d日 H:mm","y Hm":"y年 H:mm","yM Hm":"y/M H:mm","yMd Hm":"y/M/d H:mm","yMEd Hm":"y/M/d(E) H:mm","yMEEEEd Hm":"y/M/dEEEE H:mm","yMM Hm":"y/MM H:mm","yMMM Hm":"y年M月 H:mm","yMMMd Hm":"y年M月d日 H:mm","yMMMEd Hm":"y年M月d日(E) H:mm","yMMMEEEEd Hm":"y年M月d日EEEE H:mm","yMMMM Hm":"y年M月 H:mm","y年M月d日EEEE hms":"y年M月d日EEEE aK:mm:ss","y年M月d日 hms":"y年M月d日 aK:mm:ss","y/MM/dd hms":"y/MM/dd aK:mm:ss","d hms":"d日 aK:mm:ss","E hms":"ccc aK:mm:ss","Ed hms":"d日(E) aK:mm:ss","EEEEd hms":"d日EEEE aK:mm:ss","Gy hms":"Gy年 aK:mm:ss","GyMd hms":"Gy/M/d aK:mm:ss","GyMMM hms":"Gy年M月 aK:mm:ss","GyMMMd hms":"Gy年M月d日 aK:mm:ss","GyMMMEd hms":"Gy年M月d日(E) aK:mm:ss","GyMMMEEEEd hms":"Gy年M月d日EEEE aK:mm:ss","M hms":"M月 aK:mm:ss","Md hms":"M/d aK:mm:ss","MEd hms":"M/d(E) aK:mm:ss","MEEEEd hms":"M/dEEEE aK:mm:ss","MMM hms":"M月 aK:mm:ss","MMMd hms":"M月d日 aK:mm:ss","MMMEd hms":"M月d日(E) aK:mm:ss","MMMEEEEd hms":"M月d日EEEE aK:mm:ss","MMMMd hms":"M月d日 aK:mm:ss","y hms":"y年 aK:mm:ss","yM hms":"y/M aK:mm:ss","yMd hms":"y/M/d aK:mm:ss","yMEd hms":"y/M/d(E) aK:mm:ss","yMEEEEd hms":"y/M/dEEEE aK:mm:ss","yMM hms":"y/MM aK:mm:ss","yMMM hms":"y年M月 aK:mm:ss","yMMMd hms":"y年M月d日 aK:mm:ss","yMMMEd hms":"y年M月d日(E) aK:mm:ss","yMMMEEEEd hms":"y年M月d日EEEE aK:mm:ss","yMMMM hms":"y年M月 aK:mm:ss","y年M月d日EEEE Hms":"y年M月d日EEEE H:mm:ss","y年M月d日 Hms":"y年M月d日 H:mm:ss","y/MM/dd Hms":"y/MM/dd H:mm:ss","d Hms":"d日 H:mm:ss","E Hms":"ccc H:mm:ss","Ed Hms":"d日(E) H:mm:ss","EEEEd Hms":"d日EEEE H:mm:ss","Gy Hms":"Gy年 H:mm:ss","GyMd Hms":"Gy/M/d H:mm:ss","GyMMM Hms":"Gy年M月 H:mm:ss","GyMMMd Hms":"Gy年M月d日 H:mm:ss","GyMMMEd Hms":"Gy年M月d日(E) H:mm:ss","GyMMMEEEEd Hms":"Gy年M月d日EEEE H:mm:ss","M Hms":"M月 H:mm:ss","Md Hms":"M/d H:mm:ss","MEd Hms":"M/d(E) H:mm:ss","MEEEEd Hms":"M/dEEEE H:mm:ss","MMM Hms":"M月 H:mm:ss","MMMd Hms":"M月d日 H:mm:ss","MMMEd Hms":"M月d日(E) H:mm:ss","MMMEEEEd Hms":"M月d日EEEE H:mm:ss","MMMMd Hms":"M月d日 H:mm:ss","y Hms":"y年 H:mm:ss","yM Hms":"y/M H:mm:ss","yMd Hms":"y/M/d H:mm:ss","yMEd Hms":"y/M/d(E) H:mm:ss","yMEEEEd Hms":"y/M/dEEEE H:mm:ss","yMM Hms":"y/MM H:mm:ss","yMMM Hms":"y年M月 H:mm:ss","yMMMd Hms":"y年M月d日 H:mm:ss","yMMMEd Hms":"y年M月d日(E) H:mm:ss","yMMMEEEEd Hms":"y年M月d日EEEE H:mm:ss","yMMMM Hms":"y年M月 H:mm:ss","y年M月d日EEEE hmsv":"y年M月d日EEEE aK:mm:ss v","y年M月d日 hmsv":"y年M月d日 aK:mm:ss v","y/MM/dd hmsv":"y/MM/dd aK:mm:ss v","d hmsv":"d日 aK:mm:ss v","E hmsv":"ccc aK:mm:ss v","Ed hmsv":"d日(E) aK:mm:ss v","EEEEd hmsv":"d日EEEE aK:mm:ss v","Gy hmsv":"Gy年 aK:mm:ss v","GyMd hmsv":"Gy/M/d aK:mm:ss v","GyMMM hmsv":"Gy年M月 aK:mm:ss v","GyMMMd hmsv":"Gy年M月d日 aK:mm:ss v","GyMMMEd hmsv":"Gy年M月d日(E) aK:mm:ss v","GyMMMEEEEd hmsv":"Gy年M月d日EEEE aK:mm:ss v","M hmsv":"M月 aK:mm:ss v","Md hmsv":"M/d aK:mm:ss v","MEd hmsv":"M/d(E) aK:mm:ss v","MEEEEd hmsv":"M/dEEEE aK:mm:ss v","MMM hmsv":"M月 aK:mm:ss v","MMMd hmsv":"M月d日 aK:mm:ss v","MMMEd hmsv":"M月d日(E) aK:mm:ss v","MMMEEEEd hmsv":"M月d日EEEE aK:mm:ss v","MMMMd hmsv":"M月d日 aK:mm:ss v","y hmsv":"y年 aK:mm:ss v","yM hmsv":"y/M aK:mm:ss v","yMd hmsv":"y/M/d aK:mm:ss v","yMEd hmsv":"y/M/d(E) aK:mm:ss v","yMEEEEd hmsv":"y/M/dEEEE aK:mm:ss v","yMM hmsv":"y/MM aK:mm:ss v","yMMM hmsv":"y年M月 aK:mm:ss v","yMMMd hmsv":"y年M月d日 aK:mm:ss v","yMMMEd hmsv":"y年M月d日(E) aK:mm:ss v","yMMMEEEEd hmsv":"y年M月d日EEEE aK:mm:ss v","yMMMM hmsv":"y年M月 aK:mm:ss v","y年M月d日EEEE Hmsv":"y年M月d日EEEE H:mm:ss v","y年M月d日 Hmsv":"y年M月d日 H:mm:ss v","y/MM/dd Hmsv":"y/MM/dd H:mm:ss v","d Hmsv":"d日 H:mm:ss v","E Hmsv":"ccc H:mm:ss v","Ed Hmsv":"d日(E) H:mm:ss v","EEEEd Hmsv":"d日EEEE H:mm:ss v","Gy Hmsv":"Gy年 H:mm:ss v","GyMd Hmsv":"Gy/M/d H:mm:ss v","GyMMM Hmsv":"Gy年M月 H:mm:ss v","GyMMMd Hmsv":"Gy年M月d日 H:mm:ss v","GyMMMEd Hmsv":"Gy年M月d日(E) H:mm:ss v","GyMMMEEEEd Hmsv":"Gy年M月d日EEEE H:mm:ss v","M Hmsv":"M月 H:mm:ss v","Md Hmsv":"M/d H:mm:ss v","MEd Hmsv":"M/d(E) H:mm:ss v","MEEEEd Hmsv":"M/dEEEE H:mm:ss v","MMM Hmsv":"M月 H:mm:ss v","MMMd Hmsv":"M月d日 H:mm:ss v","MMMEd Hmsv":"M月d日(E) H:mm:ss v","MMMEEEEd Hmsv":"M月d日EEEE H:mm:ss v","MMMMd Hmsv":"M月d日 H:mm:ss v","y Hmsv":"y年 H:mm:ss v","yM Hmsv":"y/M H:mm:ss v","yMd Hmsv":"y/M/d H:mm:ss v","yMEd Hmsv":"y/M/d(E) H:mm:ss v","yMEEEEd Hmsv":"y/M/dEEEE H:mm:ss v","yMM Hmsv":"y/MM H:mm:ss v","yMMM Hmsv":"y年M月 H:mm:ss v","yMMMd Hmsv":"y年M月d日 H:mm:ss v","yMMMEd Hmsv":"y年M月d日(E) H:mm:ss v","yMMMEEEEd Hmsv":"y年M月d日EEEE H:mm:ss v","yMMMM Hmsv":"y年M月 H:mm:ss v","y年M月d日EEEE hmv":"y年M月d日EEEE aK:mm v","y年M月d日 hmv":"y年M月d日 aK:mm v","y/MM/dd hmv":"y/MM/dd aK:mm v","d hmv":"d日 aK:mm v","E hmv":"ccc aK:mm v","Ed hmv":"d日(E) aK:mm v","EEEEd hmv":"d日EEEE aK:mm v","Gy hmv":"Gy年 aK:mm v","GyMd hmv":"Gy/M/d aK:mm v","GyMMM hmv":"Gy年M月 aK:mm v","GyMMMd hmv":"Gy年M月d日 aK:mm v","GyMMMEd hmv":"Gy年M月d日(E) aK:mm v","GyMMMEEEEd hmv":"Gy年M月d日EEEE aK:mm v","M hmv":"M月 aK:mm v","Md hmv":"M/d aK:mm v","MEd hmv":"M/d(E) aK:mm v","MEEEEd hmv":"M/dEEEE aK:mm v","MMM hmv":"M月 aK:mm v","MMMd hmv":"M月d日 aK:mm v","MMMEd hmv":"M月d日(E) aK:mm v","MMMEEEEd hmv":"M月d日EEEE aK:mm v","MMMMd hmv":"M月d日 aK:mm v","y hmv":"y年 aK:mm v","yM hmv":"y/M aK:mm v","yMd hmv":"y/M/d aK:mm v","yMEd hmv":"y/M/d(E) aK:mm v","yMEEEEd hmv":"y/M/dEEEE aK:mm v","yMM hmv":"y/MM aK:mm v","yMMM hmv":"y年M月 aK:mm v","yMMMd hmv":"y年M月d日 aK:mm v","yMMMEd hmv":"y年M月d日(E) aK:mm v","yMMMEEEEd hmv":"y年M月d日EEEE aK:mm v","yMMMM hmv":"y年M月 aK:mm v","y年M月d日EEEE Hmv":"y年M月d日EEEE H:mm v","y年M月d日 Hmv":"y年M月d日 H:mm v","y/MM/dd Hmv":"y/MM/dd H:mm v","d Hmv":"d日 H:mm v","E Hmv":"ccc H:mm v","Ed Hmv":"d日(E) H:mm v","EEEEd Hmv":"d日EEEE H:mm v","Gy Hmv":"Gy年 H:mm v","GyMd Hmv":"Gy/M/d H:mm v","GyMMM Hmv":"Gy年M月 H:mm v","GyMMMd Hmv":"Gy年M月d日 H:mm v","GyMMMEd Hmv":"Gy年M月d日(E) H:mm v","GyMMMEEEEd Hmv":"Gy年M月d日EEEE H:mm v","M Hmv":"M月 H:mm v","Md Hmv":"M/d H:mm v","MEd Hmv":"M/d(E) H:mm v","MEEEEd Hmv":"M/dEEEE H:mm v","MMM Hmv":"M月 H:mm v","MMMd Hmv":"M月d日 H:mm v","MMMEd Hmv":"M月d日(E) H:mm v","MMMEEEEd Hmv":"M月d日EEEE H:mm v","MMMMd Hmv":"M月d日 H:mm v","y Hmv":"y年 H:mm v","yM Hmv":"y/M H:mm v","yMd Hmv":"y/M/d H:mm v","yMEd Hmv":"y/M/d(E) H:mm v","yMEEEEd Hmv":"y/M/dEEEE H:mm v","yMM Hmv":"y/MM H:mm v","yMMM Hmv":"y年M月 H:mm v","yMMMd Hmv":"y年M月d日 H:mm v","yMMMEd Hmv":"y年M月d日(E) H:mm v","yMMMEEEEd Hmv":"y年M月d日EEEE H:mm v","yMMMM Hmv":"y年M月 H:mm v","y年M月d日EEEE ms":"y年M月d日EEEE mm:ss","y年M月d日 ms":"y年M月d日 mm:ss","y/MM/dd ms":"y/MM/dd mm:ss","d ms":"d日 mm:ss","E ms":"ccc mm:ss","Ed ms":"d日(E) mm:ss","EEEEd ms":"d日EEEE mm:ss","Gy ms":"Gy年 mm:ss","GyMd ms":"Gy/M/d mm:ss","GyMMM ms":"Gy年M月 mm:ss","GyMMMd ms":"Gy年M月d日 mm:ss","GyMMMEd ms":"Gy年M月d日(E) mm:ss","GyMMMEEEEd ms":"Gy年M月d日EEEE mm:ss","M ms":"M月 mm:ss","Md ms":"M/d mm:ss","MEd ms":"M/d(E) mm:ss","MEEEEd ms":"M/dEEEE mm:ss","MMM ms":"M月 mm:ss","MMMd ms":"M月d日 mm:ss","MMMEd ms":"M月d日(E) mm:ss","MMMEEEEd ms":"M月d日EEEE mm:ss","MMMMd ms":"M月d日 mm:ss","y ms":"y年 mm:ss","yM ms":"y/M mm:ss","yMd ms":"y/M/d mm:ss","yMEd ms":"y/M/d(E) mm:ss","yMEEEEd ms":"y/M/dEEEE mm:ss","yMM ms":"y/MM mm:ss","yMMM ms":"y年M月 mm:ss","yMMMd ms":"y年M月d日 mm:ss","yMMMEd ms":"y年M月d日(E) mm:ss","yMMMEEEEd ms":"y年M月d日EEEE mm:ss","yMMMM ms":"y年M月 mm:ss"}},"intervalFormats":{"intervalFormatFallback":"{0}～{1}","Bh":{"B":"BK時～BK時","h":"BK時～K時"},"Bhm":{"B":"BK:mm～BK:mm","h":"BK:mm～K:mm","m":"BK:mm～K:mm"},"d":{"d":"d日～d日"},"Gy":{"G":"Gy年～Gy年","y":"Gy年～y年"},"GyM":{"G":"Gy/MM～Gy/MM","M":"Gy/MM～y/MM","y":"Gy/MM～y/MM"},"GyMd":{"d":"Gy/MM/dd～y/MM/dd","G":"Gy/MM/dd～Gy/MM/dd","M":"Gy/MM/dd～y/MM/dd","y":"Gy/MM/dd～y/MM/dd"},"GyMEd":{"d":"Gy/MM/dd(E)～y/MM/dd(E)","G":"Gy/MM/dd(E)～Gy/MM/dd(E)","M":"Gy/MM/dd(E)～y/MM/dd(E)","y":"Gy/MM/dd(E)～y/MM/dd(E)"},"GyMMM":{"G":"Gy年M月～Gy年M月","M":"Gy年M月～M月","y":"Gy年M月～y年M月"},"GyMMMd":{"d":"Gy年M月d日～d日","G":"Gy年M月d日～Gy年M月d日","M":"Gy年M月d日～M月d日","y":"Gy年M月d日～y年M月d日"},"GyMMMEd":{"d":"Gy年M月d日(E)～d日(E)","G":"Gy年M月d日(E)～Gy年M月d日(E)","M":"Gy年M月d日(E)～M月d日(E)","y":"Gy年M月d日(E)～y年M月d日(E)"},"h":{"a":"aK時～aK時","h":"aK時～K時"},"H":{"H":"H時～H時"},"hm":{"a":"aK時mm分～aK時mm分","h":"aK時mm分～K時mm分","m":"aK時mm分～K時mm分"},"Hm":{"H":"H時mm分～H時mm分","m":"H時mm分～H時mm分"},"hmv":{"a":"aK時mm分～aK時mm分(v)","h":"aK時mm分～K時mm分(v)","m":"aK時mm分～K時mm分(v)"},"Hmv":{"H":"H時mm分～H時mm分(v)","m":"H時mm分～H時mm分(v)"},"hv":{"a":"aK時～aK時(v)","h":"aK時～K時(v)"},"Hv":{"H":"H時～H時(v)"},"M":{"M":"M月～M月"},"Md":{"d":"MM/dd～MM/dd","M":"MM/dd～MM/dd"},"MEd":{"d":"MM/dd(E)～MM/dd(E)","M":"MM/dd(E)～MM/dd(E)"},"MMM":{"M":"M月～M月"},"MMMd":{"d":"M月d日～d日","M":"M月d日～M月d日"},"MMMEd":{"d":"M月d日(E)～d日(E)","M":"M月d日(E)～M月d日(E)"},"MMMM":{"M":"M月～M月"},"y":{"y":"y年～y年"},"yM":{"M":"y/MM～y/MM","y":"y/MM～y/MM"},"yMd":{"d":"y/MM/dd～y/MM/dd","M":"y/MM/dd～y/MM/dd","y":"y/MM/dd～y/MM/dd"},"yMEd":{"d":"y/MM/dd(E)～y/MM/dd(E)","M":"y/MM/dd(E)～y/MM/dd(E)","y":"y/MM/dd(E)～y/MM/dd(E)"},"yMMM":{"M":"y年M月～M月","y":"y年M月～y年M月"},"yMMMd":{"d":"y年M月d日～d日","M":"y年M月d日～M月d日","y":"y年M月d日～y年M月d日"},"yMMMEd":{"d":"y年M月d日(E)～d日(E)","M":"y年M月d日(E)～M月d日(E)","y":"y年M月d日(E)～y年M月d日(E)"},"yMMMM":{"M":"y年M月～M月","y":"y年M月～y年M月"}},"hourCycle":"h23","nu":["latn"],"ca":["gregory","japanese"],"hc":["h23","h11","h12"]},"locale":"ja"}