{"data":{"am":"AM","pm":"PM","weekday":{"narrow":["კ","ო","ს","ო","ხ","პ","შ"],"short":["კვი","ორშ","სამ","ოთხ","ხუთ","პარ","შაბ"],"long":["კვირა","ორშაბათი","სამშაბათი","ოთხშაბათი","ხუთშაბათი","პარასკევი","შაბათი"]},"era":{"narrow":{"BC":"ძვ. წ.","AD":"ახ. წ."},"short":{"BC":"ძვ. წ.","AD":"ახ. წ."},"long":{"BC":"ძველი წელთაღრიცხვით","AD":"ახალი წელთაღრიცხვით"}},"month":{"narrow":["ი","თ","მ","ა","მ","ი","ი","ა","ს","ო","ნ","დ"],"short":["იან","თებ","მარ","აპრ","მაი","ივნ","ივლ","აგვ","სექ","ოქტ","ნოე","დეკ"],"long":["იანვარი","თებერვალი","მარტი","აპრილი","მაისი","ივნისი","ივლისი","აგვისტო","სექტემბერი","ოქტომბერი","ნოემბერი","დეკემბერი"]},"timeZoneName":{"Asia/Kabul":{"long":["ავღანეთის დრო","ავღანეთის დრო"]},"Africa/Maputo":{"long":["ცენტრალური აფრიკის დრო","ცენტრალური აფრიკის დრო"]},"Africa/Bujumbura":{"long":["ცენტრალური აფრიკის დრო","ცენტრალური აფრიკის დრო"]},"Africa/Gaborone":{"long":["ცენტრალური აფრიკის დრო","ცენტრალური აფრიკის დრო"]},"Africa/Lubumbashi":{"long":["ცენტრალური აფრიკის დრო","ცენტრალური აფრიკის დრო"]},"Africa/Blantyre":{"long":["ცენტრალური აფრიკის დრო","ცენტრალური აფრიკის დრო"]},"Africa/Kigali":{"long":["ცენტრალური აფრიკის დრო","ცენტრალური აფრიკის დრო"]},"Africa/Lusaka":{"long":["ცენტრალური აფრიკის დრო","ცენტრალური აფრიკის დრო"]},"Africa/Harare":{"long":["ცენტრალური აფრიკის დრო","ცენტრალური აფრიკის დრო"]},"Africa/Nairobi":{"long":["აღმოსავლეთ აფრიკის დრო","აღმოსავლეთ აფრიკის დრო"]},"Africa/Djibouti":{"long":["აღმოსავლეთ აფრიკის დრო","აღმოსავლეთ აფრიკის დრო"]},"Africa/Asmera":{"long":["აღმოსავლეთ აფრიკის დრო","აღმოსავლეთ აფრიკის დრო"]},"Africa/Addis_Ababa":{"long":["აღმოსავლეთ აფრიკის დრო","აღმოსავლეთ აფრიკის დრო"]},"Indian/Comoro":{"long":["აღმოსავლეთ აფრიკის დრო","აღმოსავლეთ აფრიკის დრო"]},"Indian/Antananarivo":{"long":["აღმოსავლეთ აფრიკის დრო","აღმოსავლეთ აფრიკის დრო"]},"Africa/Mogadishu":{"long":["აღმოსავლეთ აფრიკის დრო","აღმოსავლეთ აფრიკის დრო"]},"Africa/Dar_es_Salaam":{"long":["აღმოსავლეთ აფრიკის დრო","აღმოსავლეთ აფრიკის დრო"]},"Africa/Kampala":{"long":["აღმოსავლეთ აფრიკის დრო","აღმოსავლეთ აფრიკის დრო"]},"Indian/Mayotte":{"long":["აღმოსავლეთ აფრიკის დრო","აღმოსავლეთ აფრიკის დრო"]},"Africa/Johannesburg":{"long":["სამხრეთ აფრიკის დრო","სამხრეთ აფრიკის დრო"]},"Africa/Maseru":{"long":["სამხრეთ აფრიკის დრო","სამხრეთ აფრიკის დრო"]},"Africa/Mbabane":{"long":["სამხრეთ აფრიკის დრო","სამხრეთ აფრიკის დრო"]},"Africa/Lagos":{"long":["დასავლეთ აფრიკის სტანდარტული დრო","დასავლეთ აფრიკის ზაფხულის დრო"]},"Africa/Luanda":{"long":["დასავლეთ აფრიკის სტანდარტული დრო","დასავლეთ აფრიკის ზაფხულის დრო"]},"Africa/Porto-Novo":{"long":["დასავლეთ აფრიკის სტანდარტული დრო","დასავლეთ აფრიკის ზაფხულის დრო"]},"Africa/Kinshasa":{"long":["დასავლეთ აფრიკის სტანდარტული დრო","დასავლეთ აფრიკის ზაფხულის დრო"]},"Africa/Bangui":{"long":["დასავლეთ აფრიკის სტანდარტული დრო","დასავლეთ აფრიკის ზაფხულის დრო"]},"Africa/Brazzaville":{"long":["დასავლეთ აფრიკის სტანდარტული დრო","დასავლეთ აფრიკის ზაფხულის დრო"]},"Africa/Douala":{"long":["დასავლეთ აფრიკის სტანდარტული დრო","დასავლეთ აფრიკის ზაფხულის დრო"]},"Africa/Libreville":{"long":["დასავლეთ აფრიკის სტანდარტული დრო","დასავლეთ აფრიკის ზაფხულის დრო"]},"Africa/Malabo":{"long":["დასავლეთ აფრიკის სტანდარტული დრო","დასავლეთ აფრიკის ზაფხულის დრო"]},"Africa/Niamey":{"long":["დასავლეთ აფრიკის სტანდარტული დრო","დასავლეთ აფრიკის ზაფხულის დრო"]},"Africa/Ndjamena":{"long":["დასავლეთ აფრიკის სტანდარტული დრო","დასავლეთ აფრიკის ზაფხულის დრო"]},"Asia/Aqtobe":{"long":["დასავლეთ ყაზახეთის დრო","დასავლეთ ყაზახეთის დრო"]},"America/Juneau":{"long":["ალასკის სტანდარტული დრო","ალასკის ზაფხულის დრო"]},"Asia/Almaty":{"long":["აღმოსავლეთ ყაზახეთის დრო","აღმოსავლეთ ყაზახეთის დრო"]},"America/Manaus":{"long":["ამაზონიის სტანდარტული დრო","ამაზონიის ზაფხულის დრო"]},"America/Chicago":{"long":["ჩრდილოეთ ამერიკის ცენტრალური სტანდარტული დრო","ჩრდილოეთ ამერიკის ცენტრალური ზაფხულის დრო"]},"America/Belize":{"long":["ჩრდილოეთ ამერიკის ცენტრალური სტანდარტული დრო","ჩრდილოეთ ამერიკის ცენტრალური ზაფხულის დრო"]},"America/Winnipeg":{"long":["ჩრდილოეთ ამერიკის ცენტრალური სტანდარტული დრო","ჩრდილოეთ ამერიკის ცენტრალური ზაფხულის დრო"]},"America/Costa_Rica":{"long":["ჩრდილოეთ ამერიკის ცენტრალური სტანდარტული დრო","ჩრდილოეთ ამერიკის ცენტრალური ზაფხულის დრო"]},"America/Guatemala":{"long":["ჩრდილოეთ ამერიკის ცენტრალური სტანდარტული დრო","ჩრდილოეთ ამერიკის ცენტრალური ზაფხულის დრო"]},"America/Tegucigalpa":{"long":["ჩრდილოეთ ამერიკის ცენტრალური სტანდარტული დრო","ჩრდილოეთ ამერიკის ცენტრალური ზაფხულის დრო"]},"America/Mexico_City":{"long":["ჩრდილოეთ ამერიკის ცენტრალური სტანდარტული დრო","ჩრდილოეთ ამერიკის ცენტრალური ზაფხულის დრო"]},"America/El_Salvador":{"long":["ჩრდილოეთ ამერიკის ცენტრალური სტანდარტული დრო","ჩრდილოეთ ამერიკის ცენტრალური ზაფხულის დრო"]},"America/New_York":{"long":["ჩრდილოეთ ამერიკის აღმოსავლეთის სტანდარტული დრო","ჩრდილოეთ ამერიკის აღმოსავლეთის ზაფხულის დრო"]},"America/Nassau":{"long":["ჩრდილოეთ ამერიკის აღმოსავლეთის სტანდარტული დრო","ჩრდილოეთ ამერიკის აღმოსავლეთის ზაფხულის დრო"]},"America/Toronto":{"long":["ჩრდილოეთ ამერიკის აღმოსავლეთის სტანდარტული დრო","ჩრდილოეთ ამერიკის აღმოსავლეთის ზაფხულის დრო"]},"America/Port-au-Prince":{"long":["ჩრდილოეთ ამერიკის აღმოსავლეთის სტანდარტული დრო","ჩრდილოეთ ამერიკის აღმოსავლეთის ზაფხულის დრო"]},"America/Jamaica":{"long":["ჩრდილოეთ ამერიკის აღმოსავლეთის სტანდარტული დრო","ჩრდილოეთ ამერიკის აღმოსავლეთის ზაფხულის დრო"]},"America/Cayman":{"long":["ჩრდილოეთ ამერიკის აღმოსავლეთის სტანდარტული დრო","ჩრდილოეთ ამერიკის აღმოსავლეთის ზაფხულის დრო"]},"America/Panama":{"long":["ჩრდილოეთ ამერიკის აღმოსავლეთის სტანდარტული დრო","ჩრდილოეთ ამერიკის აღმოსავლეთის ზაფხულის დრო"]},"America/Denver":{"long":["ჩრდილოეთ ამერიკის მაუნთინის სტანდარტული დრო","ჩრდილოეთ ამერიკის მაუნთინის ზაფხულის დრო"]},"America/Edmonton":{"long":["ჩრდილოეთ ამერიკის მაუნთინის სტანდარტული დრო","ჩრდილოეთ ამერიკის მაუნთინის ზაფხულის დრო"]},"America/Hermosillo":{"long":["ჩრდილოეთ ამერიკის მაუნთინის სტანდარტული დრო","ჩრდილოეთ ამერიკის მაუნთინის ზაფხულის დრო"]},"America/Los_Angeles":{"long":["ჩრდილოეთ ამერიკის წყნარი ოკეანის სტანდარტული დრო","ჩრდილოეთ ამერიკის წყნარი ოკეანის ზაფხულის დრო"]},"America/Vancouver":{"long":["ჩრდილოეთ ამერიკის წყნარი ოკეანის სტანდარტული დრო","ჩრდილოეთ ამერიკის წყნარი ოკეანის ზაფხულის დრო"]},"America/Tijuana":{"long":["ჩრდილოეთ ამერიკის წყნარი ოკეანის სტანდარტული დრო","ჩრდილოეთ ამერიკის წყნარი ოკეანის ზაფხულის დრო"]},"Pacific/Apia":{"long":["აპიას სტანდარტული დრო","აპიას ზაფხულის დრო"]},"Asia/Riyadh":{"long":["არაბეთის სტანდარტული დრო","არაბეთის ზაფხულის დრო"]},"Asia/Bahrain":{"long":["არაბეთის სტანდარტული დრო","არაბეთის ზაფხულის დრო"]},"Asia/Baghdad":{"long":["არაბეთის სტანდარტული დრო","არაბეთის ზაფხულის დრო"]},"Asia/Kuwait":{"long":["არაბეთის სტანდარტული დრო","არაბეთის ზაფხულის დრო"]},"Asia/Qatar":{"long":["არაბეთის სტანდარტული დრო","არაბეთის ზაფხულის დრო"]},"Asia/Aden":{"long":["არაბეთის სტანდარტული დრო","არაბეთის ზაფხულის დრო"]},"America/Buenos_Aires":{"long":["არგენტინის სტანდარტული დრო","არგენტინის ზაფხულის დრო"]},"America/Argentina/San_Luis":{"long":["დასავლეთ არგენტინის სტანდარტული დრო","დასავლეთ არგენტინის ზაფხულის დრო"]},"Asia/Ashgabat":{"long":["თურქმენეთის სტანდარტული დრო","თურქმენეთის ზაფხულის დრო"]},"America/Halifax":{"long":["ატლანტიკის ოკეანის სტანდარტული დრო","ატლანტიკის ოკეანის ზაფხულის დრო"]},"America/Antigua":{"long":["ატლანტიკის ოკეანის სტანდარტული დრო","ატლანტიკის ოკეანის ზაფხულის დრო"]},"America/Anguilla":{"long":["ატლანტიკის ოკეანის სტანდარტული დრო","ატლანტიკის ოკეანის ზაფხულის დრო"]},"America/Aruba":{"long":["ატლანტიკის ოკეანის სტანდარტული დრო","ატლანტიკის ოკეანის ზაფხულის დრო"]},"America/Barbados":{"long":["ატლანტიკის ოკეანის სტანდარტული დრო","ატლანტიკის ოკეანის ზაფხულის დრო"]},"Atlantic/Bermuda":{"long":["ატლანტიკის ოკეანის სტანდარტული დრო","ატლანტიკის ოკეანის ზაფხულის დრო"]},"America/Kralendijk":{"long":["ატლანტიკის ოკეანის სტანდარტული დრო","ატლანტიკის ოკეანის ზაფხულის დრო"]},"America/Curacao":{"long":["ატლანტიკის ოკეანის სტანდარტული დრო","ატლანტიკის ოკეანის ზაფხულის დრო"]},"America/Dominica":{"long":["ატლანტიკის ოკეანის სტანდარტული დრო","ატლანტიკის ოკეანის ზაფხულის დრო"]},"America/Grenada":{"long":["ატლანტიკის ოკეანის სტანდარტული დრო","ატლანტიკის ოკეანის ზაფხულის დრო"]},"America/Thule":{"long":["ატლანტიკის ოკეანის სტანდარტული დრო","ატლანტიკის ოკეანის ზაფხულის დრო"]},"America/Guadeloupe":{"long":["ატლანტიკის ოკეანის სტანდარტული დრო","ატლანტიკის ოკეანის ზაფხულის დრო"]},"America/St_Kitts":{"long":["ატლანტიკის ოკეანის სტანდარტული დრო","ატლანტიკის ოკეანის ზაფხულის დრო"]},"America/St_Lucia":{"long":["ატლანტიკის ოკეანის სტანდარტული დრო","ატლანტიკის ოკეანის ზაფხულის დრო"]},"America/Marigot":{"long":["ატლანტიკის ოკეანის სტანდარტული დრო","ატლანტიკის ოკეანის ზაფხულის დრო"]},"America/Martinique":{"long":["ატლანტიკის ოკეანის სტანდარტული დრო","ატლანტიკის ოკეანის ზაფხულის დრო"]},"America/Montserrat":{"long":["ატლანტიკის ოკეანის სტანდარტული დრო","ატლანტიკის ოკეანის ზაფხულის დრო"]},"America/Puerto_Rico":{"long":["ატლანტიკის ოკეანის სტანდარტული დრო","ატლანტიკის ოკეანის ზაფხულის დრო"]},"America/Lower_Princes":{"long":["ატლანტიკის ოკეანის სტანდარტული დრო","ატლანტიკის ოკეანის ზაფხულის დრო"]},"America/Port_of_Spain":{"long":["ატლანტიკის ოკეანის სტანდარტული დრო","ატლანტიკის ოკეანის ზაფხულის დრო"]},"America/St_Vincent":{"long":["ატლანტიკის ოკეანის სტანდარტული დრო","ატლანტიკის ოკეანის ზაფხულის დრო"]},"America/Tortola":{"long":["ატლანტიკის ოკეანის სტანდარტული დრო","ატლანტიკის ოკეანის ზაფხულის დრო"]},"America/St_Thomas":{"long":["ატლანტიკის ოკეანის სტანდარტული დრო","ატლანტიკის ოკეანის ზაფხულის დრო"]},"Australia/Adelaide":{"long":["ავსტრალიის ცენტრალური სტანდარტული დრო","ავსტრალიის ცენტრალური ზაფხულის დრო"]},"Australia/Eucla":{"long":["ცენტრალური და დასავლეთ ავსტრალიის სტანდარტული დრო","ცენტრალური და დასავლეთ ავსტრალიის ზაფხულის დრო"]},"Australia/Sydney":{"long":["აღმოსავლეთ ავსტრალიის სტანდარტული დრო","აღმოსავლეთ ავსტრალიის ზაფხულის დრო"]},"Australia/Perth":{"long":["დასავლეთ ავსტრალიის სტანდარტული დრო","დასავლეთ ავსტრალიის ზაფხულის დრო"]},"Atlantic/Azores":{"long":["აზორის კუნძულების სტანდარტული დრო","აზორის კუნძულების ზაფხულის დრო"]},"Asia/Thimphu":{"long":["ბუტანის დრო","ბუტანის დრო"]},"America/La_Paz":{"long":["ბოლივიის დრო","ბოლივიის დრო"]},"Asia/Kuching":{"long":["მალაიზიის დრო","მალაიზიის დრო"]},"America/Sao_Paulo":{"long":["ბრაზილიის სტანდარტული დრო","ბრაზილიის ზაფხულის დრო"]},"Europe/London":{"long":["გრინვიჩის საშუალო დრო","გრინვიჩის საშუალო დრო"]},"Asia/Brunei":{"long":["ბრუნეი-დარუსალამის დრო","ბრუნეი-დარუსალამის დრო"]},"Atlantic/Cape_Verde":{"long":["კაბო-ვერდეს სტანდარტული დრო","კაბო-ვერდეს ზაფხულის დრო"]},"Pacific/Chatham":{"long":["ჩატემის სტანდარტული დრო","ჩატემის ზაფხულის დრო"]},"America/Santiago":{"long":["ჩილეს სტანდარტული დრო","ჩილეს ზაფხულის დრო"]},"Asia/Shanghai":{"long":["ჩინეთის სტანდარტული დრო","ჩინეთის დროის სარტყელი"]},"Asia/Choibalsan":{"long":["ჩოიბალსანის სტანდარტული დრო","ჩოიბალსანის ზაფხულის დრო"]},"Indian/Christmas":{"long":["შობის კუნძულის დრო","შობის კუნძულის დრო"]},"Indian/Cocos":{"long":["ქოქოსის კუნძულების დრო","ქოქოსის კუნძულების დრო"]},"America/Bogota":{"long":["კოლუმბიის სტანდარტული დრო","კოლუმბიის ზაფხულის დრო"]},"Pacific/Rarotonga":{"long":["კუკის კუნძულების სტანდარტული დრო","კუკის კუნძულების ნახევრად ზაფხულის დრო"]},"America/Havana":{"long":["კუბის სტანდარტული დრო","კუბის ზაფხულის დრო"]},"Antarctica/Davis":{"long":["დევისის დრო","დევისის დრო"]},"Antarctica/DumontDUrville":{"long":["დუმონ-დურვილის დრო","დუმონ-დურვილის დრო"]},"Asia/Dushanbe":{"long":["ტაჯიკეთის დრო","ტაჯიკეთის დრო"]},"America/Paramaribo":{"long":["სურინამის დრო","სურინამის დრო"]},"Asia/Dili":{"long":["აღმოსავლეთ ტიმორის დრო","აღმოსავლეთ ტიმორის დრო"]},"Pacific/Easter":{"long":["აღდგომის კუნძულის სტანდარტული დრო","აღდგომის კუნძულის ზაფხულის დრო"]},"America/Guayaquil":{"long":["ეკვადორის დრო","ეკვადორის დრო"]},"Europe/Paris":{"long":["ცენტრალური ევროპის სტანდარტული დრო","ცენტრალური ევროპის ზაფხულის დრო"]},"Europe/Andorra":{"long":["ცენტრალური ევროპის სტანდარტული დრო","ცენტრალური ევროპის ზაფხულის დრო"]},"Europe/Tirane":{"long":["ცენტრალური ევროპის სტანდარტული დრო","ცენტრალური ევროპის ზაფხულის დრო"]},"Europe/Vienna":{"long":["ცენტრალური ევროპის სტანდარტული დრო","ცენტრალური ევროპის ზაფხულის დრო"]},"Europe/Sarajevo":{"long":["ცენტრალური ევროპის სტანდარტული დრო","ცენტრალური ევროპის ზაფხულის დრო"]},"Europe/Brussels":{"long":["ცენტრალური ევროპის სტანდარტული დრო","ცენტრალური ევროპის ზაფხულის დრო"]},"Europe/Zurich":{"long":["ცენტრალური ევროპის სტანდარტული დრო","ცენტრალური ევროპის ზაფხულის დრო"]},"Europe/Prague":{"long":["ცენტრალური ევროპის სტანდარტული დრო","ცენტრალური ევროპის ზაფხულის დრო"]},"Europe/Berlin":{"long":["ცენტრალური ევროპის სტანდარტული დრო","ცენტრალური ევროპის ზაფხულის დრო"]},"Europe/Copenhagen":{"long":["ცენტრალური ევროპის სტანდარტული დრო","ცენტრალური ევროპის ზაფხულის დრო"]},"Europe/Madrid":{"long":["ცენტრალური ევროპის სტანდარტული დრო","ცენტრალური ევროპის ზაფხულის დრო"]},"Europe/Gibraltar":{"long":["ცენტრალური ევროპის სტანდარტული დრო","ცენტრალური ევროპის ზაფხულის დრო"]},"Europe/Zagreb":{"long":["ცენტრალური ევროპის სტანდარტული დრო","ცენტრალური ევროპის ზაფხულის დრო"]},"Europe/Budapest":{"long":["ცენტრალური ევროპის სტანდარტული დრო","ცენტრალური ევროპის ზაფხულის დრო"]},"Europe/Rome":{"long":["ცენტრალური ევროპის სტანდარტული დრო","ცენტრალური ევროპის ზაფხულის დრო"]},"Europe/Vaduz":{"long":["ცენტრალური ევროპის სტანდარტული დრო","ცენტრალური ევროპის ზაფხულის დრო"]},"Europe/Luxembourg":{"long":["ცენტრალური ევროპის სტანდარტული დრო","ცენტრალური ევროპის ზაფხულის დრო"]},"Europe/Monaco":{"long":["ცენტრალური ევროპის სტანდარტული დრო","ცენტრალური ევროპის ზაფხულის დრო"]},"Europe/Podgorica":{"long":["ცენტრალური ევროპის სტანდარტული დრო","ცენტრალური ევროპის ზაფხულის დრო"]},"Europe/Skopje":{"long":["ცენტრალური ევროპის სტანდარტული დრო","ცენტრალური ევროპის ზაფხულის დრო"]},"Europe/Malta":{"long":["ცენტრალური ევროპის სტანდარტული დრო","ცენტრალური ევროპის ზაფხულის დრო"]},"Europe/Amsterdam":{"long":["ცენტრალური ევროპის სტანდარტული დრო","ცენტრალური ევროპის ზაფხულის დრო"]},"Europe/Oslo":{"long":["ცენტრალური ევროპის სტანდარტული დრო","ცენტრალური ევროპის ზაფხულის დრო"]},"Europe/Warsaw":{"long":["ცენტრალური ევროპის სტანდარტული დრო","ცენტრალური ევროპის ზაფხულის დრო"]},"Europe/Belgrade":{"long":["ცენტრალური ევროპის სტანდარტული დრო","ცენტრალური ევროპის ზაფხულის დრო"]},"Europe/Stockholm":{"long":["ცენტრალური ევროპის სტანდარტული დრო","ცენტრალური ევროპის ზაფხულის დრო"]},"Europe/Ljubljana":{"long":["ცენტრალური ევროპის სტანდარტული დრო","ცენტრალური ევროპის ზაფხულის დრო"]},"Arctic/Longyearbyen":{"long":["ცენტრალური ევროპის სტანდარტული დრო","ცენტრალური ევროპის ზაფხულის დრო"]},"Europe/Bratislava":{"long":["ცენტრალური ევროპის სტანდარტული დრო","ცენტრალური ევროპის ზაფხულის დრო"]},"Europe/San_Marino":{"long":["ცენტრალური ევროპის სტანდარტული დრო","ცენტრალური ევროპის ზაფხულის დრო"]},"Africa/Tunis":{"long":["ცენტრალური ევროპის სტანდარტული დრო","ცენტრალური ევროპის ზაფხულის დრო"]},"Europe/Vatican":{"long":["ცენტრალური ევროპის სტანდარტული დრო","ცენტრალური ევროპის ზაფხულის დრო"]},"Europe/Bucharest":{"long":["აღმოსავლეთ ევროპის სტანდარტული დრო","აღმოსავლეთ ევროპის ზაფხულის დრო"]},"Europe/Mariehamn":{"long":["აღმოსავლეთ ევროპის სტანდარტული დრო","აღმოსავლეთ ევროპის ზაფხულის დრო"]},"Europe/Sofia":{"long":["აღმოსავლეთ ევროპის სტანდარტული დრო","აღმოსავლეთ ევროპის ზაფხულის დრო"]},"Asia/Nicosia":{"long":["აღმოსავლეთ ევროპის სტანდარტული დრო","აღმოსავლეთ ევროპის ზაფხულის დრო"]},"Africa/Cairo":{"long":["აღმოსავლეთ ევროპის სტანდარტული დრო","აღმოსავლეთ ევროპის ზაფხულის დრო"]},"Europe/Helsinki":{"long":["აღმოსავლეთ ევროპის სტანდარტული დრო","აღმოსავლეთ ევროპის ზაფხულის დრო"]},"Europe/Athens":{"long":["აღმოსავლეთ ევროპის სტანდარტული დრო","აღმოსავლეთ ევროპის ზაფხულის დრო"]},"Asia/Beirut":{"long":["აღმოსავლეთ ევროპის სტანდარტული დრო","აღმოსავლეთ ევროპის ზაფხულის დრო"]},"Europe/Minsk":{"long":["შორეული აღმოსავლეთ ევროპის დრო","შორეული აღმოსავლეთ ევროპის დრო"]},"Europe/Kaliningrad":{"long":["შორეული აღმოსავლეთ ევროპის დრო","შორეული აღმოსავლეთ ევროპის დრო"]},"Atlantic/Canary":{"long":["დასავლეთ ევროპის სტანდარტული დრო","დასავლეთ ევროპის ზაფხულის დრო"]},"Atlantic/Faeroe":{"long":["დასავლეთ ევროპის სტანდარტული დრო","დასავლეთ ევროპის ზაფხულის დრო"]},"Atlantic/Stanley":{"long":["ფოლკლენდის კუნძულების სტანდარტული დრო","ფოლკლენდის კუნძულების ზაფხულის დრო"]},"Pacific/Fiji":{"long":["ფიჯის სტანდარტული დრო","ფიჯის ზაფხულის დრო"]},"America/Cayenne":{"long":["საფრანგეთის გვიანის დრო","საფრანგეთის გვიანის დრო"]},"Indian/Kerguelen":{"long":["ფრანგული სამხრეთის და ანტარქტიკის დრო","ფრანგული სამხრეთის და ანტარქტიკის დრო"]},"Asia/Bishkek":{"long":["ყირგიზეთის დრო","ყირგიზეთის დრო"]},"Pacific/Galapagos":{"long":["გალაპაგოსის დრო","გალაპაგოსის დრო"]},"Pacific/Gambier":{"long":["გამბიერის დრო","გამბიერის დრო"]},"Pacific/Tarawa":{"long":["გილბერტის კუნძულების დრო","გილბერტის კუნძულების დრო"]},"Atlantic/Reykjavik":{"long":["გრინვიჩის საშუალო დრო","გრინვიჩის საშუალო დრო"]},"Africa/Ouagadougou":{"long":["გრინვიჩის საშუალო დრო","გრინვიჩის საშუალო დრო"]},"Africa/Abidjan":{"long":["გრინვიჩის საშუალო დრო","გრინვიჩის საშუალო დრო"]},"Africa/Accra":{"long":["გრინვიჩის საშუალო დრო","გრინვიჩის საშუალო დრო"]},"Africa/Banjul":{"long":["გრინვიჩის საშუალო დრო","გრინვიჩის საშუალო დრო"]},"Africa/Conakry":{"long":["გრინვიჩის საშუალო დრო","გრინვიჩის საშუალო დრო"]},"Africa/Bamako":{"long":["გრინვიჩის საშუალო დრო","გრინვიჩის საშუალო დრო"]},"Africa/Nouakchott":{"long":["გრინვიჩის საშუალო დრო","გრინვიჩის საშუალო დრო"]},"Atlantic/St_Helena":{"long":["გრინვიჩის საშუალო დრო","გრინვიჩის საშუალო დრო"]},"Africa/Freetown":{"long":["გრინვიჩის საშუალო დრო","გრინვიჩის საშუალო დრო"]},"Africa/Dakar":{"long":["გრინვიჩის საშუალო დრო","გრინვიჩის საშუალო დრო"]},"Africa/Lome":{"long":["გრინვიჩის საშუალო დრო","გრინვიჩის საშუალო დრო"]},"America/Scoresbysund":{"long":["აღმოსავლეთ გრენლანდიის სტანდარტული დრო","აღმოსავლეთ გრენლანდიის ზაფხულის დრო"]},"America/Godthab":{"long":["დასავლეთ გრენლანდიის სტანდარტული დრო","დასავლეთ გრენლანდიის ზაფხულის დრო"]},"Asia/Dubai":{"long":["სპარსეთის ყურის სტანდარტული დრო","სპარსეთის ყურის სტანდარტული დრო"]},"Asia/Muscat":{"long":["სპარსეთის ყურის სტანდარტული დრო","სპარსეთის ყურის სტანდარტული დრო"]},"America/Guyana":{"long":["გაიანის დრო","გაიანის დრო"]},"Pacific/Honolulu":{"long":["ჰავაისა და ალეუტის სტანდარტული დრო","ჰავაისა და ალეუტის ზაფხულის დრო"]},"Asia/Hong_Kong":{"long":["ჰონკონგის სტანდარტული დრო","ჰონკონგის ზაფხულის დრო"]},"Asia/Hovd":{"long":["ჰოვდის სტანდარტული დრო","ჰოვდის ზაფხულის დრო"]},"Asia/Calcutta":{"long":["ინდოეთის დრო","ინდოეთის დრო"]},"Indian/Chagos":{"long":["ინდოეთის ოკეანის კუნძულების დრო","ინდოეთის ოკეანის კუნძულების დრო"]},"Asia/Bangkok":{"long":["ინდოჩინეთის დრო","ინდოჩინეთის დრო"]},"Asia/Phnom_Penh":{"long":["ინდოჩინეთის დრო","ინდოჩინეთის დრო"]},"Asia/Vientiane":{"long":["ინდოჩინეთის დრო","ინდოჩინეთის დრო"]},"Asia/Makassar":{"long":["ცენტრალური ინდონეზიის დრო","ცენტრალური ინდონეზიის დრო"]},"Asia/Jayapura":{"long":["აღმოსავლეთ ინდონეზიის დრო","აღმოსავლეთ ინდონეზიის დრო"]},"Asia/Jakarta":{"long":["დასავლეთ ინდონეზიის დრო","დასავლეთ ინდონეზიის დრო"]},"Asia/Tehran":{"long":["ირანის სტანდარტული დრო","ირანის დროის სარტყელი"]},"Asia/Irkutsk":{"long":["ირკუტსკის სტანდარტული დრო","ირკუტსკის ზაფხულის დრო"]},"Asia/Jerusalem":{"long":["ისრაელის სტანდარტული დრო","ისრაელის ზაფხულის დრო"]},"Asia/Tokyo":{"long":["იაპონიის სტანდარტული დრო","იაპონიის ზაფხულის დრო"]},"Asia/Karachi":{"long":["პაკისტანის სტანდარტული დრო","პაკისტანის ზაფხულის დრო"]},"Asia/Seoul":{"long":["კორეის სტანდარტული დრო","კორეის ზაფხულის დრო"]},"Pacific/Kosrae":{"long":["კოსრეს დრო","კოსრეს დრო"]},"Asia/Krasnoyarsk":{"long":["კრასნოიარსკის სტანდარტული დრო","კრასნოიარსკის ზაფხულის დრო"]},"Pacific/Kiritimati":{"long":["ლაინის კუნძულების დრო","ლაინის კუნძულების დრო"]},"Australia/Lord_Howe":{"long":["ლორდ-ჰაუს სტანდარტული დრო","ლორდ-ჰაუს ზაფხულის დრო"]},"Antarctica/Macquarie":{"long":["მაქკუორის კუნძულის დრო","მაქკუორის კუნძულის დრო"]},"Asia/Magadan":{"long":["მაგადანის სტანდარტული დრო","მაგადანის ზაფხულის დრო"]},"Indian/Maldives":{"long":["მალდივების დრო","მალდივების დრო"]},"Pacific/Marquesas":{"long":["მარკიზის კუნძულების დრო","მარკიზის კუნძულების დრო"]},"Pacific/Majuro":{"long":["მარშალის კუნძულების დრო","მარშალის კუნძულების დრო"]},"Indian/Mauritius":{"long":["მავრიკის სტანდარტული დრო","მავრიკის ზაფხულის დრო"]},"Antarctica/Mawson":{"long":["მოუსონის დრო","მოუსონის დრო"]},"America/Santa_Isabel":{"long":["ჩრდილო-დასავლეთ მექსიკის დრო","ჩრდილო-დასავლეთ მექსიკის ზაფხულის დრო"]},"America/Mazatlan":{"long":["მექსიკის წყნარი ოკეანის სტანდარტული დრო","მექსიკის წყნარი ოკეანის ზაფხულის დრო"]},"Asia/Ulaanbaatar":{"long":["ულან-ბატორის სტანდარტული დრო","ულან-ბატორის ზაფხულის დრო"]},"Europe/Moscow":{"long":["მოსკოვის სტანდარტული დრო","მოსკოვის ზაფხულის დრო"]},"Asia/Rangoon":{"long":["მიანმარის დრო","მიანმარის დრო"]},"Pacific/Nauru":{"long":["ნაურუს დრო","ნაურუს დრო"]},"Asia/Katmandu":{"long":["ნეპალის დრო","ნეპალის დრო"]},"Pacific/Noumea":{"long":["ახალი კალედონიის სტანდარტული დრო","ახალი კალედონიის ზაფხულის დრო"]},"Pacific/Auckland":{"long":["ახალი ზელანდიის სტანდარტული დრო","ახალი ზელანდიის ზაფხულის დრო"]},"Antarctica/McMurdo":{"long":["ახალი ზელანდიის სტანდარტული დრო","ახალი ზელანდიის ზაფხულის დრო"]},"America/St_Johns":{"long":["ნიუფაუნდლენდის სტანდარტული დრო","ნიუფაუნდლენდის ზაფხულის დრო"]},"Pacific/Niue":{"long":["ნიუეს დრო","ნიუეს დრო"]},"Pacific/Norfolk":{"long":["ნორფოლკის კუნძულის სტანდარტული დრო","ნორფოლკის კუნძულის ზაფხულის დრო"]},"America/Noronha":{"long":["ფერნანდო-დე-ნორონიას სტანდარტული დრო","ფერნანდო-დე-ნორონიას ზაფხულის დრო"]},"Asia/Novosibirsk":{"long":["ნოვოსიბირსკის სტანდარტული დრო","ნოვოსიბირსკის ზაფხულის დრო"]},"Asia/Omsk":{"long":["ომსკის სტანდარტული დრო","ომსკის ზაფხულის დრო"]},"Pacific/Palau":{"long":["პალაუს დრო","პალაუს დრო"]},"Pacific/Port_Moresby":{"long":["პაპუა-ახალი გვინეის დრო","პაპუა-ახალი გვინეის დრო"]},"America/Asuncion":{"long":["პარაგვაის სტანდარტული დრო","პარაგვაის ზაფხულის დრო"]},"America/Lima":{"long":["პერუს სტანდარტული დრო","პერუს ზაფხულის დრო"]},"Asia/Manila":{"long":["ფილიპინების სტანდარტული დრო","ფილიპინების ზაფხულის დრო"]},"Pacific/Enderbury":{"long":["ფენიქსის კუნძულების დრო","ფენიქსის კუნძულების დრო"]},"America/Miquelon":{"long":["სენ-პიერის და მიკელონის სტანდარტული დრო","სენ-პიერის და მიკელონის ზაფხულის დრო"]},"Pacific/Pitcairn":{"long":["პიტკერნის დრო","პიტკერნის დრო"]},"Pacific/Ponape":{"long":["პონაპეს დრო","პონაპეს დრო"]},"Asia/Pyongyang":{"long":["ფხენიანის დრო","ფხენიანის დრო"]},"Indian/Reunion":{"long":["რეიუნიონის დრო","რეიუნიონის დრო"]},"Antarctica/Rothera":{"long":["როთერის დრო","როთერის დრო"]},"Asia/Sakhalin":{"long":["სახალინის სტანდარტული დრო","სახალინის ზაფხულის დრო"]},"Pacific/Pago_Pago":{"long":["სამოას სტანდარტული დრო","სამოას ზაფხულის დრო"]},"Indian/Mahe":{"long":["სეიშელის კუნძულების დრო","სეიშელის კუნძულების დრო"]},"Asia/Singapore":{"long":["სინგაპურის დრო","სინგაპურის დრო"]},"Pacific/Guadalcanal":{"long":["სოლომონის კუნძულების დრო","სოლომონის კუნძულების დრო"]},"Atlantic/South_Georgia":{"long":["სამხრეთ გეორგიის დრო","სამხრეთ გეორგიის დრო"]},"Asia/Yekaterinburg":{"long":["ეკატერინბურგის სტანდარტული დრო","ეკატერინბურგის ზაფხულის დრო"]},"Antarctica/Syowa":{"long":["სიოვას დრო","სიოვას დრო"]},"Pacific/Tahiti":{"long":["ტაიტის დრო","ტაიტის დრო"]},"Asia/Taipei":{"long":["ტაიბეის სტანდარტული დრო","ტაიბეის ზაფხულის დრო"]},"Asia/Tashkent":{"long":["უზბეკეთის სტანდარტული დრო","უზბეკეთის ზაფხულის დრო"]},"Pacific/Fakaofo":{"long":["ტოკელაუს დრო","ტოკელაუს დრო"]},"Pacific/Tongatapu":{"long":["ტონგის სტანდარტული დრო","ტონგის ზაფხულის დრო"]},"Pacific/Truk":{"long":["ჩუუკის დრო","ჩუუკის დრო"]},"Pacific/Funafuti":{"long":["ტუვალუს დრო","ტუვალუს დრო"]},"America/Montevideo":{"long":["ურუგვაის სტანდარტული დრო","ურუგვაის ზაფხულის დრო"]},"Pacific/Efate":{"long":["ვანუატუს სტანდარტული დრო","ვანუატუს ზაფხულის დრო"]},"America/Caracas":{"long":["ვენესუელის დრო","ვენესუელის დრო"]},"Asia/Vladivostok":{"long":["ვლადივოსტოკის სტანდარტული დრო","ვლადივოსტოკის ზაფხულის დრო"]},"Europe/Volgograd":{"long":["ვოლგოგრადის სტანდარტული დრო","ვოლგოგრადის ზაფხულის დრო"]},"Antarctica/Vostok":{"long":["ვოსტოკის დრო","ვოსტოკის დრო"]},"Pacific/Wake":{"long":["ვეიკის კუნძულის დრო","ვეიკის კუნძულის დრო"]},"Pacific/Wallis":{"long":["ვოლისი და ფუტუნას დრო","ვოლისი და ფუტუნას დრო"]},"Asia/Yakutsk":{"long":["იაკუტსკის სტანდარტული დრო","იაკუტსკის ზაფხულის დრო"]},"America/Whitehorse":{"long":["იუკონის დრო","იუკონის დრო"]},"UTC":{"long":["მსოფლიო კოორდინირებული დრო","მსოფლიო კოორდინირებული დრო"],"short":["UTC","UTC"]}},"gmtFormat":"GMT{0}","hourFormat":"+HH:mm;-HH:mm","dateFormat":{"full":"EEEE, dd MMMM, y","long":"d MMMM, y","medium":"d MMM. y","short":"dd.MM.yy"},"timeFormat":{"full":"HH:mm:ss zzzz","long":"HH:mm:ss z","medium":"HH:mm:ss","short":"HH:mm"},"dateTimeFormat":{"full":"{1}, {0}","long":"{1}, {0}","medium":"{1}, {0}","short":"{1}, {0}"},"formats":{"gregory":{"Bh":"h B","Bhm":"h:mm B","Bhms":"h:mm:ss B","d":"d","E":"ccc","EBhm":"E h:mm B","EBhms":"E h:mm:ss B","Ed":"d E","Ehm":"E, h:mm a","EHm":"E, HH:mm","Ehms":"E, h:mm:ss a","EHms":"E, HH:mm:ss","Gy":"y G","GyMd":"d.M.y GGGGG","GyMMM":"MMM. y G","GyMMMd":"d MMM. y G","GyMMMEd":"E, d MMM. y G","h":"h a","H":"HH","hm":"h:mm a","Hm":"HH:mm","hms":"h:mm:ss a","Hms":"HH:mm:ss","hmsv":"h:mm:ss a v","Hmsv":"HH:mm:ss v","hmv":"h:mm a v","Hmv":"HH:mm v","M":"L","Md":"d.M","MEd":"E, d.M","MMM":"LLL","MMMd":"d MMM","MMMEd":"E, d MMM","MMMMd":"d MMMM","ms":"mm:ss","y":"y","yM":"M.y","yMd":"d.M.y","yMEd":"E, d.M.y","yMMM":"MMM. y","yMMMd":"d MMM. y","yMMMEd":"E, d MMM. y","yMMMM":"MMMM, y","EEEE, dd MMMM, y":"EEEE, dd MMMM, y","d MMMM, y":"d MMMM, y","d MMM. y":"d MMM. y","dd.MM.yy":"dd.MM.yy","HH:mm:ss zzzz":"HH:mm:ss zzzz","HH:mm:ss z":"HH:mm:ss z","HH:mm:ss":"HH:mm:ss","HH:mm":"HH:mm","EEEE, dd MMMM, y, HH:mm:ss zzzz":"EEEE, dd MMMM, y, HH:mm:ss zzzz","d MMMM, y, HH:mm:ss zzzz":"d MMMM, y, HH:mm:ss zzzz","d MMM. y, HH:mm:ss zzzz":"d MMM. y, HH:mm:ss zzzz","dd.MM.yy, HH:mm:ss zzzz":"dd.MM.yy, HH:mm:ss zzzz","d, HH:mm:ss zzzz":"d, HH:mm:ss zzzz","E, HH:mm:ss zzzz":"ccc, HH:mm:ss zzzz","Ed, HH:mm:ss zzzz":"d E, HH:mm:ss zzzz","Gy, HH:mm:ss zzzz":"y G, HH:mm:ss zzzz","GyMd, HH:mm:ss zzzz":"d.M.y GGGGG, HH:mm:ss zzzz","GyMMM, HH:mm:ss zzzz":"MMM. y G, HH:mm:ss zzzz","GyMMMd, HH:mm:ss zzzz":"d MMM. y G, HH:mm:ss zzzz","GyMMMEd, HH:mm:ss zzzz":"E, d MMM. y G, HH:mm:ss zzzz","M, HH:mm:ss zzzz":"L, HH:mm:ss zzzz","Md, HH:mm:ss zzzz":"d.M, HH:mm:ss zzzz","MEd, HH:mm:ss zzzz":"E, d.M, HH:mm:ss zzzz","MMM, HH:mm:ss zzzz":"LLL, HH:mm:ss zzzz","MMMd, HH:mm:ss zzzz":"d MMM, HH:mm:ss zzzz","MMMEd, HH:mm:ss zzzz":"E, d MMM, HH:mm:ss zzzz","MMMMd, HH:mm:ss zzzz":"d MMMM, HH:mm:ss zzzz","y, HH:mm:ss zzzz":"y, HH:mm:ss zzzz","yM, HH:mm:ss zzzz":"M.y, HH:mm:ss zzzz","yMd, HH:mm:ss zzzz":"d.M.y, HH:mm:ss zzzz","yMEd, HH:mm:ss zzzz":"E, d.M.y, HH:mm:ss zzzz","yMMM, HH:mm:ss zzzz":"MMM. y, HH:mm:ss zzzz","yMMMd, HH:mm:ss zzzz":"d MMM. y, HH:mm:ss zzzz","yMMMEd, HH:mm:ss zzzz":"E, d MMM. y, HH:mm:ss zzzz","yMMMM, HH:mm:ss zzzz":"MMMM, y, HH:mm:ss zzzz","EEEE, dd MMMM, y, HH:mm:ss z":"EEEE, dd MMMM, y, HH:mm:ss z","d MMMM, y, HH:mm:ss z":"d MMMM, y, HH:mm:ss z","d MMM. y, HH:mm:ss z":"d MMM. y, HH:mm:ss z","dd.MM.yy, HH:mm:ss z":"dd.MM.yy, HH:mm:ss z","d, HH:mm:ss z":"d, HH:mm:ss z","E, HH:mm:ss z":"ccc, HH:mm:ss z","Ed, HH:mm:ss z":"d E, HH:mm:ss z","Gy, HH:mm:ss z":"y G, HH:mm:ss z","GyMd, HH:mm:ss z":"d.M.y GGGGG, HH:mm:ss z","GyMMM, HH:mm:ss z":"MMM. y G, HH:mm:ss z","GyMMMd, HH:mm:ss z":"d MMM. y G, HH:mm:ss z","GyMMMEd, HH:mm:ss z":"E, d MMM. y G, HH:mm:ss z","M, HH:mm:ss z":"L, HH:mm:ss z","Md, HH:mm:ss z":"d.M, HH:mm:ss z","MEd, HH:mm:ss z":"E, d.M, HH:mm:ss z","MMM, HH:mm:ss z":"LLL, HH:mm:ss z","MMMd, HH:mm:ss z":"d MMM, HH:mm:ss z","MMMEd, HH:mm:ss z":"E, d MMM, HH:mm:ss z","MMMMd, HH:mm:ss z":"d MMMM, HH:mm:ss z","y, HH:mm:ss z":"y, HH:mm:ss z","yM, HH:mm:ss z":"M.y, HH:mm:ss z","yMd, HH:mm:ss z":"d.M.y, HH:mm:ss z","yMEd, HH:mm:ss z":"E, d.M.y, HH:mm:ss z","yMMM, HH:mm:ss z":"MMM. y, HH:mm:ss z","yMMMd, HH:mm:ss z":"d MMM. y, HH:mm:ss z","yMMMEd, HH:mm:ss z":"E, d MMM. y, HH:mm:ss z","yMMMM, HH:mm:ss z":"MMMM, y, HH:mm:ss z","EEEE, dd MMMM, y, HH:mm:ss":"EEEE, dd MMMM, y, HH:mm:ss","d MMMM, y, HH:mm:ss":"d MMMM, y, HH:mm:ss","d MMM. y, HH:mm:ss":"d MMM. y, HH:mm:ss","dd.MM.yy, HH:mm:ss":"dd.MM.yy, HH:mm:ss","d, HH:mm:ss":"d, HH:mm:ss","E, HH:mm:ss":"ccc, HH:mm:ss","Ed, HH:mm:ss":"d E, HH:mm:ss","Gy, HH:mm:ss":"y G, HH:mm:ss","GyMd, HH:mm:ss":"d.M.y GGGGG, HH:mm:ss","GyMMM, HH:mm:ss":"MMM. y G, HH:mm:ss","GyMMMd, HH:mm:ss":"d MMM. y G, HH:mm:ss","GyMMMEd, HH:mm:ss":"E, d MMM. y G, HH:mm:ss","M, HH:mm:ss":"L, HH:mm:ss","Md, HH:mm:ss":"d.M, HH:mm:ss","MEd, HH:mm:ss":"E, d.M, HH:mm:ss","MMM, HH:mm:ss":"LLL, HH:mm:ss","MMMd, HH:mm:ss":"d MMM, HH:mm:ss","MMMEd, HH:mm:ss":"E, d MMM, HH:mm:ss","MMMMd, HH:mm:ss":"d MMMM, HH:mm:ss","y, HH:mm:ss":"y, HH:mm:ss","yM, HH:mm:ss":"M.y, HH:mm:ss","yMd, HH:mm:ss":"d.M.y, HH:mm:ss","yMEd, HH:mm:ss":"E, d.M.y, HH:mm:ss","yMMM, HH:mm:ss":"MMM. y, HH:mm:ss","yMMMd, HH:mm:ss":"d MMM. y, HH:mm:ss","yMMMEd, HH:mm:ss":"E, d MMM. y, HH:mm:ss","yMMMM, HH:mm:ss":"MMMM, y, HH:mm:ss","EEEE, dd MMMM, y, HH:mm":"EEEE, dd MMMM, y, HH:mm","d MMMM, y, HH:mm":"d MMMM, y, HH:mm","d MMM. y, HH:mm":"d MMM. y, HH:mm","dd.MM.yy, HH:mm":"dd.MM.yy, HH:mm","d, HH:mm":"d, HH:mm","E, HH:mm":"ccc, HH:mm","Ed, HH:mm":"d E, HH:mm","Gy, HH:mm":"y G, HH:mm","GyMd, HH:mm":"d.M.y GGGGG, HH:mm","GyMMM, HH:mm":"MMM. y G, HH:mm","GyMMMd, HH:mm":"d MMM. y G, HH:mm","GyMMMEd, HH:mm":"E, d MMM. y G, HH:mm","M, HH:mm":"L, HH:mm","Md, HH:mm":"d.M, HH:mm","MEd, HH:mm":"E, d.M, HH:mm","MMM, HH:mm":"LLL, HH:mm","MMMd, HH:mm":"d MMM, HH:mm","MMMEd, HH:mm":"E, d MMM, HH:mm","MMMMd, HH:mm":"d MMMM, HH:mm","y, HH:mm":"y, HH:mm","yM, HH:mm":"M.y, HH:mm","yMd, HH:mm":"d.M.y, HH:mm","yMEd, HH:mm":"E, d.M.y, HH:mm","yMMM, HH:mm":"MMM. y, HH:mm","yMMMd, HH:mm":"d MMM. y, HH:mm","yMMMEd, HH:mm":"E, d MMM. y, HH:mm","yMMMM, HH:mm":"MMMM, y, HH:mm","EEEE, dd MMMM, y, Bh":"EEEE, dd MMMM, y, h B","d MMMM, y, Bh":"d MMMM, y, h B","d MMM. y, Bh":"d MMM. y, h B","dd.MM.yy, Bh":"dd.MM.yy, h B","d, Bh":"d, h B","E, Bh":"ccc, h B","Ed, Bh":"d E, h B","Gy, Bh":"y G, h B","GyMd, Bh":"d.M.y GGGGG, h B","GyMMM, Bh":"MMM. y G, h B","GyMMMd, Bh":"d MMM. y G, h B","GyMMMEd, Bh":"E, d MMM. y G, h B","M, Bh":"L, h B","Md, Bh":"d.M, h B","MEd, Bh":"E, d.M, h B","MMM, Bh":"LLL, h B","MMMd, Bh":"d MMM, h B","MMMEd, Bh":"E, d MMM, h B","MMMMd, Bh":"d MMMM, h B","y, Bh":"y, h B","yM, Bh":"M.y, h B","yMd, Bh":"d.M.y, h B","yMEd, Bh":"E, d.M.y, h B","yMMM, Bh":"MMM. y, h B","yMMMd, Bh":"d MMM. y, h B","yMMMEd, Bh":"E, d MMM. y, h B","yMMMM, Bh":"MMMM, y, h B","EEEE, dd MMMM, y, Bhm":"EEEE, dd MMMM, y, h:mm B","d MMMM, y, Bhm":"d MMMM, y, h:mm B","d MMM. y, Bhm":"d MMM. y, h:mm B","dd.MM.yy, Bhm":"dd.MM.yy, h:mm B","d, Bhm":"d, h:mm B","E, Bhm":"ccc, h:mm B","Ed, Bhm":"d E, h:mm B","Gy, Bhm":"y G, h:mm B","GyMd, Bhm":"d.M.y GGGGG, h:mm B","GyMMM, Bhm":"MMM. y G, h:mm B","GyMMMd, Bhm":"d MMM. y G, h:mm B","GyMMMEd, Bhm":"E, d MMM. y G, h:mm B","M, Bhm":"L, h:mm B","Md, Bhm":"d.M, h:mm B","MEd, Bhm":"E, d.M, h:mm B","MMM, Bhm":"LLL, h:mm B","MMMd, Bhm":"d MMM, h:mm B","MMMEd, Bhm":"E, d MMM, h:mm B","MMMMd, Bhm":"d MMMM, h:mm B","y, Bhm":"y, h:mm B","yM, Bhm":"M.y, h:mm B","yMd, Bhm":"d.M.y, h:mm B","yMEd, Bhm":"E, d.M.y, h:mm B","yMMM, Bhm":"MMM. y, h:mm B","yMMMd, Bhm":"d MMM. y, h:mm B","yMMMEd, Bhm":"E, d MMM. y, h:mm B","yMMMM, Bhm":"MMMM, y, h:mm B","EEEE, dd MMMM, y, Bhms":"EEEE, dd MMMM, y, h:mm:ss B","d MMMM, y, Bhms":"d MMMM, y, h:mm:ss B","d MMM. y, Bhms":"d MMM. y, h:mm:ss B","dd.MM.yy, Bhms":"dd.MM.yy, h:mm:ss B","d, Bhms":"d, h:mm:ss B","E, Bhms":"ccc, h:mm:ss B","Ed, Bhms":"d E, h:mm:ss B","Gy, Bhms":"y G, h:mm:ss B","GyMd, Bhms":"d.M.y GGGGG, h:mm:ss B","GyMMM, Bhms":"MMM. y G, h:mm:ss B","GyMMMd, Bhms":"d MMM. y G, h:mm:ss B","GyMMMEd, Bhms":"E, d MMM. y G, h:mm:ss B","M, Bhms":"L, h:mm:ss B","Md, Bhms":"d.M, h:mm:ss B","MEd, Bhms":"E, d.M, h:mm:ss B","MMM, Bhms":"LLL, h:mm:ss B","MMMd, Bhms":"d MMM, h:mm:ss B","MMMEd, Bhms":"E, d MMM, h:mm:ss B","MMMMd, Bhms":"d MMMM, h:mm:ss B","y, Bhms":"y, h:mm:ss B","yM, Bhms":"M.y, h:mm:ss B","yMd, Bhms":"d.M.y, h:mm:ss B","yMEd, Bhms":"E, d.M.y, h:mm:ss B","yMMM, Bhms":"MMM. y, h:mm:ss B","yMMMd, Bhms":"d MMM. y, h:mm:ss B","yMMMEd, Bhms":"E, d MMM. y, h:mm:ss B","yMMMM, Bhms":"MMMM, y, h:mm:ss B","EEEE, dd MMMM, y, h":"EEEE, dd MMMM, y, h a","d MMMM, y, h":"d MMMM, y, h a","d MMM. y, h":"d MMM. y, h a","dd.MM.yy, h":"dd.MM.yy, h a","d, h":"d, h a","E, h":"ccc, h a","Ed, h":"d E, h a","Gy, h":"y G, h a","GyMd, h":"d.M.y GGGGG, h a","GyMMM, h":"MMM. y G, h a","GyMMMd, h":"d MMM. y G, h a","GyMMMEd, h":"E, d MMM. y G, h a","M, h":"L, h a","Md, h":"d.M, h a","MEd, h":"E, d.M, h a","MMM, h":"LLL, h a","MMMd, h":"d MMM, h a","MMMEd, h":"E, d MMM, h a","MMMMd, h":"d MMMM, h a","y, h":"y, h a","yM, h":"M.y, h a","yMd, h":"d.M.y, h a","yMEd, h":"E, d.M.y, h a","yMMM, h":"MMM. y, h a","yMMMd, h":"d MMM. y, h a","yMMMEd, h":"E, d MMM. y, h a","yMMMM, h":"MMMM, y, h a","EEEE, dd MMMM, y, H":"EEEE, dd MMMM, y, HH","d MMMM, y, H":"d MMMM, y, HH","d MMM. y, H":"d MMM. y, HH","dd.MM.yy, H":"dd.MM.yy, HH","d, H":"d, HH","E, H":"ccc, HH","Ed, H":"d E, HH","Gy, H":"y G, HH","GyMd, H":"d.M.y GGGGG, HH","GyMMM, H":"MMM. y G, HH","GyMMMd, H":"d MMM. y G, HH","GyMMMEd, H":"E, d MMM. y G, HH","M, H":"L, HH","Md, H":"d.M, HH","MEd, H":"E, d.M, HH","MMM, H":"LLL, HH","MMMd, H":"d MMM, HH","MMMEd, H":"E, d MMM, HH","MMMMd, H":"d MMMM, HH","y, H":"y, HH","yM, H":"M.y, HH","yMd, H":"d.M.y, HH","yMEd, H":"E, d.M.y, HH","yMMM, H":"MMM. y, HH","yMMMd, H":"d MMM. y, HH","yMMMEd, H":"E, d MMM. y, HH","yMMMM, H":"MMMM, y, HH","EEEE, dd MMMM, y, hm":"EEEE, dd MMMM, y, h:mm a","d MMMM, y, hm":"d MMMM, y, h:mm a","d MMM. y, hm":"d MMM. y, h:mm a","dd.MM.yy, hm":"dd.MM.yy, h:mm a","d, hm":"d, h:mm a","E, hm":"ccc, h:mm a","Ed, hm":"d E, h:mm a","Gy, hm":"y G, h:mm a","GyMd, hm":"d.M.y GGGGG, h:mm a","GyMMM, hm":"MMM. y G, h:mm a","GyMMMd, hm":"d MMM. y G, h:mm a","GyMMMEd, hm":"E, d MMM. y G, h:mm a","M, hm":"L, h:mm a","Md, hm":"d.M, h:mm a","MEd, hm":"E, d.M, h:mm a","MMM, hm":"LLL, h:mm a","MMMd, hm":"d MMM, h:mm a","MMMEd, hm":"E, d MMM, h:mm a","MMMMd, hm":"d MMMM, h:mm a","y, hm":"y, h:mm a","yM, hm":"M.y, h:mm a","yMd, hm":"d.M.y, h:mm a","yMEd, hm":"E, d.M.y, h:mm a","yMMM, hm":"MMM. y, h:mm a","yMMMd, hm":"d MMM. y, h:mm a","yMMMEd, hm":"E, d MMM. y, h:mm a","yMMMM, hm":"MMMM, y, h:mm a","EEEE, dd MMMM, y, Hm":"EEEE, dd MMMM, y, HH:mm","d MMMM, y, Hm":"d MMMM, y, HH:mm","d MMM. y, Hm":"d MMM. y, HH:mm","dd.MM.yy, Hm":"dd.MM.yy, HH:mm","d, Hm":"d, HH:mm","E, Hm":"ccc, HH:mm","Ed, Hm":"d E, HH:mm","Gy, Hm":"y G, HH:mm","GyMd, Hm":"d.M.y GGGGG, HH:mm","GyMMM, Hm":"MMM. y G, HH:mm","GyMMMd, Hm":"d MMM. y G, HH:mm","GyMMMEd, Hm":"E, d MMM. y G, HH:mm","M, Hm":"L, HH:mm","Md, Hm":"d.M, HH:mm","MEd, Hm":"E, d.M, HH:mm","MMM, Hm":"LLL, HH:mm","MMMd, Hm":"d MMM, HH:mm","MMMEd, Hm":"E, d MMM, HH:mm","MMMMd, Hm":"d MMMM, HH:mm","y, Hm":"y, HH:mm","yM, Hm":"M.y, HH:mm","yMd, Hm":"d.M.y, HH:mm","yMEd, Hm":"E, d.M.y, HH:mm","yMMM, Hm":"MMM. y, HH:mm","yMMMd, Hm":"d MMM. y, HH:mm","yMMMEd, Hm":"E, d MMM. y, HH:mm","yMMMM, Hm":"MMMM, y, HH:mm","EEEE, dd MMMM, y, hms":"EEEE, dd MMMM, y, h:mm:ss a","d MMMM, y, hms":"d MMMM, y, h:mm:ss a","d MMM. y, hms":"d MMM. y, h:mm:ss a","dd.MM.yy, hms":"dd.MM.yy, h:mm:ss a","d, hms":"d, h:mm:ss a","E, hms":"ccc, h:mm:ss a","Ed, hms":"d E, h:mm:ss a","Gy, hms":"y G, h:mm:ss a","GyMd, hms":"d.M.y GGGGG, h:mm:ss a","GyMMM, hms":"MMM. y G, h:mm:ss a","GyMMMd, hms":"d MMM. y G, h:mm:ss a","GyMMMEd, hms":"E, d MMM. y G, h:mm:ss a","M, hms":"L, h:mm:ss a","Md, hms":"d.M, h:mm:ss a","MEd, hms":"E, d.M, h:mm:ss a","MMM, hms":"LLL, h:mm:ss a","MMMd, hms":"d MMM, h:mm:ss a","MMMEd, hms":"E, d MMM, h:mm:ss a","MMMMd, hms":"d MMMM, h:mm:ss a","y, hms":"y, h:mm:ss a","yM, hms":"M.y, h:mm:ss a","yMd, hms":"d.M.y, h:mm:ss a","yMEd, hms":"E, d.M.y, h:mm:ss a","yMMM, hms":"MMM. y, h:mm:ss a","yMMMd, hms":"d MMM. y, h:mm:ss a","yMMMEd, hms":"E, d MMM. y, h:mm:ss a","yMMMM, hms":"MMMM, y, h:mm:ss a","EEEE, dd MMMM, y, Hms":"EEEE, dd MMMM, y, HH:mm:ss","d MMMM, y, Hms":"d MMMM, y, HH:mm:ss","d MMM. y, Hms":"d MMM. y, HH:mm:ss","dd.MM.yy, Hms":"dd.MM.yy, HH:mm:ss","d, Hms":"d, HH:mm:ss","E, Hms":"ccc, HH:mm:ss","Ed, Hms":"d E, HH:mm:ss","Gy, Hms":"y G, HH:mm:ss","GyMd, Hms":"d.M.y GGGGG, HH:mm:ss","GyMMM, Hms":"MMM. y G, HH:mm:ss","GyMMMd, Hms":"d MMM. y G, HH:mm:ss","GyMMMEd, Hms":"E, d MMM. y G, HH:mm:ss","M, Hms":"L, HH:mm:ss","Md, Hms":"d.M, HH:mm:ss","MEd, Hms":"E, d.M, HH:mm:ss","MMM, Hms":"LLL, HH:mm:ss","MMMd, Hms":"d MMM, HH:mm:ss","MMMEd, Hms":"E, d MMM, HH:mm:ss","MMMMd, Hms":"d MMMM, HH:mm:ss","y, Hms":"y, HH:mm:ss","yM, Hms":"M.y, HH:mm:ss","yMd, Hms":"d.M.y, HH:mm:ss","yMEd, Hms":"E, d.M.y, HH:mm:ss","yMMM, Hms":"MMM. y, HH:mm:ss","yMMMd, Hms":"d MMM. y, HH:mm:ss","yMMMEd, Hms":"E, d MMM. y, HH:mm:ss","yMMMM, Hms":"MMMM, y, HH:mm:ss","EEEE, dd MMMM, y, hmsv":"EEEE, dd MMMM, y, h:mm:ss a v","d MMMM, y, hmsv":"d MMMM, y, h:mm:ss a v","d MMM. y, hmsv":"d MMM. y, h:mm:ss a v","dd.MM.yy, hmsv":"dd.MM.yy, h:mm:ss a v","d, hmsv":"d, h:mm:ss a v","E, hmsv":"ccc, h:mm:ss a v","Ed, hmsv":"d E, h:mm:ss a v","Gy, hmsv":"y G, h:mm:ss a v","GyMd, hmsv":"d.M.y GGGGG, h:mm:ss a v","GyMMM, hmsv":"MMM. y G, h:mm:ss a v","GyMMMd, hmsv":"d MMM. y G, h:mm:ss a v","GyMMMEd, hmsv":"E, d MMM. y G, h:mm:ss a v","M, hmsv":"L, h:mm:ss a v","Md, hmsv":"d.M, h:mm:ss a v","MEd, hmsv":"E, d.M, h:mm:ss a v","MMM, hmsv":"LLL, h:mm:ss a v","MMMd, hmsv":"d MMM, h:mm:ss a v","MMMEd, hmsv":"E, d MMM, h:mm:ss a v","MMMMd, hmsv":"d MMMM, h:mm:ss a v","y, hmsv":"y, h:mm:ss a v","yM, hmsv":"M.y, h:mm:ss a v","yMd, hmsv":"d.M.y, h:mm:ss a v","yMEd, hmsv":"E, d.M.y, h:mm:ss a v","yMMM, hmsv":"MMM. y, h:mm:ss a v","yMMMd, hmsv":"d MMM. y, h:mm:ss a v","yMMMEd, hmsv":"E, d MMM. y, h:mm:ss a v","yMMMM, hmsv":"MMMM, y, h:mm:ss a v","EEEE, dd MMMM, y, Hmsv":"EEEE, dd MMMM, y, HH:mm:ss v","d MMMM, y, Hmsv":"d MMMM, y, HH:mm:ss v","d MMM. y, Hmsv":"d MMM. y, HH:mm:ss v","dd.MM.yy, Hmsv":"dd.MM.yy, HH:mm:ss v","d, Hmsv":"d, HH:mm:ss v","E, Hmsv":"ccc, HH:mm:ss v","Ed, Hmsv":"d E, HH:mm:ss v","Gy, Hmsv":"y G, HH:mm:ss v","GyMd, Hmsv":"d.M.y GGGGG, HH:mm:ss v","GyMMM, Hmsv":"MMM. y G, HH:mm:ss v","GyMMMd, Hmsv":"d MMM. y G, HH:mm:ss v","GyMMMEd, Hmsv":"E, d MMM. y G, HH:mm:ss v","M, Hmsv":"L, HH:mm:ss v","Md, Hmsv":"d.M, HH:mm:ss v","MEd, Hmsv":"E, d.M, HH:mm:ss v","MMM, Hmsv":"LLL, HH:mm:ss v","MMMd, Hmsv":"d MMM, HH:mm:ss v","MMMEd, Hmsv":"E, d MMM, HH:mm:ss v","MMMMd, Hmsv":"d MMMM, HH:mm:ss v","y, Hmsv":"y, HH:mm:ss v","yM, Hmsv":"M.y, HH:mm:ss v","yMd, Hmsv":"d.M.y, HH:mm:ss v","yMEd, Hmsv":"E, d.M.y, HH:mm:ss v","yMMM, Hmsv":"MMM. y, HH:mm:ss v","yMMMd, Hmsv":"d MMM. y, HH:mm:ss v","yMMMEd, Hmsv":"E, d MMM. y, HH:mm:ss v","yMMMM, Hmsv":"MMMM, y, HH:mm:ss v","EEEE, dd MMMM, y, hmv":"EEEE, dd MMMM, y, h:mm a v","d MMMM, y, hmv":"d MMMM, y, h:mm a v","d MMM. y, hmv":"d MMM. y, h:mm a v","dd.MM.yy, hmv":"dd.MM.yy, h:mm a v","d, hmv":"d, h:mm a v","E, hmv":"ccc, h:mm a v","Ed, hmv":"d E, h:mm a v","Gy, hmv":"y G, h:mm a v","GyMd, hmv":"d.M.y GGGGG, h:mm a v","GyMMM, hmv":"MMM. y G, h:mm a v","GyMMMd, hmv":"d MMM. y G, h:mm a v","GyMMMEd, hmv":"E, d MMM. y G, h:mm a v","M, hmv":"L, h:mm a v","Md, hmv":"d.M, h:mm a v","MEd, hmv":"E, d.M, h:mm a v","MMM, hmv":"LLL, h:mm a v","MMMd, hmv":"d MMM, h:mm a v","MMMEd, hmv":"E, d MMM, h:mm a v","MMMMd, hmv":"d MMMM, h:mm a v","y, hmv":"y, h:mm a v","yM, hmv":"M.y, h:mm a v","yMd, hmv":"d.M.y, h:mm a v","yMEd, hmv":"E, d.M.y, h:mm a v","yMMM, hmv":"MMM. y, h:mm a v","yMMMd, hmv":"d MMM. y, h:mm a v","yMMMEd, hmv":"E, d MMM. y, h:mm a v","yMMMM, hmv":"MMMM, y, h:mm a v","EEEE, dd MMMM, y, Hmv":"EEEE, dd MMMM, y, HH:mm v","d MMMM, y, Hmv":"d MMMM, y, HH:mm v","d MMM. y, Hmv":"d MMM. y, HH:mm v","dd.MM.yy, Hmv":"dd.MM.yy, HH:mm v","d, Hmv":"d, HH:mm v","E, Hmv":"ccc, HH:mm v","Ed, Hmv":"d E, HH:mm v","Gy, Hmv":"y G, HH:mm v","GyMd, Hmv":"d.M.y GGGGG, HH:mm v","GyMMM, Hmv":"MMM. y G, HH:mm v","GyMMMd, Hmv":"d MMM. y G, HH:mm v","GyMMMEd, Hmv":"E, d MMM. y G, HH:mm v","M, Hmv":"L, HH:mm v","Md, Hmv":"d.M, HH:mm v","MEd, Hmv":"E, d.M, HH:mm v","MMM, Hmv":"LLL, HH:mm v","MMMd, Hmv":"d MMM, HH:mm v","MMMEd, Hmv":"E, d MMM, HH:mm v","MMMMd, Hmv":"d MMMM, HH:mm v","y, Hmv":"y, HH:mm v","yM, Hmv":"M.y, HH:mm v","yMd, Hmv":"d.M.y, HH:mm v","yMEd, Hmv":"E, d.M.y, HH:mm v","yMMM, Hmv":"MMM. y, HH:mm v","yMMMd, Hmv":"d MMM. y, HH:mm v","yMMMEd, Hmv":"E, d MMM. y, HH:mm v","yMMMM, Hmv":"MMMM, y, HH:mm v","EEEE, dd MMMM, y, ms":"EEEE, dd MMMM, y, mm:ss","d MMMM, y, ms":"d MMMM, y, mm:ss","d MMM. y, ms":"d MMM. y, mm:ss","dd.MM.yy, ms":"dd.MM.yy, mm:ss","d, ms":"d, mm:ss","E, ms":"ccc, mm:ss","Ed, ms":"d E, mm:ss","Gy, ms":"y G, mm:ss","GyMd, ms":"d.M.y GGGGG, mm:ss","GyMMM, ms":"MMM. y G, mm:ss","GyMMMd, ms":"d MMM. y G, mm:ss","GyMMMEd, ms":"E, d MMM. y G, mm:ss","M, ms":"L, mm:ss","Md, ms":"d.M, mm:ss","MEd, ms":"E, d.M, mm:ss","MMM, ms":"LLL, mm:ss","MMMd, ms":"d MMM, mm:ss","MMMEd, ms":"E, d MMM, mm:ss","MMMMd, ms":"d MMMM, mm:ss","y, ms":"y, mm:ss","yM, ms":"M.y, mm:ss","yMd, ms":"d.M.y, mm:ss","yMEd, ms":"E, d.M.y, mm:ss","yMMM, ms":"MMM. y, mm:ss","yMMMd, ms":"d MMM. y, mm:ss","yMMMEd, ms":"E, d MMM. y, mm:ss","yMMMM, ms":"MMMM, y, mm:ss"}},"intervalFormats":{"intervalFormatFallback":"{0} – {1}","Bh":{"B":"h B – h B","h":"h–h B"},"Bhm":{"B":"h:mm B – h:mm B","h":"h:mm–h:mm B","m":"h:mm–h:mm B"},"d":{"d":"d–d"},"Gy":{"G":"G y – G y","y":"G y–y"},"GyM":{"G":"GGGGG y-MM – GGGGG y-MM","M":"GGGGG y-MM – y-MM","y":"GGGGG y-MM – y-MM"},"GyMd":{"d":"GGGGG y-MM-dd – y-MM-dd","G":"GGGGG y-MM-dd – GGGGG y-MM-dd","M":"GGGGG y-MM-dd – y-MM-dd","y":"GGGGG y-MM-dd – y-MM-dd"},"GyMEd":{"d":"GGGGG y-MM-dd, E – y-MM-dd, E","G":"GGGGG y-MM-dd, E – GGGGG y-MM-dd, E","M":"GGGGG y-MM-dd, E – y-MM-dd, E","y":"GGGGG y-MM-dd, E – y-MM-dd, E"},"GyMMM":{"G":"G y MMM – G y MMM","M":"G y MMM–MMM","y":"G y MMM – y MMM"},"GyMMMd":{"d":"G y MMM d–d","G":"G y MMM d – G y MMM d","M":"G y MMM d – MMM d","y":"G y MMM d – y MMM d"},"GyMMMEd":{"d":"G y MMM d, E – MMM d, E","G":"G y MMM d, E – G y MMM d, E","M":"G y MMM d, E – MMM d, E","y":"G y MMM d, E – y MMM d, E"},"h":{"a":"h a – h a","h":"h–h a"},"H":{"H":"HH–HH"},"hm":{"a":"h:mm a – h:mm a","h":"h:mm–h:mm a","m":"h:mm–h:mm a"},"Hm":{"H":"HH:mm–HH:mm","m":"HH:mm–HH:mm"},"hmv":{"a":"h:mm a – h:mm a v","h":"h:mm–h:mm a v","m":"h:mm–h:mm a v"},"Hmv":{"H":"HH:mm–HH:mm v","m":"HH:mm–HH:mm v"},"hv":{"a":"h a – h a v","h":"h–h a v"},"Hv":{"H":"HH–HH v"},"M":{"M":"M–M"},"Md":{"d":"dd.MM. – dd.MM.","M":"dd.MM. – dd.MM."},"MEd":{"d":"E, dd.MM. – E, dd.MM.","M":"E, dd.MM. – E, dd.MM."},"MMM":{"M":"MMM–MMM"},"MMMd":{"d":"d–d MMM","M":"d MMM – d MMM"},"MMMEd":{"d":"E, d – E, d MMM","M":"E, d MMM – E, d MMM"},"y":{"y":"y–y"},"yM":{"M":"MM.y – MM.y","y":"MM.y – MM.y"},"yMd":{"d":"dd.MM.y – dd.MM.y","M":"dd.MM.y – dd.MM.y","y":"dd.MM.y – dd.MM.y"},"yMEd":{"d":"E, dd.MM.y – E, dd.MM.y","M":"E, dd.MM.y – E, dd.MM.y","y":"E, dd.MM.y – E, dd.MM.y"},"yMMM":{"M":"MMM–MMM y","y":"MMM y – MMM y"},"yMMMd":{"d":"d–d MMM, y","M":"dd MMM. – dd MMM. y","y":"dd MMM. y – d MMM. y"},"yMMMEd":{"d":"E, d MMM. – E, d MMM. y","M":"E, d MMM. – E, d MMM. y","y":"E, d MMM. y – E, d MMM. y"},"yMMMM":{"M":"MMMM – MMMM, y","y":"MMMM y – MMMM y"}},"hourCycle":"h23","nu":["latn"],"ca":["gregory"],"hc":["h23","","h12"]},"locale":"ka"}