{"data":{"am":"a.m.","pm":"p.m.","weekday":{"narrow":["S","M","T","O","T","F","L"],"short":["søn.","man.","tir.","ons.","tor.","fre.","lør."],"long":["søndag","mandag","tirsdag","onsdag","torsdag","fredag","lørdag"]},"era":{"narrow":{"BC":"f.Kr.","AD":"e.Kr."},"short":{"BC":"f.Kr.","AD":"e.Kr."},"long":{"BC":"før Kristus","AD":"etter Kristus"}},"month":{"narrow":["J","F","M","A","M","J","J","A","S","O","N","D"],"short":["jan.","feb.","mars","apr.","mai","juni","juli","aug.","sep.","okt.","nov.","des."],"long":["januar","februar","mars","april","mai","juni","juli","august","september","oktober","november","desember"]},"timeZoneName":{"America/Rio_Branco":{"long":["Acre normaltid","Acre sommertid"]},"Asia/Kabul":{"long":["afghansk tid","afghansk tid"]},"Africa/Maputo":{"long":["sentralafrikansk tid","sentralafrikansk tid"]},"Africa/Bujumbura":{"long":["sentralafrikansk tid","sentralafrikansk tid"]},"Africa/Gaborone":{"long":["sentralafrikansk tid","sentralafrikansk tid"]},"Africa/Lubumbashi":{"long":["sentralafrikansk tid","sentralafrikansk tid"]},"Africa/Blantyre":{"long":["sentralafrikansk tid","sentralafrikansk tid"]},"Africa/Kigali":{"long":["sentralafrikansk tid","sentralafrikansk tid"]},"Africa/Lusaka":{"long":["sentralafrikansk tid","sentralafrikansk tid"]},"Africa/Harare":{"long":["sentralafrikansk tid","sentralafrikansk tid"]},"Africa/Nairobi":{"long":["østafrikansk tid","østafrikansk tid"]},"Africa/Djibouti":{"long":["østafrikansk tid","østafrikansk tid"]},"Africa/Asmera":{"long":["østafrikansk tid","østafrikansk tid"]},"Africa/Addis_Ababa":{"long":["østafrikansk tid","østafrikansk tid"]},"Indian/Comoro":{"long":["østafrikansk tid","østafrikansk tid"]},"Indian/Antananarivo":{"long":["østafrikansk tid","østafrikansk tid"]},"Africa/Mogadishu":{"long":["østafrikansk tid","østafrikansk tid"]},"Africa/Dar_es_Salaam":{"long":["østafrikansk tid","østafrikansk tid"]},"Africa/Kampala":{"long":["østafrikansk tid","østafrikansk tid"]},"Indian/Mayotte":{"long":["østafrikansk tid","østafrikansk tid"]},"Africa/Johannesburg":{"long":["sørafrikansk tid","sørafrikansk tid"]},"Africa/Maseru":{"long":["sørafrikansk tid","sørafrikansk tid"]},"Africa/Mbabane":{"long":["sørafrikansk tid","sørafrikansk tid"]},"Africa/Lagos":{"long":["vestafrikansk normaltid","vestafrikansk sommertid"]},"Africa/Luanda":{"long":["vestafrikansk normaltid","vestafrikansk sommertid"]},"Africa/Porto-Novo":{"long":["vestafrikansk normaltid","vestafrikansk sommertid"]},"Africa/Kinshasa":{"long":["vestafrikansk normaltid","vestafrikansk sommertid"]},"Africa/Bangui":{"long":["vestafrikansk normaltid","vestafrikansk sommertid"]},"Africa/Brazzaville":{"long":["vestafrikansk normaltid","vestafrikansk sommertid"]},"Africa/Douala":{"long":["vestafrikansk normaltid","vestafrikansk sommertid"]},"Africa/Libreville":{"long":["vestafrikansk normaltid","vestafrikansk sommertid"]},"Africa/Malabo":{"long":["vestafrikansk normaltid","vestafrikansk sommertid"]},"Africa/Niamey":{"long":["vestafrikansk normaltid","vestafrikansk sommertid"]},"Africa/Ndjamena":{"long":["vestafrikansk normaltid","vestafrikansk sommertid"]},"Asia/Aqtobe":{"long":["vestkasakhstansk tid","vestkasakhstansk tid"]},"America/Juneau":{"long":["alaskisk normaltid","alaskisk sommertid"],"short":["AKST","AKDT"]},"Asia/Almaty":{"long":["østkasakhstansk tid","østkasakhstansk tid"]},"America/Manaus":{"long":["normaltid for Amazonas","sommertid for Amazonas"]},"America/Chicago":{"long":["normaltid for det sentrale Nord-Amerika","sommertid for det sentrale Nord-Amerika"],"short":["CST","CDT"]},"America/Belize":{"long":["normaltid for det sentrale Nord-Amerika","sommertid for det sentrale Nord-Amerika"],"short":["CST","CDT"]},"America/Winnipeg":{"long":["normaltid for det sentrale Nord-Amerika","sommertid for det sentrale Nord-Amerika"],"short":["CST","CDT"]},"America/Costa_Rica":{"long":["normaltid for det sentrale Nord-Amerika","sommertid for det sentrale Nord-Amerika"],"short":["CST","CDT"]},"America/Guatemala":{"long":["normaltid for det sentrale Nord-Amerika","sommertid for det sentrale Nord-Amerika"],"short":["CST","CDT"]},"America/Tegucigalpa":{"long":["normaltid for det sentrale Nord-Amerika","sommertid for det sentrale Nord-Amerika"],"short":["CST","CDT"]},"America/Mexico_City":{"long":["normaltid for det sentrale Nord-Amerika","sommertid for det sentrale Nord-Amerika"],"short":["CST","CDT"]},"America/El_Salvador":{"long":["normaltid for det sentrale Nord-Amerika","sommertid for det sentrale Nord-Amerika"],"short":["CST","CDT"]},"America/New_York":{"long":["normaltid for den nordamerikanske østkysten","sommertid for den nordamerikanske østkysten"],"short":["EST","EDT"]},"America/Nassau":{"long":["normaltid for den nordamerikanske østkysten","sommertid for den nordamerikanske østkysten"],"short":["EST","EDT"]},"America/Toronto":{"long":["normaltid for den nordamerikanske østkysten","sommertid for den nordamerikanske østkysten"],"short":["EST","EDT"]},"America/Port-au-Prince":{"long":["normaltid for den nordamerikanske østkysten","sommertid for den nordamerikanske østkysten"],"short":["EST","EDT"]},"America/Jamaica":{"long":["normaltid for den nordamerikanske østkysten","sommertid for den nordamerikanske østkysten"],"short":["EST","EDT"]},"America/Cayman":{"long":["normaltid for den nordamerikanske østkysten","sommertid for den nordamerikanske østkysten"],"short":["EST","EDT"]},"America/Panama":{"long":["normaltid for den nordamerikanske østkysten","sommertid for den nordamerikanske østkysten"],"short":["EST","EDT"]},"America/Denver":{"long":["normaltid for Rocky Mountains (USA)","sommertid for Rocky Mountains (USA)"],"short":["MST","MDT"]},"America/Edmonton":{"long":["normaltid for Rocky Mountains (USA)","sommertid for Rocky Mountains (USA)"],"short":["MST","MDT"]},"America/Hermosillo":{"long":["normaltid for Rocky Mountains (USA)","sommertid for Rocky Mountains (USA)"],"short":["MST","MDT"]},"America/Los_Angeles":{"long":["normaltid for den nordamerikanske Stillehavskysten","sommertid for den nordamerikanske Stillehavskysten"],"short":["PST","PDT"]},"America/Vancouver":{"long":["normaltid for den nordamerikanske Stillehavskysten","sommertid for den nordamerikanske Stillehavskysten"],"short":["PST","PDT"]},"America/Tijuana":{"long":["normaltid for den nordamerikanske Stillehavskysten","sommertid for den nordamerikanske Stillehavskysten"],"short":["PST","PDT"]},"Asia/Anadyr":{"long":["Russisk (Anadyr) normaltid","Russisk (Anadyr) sommertid"]},"Pacific/Apia":{"long":["normaltid for Apia","sommertid for Apia"]},"Asia/Riyadh":{"long":["arabisk standardtid","arabisk sommertid"]},"Asia/Bahrain":{"long":["arabisk standardtid","arabisk sommertid"]},"Asia/Baghdad":{"long":["arabisk standardtid","arabisk sommertid"]},"Asia/Kuwait":{"long":["arabisk standardtid","arabisk sommertid"]},"Asia/Qatar":{"long":["arabisk standardtid","arabisk sommertid"]},"Asia/Aden":{"long":["arabisk standardtid","arabisk sommertid"]},"America/Buenos_Aires":{"long":["argentinsk normaltid","argentinsk sommertid"]},"America/Argentina/San_Luis":{"long":["vestargentinsk normaltid","vestargentinsk sommertid"]},"Asia/Ashgabat":{"long":["turkmensk normaltid","turkmensk sommertid"]},"America/Halifax":{"long":["normaltid for den nordamerikanske atlanterhavskysten","sommertid for den nordamerikanske atlanterhavskysten"],"short":["AST","ADT"]},"America/Antigua":{"long":["normaltid for den nordamerikanske atlanterhavskysten","sommertid for den nordamerikanske atlanterhavskysten"],"short":["AST","ADT"]},"America/Anguilla":{"long":["normaltid for den nordamerikanske atlanterhavskysten","sommertid for den nordamerikanske atlanterhavskysten"],"short":["AST","ADT"]},"America/Aruba":{"long":["normaltid for den nordamerikanske atlanterhavskysten","sommertid for den nordamerikanske atlanterhavskysten"],"short":["AST","ADT"]},"America/Barbados":{"long":["normaltid for den nordamerikanske atlanterhavskysten","sommertid for den nordamerikanske atlanterhavskysten"],"short":["AST","ADT"]},"Atlantic/Bermuda":{"long":["normaltid for den nordamerikanske atlanterhavskysten","sommertid for den nordamerikanske atlanterhavskysten"],"short":["AST","ADT"]},"America/Kralendijk":{"long":["normaltid for den nordamerikanske atlanterhavskysten","sommertid for den nordamerikanske atlanterhavskysten"],"short":["AST","ADT"]},"America/Curacao":{"long":["normaltid for den nordamerikanske atlanterhavskysten","sommertid for den nordamerikanske atlanterhavskysten"],"short":["AST","ADT"]},"America/Dominica":{"long":["normaltid for den nordamerikanske atlanterhavskysten","sommertid for den nordamerikanske atlanterhavskysten"],"short":["AST","ADT"]},"America/Grenada":{"long":["normaltid for den nordamerikanske atlanterhavskysten","sommertid for den nordamerikanske atlanterhavskysten"],"short":["AST","ADT"]},"America/Thule":{"long":["normaltid for den nordamerikanske atlanterhavskysten","sommertid for den nordamerikanske atlanterhavskysten"],"short":["AST","ADT"]},"America/Guadeloupe":{"long":["normaltid for den nordamerikanske atlanterhavskysten","sommertid for den nordamerikanske atlanterhavskysten"],"short":["AST","ADT"]},"America/St_Kitts":{"long":["normaltid for den nordamerikanske atlanterhavskysten","sommertid for den nordamerikanske atlanterhavskysten"],"short":["AST","ADT"]},"America/St_Lucia":{"long":["normaltid for den nordamerikanske atlanterhavskysten","sommertid for den nordamerikanske atlanterhavskysten"],"short":["AST","ADT"]},"America/Marigot":{"long":["normaltid for den nordamerikanske atlanterhavskysten","sommertid for den nordamerikanske atlanterhavskysten"],"short":["AST","ADT"]},"America/Martinique":{"long":["normaltid for den nordamerikanske atlanterhavskysten","sommertid for den nordamerikanske atlanterhavskysten"],"short":["AST","ADT"]},"America/Montserrat":{"long":["normaltid for den nordamerikanske atlanterhavskysten","sommertid for den nordamerikanske atlanterhavskysten"],"short":["AST","ADT"]},"America/Puerto_Rico":{"long":["normaltid for den nordamerikanske atlanterhavskysten","sommertid for den nordamerikanske atlanterhavskysten"],"short":["AST","ADT"]},"America/Lower_Princes":{"long":["normaltid for den nordamerikanske atlanterhavskysten","sommertid for den nordamerikanske atlanterhavskysten"],"short":["AST","ADT"]},"America/Port_of_Spain":{"long":["normaltid for den nordamerikanske atlanterhavskysten","sommertid for den nordamerikanske atlanterhavskysten"],"short":["AST","ADT"]},"America/St_Vincent":{"long":["normaltid for den nordamerikanske atlanterhavskysten","sommertid for den nordamerikanske atlanterhavskysten"],"short":["AST","ADT"]},"America/Tortola":{"long":["normaltid for den nordamerikanske atlanterhavskysten","sommertid for den nordamerikanske atlanterhavskysten"],"short":["AST","ADT"]},"America/St_Thomas":{"long":["normaltid for den nordamerikanske atlanterhavskysten","sommertid for den nordamerikanske atlanterhavskysten"],"short":["AST","ADT"]},"Australia/Adelaide":{"long":["sentralaustralsk normaltid","sentralaustralsk sommertid"]},"Australia/Eucla":{"long":["vest-sentralaustralsk normaltid","vest-sentralaustralsk sommertid"]},"Australia/Sydney":{"long":["østaustralsk normaltid","østaustralsk sommertid"]},"Australia/Perth":{"long":["vestaustralsk normaltid","vestaustralsk sommertid"]},"Atlantic/Azores":{"long":["asorisk normaltid","asorisk sommertid"]},"Asia/Thimphu":{"long":["bhutansk tid","bhutansk tid"]},"America/La_Paz":{"long":["boliviansk tid","boliviansk tid"]},"Asia/Kuching":{"long":["malaysisk tid","malaysisk tid"]},"America/Sao_Paulo":{"long":["normaltid for Brasilia","sommertid for Brasilia"]},"Europe/London":{"long":["Greenwich middeltid","Greenwich middeltid"],"short":["GMT","GMT"]},"Asia/Brunei":{"long":["tidssone for Brunei Darussalam","tidssone for Brunei Darussalam"]},"Atlantic/Cape_Verde":{"long":["kappverdisk normaltid","kappverdisk sommertid"]},"Antarctica/Casey":{"long":["Casey-tid","Casey-tid"]},"Pacific/Saipan":{"long":["Nord-Marianene-tid","Nord-Marianene-tid"]},"Pacific/Guam":{"long":["Guam-tid","Guam-tid"]},"Pacific/Chatham":{"long":["normaltid for Chatham","sommertid for Chatham"]},"America/Santiago":{"long":["chilensk normaltid","chilensk sommertid"]},"Asia/Shanghai":{"long":["kinesisk normaltid","kinesisk sommertid"]},"Asia/Choibalsan":{"long":["normaltid for Tsjojbalsan","sommertid for Tsjojbalsan"]},"Indian/Christmas":{"long":["tidssone for Christmasøya","tidssone for Christmasøya"]},"Indian/Cocos":{"long":["tidssone for Kokosøyene","tidssone for Kokosøyene"]},"America/Bogota":{"long":["colombiansk normaltid","colombiansk sommertid"]},"Pacific/Rarotonga":{"long":["normaltid for Cookøyene","halv sommertid for Cookøyene"]},"America/Havana":{"long":["cubansk normaltid","cubansk sommertid"]},"Antarctica/Davis":{"long":["tidssone for Davis","tidssone for Davis"]},"Antarctica/DumontDUrville":{"long":["tidssone for Dumont d’Urville","tidssone for Dumont d’Urville"]},"Asia/Dushanbe":{"long":["tadsjikisk tid","tadsjikisk tid"]},"America/Paramaribo":{"long":["surinamsk tid","surinamsk tid"]},"Asia/Dili":{"long":["østtimoresisk tid","østtimoresisk tid"]},"Pacific/Easter":{"long":["normaltid for Påskeøya","sommertid for Påskeøya"]},"America/Guayaquil":{"long":["ecuadoriansk tid","ecuadoriansk tid"]},"Europe/Paris":{"long":["sentraleuropeisk normaltid","sentraleuropeisk sommertid"],"short":["CET","CEST"]},"Europe/Andorra":{"long":["sentraleuropeisk normaltid","sentraleuropeisk sommertid"],"short":["CET","CEST"]},"Europe/Tirane":{"long":["sentraleuropeisk normaltid","sentraleuropeisk sommertid"],"short":["CET","CEST"]},"Europe/Vienna":{"long":["sentraleuropeisk normaltid","sentraleuropeisk sommertid"],"short":["CET","CEST"]},"Europe/Sarajevo":{"long":["sentraleuropeisk normaltid","sentraleuropeisk sommertid"],"short":["CET","CEST"]},"Europe/Brussels":{"long":["sentraleuropeisk normaltid","sentraleuropeisk sommertid"],"short":["CET","CEST"]},"Europe/Zurich":{"long":["sentraleuropeisk normaltid","sentraleuropeisk sommertid"],"short":["CET","CEST"]},"Europe/Prague":{"long":["sentraleuropeisk normaltid","sentraleuropeisk sommertid"],"short":["CET","CEST"]},"Europe/Berlin":{"long":["sentraleuropeisk normaltid","sentraleuropeisk sommertid"],"short":["CET","CEST"]},"Europe/Copenhagen":{"long":["sentraleuropeisk normaltid","sentraleuropeisk sommertid"],"short":["CET","CEST"]},"Europe/Madrid":{"long":["sentraleuropeisk normaltid","sentraleuropeisk sommertid"],"short":["CET","CEST"]},"Europe/Gibraltar":{"long":["sentraleuropeisk normaltid","sentraleuropeisk sommertid"],"short":["CET","CEST"]},"Europe/Zagreb":{"long":["sentraleuropeisk normaltid","sentraleuropeisk sommertid"],"short":["CET","CEST"]},"Europe/Budapest":{"long":["sentraleuropeisk normaltid","sentraleuropeisk sommertid"],"short":["CET","CEST"]},"Europe/Rome":{"long":["sentraleuropeisk normaltid","sentraleuropeisk sommertid"],"short":["CET","CEST"]},"Europe/Vaduz":{"long":["sentraleuropeisk normaltid","sentraleuropeisk sommertid"],"short":["CET","CEST"]},"Europe/Luxembourg":{"long":["sentraleuropeisk normaltid","sentraleuropeisk sommertid"],"short":["CET","CEST"]},"Europe/Monaco":{"long":["sentraleuropeisk normaltid","sentraleuropeisk sommertid"],"short":["CET","CEST"]},"Europe/Podgorica":{"long":["sentraleuropeisk normaltid","sentraleuropeisk sommertid"],"short":["CET","CEST"]},"Europe/Skopje":{"long":["sentraleuropeisk normaltid","sentraleuropeisk sommertid"],"short":["CET","CEST"]},"Europe/Malta":{"long":["sentraleuropeisk normaltid","sentraleuropeisk sommertid"],"short":["CET","CEST"]},"Europe/Amsterdam":{"long":["sentraleuropeisk normaltid","sentraleuropeisk sommertid"],"short":["CET","CEST"]},"Europe/Oslo":{"long":["sentraleuropeisk normaltid","sentraleuropeisk sommertid"],"short":["CET","CEST"]},"Europe/Warsaw":{"long":["sentraleuropeisk normaltid","sentraleuropeisk sommertid"],"short":["CET","CEST"]},"Europe/Belgrade":{"long":["sentraleuropeisk normaltid","sentraleuropeisk sommertid"],"short":["CET","CEST"]},"Europe/Stockholm":{"long":["sentraleuropeisk normaltid","sentraleuropeisk sommertid"],"short":["CET","CEST"]},"Europe/Ljubljana":{"long":["sentraleuropeisk normaltid","sentraleuropeisk sommertid"],"short":["CET","CEST"]},"Arctic/Longyearbyen":{"long":["sentraleuropeisk normaltid","sentraleuropeisk sommertid"],"short":["CET","CEST"]},"Europe/Bratislava":{"long":["sentraleuropeisk normaltid","sentraleuropeisk sommertid"],"short":["CET","CEST"]},"Europe/San_Marino":{"long":["sentraleuropeisk normaltid","sentraleuropeisk sommertid"],"short":["CET","CEST"]},"Africa/Tunis":{"long":["sentraleuropeisk normaltid","sentraleuropeisk sommertid"],"short":["CET","CEST"]},"Europe/Vatican":{"long":["sentraleuropeisk normaltid","sentraleuropeisk sommertid"],"short":["CET","CEST"]},"Europe/Bucharest":{"long":["østeuropeisk normaltid","østeuropeisk sommertid"],"short":["EET","EEST"]},"Europe/Mariehamn":{"long":["østeuropeisk normaltid","østeuropeisk sommertid"],"short":["EET","EEST"]},"Europe/Sofia":{"long":["østeuropeisk normaltid","østeuropeisk sommertid"],"short":["EET","EEST"]},"Asia/Nicosia":{"long":["østeuropeisk normaltid","østeuropeisk sommertid"],"short":["EET","EEST"]},"Africa/Cairo":{"long":["østeuropeisk normaltid","østeuropeisk sommertid"],"short":["EET","EEST"]},"Europe/Helsinki":{"long":["østeuropeisk normaltid","østeuropeisk sommertid"],"short":["EET","EEST"]},"Europe/Athens":{"long":["østeuropeisk normaltid","østeuropeisk sommertid"],"short":["EET","EEST"]},"Asia/Beirut":{"long":["østeuropeisk normaltid","østeuropeisk sommertid"],"short":["EET","EEST"]},"Europe/Minsk":{"long":["fjern-østeuropeisk tid","fjern-østeuropeisk tid"]},"Europe/Kaliningrad":{"long":["fjern-østeuropeisk tid","fjern-østeuropeisk tid"]},"Atlantic/Canary":{"long":["vesteuropeisk normaltid","vesteuropeisk sommertid"],"short":["WET","WEST"]},"Atlantic/Faeroe":{"long":["vesteuropeisk normaltid","vesteuropeisk sommertid"],"short":["WET","WEST"]},"Atlantic/Stanley":{"long":["normaltid for Falklandsøyene","sommertid for Falklandsøyene"]},"Pacific/Fiji":{"long":["fijiansk normaltid","fijiansk sommertid"]},"America/Cayenne":{"long":["tidssone for Fransk Guyana","tidssone for Fransk Guyana"]},"Indian/Kerguelen":{"long":["tidssone for De franske sørterritorier","tidssone for De franske sørterritorier"]},"Asia/Bishkek":{"long":["kirgisisk tid","kirgisisk tid"]},"Pacific/Galapagos":{"long":["tidssone for Galápagosøyene","tidssone for Galápagosøyene"]},"Pacific/Gambier":{"long":["tidssone for Gambier","tidssone for Gambier"]},"Pacific/Tarawa":{"long":["tidssone for Gilbertøyene","tidssone for Gilbertøyene"]},"Atlantic/Reykjavik":{"long":["Greenwich middeltid","Greenwich middeltid"],"short":["GMT","GMT"]},"Africa/Ouagadougou":{"long":["Greenwich middeltid","Greenwich middeltid"],"short":["GMT","GMT"]},"Africa/Abidjan":{"long":["Greenwich middeltid","Greenwich middeltid"],"short":["GMT","GMT"]},"Africa/Accra":{"long":["Greenwich middeltid","Greenwich middeltid"],"short":["GMT","GMT"]},"Africa/Banjul":{"long":["Greenwich middeltid","Greenwich middeltid"],"short":["GMT","GMT"]},"Africa/Conakry":{"long":["Greenwich middeltid","Greenwich middeltid"],"short":["GMT","GMT"]},"Africa/Bamako":{"long":["Greenwich middeltid","Greenwich middeltid"],"short":["GMT","GMT"]},"Africa/Nouakchott":{"long":["Greenwich middeltid","Greenwich middeltid"],"short":["GMT","GMT"]},"Atlantic/St_Helena":{"long":["Greenwich middeltid","Greenwich middeltid"],"short":["GMT","GMT"]},"Africa/Freetown":{"long":["Greenwich middeltid","Greenwich middeltid"],"short":["GMT","GMT"]},"Africa/Dakar":{"long":["Greenwich middeltid","Greenwich middeltid"],"short":["GMT","GMT"]},"Africa/Lome":{"long":["Greenwich middeltid","Greenwich middeltid"],"short":["GMT","GMT"]},"America/Scoresbysund":{"long":["østgrønlandsk normaltid","østgrønlandsk sommertid"]},"America/Godthab":{"long":["vestgrønlandsk normaltid","vestgrønlandsk sommertid"]},"Asia/Dubai":{"long":["tidssone for Persiabukta","tidssone for Persiabukta"]},"Asia/Muscat":{"long":["tidssone for Persiabukta","tidssone for Persiabukta"]},"America/Guyana":{"long":["guyansk tid","guyansk tid"]},"Pacific/Honolulu":{"long":["normaltid for Hawaii og Aleutene","sommertid for Hawaii og Aleutene"],"short":["HAST","HADT"]},"Asia/Hong_Kong":{"long":["normaltid for Hongkong","sommertid for Hongkong"]},"Asia/Hovd":{"long":["normaltid for Khovd","sommertid for Khovd"]},"Asia/Calcutta":{"long":["indisk tid","indisk tid"]},"Asia/Colombo":{"long":["Lanka-tid","Lanka-tid"]},"Indian/Chagos":{"long":["tidssone for Indiahavet","tidssone for Indiahavet"]},"Asia/Bangkok":{"long":["indokinesisk tid","indokinesisk tid"]},"Asia/Phnom_Penh":{"long":["indokinesisk tid","indokinesisk tid"]},"Asia/Vientiane":{"long":["indokinesisk tid","indokinesisk tid"]},"Asia/Makassar":{"long":["sentralindonesisk tid","sentralindonesisk tid"]},"Asia/Jayapura":{"long":["østindonesisk tid","østindonesisk tid"]},"Asia/Jakarta":{"long":["vestindonesisk tid","vestindonesisk tid"]},"Asia/Tehran":{"long":["iransk normaltid","iransk sommertid"]},"Asia/Irkutsk":{"long":["normaltid for Irkutsk","sommertid for Irkutsk"]},"Asia/Jerusalem":{"long":["israelsk normaltid","israelsk sommertid"]},"Asia/Tokyo":{"long":["japansk normaltid","japansk sommertid"]},"Asia/Kamchatka":{"long":["Russisk (Petropavlovsk-Kamtsjatskij) normaltid","Russisk (Petropavlovsk-Kamtsjatskij) sommertid"]},"Asia/Karachi":{"long":["pakistansk normaltid","pakistansk sommertid"]},"Asia/Qyzylorda":{"long":["Qyzylorda, standardtid","Qyzylorda, sommertid"]},"Asia/Seoul":{"long":["koreansk normaltid","koreansk sommertid"]},"Pacific/Kosrae":{"long":["tidssone for Kosrae","tidssone for Kosrae"]},"Asia/Krasnoyarsk":{"long":["normaltid for Krasnojarsk","sommertid for Krasnojarsk"]},"Europe/Samara":{"long":["Russisk (Samara) normaltid","Russisk (Samara) sommertid"]},"Pacific/Kiritimati":{"long":["tidssone for Linjeøyene","tidssone for Linjeøyene"]},"Australia/Lord_Howe":{"long":["normaltid for Lord Howe-øya","sommertid for Lord Howe-øya"]},"Asia/Macau":{"long":["Macau, standardtid","Macau, sommertid"]},"Antarctica/Macquarie":{"long":["tidssone for Macquarieøya","tidssone for Macquarieøya"]},"Asia/Magadan":{"long":["normaltid for Magadan","sommertid for Magadan"]},"Indian/Maldives":{"long":["maldivisk tid","maldivisk tid"]},"Pacific/Marquesas":{"long":["tidssone for Marquesasøyene","tidssone for Marquesasøyene"]},"Pacific/Majuro":{"long":["marshallesisk tid","marshallesisk tid"]},"Indian/Mauritius":{"long":["mauritisk normaltid","mauritisk sommertid"]},"Antarctica/Mawson":{"long":["tidssone for Mawson","tidssone for Mawson"]},"America/Santa_Isabel":{"long":["normaltid for nordvestlige Mexico","sommertid for nordvestlige Mexico"]},"America/Mazatlan":{"long":["normaltid for den meksikanske Stillehavskysten","sommertid for den meksikanske Stillehavskysten"]},"Asia/Ulaanbaatar":{"long":["normaltid for Ulan Bator","sommertid for Ulan Bator"]},"Europe/Moscow":{"long":["normaltid for Moskva","sommertid for Moskva"]},"Asia/Rangoon":{"long":["myanmarsk tid","myanmarsk tid"]},"Pacific/Nauru":{"long":["naurisk tid","naurisk tid"]},"Asia/Katmandu":{"long":["nepalsk tid","nepalsk tid"]},"Pacific/Noumea":{"long":["kaledonsk normaltid","kaledonsk sommertid"]},"Pacific/Auckland":{"long":["newzealandsk normaltid","newzealandsk sommertid"]},"Antarctica/McMurdo":{"long":["newzealandsk normaltid","newzealandsk sommertid"]},"America/St_Johns":{"long":["normaltid for Newfoundland","sommertid for Newfoundland"]},"Pacific/Niue":{"long":["tidssone for Niue","tidssone for Niue"]},"Pacific/Norfolk":{"long":["normaltid for Norfolkøya","sommertid for Norfolkøya"]},"America/Noronha":{"long":["normaltid for Fernando de Noronha","sommertid for Fernando de Noronha"]},"Asia/Novosibirsk":{"long":["normaltid for Novosibirsk","sommertid for Novosibirsk"]},"Asia/Omsk":{"long":["normaltid for Omsk","sommertid for Omsk"]},"Pacific/Palau":{"long":["palauisk tid","palauisk tid"]},"Pacific/Port_Moresby":{"long":["papuansk tid","papuansk tid"]},"America/Asuncion":{"long":["paraguayansk normaltid","paraguayansk sommertid"]},"America/Lima":{"long":["peruansk normaltid","peruansk sommertid"]},"Asia/Manila":{"long":["filippinsk normaltid","filippinsk sommertid"]},"Pacific/Enderbury":{"long":["tidssone for Phoenixøyene","tidssone for Phoenixøyene"]},"America/Miquelon":{"long":["normaltid for Saint-Pierre-et-Miquelon","sommertid for Saint-Pierre-et-Miquelon"]},"Pacific/Pitcairn":{"long":["tidssone for Pitcairn","tidssone for Pitcairn"]},"Pacific/Ponape":{"long":["tidssone for Pohnpei","tidssone for Pohnpei"]},"Asia/Pyongyang":{"long":["tidssone for Pyongyang","tidssone for Pyongyang"]},"Indian/Reunion":{"long":["tidssone for Réunion","tidssone for Réunion"]},"Antarctica/Rothera":{"long":["tidssone for Rothera","tidssone for Rothera"]},"Asia/Sakhalin":{"long":["normaltid for Sakhalin","sommertid for Sakhalin"]},"Pacific/Pago_Pago":{"long":["samoansk normaltid","samoansk sommertid"]},"Indian/Mahe":{"long":["seychellisk tid","seychellisk tid"]},"Asia/Singapore":{"long":["singaporsk tid","singaporsk tid"]},"Pacific/Guadalcanal":{"long":["salomonsk tid","salomonsk tid"]},"Atlantic/South_Georgia":{"long":["tidssone for Sør-Georgia","tidssone for Sør-Georgia"]},"Asia/Yekaterinburg":{"long":["normaltid for Jekaterinburg","sommertid for Jekaterinburg"]},"Antarctica/Syowa":{"long":["tidssone for Syowa","tidssone for Syowa"]},"Pacific/Tahiti":{"long":["tahitisk tid","tahitisk tid"]},"Asia/Taipei":{"long":["normaltid for Taipei","sommertid for Taipei"]},"Asia/Tashkent":{"long":["usbekisk normaltid","usbekisk sommertid"]},"Pacific/Fakaofo":{"long":["tidssone for Tokelau","tidssone for Tokelau"]},"Pacific/Tongatapu":{"long":["tongansk normaltid","tongansk sommertid"]},"Pacific/Truk":{"long":["tidssone for Chuukøyene","tidssone for Chuukøyene"]},"Pacific/Funafuti":{"long":["tuvalsk tid","tuvalsk tid"]},"America/Montevideo":{"long":["uruguayansk normaltid","uruguayansk sommertid"]},"Pacific/Efate":{"long":["vanuatisk normaltid","vanuatisk sommertid"]},"America/Caracas":{"long":["venezuelansk tid","venezuelansk tid"]},"Asia/Vladivostok":{"long":["normaltid for Vladivostok","sommertid for Vladivostok"]},"Europe/Volgograd":{"long":["normaltid for Volgograd","sommertid for Volgograd"]},"Antarctica/Vostok":{"long":["tidssone for Vostok","tidssone for Vostok"]},"Pacific/Wake":{"long":["tidssone for Wake Island","tidssone for Wake Island"]},"Pacific/Wallis":{"long":["tidssone for Wallis- og Futunaøyene","tidssone for Wallis- og Futunaøyene"]},"Asia/Yakutsk":{"long":["normaltid for Jakutsk","sommertid for Jakutsk"]},"America/Whitehorse":{"long":["tidssone for Yukon","tidssone for Yukon"]},"UTC":{"long":["koordinert universaltid","koordinert universaltid"],"short":["UTC","UTC"]}},"gmtFormat":"GMT{0}","hourFormat":"+HH:mm;-HH:mm","dateFormat":{"full":"EEEE d. MMMM y","long":"d. MMMM y","medium":"d. MMM y","short":"dd.MM.y"},"timeFormat":{"full":"HH:mm:ss zzzz","long":"HH:mm:ss z","medium":"HH:mm:ss","short":"HH:mm"},"dateTimeFormat":{"full":"{1}, {0}","long":"{1}, {0}","medium":"{1}, {0}","short":"{1}, {0}"},"formats":{"gregory":{"Bh":"h B","Bhm":"h:mm B","Bhms":"h:mm:ss B","d":"d.","E":"ccc","EBhm":"E h:mm B","EBhms":"E h:mm:ss B","Ed":"E d.","Ehm":"E h:mm a","EHm":"E 'kl'. HH:mm","Ehms":"E h:mm:ss a","EHms":"E 'kl'. HH:mm:ss","Gy":"y G","GyMd":"dd.MM.y GGGGG","GyMMM":"MMM y G","GyMMMd":"d. MMM y G","GyMMMEd":"E d. MMM y G","h":"h a","H":"HH","hm":"h:mm a","Hm":"HH:mm","hms":"h:mm:ss a","Hms":"HH:mm:ss","hmsv":"h:mm:ss a v","Hmsv":"HH:mm:ss v","hmv":"h:mm a v","Hmv":"HH:mm v","M":"L.","Md":"d.M.","MEd":"E d.M.","MMdd":"d.M.","MMM":"LLL","MMMd":"d. MMM","MMMEd":"E d. MMM","MMMMd":"d. MMMM","ms":"mm:ss","y":"y","yM":"M.y","yMd":"d.M.y","yMEd":"E d.M.y","yMM":"MM.y","yMMM":"MMM y","yMMMd":"d. MMM y","yMMMEd":"E d. MMM y","yMMMM":"MMMM y","EEEE d. MMMM y":"EEEE d. MMMM y","d. MMMM y":"d. MMMM y","d. MMM y":"d. MMM y","dd.MM.y":"dd.MM.y","HH:mm:ss zzzz":"HH:mm:ss zzzz","HH.mm.ss zzzz":"HH.mm.ss zzzz","HH:mm:ss z":"HH:mm:ss z","HH.mm.ss z":"HH.mm.ss z","HH:mm:ss":"HH:mm:ss","HH.mm.ss":"HH.mm.ss","HH:mm":"HH:mm","HH.mm":"HH.mm","EEEE d. MMMM y, HH:mm:ss zzzz":"EEEE d. MMMM y, HH:mm:ss zzzz","d. MMMM y, HH:mm:ss zzzz":"d. MMMM y, HH:mm:ss zzzz","d. MMM y, HH:mm:ss zzzz":"d. MMM y, HH:mm:ss zzzz","dd.MM.y, HH:mm:ss zzzz":"dd.MM.y, HH:mm:ss zzzz","d, HH:mm:ss zzzz":"d., HH:mm:ss zzzz","E, HH:mm:ss zzzz":"ccc, HH:mm:ss zzzz","Ed, HH:mm:ss zzzz":"E d., HH:mm:ss zzzz","Gy, HH:mm:ss zzzz":"y G, HH:mm:ss zzzz","GyMd, HH:mm:ss zzzz":"dd.MM.y GGGGG, HH:mm:ss zzzz","GyMMM, HH:mm:ss zzzz":"MMM y G, HH:mm:ss zzzz","GyMMMd, HH:mm:ss zzzz":"d. MMM y G, HH:mm:ss zzzz","GyMMMEd, HH:mm:ss zzzz":"E d. MMM y G, HH:mm:ss zzzz","M, HH:mm:ss zzzz":"L., HH:mm:ss zzzz","Md, HH:mm:ss zzzz":"d.M., HH:mm:ss zzzz","MEd, HH:mm:ss zzzz":"E d.M., HH:mm:ss zzzz","MMdd, HH:mm:ss zzzz":"d.M., HH:mm:ss zzzz","MMM, HH:mm:ss zzzz":"LLL, HH:mm:ss zzzz","MMMd, HH:mm:ss zzzz":"d. MMM, HH:mm:ss zzzz","MMMEd, HH:mm:ss zzzz":"E d. MMM, HH:mm:ss zzzz","MMMMd, HH:mm:ss zzzz":"d. MMMM, HH:mm:ss zzzz","y, HH:mm:ss zzzz":"y, HH:mm:ss zzzz","yM, HH:mm:ss zzzz":"M.y, HH:mm:ss zzzz","yMd, HH:mm:ss zzzz":"d.M.y, HH:mm:ss zzzz","yMEd, HH:mm:ss zzzz":"E d.M.y, HH:mm:ss zzzz","yMM, HH:mm:ss zzzz":"MM.y, HH:mm:ss zzzz","yMMM, HH:mm:ss zzzz":"MMM y, HH:mm:ss zzzz","yMMMd, HH:mm:ss zzzz":"d. MMM y, HH:mm:ss zzzz","yMMMEd, HH:mm:ss zzzz":"E d. MMM y, HH:mm:ss zzzz","yMMMM, HH:mm:ss zzzz":"MMMM y, HH:mm:ss zzzz","EEEE d. MMMM y, HH.mm.ss zzzz":"EEEE d. MMMM y, HH.mm.ss zzzz","d. MMMM y, HH.mm.ss zzzz":"d. MMMM y, HH.mm.ss zzzz","d. MMM y, HH.mm.ss zzzz":"d. MMM y, HH.mm.ss zzzz","dd.MM.y, HH.mm.ss zzzz":"dd.MM.y, HH.mm.ss zzzz","d, HH.mm.ss zzzz":"d., HH.mm.ss zzzz","E, HH.mm.ss zzzz":"ccc, HH.mm.ss zzzz","Ed, HH.mm.ss zzzz":"E d., HH.mm.ss zzzz","Gy, HH.mm.ss zzzz":"y G, HH.mm.ss zzzz","GyMd, HH.mm.ss zzzz":"dd.MM.y GGGGG, HH.mm.ss zzzz","GyMMM, HH.mm.ss zzzz":"MMM y G, HH.mm.ss zzzz","GyMMMd, HH.mm.ss zzzz":"d. MMM y G, HH.mm.ss zzzz","GyMMMEd, HH.mm.ss zzzz":"E d. MMM y G, HH.mm.ss zzzz","M, HH.mm.ss zzzz":"L., HH.mm.ss zzzz","Md, HH.mm.ss zzzz":"d.M., HH.mm.ss zzzz","MEd, HH.mm.ss zzzz":"E d.M., HH.mm.ss zzzz","MMdd, HH.mm.ss zzzz":"d.M., HH.mm.ss zzzz","MMM, HH.mm.ss zzzz":"LLL, HH.mm.ss zzzz","MMMd, HH.mm.ss zzzz":"d. MMM, HH.mm.ss zzzz","MMMEd, HH.mm.ss zzzz":"E d. MMM, HH.mm.ss zzzz","MMMMd, HH.mm.ss zzzz":"d. MMMM, HH.mm.ss zzzz","y, HH.mm.ss zzzz":"y, HH.mm.ss zzzz","yM, HH.mm.ss zzzz":"M.y, HH.mm.ss zzzz","yMd, HH.mm.ss zzzz":"d.M.y, HH.mm.ss zzzz","yMEd, HH.mm.ss zzzz":"E d.M.y, HH.mm.ss zzzz","yMM, HH.mm.ss zzzz":"MM.y, HH.mm.ss zzzz","yMMM, HH.mm.ss zzzz":"MMM y, HH.mm.ss zzzz","yMMMd, HH.mm.ss zzzz":"d. MMM y, HH.mm.ss zzzz","yMMMEd, HH.mm.ss zzzz":"E d. MMM y, HH.mm.ss zzzz","yMMMM, HH.mm.ss zzzz":"MMMM y, HH.mm.ss zzzz","EEEE d. MMMM y, HH:mm:ss z":"EEEE d. MMMM y, HH:mm:ss z","d. MMMM y, HH:mm:ss z":"d. MMMM y, HH:mm:ss z","d. MMM y, HH:mm:ss z":"d. MMM y, HH:mm:ss z","dd.MM.y, HH:mm:ss z":"dd.MM.y, HH:mm:ss z","d, HH:mm:ss z":"d., HH:mm:ss z","E, HH:mm:ss z":"ccc, HH:mm:ss z","Ed, HH:mm:ss z":"E d., HH:mm:ss z","Gy, HH:mm:ss z":"y G, HH:mm:ss z","GyMd, HH:mm:ss z":"dd.MM.y GGGGG, HH:mm:ss z","GyMMM, HH:mm:ss z":"MMM y G, HH:mm:ss z","GyMMMd, HH:mm:ss z":"d. MMM y G, HH:mm:ss z","GyMMMEd, HH:mm:ss z":"E d. MMM y G, HH:mm:ss z","M, HH:mm:ss z":"L., HH:mm:ss z","Md, HH:mm:ss z":"d.M., HH:mm:ss z","MEd, HH:mm:ss z":"E d.M., HH:mm:ss z","MMdd, HH:mm:ss z":"d.M., HH:mm:ss z","MMM, HH:mm:ss z":"LLL, HH:mm:ss z","MMMd, HH:mm:ss z":"d. MMM, HH:mm:ss z","MMMEd, HH:mm:ss z":"E d. MMM, HH:mm:ss z","MMMMd, HH:mm:ss z":"d. MMMM, HH:mm:ss z","y, HH:mm:ss z":"y, HH:mm:ss z","yM, HH:mm:ss z":"M.y, HH:mm:ss z","yMd, HH:mm:ss z":"d.M.y, HH:mm:ss z","yMEd, HH:mm:ss z":"E d.M.y, HH:mm:ss z","yMM, HH:mm:ss z":"MM.y, HH:mm:ss z","yMMM, HH:mm:ss z":"MMM y, HH:mm:ss z","yMMMd, HH:mm:ss z":"d. MMM y, HH:mm:ss z","yMMMEd, HH:mm:ss z":"E d. MMM y, HH:mm:ss z","yMMMM, HH:mm:ss z":"MMMM y, HH:mm:ss z","EEEE d. MMMM y, HH.mm.ss z":"EEEE d. MMMM y, HH.mm.ss z","d. MMMM y, HH.mm.ss z":"d. MMMM y, HH.mm.ss z","d. MMM y, HH.mm.ss z":"d. MMM y, HH.mm.ss z","dd.MM.y, HH.mm.ss z":"dd.MM.y, HH.mm.ss z","d, HH.mm.ss z":"d., HH.mm.ss z","E, HH.mm.ss z":"ccc, HH.mm.ss z","Ed, HH.mm.ss z":"E d., HH.mm.ss z","Gy, HH.mm.ss z":"y G, HH.mm.ss z","GyMd, HH.mm.ss z":"dd.MM.y GGGGG, HH.mm.ss z","GyMMM, HH.mm.ss z":"MMM y G, HH.mm.ss z","GyMMMd, HH.mm.ss z":"d. MMM y G, HH.mm.ss z","GyMMMEd, HH.mm.ss z":"E d. MMM y G, HH.mm.ss z","M, HH.mm.ss z":"L., HH.mm.ss z","Md, HH.mm.ss z":"d.M., HH.mm.ss z","MEd, HH.mm.ss z":"E d.M., HH.mm.ss z","MMdd, HH.mm.ss z":"d.M., HH.mm.ss z","MMM, HH.mm.ss z":"LLL, HH.mm.ss z","MMMd, HH.mm.ss z":"d. MMM, HH.mm.ss z","MMMEd, HH.mm.ss z":"E d. MMM, HH.mm.ss z","MMMMd, HH.mm.ss z":"d. MMMM, HH.mm.ss z","y, HH.mm.ss z":"y, HH.mm.ss z","yM, HH.mm.ss z":"M.y, HH.mm.ss z","yMd, HH.mm.ss z":"d.M.y, HH.mm.ss z","yMEd, HH.mm.ss z":"E d.M.y, HH.mm.ss z","yMM, HH.mm.ss z":"MM.y, HH.mm.ss z","yMMM, HH.mm.ss z":"MMM y, HH.mm.ss z","yMMMd, HH.mm.ss z":"d. MMM y, HH.mm.ss z","yMMMEd, HH.mm.ss z":"E d. MMM y, HH.mm.ss z","yMMMM, HH.mm.ss z":"MMMM y, HH.mm.ss z","EEEE d. MMMM y, HH:mm:ss":"EEEE d. MMMM y, HH:mm:ss","d. MMMM y, HH:mm:ss":"d. MMMM y, HH:mm:ss","d. MMM y, HH:mm:ss":"d. MMM y, HH:mm:ss","dd.MM.y, HH:mm:ss":"dd.MM.y, HH:mm:ss","d, HH:mm:ss":"d., HH:mm:ss","E, HH:mm:ss":"ccc, HH:mm:ss","Ed, HH:mm:ss":"E d., HH:mm:ss","Gy, HH:mm:ss":"y G, HH:mm:ss","GyMd, HH:mm:ss":"dd.MM.y GGGGG, HH:mm:ss","GyMMM, HH:mm:ss":"MMM y G, HH:mm:ss","GyMMMd, HH:mm:ss":"d. MMM y G, HH:mm:ss","GyMMMEd, HH:mm:ss":"E d. MMM y G, HH:mm:ss","M, HH:mm:ss":"L., HH:mm:ss","Md, HH:mm:ss":"d.M., HH:mm:ss","MEd, HH:mm:ss":"E d.M., HH:mm:ss","MMdd, HH:mm:ss":"d.M., HH:mm:ss","MMM, HH:mm:ss":"LLL, HH:mm:ss","MMMd, HH:mm:ss":"d. MMM, HH:mm:ss","MMMEd, HH:mm:ss":"E d. MMM, HH:mm:ss","MMMMd, HH:mm:ss":"d. MMMM, HH:mm:ss","y, HH:mm:ss":"y, HH:mm:ss","yM, HH:mm:ss":"M.y, HH:mm:ss","yMd, HH:mm:ss":"d.M.y, HH:mm:ss","yMEd, HH:mm:ss":"E d.M.y, HH:mm:ss","yMM, HH:mm:ss":"MM.y, HH:mm:ss","yMMM, HH:mm:ss":"MMM y, HH:mm:ss","yMMMd, HH:mm:ss":"d. MMM y, HH:mm:ss","yMMMEd, HH:mm:ss":"E d. MMM y, HH:mm:ss","yMMMM, HH:mm:ss":"MMMM y, HH:mm:ss","EEEE d. MMMM y, HH.mm.ss":"EEEE d. MMMM y, HH.mm.ss","d. MMMM y, HH.mm.ss":"d. MMMM y, HH.mm.ss","d. MMM y, HH.mm.ss":"d. MMM y, HH.mm.ss","dd.MM.y, HH.mm.ss":"dd.MM.y, HH.mm.ss","d, HH.mm.ss":"d., HH.mm.ss","E, HH.mm.ss":"ccc, HH.mm.ss","Ed, HH.mm.ss":"E d., HH.mm.ss","Gy, HH.mm.ss":"y G, HH.mm.ss","GyMd, HH.mm.ss":"dd.MM.y GGGGG, HH.mm.ss","GyMMM, HH.mm.ss":"MMM y G, HH.mm.ss","GyMMMd, HH.mm.ss":"d. MMM y G, HH.mm.ss","GyMMMEd, HH.mm.ss":"E d. MMM y G, HH.mm.ss","M, HH.mm.ss":"L., HH.mm.ss","Md, HH.mm.ss":"d.M., HH.mm.ss","MEd, HH.mm.ss":"E d.M., HH.mm.ss","MMdd, HH.mm.ss":"d.M., HH.mm.ss","MMM, HH.mm.ss":"LLL, HH.mm.ss","MMMd, HH.mm.ss":"d. MMM, HH.mm.ss","MMMEd, HH.mm.ss":"E d. MMM, HH.mm.ss","MMMMd, HH.mm.ss":"d. MMMM, HH.mm.ss","y, HH.mm.ss":"y, HH.mm.ss","yM, HH.mm.ss":"M.y, HH.mm.ss","yMd, HH.mm.ss":"d.M.y, HH.mm.ss","yMEd, HH.mm.ss":"E d.M.y, HH.mm.ss","yMM, HH.mm.ss":"MM.y, HH.mm.ss","yMMM, HH.mm.ss":"MMM y, HH.mm.ss","yMMMd, HH.mm.ss":"d. MMM y, HH.mm.ss","yMMMEd, HH.mm.ss":"E d. MMM y, HH.mm.ss","yMMMM, HH.mm.ss":"MMMM y, HH.mm.ss","EEEE d. MMMM y, HH:mm":"EEEE d. MMMM y, HH:mm","d. MMMM y, HH:mm":"d. MMMM y, HH:mm","d. MMM y, HH:mm":"d. MMM y, HH:mm","dd.MM.y, HH:mm":"dd.MM.y, HH:mm","d, HH:mm":"d., HH:mm","E, HH:mm":"ccc, HH:mm","Ed, HH:mm":"E d., HH:mm","Gy, HH:mm":"y G, HH:mm","GyMd, HH:mm":"dd.MM.y GGGGG, HH:mm","GyMMM, HH:mm":"MMM y G, HH:mm","GyMMMd, HH:mm":"d. MMM y G, HH:mm","GyMMMEd, HH:mm":"E d. MMM y G, HH:mm","M, HH:mm":"L., HH:mm","Md, HH:mm":"d.M., HH:mm","MEd, HH:mm":"E d.M., HH:mm","MMdd, HH:mm":"d.M., HH:mm","MMM, HH:mm":"LLL, HH:mm","MMMd, HH:mm":"d. MMM, HH:mm","MMMEd, HH:mm":"E d. MMM, HH:mm","MMMMd, HH:mm":"d. MMMM, HH:mm","y, HH:mm":"y, HH:mm","yM, HH:mm":"M.y, HH:mm","yMd, HH:mm":"d.M.y, HH:mm","yMEd, HH:mm":"E d.M.y, HH:mm","yMM, HH:mm":"MM.y, HH:mm","yMMM, HH:mm":"MMM y, HH:mm","yMMMd, HH:mm":"d. MMM y, HH:mm","yMMMEd, HH:mm":"E d. MMM y, HH:mm","yMMMM, HH:mm":"MMMM y, HH:mm","EEEE d. MMMM y, HH.mm":"EEEE d. MMMM y, HH.mm","d. MMMM y, HH.mm":"d. MMMM y, HH.mm","d. MMM y, HH.mm":"d. MMM y, HH.mm","dd.MM.y, HH.mm":"dd.MM.y, HH.mm","d, HH.mm":"d., HH.mm","E, HH.mm":"ccc, HH.mm","Ed, HH.mm":"E d., HH.mm","Gy, HH.mm":"y G, HH.mm","GyMd, HH.mm":"dd.MM.y GGGGG, HH.mm","GyMMM, HH.mm":"MMM y G, HH.mm","GyMMMd, HH.mm":"d. MMM y G, HH.mm","GyMMMEd, HH.mm":"E d. MMM y G, HH.mm","M, HH.mm":"L., HH.mm","Md, HH.mm":"d.M., HH.mm","MEd, HH.mm":"E d.M., HH.mm","MMdd, HH.mm":"d.M., HH.mm","MMM, HH.mm":"LLL, HH.mm","MMMd, HH.mm":"d. MMM, HH.mm","MMMEd, HH.mm":"E d. MMM, HH.mm","MMMMd, HH.mm":"d. MMMM, HH.mm","y, HH.mm":"y, HH.mm","yM, HH.mm":"M.y, HH.mm","yMd, HH.mm":"d.M.y, HH.mm","yMEd, HH.mm":"E d.M.y, HH.mm","yMM, HH.mm":"MM.y, HH.mm","yMMM, HH.mm":"MMM y, HH.mm","yMMMd, HH.mm":"d. MMM y, HH.mm","yMMMEd, HH.mm":"E d. MMM y, HH.mm","yMMMM, HH.mm":"MMMM y, HH.mm","EEEE d. MMMM y, Bh":"EEEE d. MMMM y, h B","d. MMMM y, Bh":"d. MMMM y, h B","d. MMM y, Bh":"d. MMM y, h B","dd.MM.y, Bh":"dd.MM.y, h B","d, Bh":"d., h B","E, Bh":"ccc, h B","Ed, Bh":"E d., h B","Gy, Bh":"y G, h B","GyMd, Bh":"dd.MM.y GGGGG, h B","GyMMM, Bh":"MMM y G, h B","GyMMMd, Bh":"d. MMM y G, h B","GyMMMEd, Bh":"E d. MMM y G, h B","M, Bh":"L., h B","Md, Bh":"d.M., h B","MEd, Bh":"E d.M., h B","MMdd, Bh":"d.M., h B","MMM, Bh":"LLL, h B","MMMd, Bh":"d. MMM, h B","MMMEd, Bh":"E d. MMM, h B","MMMMd, Bh":"d. MMMM, h B","y, Bh":"y, h B","yM, Bh":"M.y, h B","yMd, Bh":"d.M.y, h B","yMEd, Bh":"E d.M.y, h B","yMM, Bh":"MM.y, h B","yMMM, Bh":"MMM y, h B","yMMMd, Bh":"d. MMM y, h B","yMMMEd, Bh":"E d. MMM y, h B","yMMMM, Bh":"MMMM y, h B","EEEE d. MMMM y, Bhm":"EEEE d. MMMM y, h:mm B","d. MMMM y, Bhm":"d. MMMM y, h:mm B","d. MMM y, Bhm":"d. MMM y, h:mm B","dd.MM.y, Bhm":"dd.MM.y, h:mm B","d, Bhm":"d., h:mm B","E, Bhm":"ccc, h:mm B","Ed, Bhm":"E d., h:mm B","Gy, Bhm":"y G, h:mm B","GyMd, Bhm":"dd.MM.y GGGGG, h:mm B","GyMMM, Bhm":"MMM y G, h:mm B","GyMMMd, Bhm":"d. MMM y G, h:mm B","GyMMMEd, Bhm":"E d. MMM y G, h:mm B","M, Bhm":"L., h:mm B","Md, Bhm":"d.M., h:mm B","MEd, Bhm":"E d.M., h:mm B","MMdd, Bhm":"d.M., h:mm B","MMM, Bhm":"LLL, h:mm B","MMMd, Bhm":"d. MMM, h:mm B","MMMEd, Bhm":"E d. MMM, h:mm B","MMMMd, Bhm":"d. MMMM, h:mm B","y, Bhm":"y, h:mm B","yM, Bhm":"M.y, h:mm B","yMd, Bhm":"d.M.y, h:mm B","yMEd, Bhm":"E d.M.y, h:mm B","yMM, Bhm":"MM.y, h:mm B","yMMM, Bhm":"MMM y, h:mm B","yMMMd, Bhm":"d. MMM y, h:mm B","yMMMEd, Bhm":"E d. MMM y, h:mm B","yMMMM, Bhm":"MMMM y, h:mm B","EEEE d. MMMM y, Bhms":"EEEE d. MMMM y, h:mm:ss B","d. MMMM y, Bhms":"d. MMMM y, h:mm:ss B","d. MMM y, Bhms":"d. MMM y, h:mm:ss B","dd.MM.y, Bhms":"dd.MM.y, h:mm:ss B","d, Bhms":"d., h:mm:ss B","E, Bhms":"ccc, h:mm:ss B","Ed, Bhms":"E d., h:mm:ss B","Gy, Bhms":"y G, h:mm:ss B","GyMd, Bhms":"dd.MM.y GGGGG, h:mm:ss B","GyMMM, Bhms":"MMM y G, h:mm:ss B","GyMMMd, Bhms":"d. MMM y G, h:mm:ss B","GyMMMEd, Bhms":"E d. MMM y G, h:mm:ss B","M, Bhms":"L., h:mm:ss B","Md, Bhms":"d.M., h:mm:ss B","MEd, Bhms":"E d.M., h:mm:ss B","MMdd, Bhms":"d.M., h:mm:ss B","MMM, Bhms":"LLL, h:mm:ss B","MMMd, Bhms":"d. MMM, h:mm:ss B","MMMEd, Bhms":"E d. MMM, h:mm:ss B","MMMMd, Bhms":"d. MMMM, h:mm:ss B","y, Bhms":"y, h:mm:ss B","yM, Bhms":"M.y, h:mm:ss B","yMd, Bhms":"d.M.y, h:mm:ss B","yMEd, Bhms":"E d.M.y, h:mm:ss B","yMM, Bhms":"MM.y, h:mm:ss B","yMMM, Bhms":"MMM y, h:mm:ss B","yMMMd, Bhms":"d. MMM y, h:mm:ss B","yMMMEd, Bhms":"E d. MMM y, h:mm:ss B","yMMMM, Bhms":"MMMM y, h:mm:ss B","EEEE d. MMMM y, h":"EEEE d. MMMM y, h a","d. MMMM y, h":"d. MMMM y, h a","d. MMM y, h":"d. MMM y, h a","dd.MM.y, h":"dd.MM.y, h a","d, h":"d., h a","E, h":"ccc, h a","Ed, h":"E d., h a","Gy, h":"y G, h a","GyMd, h":"dd.MM.y GGGGG, h a","GyMMM, h":"MMM y G, h a","GyMMMd, h":"d. MMM y G, h a","GyMMMEd, h":"E d. MMM y G, h a","M, h":"L., h a","Md, h":"d.M., h a","MEd, h":"E d.M., h a","MMdd, h":"d.M., h a","MMM, h":"LLL, h a","MMMd, h":"d. MMM, h a","MMMEd, h":"E d. MMM, h a","MMMMd, h":"d. MMMM, h a","y, h":"y, h a","yM, h":"M.y, h a","yMd, h":"d.M.y, h a","yMEd, h":"E d.M.y, h a","yMM, h":"MM.y, h a","yMMM, h":"MMM y, h a","yMMMd, h":"d. MMM y, h a","yMMMEd, h":"E d. MMM y, h a","yMMMM, h":"MMMM y, h a","EEEE d. MMMM y, H":"EEEE d. MMMM y, HH","d. MMMM y, H":"d. MMMM y, HH","d. MMM y, H":"d. MMM y, HH","dd.MM.y, H":"dd.MM.y, HH","d, H":"d., HH","E, H":"ccc, HH","Ed, H":"E d., HH","Gy, H":"y G, HH","GyMd, H":"dd.MM.y GGGGG, HH","GyMMM, H":"MMM y G, HH","GyMMMd, H":"d. MMM y G, HH","GyMMMEd, H":"E d. MMM y G, HH","M, H":"L., HH","Md, H":"d.M., HH","MEd, H":"E d.M., HH","MMdd, H":"d.M., HH","MMM, H":"LLL, HH","MMMd, H":"d. MMM, HH","MMMEd, H":"E d. MMM, HH","MMMMd, H":"d. MMMM, HH","y, H":"y, HH","yM, H":"M.y, HH","yMd, H":"d.M.y, HH","yMEd, H":"E d.M.y, HH","yMM, H":"MM.y, HH","yMMM, H":"MMM y, HH","yMMMd, H":"d. MMM y, HH","yMMMEd, H":"E d. MMM y, HH","yMMMM, H":"MMMM y, HH","EEEE d. MMMM y, hm":"EEEE d. MMMM y, h:mm a","d. MMMM y, hm":"d. MMMM y, h:mm a","d. MMM y, hm":"d. MMM y, h:mm a","dd.MM.y, hm":"dd.MM.y, h:mm a","d, hm":"d., h:mm a","E, hm":"ccc, h:mm a","Ed, hm":"E d., h:mm a","Gy, hm":"y G, h:mm a","GyMd, hm":"dd.MM.y GGGGG, h:mm a","GyMMM, hm":"MMM y G, h:mm a","GyMMMd, hm":"d. MMM y G, h:mm a","GyMMMEd, hm":"E d. MMM y G, h:mm a","M, hm":"L., h:mm a","Md, hm":"d.M., h:mm a","MEd, hm":"E d.M., h:mm a","MMdd, hm":"d.M., h:mm a","MMM, hm":"LLL, h:mm a","MMMd, hm":"d. MMM, h:mm a","MMMEd, hm":"E d. MMM, h:mm a","MMMMd, hm":"d. MMMM, h:mm a","y, hm":"y, h:mm a","yM, hm":"M.y, h:mm a","yMd, hm":"d.M.y, h:mm a","yMEd, hm":"E d.M.y, h:mm a","yMM, hm":"MM.y, h:mm a","yMMM, hm":"MMM y, h:mm a","yMMMd, hm":"d. MMM y, h:mm a","yMMMEd, hm":"E d. MMM y, h:mm a","yMMMM, hm":"MMMM y, h:mm a","EEEE d. MMMM y, Hm":"EEEE d. MMMM y, HH:mm","d. MMMM y, Hm":"d. MMMM y, HH:mm","d. MMM y, Hm":"d. MMM y, HH:mm","dd.MM.y, Hm":"dd.MM.y, HH:mm","d, Hm":"d., HH:mm","E, Hm":"ccc, HH:mm","Ed, Hm":"E d., HH:mm","Gy, Hm":"y G, HH:mm","GyMd, Hm":"dd.MM.y GGGGG, HH:mm","GyMMM, Hm":"MMM y G, HH:mm","GyMMMd, Hm":"d. MMM y G, HH:mm","GyMMMEd, Hm":"E d. MMM y G, HH:mm","M, Hm":"L., HH:mm","Md, Hm":"d.M., HH:mm","MEd, Hm":"E d.M., HH:mm","MMdd, Hm":"d.M., HH:mm","MMM, Hm":"LLL, HH:mm","MMMd, Hm":"d. MMM, HH:mm","MMMEd, Hm":"E d. MMM, HH:mm","MMMMd, Hm":"d. MMMM, HH:mm","y, Hm":"y, HH:mm","yM, Hm":"M.y, HH:mm","yMd, Hm":"d.M.y, HH:mm","yMEd, Hm":"E d.M.y, HH:mm","yMM, Hm":"MM.y, HH:mm","yMMM, Hm":"MMM y, HH:mm","yMMMd, Hm":"d. MMM y, HH:mm","yMMMEd, Hm":"E d. MMM y, HH:mm","yMMMM, Hm":"MMMM y, HH:mm","EEEE d. MMMM y, hms":"EEEE d. MMMM y, h:mm:ss a","d. MMMM y, hms":"d. MMMM y, h:mm:ss a","d. MMM y, hms":"d. MMM y, h:mm:ss a","dd.MM.y, hms":"dd.MM.y, h:mm:ss a","d, hms":"d., h:mm:ss a","E, hms":"ccc, h:mm:ss a","Ed, hms":"E d., h:mm:ss a","Gy, hms":"y G, h:mm:ss a","GyMd, hms":"dd.MM.y GGGGG, h:mm:ss a","GyMMM, hms":"MMM y G, h:mm:ss a","GyMMMd, hms":"d. MMM y G, h:mm:ss a","GyMMMEd, hms":"E d. MMM y G, h:mm:ss a","M, hms":"L., h:mm:ss a","Md, hms":"d.M., h:mm:ss a","MEd, hms":"E d.M., h:mm:ss a","MMdd, hms":"d.M., h:mm:ss a","MMM, hms":"LLL, h:mm:ss a","MMMd, hms":"d. MMM, h:mm:ss a","MMMEd, hms":"E d. MMM, h:mm:ss a","MMMMd, hms":"d. MMMM, h:mm:ss a","y, hms":"y, h:mm:ss a","yM, hms":"M.y, h:mm:ss a","yMd, hms":"d.M.y, h:mm:ss a","yMEd, hms":"E d.M.y, h:mm:ss a","yMM, hms":"MM.y, h:mm:ss a","yMMM, hms":"MMM y, h:mm:ss a","yMMMd, hms":"d. MMM y, h:mm:ss a","yMMMEd, hms":"E d. MMM y, h:mm:ss a","yMMMM, hms":"MMMM y, h:mm:ss a","EEEE d. MMMM y, Hms":"EEEE d. MMMM y, HH:mm:ss","d. MMMM y, Hms":"d. MMMM y, HH:mm:ss","d. MMM y, Hms":"d. MMM y, HH:mm:ss","dd.MM.y, Hms":"dd.MM.y, HH:mm:ss","d, Hms":"d., HH:mm:ss","E, Hms":"ccc, HH:mm:ss","Ed, Hms":"E d., HH:mm:ss","Gy, Hms":"y G, HH:mm:ss","GyMd, Hms":"dd.MM.y GGGGG, HH:mm:ss","GyMMM, Hms":"MMM y G, HH:mm:ss","GyMMMd, Hms":"d. MMM y G, HH:mm:ss","GyMMMEd, Hms":"E d. MMM y G, HH:mm:ss","M, Hms":"L., HH:mm:ss","Md, Hms":"d.M., HH:mm:ss","MEd, Hms":"E d.M., HH:mm:ss","MMdd, Hms":"d.M., HH:mm:ss","MMM, Hms":"LLL, HH:mm:ss","MMMd, Hms":"d. MMM, HH:mm:ss","MMMEd, Hms":"E d. MMM, HH:mm:ss","MMMMd, Hms":"d. MMMM, HH:mm:ss","y, Hms":"y, HH:mm:ss","yM, Hms":"M.y, HH:mm:ss","yMd, Hms":"d.M.y, HH:mm:ss","yMEd, Hms":"E d.M.y, HH:mm:ss","yMM, Hms":"MM.y, HH:mm:ss","yMMM, Hms":"MMM y, HH:mm:ss","yMMMd, Hms":"d. MMM y, HH:mm:ss","yMMMEd, Hms":"E d. MMM y, HH:mm:ss","yMMMM, Hms":"MMMM y, HH:mm:ss","EEEE d. MMMM y, hmsv":"EEEE d. MMMM y, h:mm:ss a v","d. MMMM y, hmsv":"d. MMMM y, h:mm:ss a v","d. MMM y, hmsv":"d. MMM y, h:mm:ss a v","dd.MM.y, hmsv":"dd.MM.y, h:mm:ss a v","d, hmsv":"d., h:mm:ss a v","E, hmsv":"ccc, h:mm:ss a v","Ed, hmsv":"E d., h:mm:ss a v","Gy, hmsv":"y G, h:mm:ss a v","GyMd, hmsv":"dd.MM.y GGGGG, h:mm:ss a v","GyMMM, hmsv":"MMM y G, h:mm:ss a v","GyMMMd, hmsv":"d. MMM y G, h:mm:ss a v","GyMMMEd, hmsv":"E d. MMM y G, h:mm:ss a v","M, hmsv":"L., h:mm:ss a v","Md, hmsv":"d.M., h:mm:ss a v","MEd, hmsv":"E d.M., h:mm:ss a v","MMdd, hmsv":"d.M., h:mm:ss a v","MMM, hmsv":"LLL, h:mm:ss a v","MMMd, hmsv":"d. MMM, h:mm:ss a v","MMMEd, hmsv":"E d. MMM, h:mm:ss a v","MMMMd, hmsv":"d. MMMM, h:mm:ss a v","y, hmsv":"y, h:mm:ss a v","yM, hmsv":"M.y, h:mm:ss a v","yMd, hmsv":"d.M.y, h:mm:ss a v","yMEd, hmsv":"E d.M.y, h:mm:ss a v","yMM, hmsv":"MM.y, h:mm:ss a v","yMMM, hmsv":"MMM y, h:mm:ss a v","yMMMd, hmsv":"d. MMM y, h:mm:ss a v","yMMMEd, hmsv":"E d. MMM y, h:mm:ss a v","yMMMM, hmsv":"MMMM y, h:mm:ss a v","EEEE d. MMMM y, Hmsv":"EEEE d. MMMM y, HH:mm:ss v","d. MMMM y, Hmsv":"d. MMMM y, HH:mm:ss v","d. MMM y, Hmsv":"d. MMM y, HH:mm:ss v","dd.MM.y, Hmsv":"dd.MM.y, HH:mm:ss v","d, Hmsv":"d., HH:mm:ss v","E, Hmsv":"ccc, HH:mm:ss v","Ed, Hmsv":"E d., HH:mm:ss v","Gy, Hmsv":"y G, HH:mm:ss v","GyMd, Hmsv":"dd.MM.y GGGGG, HH:mm:ss v","GyMMM, Hmsv":"MMM y G, HH:mm:ss v","GyMMMd, Hmsv":"d. MMM y G, HH:mm:ss v","GyMMMEd, Hmsv":"E d. MMM y G, HH:mm:ss v","M, Hmsv":"L., HH:mm:ss v","Md, Hmsv":"d.M., HH:mm:ss v","MEd, Hmsv":"E d.M., HH:mm:ss v","MMdd, Hmsv":"d.M., HH:mm:ss v","MMM, Hmsv":"LLL, HH:mm:ss v","MMMd, Hmsv":"d. MMM, HH:mm:ss v","MMMEd, Hmsv":"E d. MMM, HH:mm:ss v","MMMMd, Hmsv":"d. MMMM, HH:mm:ss v","y, Hmsv":"y, HH:mm:ss v","yM, Hmsv":"M.y, HH:mm:ss v","yMd, Hmsv":"d.M.y, HH:mm:ss v","yMEd, Hmsv":"E d.M.y, HH:mm:ss v","yMM, Hmsv":"MM.y, HH:mm:ss v","yMMM, Hmsv":"MMM y, HH:mm:ss v","yMMMd, Hmsv":"d. MMM y, HH:mm:ss v","yMMMEd, Hmsv":"E d. MMM y, HH:mm:ss v","yMMMM, Hmsv":"MMMM y, HH:mm:ss v","EEEE d. MMMM y, hmv":"EEEE d. MMMM y, h:mm a v","d. MMMM y, hmv":"d. MMMM y, h:mm a v","d. MMM y, hmv":"d. MMM y, h:mm a v","dd.MM.y, hmv":"dd.MM.y, h:mm a v","d, hmv":"d., h:mm a v","E, hmv":"ccc, h:mm a v","Ed, hmv":"E d., h:mm a v","Gy, hmv":"y G, h:mm a v","GyMd, hmv":"dd.MM.y GGGGG, h:mm a v","GyMMM, hmv":"MMM y G, h:mm a v","GyMMMd, hmv":"d. MMM y G, h:mm a v","GyMMMEd, hmv":"E d. MMM y G, h:mm a v","M, hmv":"L., h:mm a v","Md, hmv":"d.M., h:mm a v","MEd, hmv":"E d.M., h:mm a v","MMdd, hmv":"d.M., h:mm a v","MMM, hmv":"LLL, h:mm a v","MMMd, hmv":"d. MMM, h:mm a v","MMMEd, hmv":"E d. MMM, h:mm a v","MMMMd, hmv":"d. MMMM, h:mm a v","y, hmv":"y, h:mm a v","yM, hmv":"M.y, h:mm a v","yMd, hmv":"d.M.y, h:mm a v","yMEd, hmv":"E d.M.y, h:mm a v","yMM, hmv":"MM.y, h:mm a v","yMMM, hmv":"MMM y, h:mm a v","yMMMd, hmv":"d. MMM y, h:mm a v","yMMMEd, hmv":"E d. MMM y, h:mm a v","yMMMM, hmv":"MMMM y, h:mm a v","EEEE d. MMMM y, Hmv":"EEEE d. MMMM y, HH:mm v","d. MMMM y, Hmv":"d. MMMM y, HH:mm v","d. MMM y, Hmv":"d. MMM y, HH:mm v","dd.MM.y, Hmv":"dd.MM.y, HH:mm v","d, Hmv":"d., HH:mm v","E, Hmv":"ccc, HH:mm v","Ed, Hmv":"E d., HH:mm v","Gy, Hmv":"y G, HH:mm v","GyMd, Hmv":"dd.MM.y GGGGG, HH:mm v","GyMMM, Hmv":"MMM y G, HH:mm v","GyMMMd, Hmv":"d. MMM y G, HH:mm v","GyMMMEd, Hmv":"E d. MMM y G, HH:mm v","M, Hmv":"L., HH:mm v","Md, Hmv":"d.M., HH:mm v","MEd, Hmv":"E d.M., HH:mm v","MMdd, Hmv":"d.M., HH:mm v","MMM, Hmv":"LLL, HH:mm v","MMMd, Hmv":"d. MMM, HH:mm v","MMMEd, Hmv":"E d. MMM, HH:mm v","MMMMd, Hmv":"d. MMMM, HH:mm v","y, Hmv":"y, HH:mm v","yM, Hmv":"M.y, HH:mm v","yMd, Hmv":"d.M.y, HH:mm v","yMEd, Hmv":"E d.M.y, HH:mm v","yMM, Hmv":"MM.y, HH:mm v","yMMM, Hmv":"MMM y, HH:mm v","yMMMd, Hmv":"d. MMM y, HH:mm v","yMMMEd, Hmv":"E d. MMM y, HH:mm v","yMMMM, Hmv":"MMMM y, HH:mm v","EEEE d. MMMM y, ms":"EEEE d. MMMM y, mm:ss","d. MMMM y, ms":"d. MMMM y, mm:ss","d. MMM y, ms":"d. MMM y, mm:ss","dd.MM.y, ms":"dd.MM.y, mm:ss","d, ms":"d., mm:ss","E, ms":"ccc, mm:ss","Ed, ms":"E d., mm:ss","Gy, ms":"y G, mm:ss","GyMd, ms":"dd.MM.y GGGGG, mm:ss","GyMMM, ms":"MMM y G, mm:ss","GyMMMd, ms":"d. MMM y G, mm:ss","GyMMMEd, ms":"E d. MMM y G, mm:ss","M, ms":"L., mm:ss","Md, ms":"d.M., mm:ss","MEd, ms":"E d.M., mm:ss","MMdd, ms":"d.M., mm:ss","MMM, ms":"LLL, mm:ss","MMMd, ms":"d. MMM, mm:ss","MMMEd, ms":"E d. MMM, mm:ss","MMMMd, ms":"d. MMMM, mm:ss","y, ms":"y, mm:ss","yM, ms":"M.y, mm:ss","yMd, ms":"d.M.y, mm:ss","yMEd, ms":"E d.M.y, mm:ss","yMM, ms":"MM.y, mm:ss","yMMM, ms":"MMM y, mm:ss","yMMMd, ms":"d. MMM y, mm:ss","yMMMEd, ms":"E d. MMM y, mm:ss","yMMMM, ms":"MMMM y, mm:ss"}},"intervalFormats":{"intervalFormatFallback":"{0}–{1}","Bh":{"B":"h B–h B","h":"h–h B"},"Bhm":{"B":"h:mm B–h:mm B","h":"h:mm–h:mm B","m":"h:mm–h:mm B"},"d":{"d":"d.–d."},"Gy":{"G":"y G–y G","y":"y–y G"},"GyM":{"G":"MM.y GGGGG–MM.y GGGGG","M":"MM.y–MM.y GGGGG","y":"MM.y–MM.y GGGGG"},"GyMd":{"d":"dd.MM.y–dd.MM.y GGGGG","G":"dd.MM.y GGGGG–dd.MM.y GGGGG","M":"dd.MM.y–dd.MM.y GGGGG","y":"dd.MM.y–dd.MM.y GGGGG"},"GyMEd":{"d":"E dd.MM.y–E dd.MM.y GGGGG","G":"E dd.MM.y GGGGG–E dd.MM.y GGGGG","M":"E dd.MM.y–E dd.MM.y GGGGG","y":"E dd.MM.y–E dd.MM.y GGGGG"},"GyMMM":{"G":"MMM y G–MMM y G","M":"MMM–MMM y G","y":"MMM y–MMM y G"},"GyMMMd":{"d":"d.–d. MMM y G","G":"d. MMM y G–d. MMM y G","M":"d. MMM–d. MMM y G","y":"d. MMM y–d. MMM y G"},"GyMMMEd":{"d":"E d. MMM–E d. MMM y G","G":"E d. MMM y G–E d. MMM y G","M":"E d. MMM–E d. MMM y G","y":"E d. MMM y–E d. MMM y G"},"h":{"a":"h a–h a","h":"h–h a"},"H":{"H":"HH–HH"},"hm":{"a":"h:mm a–h:mm a","h":"h:mm–h:mm a","m":"h:mm–h:mm a"},"Hm":{"H":"HH:mm–HH:mm","m":"HH:mm–HH:mm"},"hmv":{"a":"h:mm a–h:mm a v","h":"h:mm–h:mm a v","m":"h:mm–h:mm a v"},"Hmv":{"H":"HH:mm–HH:mm v","m":"HH:mm–HH:mm v"},"hv":{"a":"h a–h a v","h":"h–h a v"},"Hv":{"H":"HH–HH v"},"M":{"M":"M.–M."},"Md":{"d":"dd.MM.–dd.MM.","M":"dd.MM.–dd.MM."},"MEd":{"d":"E dd.MM.–E dd.MM.","M":"E dd.MM.–E dd.MM."},"MMM":{"M":"MMM–MMM"},"MMMd":{"d":"d.–d. MMM","M":"d. MMM–d. MMM"},"MMMEd":{"d":"E d.–E d. MMM","M":"E d. MMM–E d. MMM"},"y":{"y":"y–y"},"yM":{"M":"MM.y–MM.y","y":"MM.y–MM.y"},"yMd":{"d":"dd.MM.y–dd.MM.y","M":"dd.MM.y–dd.MM.y","y":"dd.MM.y–dd.MM.y"},"yMEd":{"d":"E dd.MM.y–E dd.MM.y","M":"E dd.MM.y–E dd.MM.y","y":"E dd.MM.y–E dd.MM.y"},"yMMM":{"M":"MMM–MMM y","y":"MMM y–MMM y"},"yMMMd":{"d":"d.–d. MMM y","M":"d. MMM–d. MMM y","y":"d. MMM y–d. MMM y"},"yMMMEd":{"d":"E d.–E d. MMM y","M":"E d. MMM–E d. MMM y","y":"E d. MMM y–E d. MMM y"},"yMMMM":{"M":"MMMM–MMMM y","y":"MMMM y–MMMM y"}},"hourCycle":"h23","nu":["latn"],"ca":["gregory"],"hc":["h23","h12"]},"locale":"nb"}