{"data":{"am":"a.m.","pm":"p.m.","weekday":{"narrow":["Z","M","D","W","D","V","Z"],"short":["zo","ma","di","wo","do","vr","za"],"long":["zondag","maandag","dinsdag","woensdag","donderdag","vrijdag","zaterdag"]},"era":{"narrow":{"BC":"v.C.","AD":"n.C."},"short":{"BC":"v.Chr.","AD":"n.Chr."},"long":{"BC":"voor Christus","AD":"na Christus"}},"month":{"narrow":["J","F","M","A","M","J","J","A","S","O","N","D"],"short":["jan","feb","mrt","apr","mei","jun","jul","aug","sep","okt","nov","dec"],"long":["januari","februari","maart","april","mei","juni","juli","augustus","september","oktober","november","december"]},"timeZoneName":{"America/Rio_Branco":{"long":["Acre-standaardtijd","Acre-zomertijd"]},"Asia/Kabul":{"long":["Afghaanse tijd","Afghaanse tijd"]},"Africa/Maputo":{"long":["Centraal-Afrikaanse tijd","Centraal-Afrikaanse tijd"]},"Africa/Bujumbura":{"long":["Centraal-Afrikaanse tijd","Centraal-Afrikaanse tijd"]},"Africa/Gaborone":{"long":["Centraal-Afrikaanse tijd","Centraal-Afrikaanse tijd"]},"Africa/Lubumbashi":{"long":["Centraal-Afrikaanse tijd","Centraal-Afrikaanse tijd"]},"Africa/Blantyre":{"long":["Centraal-Afrikaanse tijd","Centraal-Afrikaanse tijd"]},"Africa/Kigali":{"long":["Centraal-Afrikaanse tijd","Centraal-Afrikaanse tijd"]},"Africa/Lusaka":{"long":["Centraal-Afrikaanse tijd","Centraal-Afrikaanse tijd"]},"Africa/Harare":{"long":["Centraal-Afrikaanse tijd","Centraal-Afrikaanse tijd"]},"Africa/Nairobi":{"long":["Oost-Afrikaanse tijd","Oost-Afrikaanse tijd"]},"Africa/Djibouti":{"long":["Oost-Afrikaanse tijd","Oost-Afrikaanse tijd"]},"Africa/Asmera":{"long":["Oost-Afrikaanse tijd","Oost-Afrikaanse tijd"]},"Africa/Addis_Ababa":{"long":["Oost-Afrikaanse tijd","Oost-Afrikaanse tijd"]},"Indian/Comoro":{"long":["Oost-Afrikaanse tijd","Oost-Afrikaanse tijd"]},"Indian/Antananarivo":{"long":["Oost-Afrikaanse tijd","Oost-Afrikaanse tijd"]},"Africa/Mogadishu":{"long":["Oost-Afrikaanse tijd","Oost-Afrikaanse tijd"]},"Africa/Dar_es_Salaam":{"long":["Oost-Afrikaanse tijd","Oost-Afrikaanse tijd"]},"Africa/Kampala":{"long":["Oost-Afrikaanse tijd","Oost-Afrikaanse tijd"]},"Indian/Mayotte":{"long":["Oost-Afrikaanse tijd","Oost-Afrikaanse tijd"]},"Africa/Johannesburg":{"long":["Zuid-Afrikaanse tijd","Zuid-Afrikaanse tijd"]},"Africa/Maseru":{"long":["Zuid-Afrikaanse tijd","Zuid-Afrikaanse tijd"]},"Africa/Mbabane":{"long":["Zuid-Afrikaanse tijd","Zuid-Afrikaanse tijd"]},"Africa/Lagos":{"long":["West-Afrikaanse standaardtijd","West-Afrikaanse zomertijd"]},"Africa/Luanda":{"long":["West-Afrikaanse standaardtijd","West-Afrikaanse zomertijd"]},"Africa/Porto-Novo":{"long":["West-Afrikaanse standaardtijd","West-Afrikaanse zomertijd"]},"Africa/Kinshasa":{"long":["West-Afrikaanse standaardtijd","West-Afrikaanse zomertijd"]},"Africa/Bangui":{"long":["West-Afrikaanse standaardtijd","West-Afrikaanse zomertijd"]},"Africa/Brazzaville":{"long":["West-Afrikaanse standaardtijd","West-Afrikaanse zomertijd"]},"Africa/Douala":{"long":["West-Afrikaanse standaardtijd","West-Afrikaanse zomertijd"]},"Africa/Libreville":{"long":["West-Afrikaanse standaardtijd","West-Afrikaanse zomertijd"]},"Africa/Malabo":{"long":["West-Afrikaanse standaardtijd","West-Afrikaanse zomertijd"]},"Africa/Niamey":{"long":["West-Afrikaanse standaardtijd","West-Afrikaanse zomertijd"]},"Africa/Ndjamena":{"long":["West-Afrikaanse standaardtijd","West-Afrikaanse zomertijd"]},"Asia/Aqtobe":{"long":["West-Kazachse tijd","West-Kazachse tijd"]},"America/Juneau":{"long":["Alaska-standaardtijd","Alaska-zomertijd"],"short":["AKST","AKDT"]},"Asia/Almaty":{"long":["Oost-Kazachse tijd","Oost-Kazachse tijd"]},"America/Manaus":{"long":["Amazone-standaardtijd","Amazone-zomertijd"]},"America/Chicago":{"long":["Central-standaardtijd","Central-zomertijd"],"short":["CST","CDT"]},"America/Belize":{"long":["Central-standaardtijd","Central-zomertijd"],"short":["CST","CDT"]},"America/Winnipeg":{"long":["Central-standaardtijd","Central-zomertijd"],"short":["CST","CDT"]},"America/Costa_Rica":{"long":["Central-standaardtijd","Central-zomertijd"],"short":["CST","CDT"]},"America/Guatemala":{"long":["Central-standaardtijd","Central-zomertijd"],"short":["CST","CDT"]},"America/Tegucigalpa":{"long":["Central-standaardtijd","Central-zomertijd"],"short":["CST","CDT"]},"America/Mexico_City":{"long":["Central-standaardtijd","Central-zomertijd"],"short":["CST","CDT"]},"America/El_Salvador":{"long":["Central-standaardtijd","Central-zomertijd"],"short":["CST","CDT"]},"America/New_York":{"long":["Eastern-standaardtijd","Eastern-zomertijd"],"short":["EST","EDT"]},"America/Nassau":{"long":["Eastern-standaardtijd","Eastern-zomertijd"],"short":["EST","EDT"]},"America/Toronto":{"long":["Eastern-standaardtijd","Eastern-zomertijd"],"short":["EST","EDT"]},"America/Port-au-Prince":{"long":["Eastern-standaardtijd","Eastern-zomertijd"],"short":["EST","EDT"]},"America/Jamaica":{"long":["Eastern-standaardtijd","Eastern-zomertijd"],"short":["EST","EDT"]},"America/Cayman":{"long":["Eastern-standaardtijd","Eastern-zomertijd"],"short":["EST","EDT"]},"America/Panama":{"long":["Eastern-standaardtijd","Eastern-zomertijd"],"short":["EST","EDT"]},"America/Denver":{"long":["Mountain-standaardtijd","Mountain-zomertijd"],"short":["MST","MDT"]},"America/Edmonton":{"long":["Mountain-standaardtijd","Mountain-zomertijd"],"short":["MST","MDT"]},"America/Hermosillo":{"long":["Mountain-standaardtijd","Mountain-zomertijd"],"short":["MST","MDT"]},"America/Los_Angeles":{"long":["Pacific-standaardtijd","Pacific-zomertijd"],"short":["PST","PDT"]},"America/Vancouver":{"long":["Pacific-standaardtijd","Pacific-zomertijd"],"short":["PST","PDT"]},"America/Tijuana":{"long":["Pacific-standaardtijd","Pacific-zomertijd"],"short":["PST","PDT"]},"Asia/Anadyr":{"long":["Anadyr-standaardtijd","Anadyr-zomertijd"]},"Pacific/Apia":{"long":["Apia-standaardtijd","Apia-zomertijd"]},"Asia/Riyadh":{"long":["Arabische standaardtijd","Arabische zomertijd"]},"Asia/Bahrain":{"long":["Arabische standaardtijd","Arabische zomertijd"]},"Asia/Baghdad":{"long":["Arabische standaardtijd","Arabische zomertijd"]},"Asia/Kuwait":{"long":["Arabische standaardtijd","Arabische zomertijd"]},"Asia/Qatar":{"long":["Arabische standaardtijd","Arabische zomertijd"]},"Asia/Aden":{"long":["Arabische standaardtijd","Arabische zomertijd"]},"America/Buenos_Aires":{"long":["Argentijnse standaardtijd","Argentijnse zomertijd"]},"America/Argentina/San_Luis":{"long":["West-Argentijnse standaardtijd","West-Argentijnse zomertijd"]},"Asia/Ashgabat":{"long":["Turkmeense standaardtijd","Turkmeense zomertijd"]},"America/Halifax":{"long":["Atlantic-standaardtijd","Atlantic-zomertijd"],"short":["AST","ADT"]},"America/Antigua":{"long":["Atlantic-standaardtijd","Atlantic-zomertijd"],"short":["AST","ADT"]},"America/Anguilla":{"long":["Atlantic-standaardtijd","Atlantic-zomertijd"],"short":["AST","ADT"]},"America/Aruba":{"long":["Atlantic-standaardtijd","Atlantic-zomertijd"],"short":["AST","ADT"]},"America/Barbados":{"long":["Atlantic-standaardtijd","Atlantic-zomertijd"],"short":["AST","ADT"]},"Atlantic/Bermuda":{"long":["Atlantic-standaardtijd","Atlantic-zomertijd"],"short":["AST","ADT"]},"America/Kralendijk":{"long":["Atlantic-standaardtijd","Atlantic-zomertijd"],"short":["AST","ADT"]},"America/Curacao":{"long":["Atlantic-standaardtijd","Atlantic-zomertijd"],"short":["AST","ADT"]},"America/Dominica":{"long":["Atlantic-standaardtijd","Atlantic-zomertijd"],"short":["AST","ADT"]},"America/Grenada":{"long":["Atlantic-standaardtijd","Atlantic-zomertijd"],"short":["AST","ADT"]},"America/Thule":{"long":["Atlantic-standaardtijd","Atlantic-zomertijd"],"short":["AST","ADT"]},"America/Guadeloupe":{"long":["Atlantic-standaardtijd","Atlantic-zomertijd"],"short":["AST","ADT"]},"America/St_Kitts":{"long":["Atlantic-standaardtijd","Atlantic-zomertijd"],"short":["AST","ADT"]},"America/St_Lucia":{"long":["Atlantic-standaardtijd","Atlantic-zomertijd"],"short":["AST","ADT"]},"America/Marigot":{"long":["Atlantic-standaardtijd","Atlantic-zomertijd"],"short":["AST","ADT"]},"America/Martinique":{"long":["Atlantic-standaardtijd","Atlantic-zomertijd"],"short":["AST","ADT"]},"America/Montserrat":{"long":["Atlantic-standaardtijd","Atlantic-zomertijd"],"short":["AST","ADT"]},"America/Puerto_Rico":{"long":["Atlantic-standaardtijd","Atlantic-zomertijd"],"short":["AST","ADT"]},"America/Lower_Princes":{"long":["Atlantic-standaardtijd","Atlantic-zomertijd"],"short":["AST","ADT"]},"America/Port_of_Spain":{"long":["Atlantic-standaardtijd","Atlantic-zomertijd"],"short":["AST","ADT"]},"America/St_Vincent":{"long":["Atlantic-standaardtijd","Atlantic-zomertijd"],"short":["AST","ADT"]},"America/Tortola":{"long":["Atlantic-standaardtijd","Atlantic-zomertijd"],"short":["AST","ADT"]},"America/St_Thomas":{"long":["Atlantic-standaardtijd","Atlantic-zomertijd"],"short":["AST","ADT"]},"Australia/Adelaide":{"long":["Midden-Australische standaardtijd","Midden-Australische zomertijd"]},"Australia/Eucla":{"long":["Midden-Australische westelijke standaardtijd","Midden-Australische westelijke zomertijd"]},"Australia/Sydney":{"long":["Oost-Australische standaardtijd","Oost-Australische zomertijd"]},"Australia/Perth":{"long":["West-Australische standaardtijd","West-Australische zomertijd"]},"Atlantic/Azores":{"long":["Azoren-standaardtijd","Azoren-zomertijd"]},"Asia/Thimphu":{"long":["Bhutaanse tijd","Bhutaanse tijd"]},"America/La_Paz":{"long":["Boliviaanse tijd","Boliviaanse tijd"]},"Asia/Kuching":{"long":["Maleisische tijd","Maleisische tijd"]},"America/Sao_Paulo":{"long":["Braziliaanse standaardtijd","Braziliaanse zomertijd"]},"Europe/London":{"long":["Greenwich Mean Time","Greenwich Mean Time"],"short":["GMT","GMT"]},"Asia/Brunei":{"long":["Bruneise tijd","Bruneise tijd"]},"Atlantic/Cape_Verde":{"long":["Kaapverdische standaardtijd","Kaapverdische zomertijd"]},"Antarctica/Casey":{"long":["Casey tijd","Casey tijd"]},"Pacific/Saipan":{"long":["Noordelijk Mariaanse tijd","Noordelijk Mariaanse tijd"]},"Pacific/Guam":{"long":["Guamese standaardtijd","Guamese standaardtijd"]},"Pacific/Chatham":{"long":["Chatham-standaardtijd","Chatham-zomertijd"]},"America/Santiago":{"long":["Chileense standaardtijd","Chileense zomertijd"]},"Asia/Shanghai":{"long":["Chinese standaardtijd","Chinese zomertijd"]},"Asia/Choibalsan":{"long":["Tsjojbalsan-standaardtijd","Tsjojbalsan-zomertijd"]},"Indian/Christmas":{"long":["Christmaseilandse tijd","Christmaseilandse tijd"]},"Indian/Cocos":{"long":["Cocoseilandse tijd","Cocoseilandse tijd"]},"America/Bogota":{"long":["Colombiaanse standaardtijd","Colombiaanse zomertijd"]},"Pacific/Rarotonga":{"long":["Cookeilandse standaardtijd","Cookeilandse halve zomertijd"]},"America/Havana":{"long":["Cubaanse standaardtijd","Cubaanse zomertijd"]},"Antarctica/Davis":{"long":["Davis-tijd","Davis-tijd"]},"Antarctica/DumontDUrville":{"long":["Dumont-d’Urville-tijd","Dumont-d’Urville-tijd"]},"Asia/Dushanbe":{"long":["Tadzjiekse tijd","Tadzjiekse tijd"]},"America/Paramaribo":{"long":["Surinaamse tijd","Surinaamse tijd"]},"Asia/Dili":{"long":["Oost-Timorese tijd","Oost-Timorese tijd"]},"Pacific/Easter":{"long":["Paaseilandse standaardtijd","Paaseilandse zomertijd"]},"America/Guayaquil":{"long":["Ecuadoraanse tijd","Ecuadoraanse tijd"]},"Europe/Paris":{"long":["Midden-Europese standaardtijd","Midden-Europese zomertijd"],"short":["CET","CEST"]},"Europe/Andorra":{"long":["Midden-Europese standaardtijd","Midden-Europese zomertijd"],"short":["CET","CEST"]},"Europe/Tirane":{"long":["Midden-Europese standaardtijd","Midden-Europese zomertijd"],"short":["CET","CEST"]},"Europe/Vienna":{"long":["Midden-Europese standaardtijd","Midden-Europese zomertijd"],"short":["CET","CEST"]},"Europe/Sarajevo":{"long":["Midden-Europese standaardtijd","Midden-Europese zomertijd"],"short":["CET","CEST"]},"Europe/Brussels":{"long":["Midden-Europese standaardtijd","Midden-Europese zomertijd"],"short":["CET","CEST"]},"Europe/Zurich":{"long":["Midden-Europese standaardtijd","Midden-Europese zomertijd"],"short":["CET","CEST"]},"Europe/Prague":{"long":["Midden-Europese standaardtijd","Midden-Europese zomertijd"],"short":["CET","CEST"]},"Europe/Berlin":{"long":["Midden-Europese standaardtijd","Midden-Europese zomertijd"],"short":["CET","CEST"]},"Europe/Copenhagen":{"long":["Midden-Europese standaardtijd","Midden-Europese zomertijd"],"short":["CET","CEST"]},"Europe/Madrid":{"long":["Midden-Europese standaardtijd","Midden-Europese zomertijd"],"short":["CET","CEST"]},"Europe/Gibraltar":{"long":["Midden-Europese standaardtijd","Midden-Europese zomertijd"],"short":["CET","CEST"]},"Europe/Zagreb":{"long":["Midden-Europese standaardtijd","Midden-Europese zomertijd"],"short":["CET","CEST"]},"Europe/Budapest":{"long":["Midden-Europese standaardtijd","Midden-Europese zomertijd"],"short":["CET","CEST"]},"Europe/Rome":{"long":["Midden-Europese standaardtijd","Midden-Europese zomertijd"],"short":["CET","CEST"]},"Europe/Vaduz":{"long":["Midden-Europese standaardtijd","Midden-Europese zomertijd"],"short":["CET","CEST"]},"Europe/Luxembourg":{"long":["Midden-Europese standaardtijd","Midden-Europese zomertijd"],"short":["CET","CEST"]},"Europe/Monaco":{"long":["Midden-Europese standaardtijd","Midden-Europese zomertijd"],"short":["CET","CEST"]},"Europe/Podgorica":{"long":["Midden-Europese standaardtijd","Midden-Europese zomertijd"],"short":["CET","CEST"]},"Europe/Skopje":{"long":["Midden-Europese standaardtijd","Midden-Europese zomertijd"],"short":["CET","CEST"]},"Europe/Malta":{"long":["Midden-Europese standaardtijd","Midden-Europese zomertijd"],"short":["CET","CEST"]},"Europe/Amsterdam":{"long":["Midden-Europese standaardtijd","Midden-Europese zomertijd"],"short":["CET","CEST"]},"Europe/Oslo":{"long":["Midden-Europese standaardtijd","Midden-Europese zomertijd"],"short":["CET","CEST"]},"Europe/Warsaw":{"long":["Midden-Europese standaardtijd","Midden-Europese zomertijd"],"short":["CET","CEST"]},"Europe/Belgrade":{"long":["Midden-Europese standaardtijd","Midden-Europese zomertijd"],"short":["CET","CEST"]},"Europe/Stockholm":{"long":["Midden-Europese standaardtijd","Midden-Europese zomertijd"],"short":["CET","CEST"]},"Europe/Ljubljana":{"long":["Midden-Europese standaardtijd","Midden-Europese zomertijd"],"short":["CET","CEST"]},"Arctic/Longyearbyen":{"long":["Midden-Europese standaardtijd","Midden-Europese zomertijd"],"short":["CET","CEST"]},"Europe/Bratislava":{"long":["Midden-Europese standaardtijd","Midden-Europese zomertijd"],"short":["CET","CEST"]},"Europe/San_Marino":{"long":["Midden-Europese standaardtijd","Midden-Europese zomertijd"],"short":["CET","CEST"]},"Africa/Tunis":{"long":["Midden-Europese standaardtijd","Midden-Europese zomertijd"],"short":["CET","CEST"]},"Europe/Vatican":{"long":["Midden-Europese standaardtijd","Midden-Europese zomertijd"],"short":["CET","CEST"]},"Europe/Bucharest":{"long":["Oost-Europese standaardtijd","Oost-Europese zomertijd"],"short":["EET","EEST"]},"Europe/Mariehamn":{"long":["Oost-Europese standaardtijd","Oost-Europese zomertijd"],"short":["EET","EEST"]},"Europe/Sofia":{"long":["Oost-Europese standaardtijd","Oost-Europese zomertijd"],"short":["EET","EEST"]},"Asia/Nicosia":{"long":["Oost-Europese standaardtijd","Oost-Europese zomertijd"],"short":["EET","EEST"]},"Africa/Cairo":{"long":["Oost-Europese standaardtijd","Oost-Europese zomertijd"],"short":["EET","EEST"]},"Europe/Helsinki":{"long":["Oost-Europese standaardtijd","Oost-Europese zomertijd"],"short":["EET","EEST"]},"Europe/Athens":{"long":["Oost-Europese standaardtijd","Oost-Europese zomertijd"],"short":["EET","EEST"]},"Asia/Beirut":{"long":["Oost-Europese standaardtijd","Oost-Europese zomertijd"],"short":["EET","EEST"]},"Europe/Minsk":{"long":["Verder-oostelijk-Europese tijd","Verder-oostelijk-Europese tijd"]},"Europe/Kaliningrad":{"long":["Verder-oostelijk-Europese tijd","Verder-oostelijk-Europese tijd"]},"Atlantic/Canary":{"long":["West-Europese standaardtijd","West-Europese zomertijd"],"short":["WET","WEST"]},"Atlantic/Faeroe":{"long":["West-Europese standaardtijd","West-Europese zomertijd"],"short":["WET","WEST"]},"Atlantic/Stanley":{"long":["Falklandeilandse standaardtijd","Falklandeilandse zomertijd"]},"Pacific/Fiji":{"long":["Fijische standaardtijd","Fijische zomertijd"]},"America/Cayenne":{"long":["Frans-Guyaanse tijd","Frans-Guyaanse tijd"]},"Indian/Kerguelen":{"long":["Franse zuidelijke en Antarctische tijd","Franse zuidelijke en Antarctische tijd"]},"Asia/Bishkek":{"long":["Kirgizische tijd","Kirgizische tijd"]},"Pacific/Galapagos":{"long":["Galapagoseilandse tijd","Galapagoseilandse tijd"]},"Pacific/Gambier":{"long":["Gambiereilandse tijd","Gambiereilandse tijd"]},"Pacific/Tarawa":{"long":["Gilberteilandse tijd","Gilberteilandse tijd"]},"Atlantic/Reykjavik":{"long":["Greenwich Mean Time","Greenwich Mean Time"],"short":["GMT","GMT"]},"Africa/Ouagadougou":{"long":["Greenwich Mean Time","Greenwich Mean Time"],"short":["GMT","GMT"]},"Africa/Abidjan":{"long":["Greenwich Mean Time","Greenwich Mean Time"],"short":["GMT","GMT"]},"Africa/Accra":{"long":["Greenwich Mean Time","Greenwich Mean Time"],"short":["GMT","GMT"]},"Africa/Banjul":{"long":["Greenwich Mean Time","Greenwich Mean Time"],"short":["GMT","GMT"]},"Africa/Conakry":{"long":["Greenwich Mean Time","Greenwich Mean Time"],"short":["GMT","GMT"]},"Africa/Bamako":{"long":["Greenwich Mean Time","Greenwich Mean Time"],"short":["GMT","GMT"]},"Africa/Nouakchott":{"long":["Greenwich Mean Time","Greenwich Mean Time"],"short":["GMT","GMT"]},"Atlantic/St_Helena":{"long":["Greenwich Mean Time","Greenwich Mean Time"],"short":["GMT","GMT"]},"Africa/Freetown":{"long":["Greenwich Mean Time","Greenwich Mean Time"],"short":["GMT","GMT"]},"Africa/Dakar":{"long":["Greenwich Mean Time","Greenwich Mean Time"],"short":["GMT","GMT"]},"Africa/Lome":{"long":["Greenwich Mean Time","Greenwich Mean Time"],"short":["GMT","GMT"]},"America/Scoresbysund":{"long":["Oost-Groenlandse standaardtijd","Oost-Groenlandse zomertijd"]},"America/Godthab":{"long":["West-Groenlandse standaardtijd","West-Groenlandse zomertijd"]},"Asia/Dubai":{"long":["Golf-standaardtijd","Golf-standaardtijd"]},"Asia/Muscat":{"long":["Golf-standaardtijd","Golf-standaardtijd"]},"America/Guyana":{"long":["Guyaanse tijd","Guyaanse tijd"]},"Pacific/Honolulu":{"long":["Hawaii-Aleoetische standaardtijd","Hawaii-Aleoetische zomertijd"],"short":["HAST","HADT"]},"Asia/Hong_Kong":{"long":["Hongkongse standaardtijd","Hongkongse zomertijd"]},"Asia/Hovd":{"long":["Hovd-standaardtijd","Hovd-zomertijd"]},"Asia/Calcutta":{"long":["Indiase tijd","Indiase tijd"]},"Asia/Colombo":{"long":["Lanka-tijd","Lanka-tijd"]},"Indian/Chagos":{"long":["Indische Oceaan-tijd","Indische Oceaan-tijd"]},"Asia/Bangkok":{"long":["Indochinese tijd","Indochinese tijd"]},"Asia/Phnom_Penh":{"long":["Indochinese tijd","Indochinese tijd"]},"Asia/Vientiane":{"long":["Indochinese tijd","Indochinese tijd"]},"Asia/Makassar":{"long":["Centraal-Indonesische tijd","Centraal-Indonesische tijd"]},"Asia/Jayapura":{"long":["Oost-Indonesische tijd","Oost-Indonesische tijd"]},"Asia/Jakarta":{"long":["West-Indonesische tijd","West-Indonesische tijd"]},"Asia/Tehran":{"long":["Iraanse standaardtijd","Iraanse zomertijd"]},"Asia/Irkutsk":{"long":["Irkoetsk-standaardtijd","Irkoetsk-zomertijd"]},"Asia/Jerusalem":{"long":["Israëlische standaardtijd","Israëlische zomertijd"]},"Asia/Tokyo":{"long":["Japanse standaardtijd","Japanse zomertijd"]},"Asia/Kamchatka":{"long":["Petropavlovsk-Kamtsjatski-standaardtijd","Petropavlovsk-Kamtsjatski-zomertijd"]},"Asia/Karachi":{"long":["Pakistaanse standaardtijd","Pakistaanse zomertijd"]},"Asia/Qyzylorda":{"long":["Qyzylorda-standaardtijd","Qyzylorda-zomertijd"]},"Asia/Seoul":{"long":["Koreaanse standaardtijd","Koreaanse zomertijd"]},"Pacific/Kosrae":{"long":["Kosraese tijd","Kosraese tijd"]},"Asia/Krasnoyarsk":{"long":["Krasnojarsk-standaardtijd","Krasnojarsk-zomertijd"]},"Europe/Samara":{"long":["Samara-standaardtijd","Samara-zomertijd"]},"Pacific/Kiritimati":{"long":["Line-eilandse tijd","Line-eilandse tijd"]},"Australia/Lord_Howe":{"long":["Lord Howe-eilandse standaardtijd","Lord Howe-eilandse zomertijd"]},"Asia/Macau":{"long":["Macause standaardtijd","Macause zomertijd"]},"Antarctica/Macquarie":{"long":["Macquarie-eilandse tijd","Macquarie-eilandse tijd"]},"Asia/Magadan":{"long":["Magadan-standaardtijd","Magadan-zomertijd"]},"Indian/Maldives":{"long":["Maldivische tijd","Maldivische tijd"]},"Pacific/Marquesas":{"long":["Marquesaseilandse tijd","Marquesaseilandse tijd"]},"Pacific/Majuro":{"long":["Marshalleilandse tijd","Marshalleilandse tijd"]},"Indian/Mauritius":{"long":["Mauritiaanse standaardtijd","Mauritiaanse zomertijd"]},"Antarctica/Mawson":{"long":["Mawson-tijd","Mawson-tijd"]},"America/Santa_Isabel":{"long":["Noordwest-Mexicaanse standaardtijd","Noordwest-Mexicaanse zomertijd"]},"America/Mazatlan":{"long":["Mexicaanse Pacific-standaardtijd","Mexicaanse Pacific-zomertijd"]},"Asia/Ulaanbaatar":{"long":["Ulaanbaatar-standaardtijd","Ulaanbaatar-zomertijd"]},"Europe/Moscow":{"long":["Moskou-standaardtijd","Moskou-zomertijd"]},"Asia/Rangoon":{"long":["Myanmarese tijd","Myanmarese tijd"]},"Pacific/Nauru":{"long":["Nauruaanse tijd","Nauruaanse tijd"]},"Asia/Katmandu":{"long":["Nepalese tijd","Nepalese tijd"]},"Pacific/Noumea":{"long":["Nieuw-Caledonische standaardtijd","Nieuw-Caledonische zomertijd"]},"Pacific/Auckland":{"long":["Nieuw-Zeelandse standaardtijd","Nieuw-Zeelandse zomertijd"]},"Antarctica/McMurdo":{"long":["Nieuw-Zeelandse standaardtijd","Nieuw-Zeelandse zomertijd"]},"America/St_Johns":{"long":["Newfoundland-standaardtijd","Newfoundland-zomertijd"]},"Pacific/Niue":{"long":["Niuese tijd","Niuese tijd"]},"Pacific/Norfolk":{"long":["Norfolkeilandse standaardtijd","Norfolkeilandse zomertijd"]},"America/Noronha":{"long":["Fernando de Noronha-standaardtijd","Fernando de Noronha-zomertijd"]},"Asia/Novosibirsk":{"long":["Novosibirsk-standaardtijd","Novosibirsk-zomertijd"]},"Asia/Omsk":{"long":["Omsk-standaardtijd","Omsk-zomertijd"]},"Pacific/Palau":{"long":["Belause tijd","Belause tijd"]},"Pacific/Port_Moresby":{"long":["Papoea-Nieuw-Guineese tijd","Papoea-Nieuw-Guineese tijd"]},"America/Asuncion":{"long":["Paraguayaanse standaardtijd","Paraguayaanse zomertijd"]},"America/Lima":{"long":["Peruaanse standaardtijd","Peruaanse zomertijd"]},"Asia/Manila":{"long":["Filipijnse standaardtijd","Filipijnse zomertijd"]},"Pacific/Enderbury":{"long":["Phoenixeilandse tijd","Phoenixeilandse tijd"]},"America/Miquelon":{"long":["Saint Pierre en Miquelon-standaardtijd","Saint Pierre en Miquelon-zomertijd"]},"Pacific/Pitcairn":{"long":["Pitcairneilandse tijd","Pitcairneilandse tijd"]},"Pacific/Ponape":{"long":["Pohnpei-tijd","Pohnpei-tijd"]},"Asia/Pyongyang":{"long":["Pyongyang-tijd","Pyongyang-tijd"]},"Indian/Reunion":{"long":["Réunionse tijd","Réunionse tijd"]},"Antarctica/Rothera":{"long":["Rothera-tijd","Rothera-tijd"]},"Asia/Sakhalin":{"long":["Sachalin-standaardtijd","Sachalin-zomertijd"]},"Pacific/Pago_Pago":{"long":["Samoaanse standaardtijd","Samoaanse zomertijd"]},"Indian/Mahe":{"long":["Seychelse tijd","Seychelse tijd"]},"Asia/Singapore":{"long":["Singaporese standaardtijd","Singaporese standaardtijd"]},"Pacific/Guadalcanal":{"long":["Salomonseilandse tijd","Salomonseilandse tijd"]},"Atlantic/South_Georgia":{"long":["Zuid-Georgische tijd","Zuid-Georgische tijd"]},"Asia/Yekaterinburg":{"long":["Jekaterinenburg-standaardtijd","Jekaterinenburg-zomertijd"]},"Antarctica/Syowa":{"long":["Syowa-tijd","Syowa-tijd"]},"Pacific/Tahiti":{"long":["Tahitiaanse tijd","Tahitiaanse tijd"]},"Asia/Taipei":{"long":["Taipei-standaardtijd","Taipei-zomertijd"]},"Asia/Tashkent":{"long":["Oezbeekse standaardtijd","Oezbeekse zomertijd"]},"Pacific/Fakaofo":{"long":["Tokelau-eilandse tijd","Tokelau-eilandse tijd"]},"Pacific/Tongatapu":{"long":["Tongaanse standaardtijd","Tongaanse zomertijd"]},"Pacific/Truk":{"long":["Chuukse tijd","Chuukse tijd"]},"Pacific/Funafuti":{"long":["Tuvaluaanse tijd","Tuvaluaanse tijd"]},"America/Montevideo":{"long":["Uruguayaanse standaardtijd","Uruguayaanse zomertijd"]},"Pacific/Efate":{"long":["Vanuatuaanse standaardtijd","Vanuatuaanse zomertijd"]},"America/Caracas":{"long":["Venezolaanse tijd","Venezolaanse tijd"]},"Asia/Vladivostok":{"long":["Vladivostok-standaardtijd","Vladivostok-zomertijd"]},"Europe/Volgograd":{"long":["Wolgograd-standaardtijd","Wolgograd-zomertijd"]},"Antarctica/Vostok":{"long":["Vostok-tijd","Vostok-tijd"]},"Pacific/Wake":{"long":["Wake-eilandse tijd","Wake-eilandse tijd"]},"Pacific/Wallis":{"long":["Wallis en Futunase tijd","Wallis en Futunase tijd"]},"Asia/Yakutsk":{"long":["Jakoetsk-standaardtijd","Jakoetsk-zomertijd"]},"America/Whitehorse":{"long":["Yukon-tijd","Yukon-tijd"]},"UTC":{"long":["gecoördineerde wereldtijd","gecoördineerde wereldtijd"],"short":["UTC","UTC"]}},"gmtFormat":"GMT{0}","hourFormat":"+HH:mm;-HH:mm","dateFormat":{"full":"EEEE d MMMM y","long":"d MMMM y","medium":"d MMM y","short":"dd-MM-y"},"timeFormat":{"full":"HH:mm:ss zzzz","long":"HH:mm:ss z","medium":"HH:mm:ss","short":"HH:mm"},"dateTimeFormat":{"full":"{1} {0}","long":"{1} {0}","medium":"{1} {0}","short":"{1} {0}"},"formats":{"gregory":{"Bh":"h B","Bhm":"h:mm B","Bhms":"h:mm:ss B","d":"d","E":"ccc","EBhm":"E h:mm B","EBhms":"E h:mm:ss B","Ed":"E d","Ehm":"E h:mm a","EHm":"E HH:mm","Ehms":"E h:mm:ss a","EHms":"E HH:mm:ss","Gy":"y G","GyMd":"d/M/y GGGGG","GyMMM":"MMM y G","GyMMMd":"d MMM y G","GyMMMEd":"E d MMM y G","h":"h a","H":"HH","hm":"h:mm a","Hm":"HH:mm","hms":"h:mm:ss a","Hms":"HH:mm:ss","hmsv":"h:mm:ss a v","Hmsv":"HH:mm:ss v","hmv":"h:mm a v","Hmv":"HH:mm v","M":"L","Md":"d-M","MEd":"E d-M","MMM":"LLL","MMMd":"d MMM","MMMEd":"E d MMM","MMMMd":"d MMMM","ms":"mm:ss","y":"y","yM":"M-y","yMd":"d-M-y","yMEd":"E d-M-y","yMMM":"MMM y","yMMMd":"d MMM y","yMMMEd":"E d MMM y","yMMMM":"MMMM y","EEEE d MMMM y":"EEEE d MMMM y","d MMMM y":"d MMMM y","d MMM y":"d MMM y","dd-MM-y":"dd-MM-y","HH:mm:ss zzzz":"HH:mm:ss zzzz","HH:mm:ss z":"HH:mm:ss z","HH:mm:ss":"HH:mm:ss","HH:mm":"HH:mm","EEEE d MMMM y HH:mm:ss zzzz":"EEEE d MMMM y HH:mm:ss zzzz","d MMMM y HH:mm:ss zzzz":"d MMMM y HH:mm:ss zzzz","d MMM y HH:mm:ss zzzz":"d MMM y HH:mm:ss zzzz","dd-MM-y HH:mm:ss zzzz":"dd-MM-y HH:mm:ss zzzz","d HH:mm:ss zzzz":"d HH:mm:ss zzzz","E HH:mm:ss zzzz":"ccc HH:mm:ss zzzz","Ed HH:mm:ss zzzz":"E d HH:mm:ss zzzz","Gy HH:mm:ss zzzz":"y G HH:mm:ss zzzz","GyMd HH:mm:ss zzzz":"d/M/y GGGGG HH:mm:ss zzzz","GyMMM HH:mm:ss zzzz":"MMM y G HH:mm:ss zzzz","GyMMMd HH:mm:ss zzzz":"d MMM y G HH:mm:ss zzzz","GyMMMEd HH:mm:ss zzzz":"E d MMM y G HH:mm:ss zzzz","M HH:mm:ss zzzz":"L HH:mm:ss zzzz","Md HH:mm:ss zzzz":"d-M HH:mm:ss zzzz","MEd HH:mm:ss zzzz":"E d-M HH:mm:ss zzzz","MMM HH:mm:ss zzzz":"LLL HH:mm:ss zzzz","MMMd HH:mm:ss zzzz":"d MMM HH:mm:ss zzzz","MMMEd HH:mm:ss zzzz":"E d MMM HH:mm:ss zzzz","MMMMd HH:mm:ss zzzz":"d MMMM HH:mm:ss zzzz","y HH:mm:ss zzzz":"y HH:mm:ss zzzz","yM HH:mm:ss zzzz":"M-y HH:mm:ss zzzz","yMd HH:mm:ss zzzz":"d-M-y HH:mm:ss zzzz","yMEd HH:mm:ss zzzz":"E d-M-y HH:mm:ss zzzz","yMMM HH:mm:ss zzzz":"MMM y HH:mm:ss zzzz","yMMMd HH:mm:ss zzzz":"d MMM y HH:mm:ss zzzz","yMMMEd HH:mm:ss zzzz":"E d MMM y HH:mm:ss zzzz","yMMMM HH:mm:ss zzzz":"MMMM y HH:mm:ss zzzz","EEEE d MMMM y HH:mm:ss z":"EEEE d MMMM y HH:mm:ss z","d MMMM y HH:mm:ss z":"d MMMM y HH:mm:ss z","d MMM y HH:mm:ss z":"d MMM y HH:mm:ss z","dd-MM-y HH:mm:ss z":"dd-MM-y HH:mm:ss z","d HH:mm:ss z":"d HH:mm:ss z","E HH:mm:ss z":"ccc HH:mm:ss z","Ed HH:mm:ss z":"E d HH:mm:ss z","Gy HH:mm:ss z":"y G HH:mm:ss z","GyMd HH:mm:ss z":"d/M/y GGGGG HH:mm:ss z","GyMMM HH:mm:ss z":"MMM y G HH:mm:ss z","GyMMMd HH:mm:ss z":"d MMM y G HH:mm:ss z","GyMMMEd HH:mm:ss z":"E d MMM y G HH:mm:ss z","M HH:mm:ss z":"L HH:mm:ss z","Md HH:mm:ss z":"d-M HH:mm:ss z","MEd HH:mm:ss z":"E d-M HH:mm:ss z","MMM HH:mm:ss z":"LLL HH:mm:ss z","MMMd HH:mm:ss z":"d MMM HH:mm:ss z","MMMEd HH:mm:ss z":"E d MMM HH:mm:ss z","MMMMd HH:mm:ss z":"d MMMM HH:mm:ss z","y HH:mm:ss z":"y HH:mm:ss z","yM HH:mm:ss z":"M-y HH:mm:ss z","yMd HH:mm:ss z":"d-M-y HH:mm:ss z","yMEd HH:mm:ss z":"E d-M-y HH:mm:ss z","yMMM HH:mm:ss z":"MMM y HH:mm:ss z","yMMMd HH:mm:ss z":"d MMM y HH:mm:ss z","yMMMEd HH:mm:ss z":"E d MMM y HH:mm:ss z","yMMMM HH:mm:ss z":"MMMM y HH:mm:ss z","EEEE d MMMM y HH:mm:ss":"EEEE d MMMM y HH:mm:ss","d MMMM y HH:mm:ss":"d MMMM y HH:mm:ss","d MMM y HH:mm:ss":"d MMM y HH:mm:ss","dd-MM-y HH:mm:ss":"dd-MM-y HH:mm:ss","d HH:mm:ss":"d HH:mm:ss","E HH:mm:ss":"ccc HH:mm:ss","Ed HH:mm:ss":"E d HH:mm:ss","Gy HH:mm:ss":"y G HH:mm:ss","GyMd HH:mm:ss":"d/M/y GGGGG HH:mm:ss","GyMMM HH:mm:ss":"MMM y G HH:mm:ss","GyMMMd HH:mm:ss":"d MMM y G HH:mm:ss","GyMMMEd HH:mm:ss":"E d MMM y G HH:mm:ss","M HH:mm:ss":"L HH:mm:ss","Md HH:mm:ss":"d-M HH:mm:ss","MEd HH:mm:ss":"E d-M HH:mm:ss","MMM HH:mm:ss":"LLL HH:mm:ss","MMMd HH:mm:ss":"d MMM HH:mm:ss","MMMEd HH:mm:ss":"E d MMM HH:mm:ss","MMMMd HH:mm:ss":"d MMMM HH:mm:ss","y HH:mm:ss":"y HH:mm:ss","yM HH:mm:ss":"M-y HH:mm:ss","yMd HH:mm:ss":"d-M-y HH:mm:ss","yMEd HH:mm:ss":"E d-M-y HH:mm:ss","yMMM HH:mm:ss":"MMM y HH:mm:ss","yMMMd HH:mm:ss":"d MMM y HH:mm:ss","yMMMEd HH:mm:ss":"E d MMM y HH:mm:ss","yMMMM HH:mm:ss":"MMMM y HH:mm:ss","EEEE d MMMM y HH:mm":"EEEE d MMMM y HH:mm","d MMMM y HH:mm":"d MMMM y HH:mm","d MMM y HH:mm":"d MMM y HH:mm","dd-MM-y HH:mm":"dd-MM-y HH:mm","d HH:mm":"d HH:mm","E HH:mm":"ccc HH:mm","Ed HH:mm":"E d HH:mm","Gy HH:mm":"y G HH:mm","GyMd HH:mm":"d/M/y GGGGG HH:mm","GyMMM HH:mm":"MMM y G HH:mm","GyMMMd HH:mm":"d MMM y G HH:mm","GyMMMEd HH:mm":"E d MMM y G HH:mm","M HH:mm":"L HH:mm","Md HH:mm":"d-M HH:mm","MEd HH:mm":"E d-M HH:mm","MMM HH:mm":"LLL HH:mm","MMMd HH:mm":"d MMM HH:mm","MMMEd HH:mm":"E d MMM HH:mm","MMMMd HH:mm":"d MMMM HH:mm","y HH:mm":"y HH:mm","yM HH:mm":"M-y HH:mm","yMd HH:mm":"d-M-y HH:mm","yMEd HH:mm":"E d-M-y HH:mm","yMMM HH:mm":"MMM y HH:mm","yMMMd HH:mm":"d MMM y HH:mm","yMMMEd HH:mm":"E d MMM y HH:mm","yMMMM HH:mm":"MMMM y HH:mm","EEEE d MMMM y Bh":"EEEE d MMMM y h B","d MMMM y Bh":"d MMMM y h B","d MMM y Bh":"d MMM y h B","dd-MM-y Bh":"dd-MM-y h B","d Bh":"d h B","E Bh":"ccc h B","Ed Bh":"E d h B","Gy Bh":"y G h B","GyMd Bh":"d/M/y GGGGG h B","GyMMM Bh":"MMM y G h B","GyMMMd Bh":"d MMM y G h B","GyMMMEd Bh":"E d MMM y G h B","M Bh":"L h B","Md Bh":"d-M h B","MEd Bh":"E d-M h B","MMM Bh":"LLL h B","MMMd Bh":"d MMM h B","MMMEd Bh":"E d MMM h B","MMMMd Bh":"d MMMM h B","y Bh":"y h B","yM Bh":"M-y h B","yMd Bh":"d-M-y h B","yMEd Bh":"E d-M-y h B","yMMM Bh":"MMM y h B","yMMMd Bh":"d MMM y h B","yMMMEd Bh":"E d MMM y h B","yMMMM Bh":"MMMM y h B","EEEE d MMMM y Bhm":"EEEE d MMMM y h:mm B","d MMMM y Bhm":"d MMMM y h:mm B","d MMM y Bhm":"d MMM y h:mm B","dd-MM-y Bhm":"dd-MM-y h:mm B","d Bhm":"d h:mm B","E Bhm":"ccc h:mm B","Ed Bhm":"E d h:mm B","Gy Bhm":"y G h:mm B","GyMd Bhm":"d/M/y GGGGG h:mm B","GyMMM Bhm":"MMM y G h:mm B","GyMMMd Bhm":"d MMM y G h:mm B","GyMMMEd Bhm":"E d MMM y G h:mm B","M Bhm":"L h:mm B","Md Bhm":"d-M h:mm B","MEd Bhm":"E d-M h:mm B","MMM Bhm":"LLL h:mm B","MMMd Bhm":"d MMM h:mm B","MMMEd Bhm":"E d MMM h:mm B","MMMMd Bhm":"d MMMM h:mm B","y Bhm":"y h:mm B","yM Bhm":"M-y h:mm B","yMd Bhm":"d-M-y h:mm B","yMEd Bhm":"E d-M-y h:mm B","yMMM Bhm":"MMM y h:mm B","yMMMd Bhm":"d MMM y h:mm B","yMMMEd Bhm":"E d MMM y h:mm B","yMMMM Bhm":"MMMM y h:mm B","EEEE d MMMM y Bhms":"EEEE d MMMM y h:mm:ss B","d MMMM y Bhms":"d MMMM y h:mm:ss B","d MMM y Bhms":"d MMM y h:mm:ss B","dd-MM-y Bhms":"dd-MM-y h:mm:ss B","d Bhms":"d h:mm:ss B","E Bhms":"ccc h:mm:ss B","Ed Bhms":"E d h:mm:ss B","Gy Bhms":"y G h:mm:ss B","GyMd Bhms":"d/M/y GGGGG h:mm:ss B","GyMMM Bhms":"MMM y G h:mm:ss B","GyMMMd Bhms":"d MMM y G h:mm:ss B","GyMMMEd Bhms":"E d MMM y G h:mm:ss B","M Bhms":"L h:mm:ss B","Md Bhms":"d-M h:mm:ss B","MEd Bhms":"E d-M h:mm:ss B","MMM Bhms":"LLL h:mm:ss B","MMMd Bhms":"d MMM h:mm:ss B","MMMEd Bhms":"E d MMM h:mm:ss B","MMMMd Bhms":"d MMMM h:mm:ss B","y Bhms":"y h:mm:ss B","yM Bhms":"M-y h:mm:ss B","yMd Bhms":"d-M-y h:mm:ss B","yMEd Bhms":"E d-M-y h:mm:ss B","yMMM Bhms":"MMM y h:mm:ss B","yMMMd Bhms":"d MMM y h:mm:ss B","yMMMEd Bhms":"E d MMM y h:mm:ss B","yMMMM Bhms":"MMMM y h:mm:ss B","EEEE d MMMM y h":"EEEE d MMMM y h a","d MMMM y h":"d MMMM y h a","d MMM y h":"d MMM y h a","dd-MM-y h":"dd-MM-y h a","d h":"d h a","E h":"ccc h a","Ed h":"E d h a","Gy h":"y G h a","GyMd h":"d/M/y GGGGG h a","GyMMM h":"MMM y G h a","GyMMMd h":"d MMM y G h a","GyMMMEd h":"E d MMM y G h a","M h":"L h a","Md h":"d-M h a","MEd h":"E d-M h a","MMM h":"LLL h a","MMMd h":"d MMM h a","MMMEd h":"E d MMM h a","MMMMd h":"d MMMM h a","y h":"y h a","yM h":"M-y h a","yMd h":"d-M-y h a","yMEd h":"E d-M-y h a","yMMM h":"MMM y h a","yMMMd h":"d MMM y h a","yMMMEd h":"E d MMM y h a","yMMMM h":"MMMM y h a","EEEE d MMMM y H":"EEEE d MMMM y HH","d MMMM y H":"d MMMM y HH","d MMM y H":"d MMM y HH","dd-MM-y H":"dd-MM-y HH","d H":"d HH","E H":"ccc HH","Ed H":"E d HH","Gy H":"y G HH","GyMd H":"d/M/y GGGGG HH","GyMMM H":"MMM y G HH","GyMMMd H":"d MMM y G HH","GyMMMEd H":"E d MMM y G HH","M H":"L HH","Md H":"d-M HH","MEd H":"E d-M HH","MMM H":"LLL HH","MMMd H":"d MMM HH","MMMEd H":"E d MMM HH","MMMMd H":"d MMMM HH","y H":"y HH","yM H":"M-y HH","yMd H":"d-M-y HH","yMEd H":"E d-M-y HH","yMMM H":"MMM y HH","yMMMd H":"d MMM y HH","yMMMEd H":"E d MMM y HH","yMMMM H":"MMMM y HH","EEEE d MMMM y hm":"EEEE d MMMM y h:mm a","d MMMM y hm":"d MMMM y h:mm a","d MMM y hm":"d MMM y h:mm a","dd-MM-y hm":"dd-MM-y h:mm a","d hm":"d h:mm a","E hm":"ccc h:mm a","Ed hm":"E d h:mm a","Gy hm":"y G h:mm a","GyMd hm":"d/M/y GGGGG h:mm a","GyMMM hm":"MMM y G h:mm a","GyMMMd hm":"d MMM y G h:mm a","GyMMMEd hm":"E d MMM y G h:mm a","M hm":"L h:mm a","Md hm":"d-M h:mm a","MEd hm":"E d-M h:mm a","MMM hm":"LLL h:mm a","MMMd hm":"d MMM h:mm a","MMMEd hm":"E d MMM h:mm a","MMMMd hm":"d MMMM h:mm a","y hm":"y h:mm a","yM hm":"M-y h:mm a","yMd hm":"d-M-y h:mm a","yMEd hm":"E d-M-y h:mm a","yMMM hm":"MMM y h:mm a","yMMMd hm":"d MMM y h:mm a","yMMMEd hm":"E d MMM y h:mm a","yMMMM hm":"MMMM y h:mm a","EEEE d MMMM y Hm":"EEEE d MMMM y HH:mm","d MMMM y Hm":"d MMMM y HH:mm","d MMM y Hm":"d MMM y HH:mm","dd-MM-y Hm":"dd-MM-y HH:mm","d Hm":"d HH:mm","E Hm":"ccc HH:mm","Ed Hm":"E d HH:mm","Gy Hm":"y G HH:mm","GyMd Hm":"d/M/y GGGGG HH:mm","GyMMM Hm":"MMM y G HH:mm","GyMMMd Hm":"d MMM y G HH:mm","GyMMMEd Hm":"E d MMM y G HH:mm","M Hm":"L HH:mm","Md Hm":"d-M HH:mm","MEd Hm":"E d-M HH:mm","MMM Hm":"LLL HH:mm","MMMd Hm":"d MMM HH:mm","MMMEd Hm":"E d MMM HH:mm","MMMMd Hm":"d MMMM HH:mm","y Hm":"y HH:mm","yM Hm":"M-y HH:mm","yMd Hm":"d-M-y HH:mm","yMEd Hm":"E d-M-y HH:mm","yMMM Hm":"MMM y HH:mm","yMMMd Hm":"d MMM y HH:mm","yMMMEd Hm":"E d MMM y HH:mm","yMMMM Hm":"MMMM y HH:mm","EEEE d MMMM y hms":"EEEE d MMMM y h:mm:ss a","d MMMM y hms":"d MMMM y h:mm:ss a","d MMM y hms":"d MMM y h:mm:ss a","dd-MM-y hms":"dd-MM-y h:mm:ss a","d hms":"d h:mm:ss a","E hms":"ccc h:mm:ss a","Ed hms":"E d h:mm:ss a","Gy hms":"y G h:mm:ss a","GyMd hms":"d/M/y GGGGG h:mm:ss a","GyMMM hms":"MMM y G h:mm:ss a","GyMMMd hms":"d MMM y G h:mm:ss a","GyMMMEd hms":"E d MMM y G h:mm:ss a","M hms":"L h:mm:ss a","Md hms":"d-M h:mm:ss a","MEd hms":"E d-M h:mm:ss a","MMM hms":"LLL h:mm:ss a","MMMd hms":"d MMM h:mm:ss a","MMMEd hms":"E d MMM h:mm:ss a","MMMMd hms":"d MMMM h:mm:ss a","y hms":"y h:mm:ss a","yM hms":"M-y h:mm:ss a","yMd hms":"d-M-y h:mm:ss a","yMEd hms":"E d-M-y h:mm:ss a","yMMM hms":"MMM y h:mm:ss a","yMMMd hms":"d MMM y h:mm:ss a","yMMMEd hms":"E d MMM y h:mm:ss a","yMMMM hms":"MMMM y h:mm:ss a","EEEE d MMMM y Hms":"EEEE d MMMM y HH:mm:ss","d MMMM y Hms":"d MMMM y HH:mm:ss","d MMM y Hms":"d MMM y HH:mm:ss","dd-MM-y Hms":"dd-MM-y HH:mm:ss","d Hms":"d HH:mm:ss","E Hms":"ccc HH:mm:ss","Ed Hms":"E d HH:mm:ss","Gy Hms":"y G HH:mm:ss","GyMd Hms":"d/M/y GGGGG HH:mm:ss","GyMMM Hms":"MMM y G HH:mm:ss","GyMMMd Hms":"d MMM y G HH:mm:ss","GyMMMEd Hms":"E d MMM y G HH:mm:ss","M Hms":"L HH:mm:ss","Md Hms":"d-M HH:mm:ss","MEd Hms":"E d-M HH:mm:ss","MMM Hms":"LLL HH:mm:ss","MMMd Hms":"d MMM HH:mm:ss","MMMEd Hms":"E d MMM HH:mm:ss","MMMMd Hms":"d MMMM HH:mm:ss","y Hms":"y HH:mm:ss","yM Hms":"M-y HH:mm:ss","yMd Hms":"d-M-y HH:mm:ss","yMEd Hms":"E d-M-y HH:mm:ss","yMMM Hms":"MMM y HH:mm:ss","yMMMd Hms":"d MMM y HH:mm:ss","yMMMEd Hms":"E d MMM y HH:mm:ss","yMMMM Hms":"MMMM y HH:mm:ss","EEEE d MMMM y hmsv":"EEEE d MMMM y h:mm:ss a v","d MMMM y hmsv":"d MMMM y h:mm:ss a v","d MMM y hmsv":"d MMM y h:mm:ss a v","dd-MM-y hmsv":"dd-MM-y h:mm:ss a v","d hmsv":"d h:mm:ss a v","E hmsv":"ccc h:mm:ss a v","Ed hmsv":"E d h:mm:ss a v","Gy hmsv":"y G h:mm:ss a v","GyMd hmsv":"d/M/y GGGGG h:mm:ss a v","GyMMM hmsv":"MMM y G h:mm:ss a v","GyMMMd hmsv":"d MMM y G h:mm:ss a v","GyMMMEd hmsv":"E d MMM y G h:mm:ss a v","M hmsv":"L h:mm:ss a v","Md hmsv":"d-M h:mm:ss a v","MEd hmsv":"E d-M h:mm:ss a v","MMM hmsv":"LLL h:mm:ss a v","MMMd hmsv":"d MMM h:mm:ss a v","MMMEd hmsv":"E d MMM h:mm:ss a v","MMMMd hmsv":"d MMMM h:mm:ss a v","y hmsv":"y h:mm:ss a v","yM hmsv":"M-y h:mm:ss a v","yMd hmsv":"d-M-y h:mm:ss a v","yMEd hmsv":"E d-M-y h:mm:ss a v","yMMM hmsv":"MMM y h:mm:ss a v","yMMMd hmsv":"d MMM y h:mm:ss a v","yMMMEd hmsv":"E d MMM y h:mm:ss a v","yMMMM hmsv":"MMMM y h:mm:ss a v","EEEE d MMMM y Hmsv":"EEEE d MMMM y HH:mm:ss v","d MMMM y Hmsv":"d MMMM y HH:mm:ss v","d MMM y Hmsv":"d MMM y HH:mm:ss v","dd-MM-y Hmsv":"dd-MM-y HH:mm:ss v","d Hmsv":"d HH:mm:ss v","E Hmsv":"ccc HH:mm:ss v","Ed Hmsv":"E d HH:mm:ss v","Gy Hmsv":"y G HH:mm:ss v","GyMd Hmsv":"d/M/y GGGGG HH:mm:ss v","GyMMM Hmsv":"MMM y G HH:mm:ss v","GyMMMd Hmsv":"d MMM y G HH:mm:ss v","GyMMMEd Hmsv":"E d MMM y G HH:mm:ss v","M Hmsv":"L HH:mm:ss v","Md Hmsv":"d-M HH:mm:ss v","MEd Hmsv":"E d-M HH:mm:ss v","MMM Hmsv":"LLL HH:mm:ss v","MMMd Hmsv":"d MMM HH:mm:ss v","MMMEd Hmsv":"E d MMM HH:mm:ss v","MMMMd Hmsv":"d MMMM HH:mm:ss v","y Hmsv":"y HH:mm:ss v","yM Hmsv":"M-y HH:mm:ss v","yMd Hmsv":"d-M-y HH:mm:ss v","yMEd Hmsv":"E d-M-y HH:mm:ss v","yMMM Hmsv":"MMM y HH:mm:ss v","yMMMd Hmsv":"d MMM y HH:mm:ss v","yMMMEd Hmsv":"E d MMM y HH:mm:ss v","yMMMM Hmsv":"MMMM y HH:mm:ss v","EEEE d MMMM y hmv":"EEEE d MMMM y h:mm a v","d MMMM y hmv":"d MMMM y h:mm a v","d MMM y hmv":"d MMM y h:mm a v","dd-MM-y hmv":"dd-MM-y h:mm a v","d hmv":"d h:mm a v","E hmv":"ccc h:mm a v","Ed hmv":"E d h:mm a v","Gy hmv":"y G h:mm a v","GyMd hmv":"d/M/y GGGGG h:mm a v","GyMMM hmv":"MMM y G h:mm a v","GyMMMd hmv":"d MMM y G h:mm a v","GyMMMEd hmv":"E d MMM y G h:mm a v","M hmv":"L h:mm a v","Md hmv":"d-M h:mm a v","MEd hmv":"E d-M h:mm a v","MMM hmv":"LLL h:mm a v","MMMd hmv":"d MMM h:mm a v","MMMEd hmv":"E d MMM h:mm a v","MMMMd hmv":"d MMMM h:mm a v","y hmv":"y h:mm a v","yM hmv":"M-y h:mm a v","yMd hmv":"d-M-y h:mm a v","yMEd hmv":"E d-M-y h:mm a v","yMMM hmv":"MMM y h:mm a v","yMMMd hmv":"d MMM y h:mm a v","yMMMEd hmv":"E d MMM y h:mm a v","yMMMM hmv":"MMMM y h:mm a v","EEEE d MMMM y Hmv":"EEEE d MMMM y HH:mm v","d MMMM y Hmv":"d MMMM y HH:mm v","d MMM y Hmv":"d MMM y HH:mm v","dd-MM-y Hmv":"dd-MM-y HH:mm v","d Hmv":"d HH:mm v","E Hmv":"ccc HH:mm v","Ed Hmv":"E d HH:mm v","Gy Hmv":"y G HH:mm v","GyMd Hmv":"d/M/y GGGGG HH:mm v","GyMMM Hmv":"MMM y G HH:mm v","GyMMMd Hmv":"d MMM y G HH:mm v","GyMMMEd Hmv":"E d MMM y G HH:mm v","M Hmv":"L HH:mm v","Md Hmv":"d-M HH:mm v","MEd Hmv":"E d-M HH:mm v","MMM Hmv":"LLL HH:mm v","MMMd Hmv":"d MMM HH:mm v","MMMEd Hmv":"E d MMM HH:mm v","MMMMd Hmv":"d MMMM HH:mm v","y Hmv":"y HH:mm v","yM Hmv":"M-y HH:mm v","yMd Hmv":"d-M-y HH:mm v","yMEd Hmv":"E d-M-y HH:mm v","yMMM Hmv":"MMM y HH:mm v","yMMMd Hmv":"d MMM y HH:mm v","yMMMEd Hmv":"E d MMM y HH:mm v","yMMMM Hmv":"MMMM y HH:mm v","EEEE d MMMM y ms":"EEEE d MMMM y mm:ss","d MMMM y ms":"d MMMM y mm:ss","d MMM y ms":"d MMM y mm:ss","dd-MM-y ms":"dd-MM-y mm:ss","d ms":"d mm:ss","E ms":"ccc mm:ss","Ed ms":"E d mm:ss","Gy ms":"y G mm:ss","GyMd ms":"d/M/y GGGGG mm:ss","GyMMM ms":"MMM y G mm:ss","GyMMMd ms":"d MMM y G mm:ss","GyMMMEd ms":"E d MMM y G mm:ss","M ms":"L mm:ss","Md ms":"d-M mm:ss","MEd ms":"E d-M mm:ss","MMM ms":"LLL mm:ss","MMMd ms":"d MMM mm:ss","MMMEd ms":"E d MMM mm:ss","MMMMd ms":"d MMMM mm:ss","y ms":"y mm:ss","yM ms":"M-y mm:ss","yMd ms":"d-M-y mm:ss","yMEd ms":"E d-M-y mm:ss","yMMM ms":"MMM y mm:ss","yMMMd ms":"d MMM y mm:ss","yMMMEd ms":"E d MMM y mm:ss","yMMMM ms":"MMMM y mm:ss"}},"intervalFormats":{"intervalFormatFallback":"{0} – {1}","Bh":{"B":"h B – h B","h":"h–h B"},"Bhm":{"B":"h:mm B – h:mm B","h":"h:mm–h:mm B","m":"h:mm–h:mm B"},"d":{"d":"d–d"},"Gy":{"G":"y G – y G","y":"y – y G"},"GyM":{"G":"M-y GGGGG – M-y GGGGG","M":"M-y – M-y GGGGG","y":"M-y – M-y GGGGG"},"GyMd":{"d":"d-M-y – d-M-y GGGGG","G":"d-M-y GGGGG – d-M-y GGGGG","M":"d-M-y – d-M-y GGGGG","y":"d-M-y – d-M-y GGGGG"},"GyMEd":{"d":"E d-M-y – E d-M-y GGGGG","G":"E d-M-y GGGGG – E d-M-y GGGGG","M":"E d-M-y – E d-M-y GGGGG","y":"E d-M-y – E d-M-y GGGGG"},"GyMMM":{"G":"MMM y G – MMM y G","M":"MMM – MMM y G","y":"MMM y – MMM y G"},"GyMMMd":{"d":"d–d MMM y G","G":"d MMM y G – d MMM y G","M":"d MMM – d MMM y G","y":"d MMM y – d MMM y G"},"GyMMMEd":{"d":"E d MMM – E d MMM y G","G":"E d MMM y G – E d MMM y G","M":"E d MMM – E d MMM y G","y":"E d MMM y – E d MMM y G"},"h":{"a":"h a – h a","h":"h–h a"},"H":{"H":"HH–HH"},"hm":{"a":"h:mm a – h:mm a","h":"h:mm–h:mm a","m":"h:mm–h:mm a"},"Hm":{"H":"HH:mm–HH:mm","m":"HH:mm–HH:mm"},"hmv":{"a":"h:mm a – h:mm a v","h":"h:mm–h:mm a v","m":"h:mm–h:mm a v"},"Hmv":{"H":"HH:mm–HH:mm v","m":"HH:mm–HH:mm v"},"hv":{"a":"h a – h a v","h":"h–h a v"},"Hv":{"H":"HH–HH v"},"M":{"M":"M–M"},"Md":{"d":"dd-MM – dd-MM","M":"dd-MM – dd-MM"},"MEd":{"d":"E dd-MM – E dd-MM","M":"E dd-MM – E dd-MM"},"MMM":{"M":"MMM–MMM"},"MMMd":{"d":"d–d MMM","M":"d MMM – d MMM"},"MMMEd":{"d":"E d – E d MMM","M":"E d MMM – E d MMM"},"MMMM":{"M":"MMMM–MMMM"},"y":{"y":"y–y"},"yM":{"M":"MM-y – MM-y","y":"MM-y – MM-y"},"yMd":{"d":"dd-MM-y – dd-MM-y","M":"dd-MM-y – dd-MM-y","y":"dd-MM-y – dd-MM-y"},"yMEd":{"d":"E dd-MM-y – E dd-MM-y","M":"E dd-MM-y – E dd-MM-y","y":"E dd-MM-y – E dd-MM-y"},"yMMM":{"M":"MMM–MMM y","y":"MMM y – MMM y"},"yMMMd":{"d":"d–d MMM y","M":"d MMM – d MMM y","y":"d MMM y – d MMM y"},"yMMMEd":{"d":"E d – E d MMM y","M":"E d MMM – E d MMM y","y":"E d MMM y – E d MMM y"},"yMMMM":{"M":"MMMM–MMMM y","y":"MMMM y – MMMM y"}},"hourCycle":"h23","nu":["latn"],"ca":["gregory"],"hc":["h23",""]},"locale":"nl"}