{"data":{"am":"AM","pm":"PM","weekday":{"narrow":["n","p","u","s","š","p","s"],"short":["ne","po","ut","st","št","pi","so"],"long":["nedeľa","pondelok","utorok","streda","štvrtok","piatok","sobota"]},"era":{"narrow":{"BC":"pred Kr.","AD":"po Kr."},"short":{"BC":"pred Kr.","AD":"po Kr."},"long":{"BC":"pred Kristom","AD":"po Kristovi"}},"month":{"narrow":["j","f","m","a","m","j","j","a","s","o","n","d"],"short":["jan","feb","mar","apr","máj","jún","júl","aug","sep","okt","nov","dec"],"long":["januára","februára","marca","apríla","mája","júna","júla","augusta","septembra","októbra","novembra","decembra"]},"timeZoneName":{"America/Rio_Branco":{"long":["acrejský štandardný čas","acrejský letný čas"]},"Asia/Kabul":{"long":["afganský čas","afganský čas"]},"Africa/Maputo":{"long":["stredoafrický čas","stredoafrický čas"]},"Africa/Bujumbura":{"long":["stredoafrický čas","stredoafrický čas"]},"Africa/Gaborone":{"long":["stredoafrický čas","stredoafrický čas"]},"Africa/Lubumbashi":{"long":["stredoafrický čas","stredoafrický čas"]},"Africa/Blantyre":{"long":["stredoafrický čas","stredoafrický čas"]},"Africa/Kigali":{"long":["stredoafrický čas","stredoafrický čas"]},"Africa/Lusaka":{"long":["stredoafrický čas","stredoafrický čas"]},"Africa/Harare":{"long":["stredoafrický čas","stredoafrický čas"]},"Africa/Nairobi":{"long":["východoafrický čas","východoafrický čas"]},"Africa/Djibouti":{"long":["východoafrický čas","východoafrický čas"]},"Africa/Asmera":{"long":["východoafrický čas","východoafrický čas"]},"Africa/Addis_Ababa":{"long":["východoafrický čas","východoafrický čas"]},"Indian/Comoro":{"long":["východoafrický čas","východoafrický čas"]},"Indian/Antananarivo":{"long":["východoafrický čas","východoafrický čas"]},"Africa/Mogadishu":{"long":["východoafrický čas","východoafrický čas"]},"Africa/Dar_es_Salaam":{"long":["východoafrický čas","východoafrický čas"]},"Africa/Kampala":{"long":["východoafrický čas","východoafrický čas"]},"Indian/Mayotte":{"long":["východoafrický čas","východoafrický čas"]},"Africa/Johannesburg":{"long":["juhoafrický čas","juhoafrický čas"]},"Africa/Maseru":{"long":["juhoafrický čas","juhoafrický čas"]},"Africa/Mbabane":{"long":["juhoafrický čas","juhoafrický čas"]},"Africa/Lagos":{"long":["západoafrický štandardný čas","západoafrický letný čas"]},"Africa/Luanda":{"long":["západoafrický štandardný čas","západoafrický letný čas"]},"Africa/Porto-Novo":{"long":["západoafrický štandardný čas","západoafrický letný čas"]},"Africa/Kinshasa":{"long":["západoafrický štandardný čas","západoafrický letný čas"]},"Africa/Bangui":{"long":["západoafrický štandardný čas","západoafrický letný čas"]},"Africa/Brazzaville":{"long":["západoafrický štandardný čas","západoafrický letný čas"]},"Africa/Douala":{"long":["západoafrický štandardný čas","západoafrický letný čas"]},"Africa/Libreville":{"long":["západoafrický štandardný čas","západoafrický letný čas"]},"Africa/Malabo":{"long":["západoafrický štandardný čas","západoafrický letný čas"]},"Africa/Niamey":{"long":["západoafrický štandardný čas","západoafrický letný čas"]},"Africa/Ndjamena":{"long":["západoafrický štandardný čas","západoafrický letný čas"]},"Asia/Aqtobe":{"long":["západokazachstanský čas","západokazachstanský čas"]},"America/Juneau":{"long":["aljašský štandardný čas","aljašský letný čas"]},"Asia/Almaty":{"long":["východokazachstanský čas","východokazachstanský čas"]},"America/Manaus":{"long":["amazonský štandardný čas","amazonský letný čas"]},"America/Chicago":{"long":["severoamerický centrálny štandardný čas","severoamerický centrálny letný čas"]},"America/Belize":{"long":["severoamerický centrálny štandardný čas","severoamerický centrálny letný čas"]},"America/Winnipeg":{"long":["severoamerický centrálny štandardný čas","severoamerický centrálny letný čas"]},"America/Costa_Rica":{"long":["severoamerický centrálny štandardný čas","severoamerický centrálny letný čas"]},"America/Guatemala":{"long":["severoamerický centrálny štandardný čas","severoamerický centrálny letný čas"]},"America/Tegucigalpa":{"long":["severoamerický centrálny štandardný čas","severoamerický centrálny letný čas"]},"America/Mexico_City":{"long":["severoamerický centrálny štandardný čas","severoamerický centrálny letný čas"]},"America/El_Salvador":{"long":["severoamerický centrálny štandardný čas","severoamerický centrálny letný čas"]},"America/New_York":{"long":["severoamerický východný štandardný čas","severoamerický východný letný čas"]},"America/Nassau":{"long":["severoamerický východný štandardný čas","severoamerický východný letný čas"]},"America/Toronto":{"long":["severoamerický východný štandardný čas","severoamerický východný letný čas"]},"America/Port-au-Prince":{"long":["severoamerický východný štandardný čas","severoamerický východný letný čas"]},"America/Jamaica":{"long":["severoamerický východný štandardný čas","severoamerický východný letný čas"]},"America/Cayman":{"long":["severoamerický východný štandardný čas","severoamerický východný letný čas"]},"America/Panama":{"long":["severoamerický východný štandardný čas","severoamerický východný letný čas"]},"America/Denver":{"long":["severoamerický horský štandardný čas","severoamerický horský letný čas"]},"America/Edmonton":{"long":["severoamerický horský štandardný čas","severoamerický horský letný čas"]},"America/Hermosillo":{"long":["severoamerický horský štandardný čas","severoamerický horský letný čas"]},"America/Los_Angeles":{"long":["severoamerický tichomorský štandardný čas","severoamerický tichomorský letný čas"]},"America/Vancouver":{"long":["severoamerický tichomorský štandardný čas","severoamerický tichomorský letný čas"]},"America/Tijuana":{"long":["severoamerický tichomorský štandardný čas","severoamerický tichomorský letný čas"]},"Asia/Anadyr":{"long":["Anadyrský štandardný čas","Anadyrský letný čas"]},"Pacific/Apia":{"long":["apijský štandardný čas","apijský letný čas"]},"Asia/Riyadh":{"long":["arabský štandardný čas","arabský letný čas"]},"Asia/Bahrain":{"long":["arabský štandardný čas","arabský letný čas"]},"Asia/Baghdad":{"long":["arabský štandardný čas","arabský letný čas"]},"Asia/Kuwait":{"long":["arabský štandardný čas","arabský letný čas"]},"Asia/Qatar":{"long":["arabský štandardný čas","arabský letný čas"]},"Asia/Aden":{"long":["arabský štandardný čas","arabský letný čas"]},"America/Buenos_Aires":{"long":["argentínsky štandardný čas","argentínsky letný čas"]},"America/Argentina/San_Luis":{"long":["západoargentínsky štandardný čas","západoargentínsky letný čas"]},"Asia/Ashgabat":{"long":["turkménsky štandardný čas","turkménsky letný čas"]},"America/Halifax":{"long":["atlantický štandardný čas","atlantický letný čas"]},"America/Antigua":{"long":["atlantický štandardný čas","atlantický letný čas"]},"America/Anguilla":{"long":["atlantický štandardný čas","atlantický letný čas"]},"America/Aruba":{"long":["atlantický štandardný čas","atlantický letný čas"]},"America/Barbados":{"long":["atlantický štandardný čas","atlantický letný čas"]},"Atlantic/Bermuda":{"long":["atlantický štandardný čas","atlantický letný čas"]},"America/Kralendijk":{"long":["atlantický štandardný čas","atlantický letný čas"]},"America/Curacao":{"long":["atlantický štandardný čas","atlantický letný čas"]},"America/Dominica":{"long":["atlantický štandardný čas","atlantický letný čas"]},"America/Grenada":{"long":["atlantický štandardný čas","atlantický letný čas"]},"America/Thule":{"long":["atlantický štandardný čas","atlantický letný čas"]},"America/Guadeloupe":{"long":["atlantický štandardný čas","atlantický letný čas"]},"America/St_Kitts":{"long":["atlantický štandardný čas","atlantický letný čas"]},"America/St_Lucia":{"long":["atlantický štandardný čas","atlantický letný čas"]},"America/Marigot":{"long":["atlantický štandardný čas","atlantický letný čas"]},"America/Martinique":{"long":["atlantický štandardný čas","atlantický letný čas"]},"America/Montserrat":{"long":["atlantický štandardný čas","atlantický letný čas"]},"America/Puerto_Rico":{"long":["atlantický štandardný čas","atlantický letný čas"]},"America/Lower_Princes":{"long":["atlantický štandardný čas","atlantický letný čas"]},"America/Port_of_Spain":{"long":["atlantický štandardný čas","atlantický letný čas"]},"America/St_Vincent":{"long":["atlantický štandardný čas","atlantický letný čas"]},"America/Tortola":{"long":["atlantický štandardný čas","atlantický letný čas"]},"America/St_Thomas":{"long":["atlantický štandardný čas","atlantický letný čas"]},"Australia/Adelaide":{"long":["stredoaustrálsky štandardný čas","stredoaustrálsky letný čas"]},"Australia/Eucla":{"long":["stredozápadný austrálsky štandardný čas","stredozápadný austrálsky letný čas"]},"Australia/Sydney":{"long":["východoaustrálsky štandardný čas","východoaustrálsky letný čas"]},"Australia/Perth":{"long":["západoaustrálsky štandardný čas","západoaustrálsky letný čas"]},"Atlantic/Azores":{"long":["azorský štandardný čas","azorský letný čas"]},"Asia/Thimphu":{"long":["bhutánsky čas","bhutánsky čas"]},"America/La_Paz":{"long":["bolívijský čas","bolívijský čas"]},"Asia/Kuching":{"long":["malajzijský čas","malajzijský čas"]},"America/Sao_Paulo":{"long":["brazílsky štandardný čas","brazílsky letný čas"]},"Europe/London":{"long":["greenwichský čas","greenwichský čas"]},"Asia/Brunei":{"long":["brunejský čas","brunejský čas"]},"Atlantic/Cape_Verde":{"long":["kapverdský štandardný čas","kapverdský letný čas"]},"Antarctica/Casey":{"long":["čas Caseyho stanice","čas Caseyho stanice"]},"Pacific/Saipan":{"long":["severomariánsky čas","severomariánsky čas"]},"Pacific/Guam":{"long":["guamský čas","guamský čas"]},"Pacific/Chatham":{"long":["chathamský štandardný čas","chathamský letný čas"]},"America/Santiago":{"long":["čilský štandardný čas","čilský letný čas"]},"Asia/Shanghai":{"long":["čínsky štandardný čas","čínsky letný čas"]},"Asia/Choibalsan":{"long":["čojbalsanský štandardný čas","čojbalsanský letný čas"]},"Indian/Christmas":{"long":["čas Vianočného ostrova","čas Vianočného ostrova"]},"Indian/Cocos":{"long":["čas Kokosových ostrovov","čas Kokosových ostrovov"]},"America/Bogota":{"long":["kolumbijský štandardný čas","kolumbijský letný čas"]},"Pacific/Rarotonga":{"long":["štandardný čas Cookových ostrovov","letný čas Cookových ostrovov"]},"America/Havana":{"long":["kubánsky štandardný čas","kubánsky letný čas"]},"Antarctica/Davis":{"long":["čas Davisovej stanice","čas Davisovej stanice"]},"Antarctica/DumontDUrville":{"long":["čas stanice Dumonta d’Urvillea","čas stanice Dumonta d’Urvillea"]},"Asia/Dushanbe":{"long":["tadžický čas","tadžický čas"]},"America/Paramaribo":{"long":["surinamský čas","surinamský čas"]},"Asia/Dili":{"long":["východotimorský čas","východotimorský čas"]},"Pacific/Easter":{"long":["štandardný čas Veľkonočného ostrova","letný čas Veľkonočného ostrova"]},"America/Guayaquil":{"long":["ekvádorský čas","ekvádorský čas"]},"Europe/Paris":{"long":["stredoeurópsky štandardný čas","stredoeurópsky letný čas"],"short":["SEČ","SELČ"]},"Europe/Andorra":{"long":["stredoeurópsky štandardný čas","stredoeurópsky letný čas"],"short":["SEČ","SELČ"]},"Europe/Tirane":{"long":["stredoeurópsky štandardný čas","stredoeurópsky letný čas"],"short":["SEČ","SELČ"]},"Europe/Vienna":{"long":["stredoeurópsky štandardný čas","stredoeurópsky letný čas"],"short":["SEČ","SELČ"]},"Europe/Sarajevo":{"long":["stredoeurópsky štandardný čas","stredoeurópsky letný čas"],"short":["SEČ","SELČ"]},"Europe/Brussels":{"long":["stredoeurópsky štandardný čas","stredoeurópsky letný čas"],"short":["SEČ","SELČ"]},"Europe/Zurich":{"long":["stredoeurópsky štandardný čas","stredoeurópsky letný čas"],"short":["SEČ","SELČ"]},"Europe/Prague":{"long":["stredoeurópsky štandardný čas","stredoeurópsky letný čas"],"short":["SEČ","SELČ"]},"Europe/Berlin":{"long":["stredoeurópsky štandardný čas","stredoeurópsky letný čas"],"short":["SEČ","SELČ"]},"Europe/Copenhagen":{"long":["stredoeurópsky štandardný čas","stredoeurópsky letný čas"],"short":["SEČ","SELČ"]},"Europe/Madrid":{"long":["stredoeurópsky štandardný čas","stredoeurópsky letný čas"],"short":["SEČ","SELČ"]},"Europe/Gibraltar":{"long":["stredoeurópsky štandardný čas","stredoeurópsky letný čas"],"short":["SEČ","SELČ"]},"Europe/Zagreb":{"long":["stredoeurópsky štandardný čas","stredoeurópsky letný čas"],"short":["SEČ","SELČ"]},"Europe/Budapest":{"long":["stredoeurópsky štandardný čas","stredoeurópsky letný čas"],"short":["SEČ","SELČ"]},"Europe/Rome":{"long":["stredoeurópsky štandardný čas","stredoeurópsky letný čas"],"short":["SEČ","SELČ"]},"Europe/Vaduz":{"long":["stredoeurópsky štandardný čas","stredoeurópsky letný čas"],"short":["SEČ","SELČ"]},"Europe/Luxembourg":{"long":["stredoeurópsky štandardný čas","stredoeurópsky letný čas"],"short":["SEČ","SELČ"]},"Europe/Monaco":{"long":["stredoeurópsky štandardný čas","stredoeurópsky letný čas"],"short":["SEČ","SELČ"]},"Europe/Podgorica":{"long":["stredoeurópsky štandardný čas","stredoeurópsky letný čas"],"short":["SEČ","SELČ"]},"Europe/Skopje":{"long":["stredoeurópsky štandardný čas","stredoeurópsky letný čas"],"short":["SEČ","SELČ"]},"Europe/Malta":{"long":["stredoeurópsky štandardný čas","stredoeurópsky letný čas"],"short":["SEČ","SELČ"]},"Europe/Amsterdam":{"long":["stredoeurópsky štandardný čas","stredoeurópsky letný čas"],"short":["SEČ","SELČ"]},"Europe/Oslo":{"long":["stredoeurópsky štandardný čas","stredoeurópsky letný čas"],"short":["SEČ","SELČ"]},"Europe/Warsaw":{"long":["stredoeurópsky štandardný čas","stredoeurópsky letný čas"],"short":["SEČ","SELČ"]},"Europe/Belgrade":{"long":["stredoeurópsky štandardný čas","stredoeurópsky letný čas"],"short":["SEČ","SELČ"]},"Europe/Stockholm":{"long":["stredoeurópsky štandardný čas","stredoeurópsky letný čas"],"short":["SEČ","SELČ"]},"Europe/Ljubljana":{"long":["stredoeurópsky štandardný čas","stredoeurópsky letný čas"],"short":["SEČ","SELČ"]},"Arctic/Longyearbyen":{"long":["stredoeurópsky štandardný čas","stredoeurópsky letný čas"],"short":["SEČ","SELČ"]},"Europe/Bratislava":{"long":["stredoeurópsky štandardný čas","stredoeurópsky letný čas"],"short":["SEČ","SELČ"]},"Europe/San_Marino":{"long":["stredoeurópsky štandardný čas","stredoeurópsky letný čas"],"short":["SEČ","SELČ"]},"Africa/Tunis":{"long":["stredoeurópsky štandardný čas","stredoeurópsky letný čas"],"short":["SEČ","SELČ"]},"Europe/Vatican":{"long":["stredoeurópsky štandardný čas","stredoeurópsky letný čas"],"short":["SEČ","SELČ"]},"Europe/Bucharest":{"long":["východoeurópsky štandardný čas","východoeurópsky letný čas"]},"Europe/Mariehamn":{"long":["východoeurópsky štandardný čas","východoeurópsky letný čas"]},"Europe/Sofia":{"long":["východoeurópsky štandardný čas","východoeurópsky letný čas"]},"Asia/Nicosia":{"long":["východoeurópsky štandardný čas","východoeurópsky letný čas"]},"Africa/Cairo":{"long":["východoeurópsky štandardný čas","východoeurópsky letný čas"]},"Europe/Helsinki":{"long":["východoeurópsky štandardný čas","východoeurópsky letný čas"]},"Europe/Athens":{"long":["východoeurópsky štandardný čas","východoeurópsky letný čas"]},"Asia/Beirut":{"long":["východoeurópsky štandardný čas","východoeurópsky letný čas"]},"Europe/Minsk":{"long":["minský čas","minský čas"]},"Europe/Kaliningrad":{"long":["minský čas","minský čas"]},"Atlantic/Canary":{"long":["západoeurópsky štandardný čas","západoeurópsky letný čas"]},"Atlantic/Faeroe":{"long":["západoeurópsky štandardný čas","západoeurópsky letný čas"]},"Atlantic/Stanley":{"long":["falklandský štandardný čas","falklandský letný čas"]},"Pacific/Fiji":{"long":["fidžijský štandardný čas","fidžijský letný čas"]},"America/Cayenne":{"long":["francúzskoguyanský čas","francúzskoguyanský čas"]},"Indian/Kerguelen":{"long":["čas Francúzskych južných a antarktických území","čas Francúzskych južných a antarktických území"]},"Asia/Bishkek":{"long":["kirgizský čas","kirgizský čas"]},"Pacific/Galapagos":{"long":["galapágsky čas","galapágsky čas"]},"Pacific/Gambier":{"long":["gambierský čas","gambierský čas"]},"Pacific/Tarawa":{"long":["čas Gilbertových ostrovov","čas Gilbertových ostrovov"]},"Atlantic/Reykjavik":{"long":["greenwichský čas","greenwichský čas"]},"Africa/Ouagadougou":{"long":["greenwichský čas","greenwichský čas"]},"Africa/Abidjan":{"long":["greenwichský čas","greenwichský čas"]},"Africa/Accra":{"long":["greenwichský čas","greenwichský čas"]},"Africa/Banjul":{"long":["greenwichský čas","greenwichský čas"]},"Africa/Conakry":{"long":["greenwichský čas","greenwichský čas"]},"Africa/Bamako":{"long":["greenwichský čas","greenwichský čas"]},"Africa/Nouakchott":{"long":["greenwichský čas","greenwichský čas"]},"Atlantic/St_Helena":{"long":["greenwichský čas","greenwichský čas"]},"Africa/Freetown":{"long":["greenwichský čas","greenwichský čas"]},"Africa/Dakar":{"long":["greenwichský čas","greenwichský čas"]},"Africa/Lome":{"long":["greenwichský čas","greenwichský čas"]},"America/Scoresbysund":{"long":["východogrónsky štandardný čas","východogrónsky letný čas"]},"America/Godthab":{"long":["západogrónsky štandardný čas","západogrónsky letný čas"]},"Asia/Dubai":{"long":["štandardný čas Perzského zálivu","štandardný čas Perzského zálivu"]},"Asia/Muscat":{"long":["štandardný čas Perzského zálivu","štandardný čas Perzského zálivu"]},"America/Guyana":{"long":["guyanský čas","guyanský čas"]},"Pacific/Honolulu":{"long":["havajsko-aleutský štandardný čas","havajsko-aleutský letný čas"]},"Asia/Hong_Kong":{"long":["hongkonský štandardný čas","hongkonský letný čas"]},"Asia/Hovd":{"long":["chovdský štandardný čas","chovdský letný čas"]},"Asia/Calcutta":{"long":["indický čas","indický čas"]},"Asia/Colombo":{"long":["srílanský čas","srílanský čas"]},"Indian/Chagos":{"long":["indickooceánsky čas","indickooceánsky čas"]},"Asia/Bangkok":{"long":["indočínsky čas","indočínsky čas"]},"Asia/Phnom_Penh":{"long":["indočínsky čas","indočínsky čas"]},"Asia/Vientiane":{"long":["indočínsky čas","indočínsky čas"]},"Asia/Makassar":{"long":["stredoindonézsky čas","stredoindonézsky čas"]},"Asia/Jayapura":{"long":["východoindonézsky čas","východoindonézsky čas"]},"Asia/Jakarta":{"long":["západoindonézsky čas","západoindonézsky čas"]},"Asia/Tehran":{"long":["iránsky štandardný čas","iránsky letný čas"]},"Asia/Irkutsk":{"long":["irkutský štandardný čas","irkutský letný čas"]},"Asia/Jerusalem":{"long":["izraelský štandardný čas","izraelský letný čas"]},"Asia/Tokyo":{"long":["japonský štandardný čas","japonský letný čas"]},"Asia/Kamchatka":{"long":["Petropavlovsk-Kamčatský štandardný čas","Petropavlovsk-Kamčatskijský letný čas"]},"Asia/Karachi":{"long":["pakistanský štandardný čas","pakistanský letný čas"]},"Asia/Qyzylorda":{"long":["kyzylordský štandardný čas","kyzylordský letný čas"]},"Asia/Seoul":{"long":["kórejský štandardný čas","kórejský letný čas"]},"Pacific/Kosrae":{"long":["kosrajský čas","kosrajský čas"]},"Asia/Krasnoyarsk":{"long":["krasnojarský štandardný čas","krasnojarský letný čas"]},"Europe/Samara":{"long":["Samarský štandardný čas","Samarský letný čas"]},"Pacific/Kiritimati":{"long":["čas Rovníkových ostrovov","čas Rovníkových ostrovov"]},"Australia/Lord_Howe":{"long":["štandardný čas ostrova lorda Howa","letný čas ostrova lorda Howa"]},"Asia/Macau":{"long":["macajský štandardný čas","macajský letný čas"]},"Antarctica/Macquarie":{"long":["čas ostrova Macquarie","čas ostrova Macquarie"]},"Asia/Magadan":{"long":["magadanský štandardný čas","magadanský letný čas"]},"Indian/Maldives":{"long":["maldivský čas","maldivský čas"]},"Pacific/Marquesas":{"long":["markézsky čas","markézsky čas"]},"Pacific/Majuro":{"long":["čas Marshallových ostrovov","čas Marshallových ostrovov"]},"Indian/Mauritius":{"long":["maurícijský štandardný čas","maurícijský letný čas"]},"Antarctica/Mawson":{"long":["čas Mawsonovej stanice","čas Mawsonovej stanice"]},"America/Santa_Isabel":{"long":["severozápadný mexický štandardný čas","severozápadný mexický letný čas"]},"America/Mazatlan":{"long":["mexický tichomorský štandardný čas","mexický tichomorský letný čas"]},"Asia/Ulaanbaatar":{"long":["ulanbátarský štandardný čas","ulanbátarský letný čas"]},"Europe/Moscow":{"long":["moskovský štandardný čas","moskovský letný čas"]},"Asia/Rangoon":{"long":["mjanmarský čas","mjanmarský čas"]},"Pacific/Nauru":{"long":["nauruský čas","nauruský čas"]},"Asia/Katmandu":{"long":["nepálsky čas","nepálsky čas"]},"Pacific/Noumea":{"long":["novokaledónsky štandardný čas","novokaledónsky letný čas"]},"Pacific/Auckland":{"long":["novozélandský štandardný čas","novozélandský letný čas"]},"Antarctica/McMurdo":{"long":["novozélandský štandardný čas","novozélandský letný čas"]},"America/St_Johns":{"long":["newfoundlandský štandardný čas","newfoundlandský letný čas"]},"Pacific/Niue":{"long":["niuejský čas","niuejský čas"]},"Pacific/Norfolk":{"long":["norfolský štandardný čas","norfolský letný čas"]},"America/Noronha":{"long":["štandardný čas súostrovia Fernando de Noronha","letný čas súostrovia Fernando de Noronha"]},"Asia/Novosibirsk":{"long":["novosibirský štandardný čas","novosibirský letný čas"]},"Asia/Omsk":{"long":["omský štandardný čas","omský letný čas"]},"Pacific/Palau":{"long":["palauský čas","palauský čas"]},"Pacific/Port_Moresby":{"long":["čas Papuy-Novej Guiney","čas Papuy-Novej Guiney"]},"America/Asuncion":{"long":["paraguajský štandardný čas","paraguajský letný čas"]},"America/Lima":{"long":["peruánsky štandardný čas","peruánsky letný čas"]},"Asia/Manila":{"long":["filipínsky štandardný čas","filipínsky letný čas"]},"Pacific/Enderbury":{"long":["čas Fénixových ostrovov","čas Fénixových ostrovov"]},"America/Miquelon":{"long":["pierre-miquelonský štandardný čas","pierre-miquelonský letný čas"]},"Pacific/Pitcairn":{"long":["čas Pitcairnových ostrovov","čas Pitcairnových ostrovov"]},"Pacific/Ponape":{"long":["ponapský čas","ponapský čas"]},"Asia/Pyongyang":{"long":["pchjongjanský čas","pchjongjanský čas"]},"Indian/Reunion":{"long":["réunionský čas","réunionský čas"]},"Antarctica/Rothera":{"long":["čas Rotherovej stanice","čas Rotherovej stanice"]},"Asia/Sakhalin":{"long":["sachalinský štandardný čas","sachalinský letný čas"]},"Pacific/Pago_Pago":{"long":["samojský štandardný čas","samojský letný čas"]},"Indian/Mahe":{"long":["seychelský čas","seychelský čas"]},"Asia/Singapore":{"long":["singapurský štandardný čas","singapurský štandardný čas"]},"Pacific/Guadalcanal":{"long":["čas Šalamúnových ostrovov","čas Šalamúnových ostrovov"]},"Atlantic/South_Georgia":{"long":["čas Južnej Georgie","čas Južnej Georgie"]},"Asia/Yekaterinburg":{"long":["jekaterinburský štandardný čas","jekaterinburský letný čas"]},"Antarctica/Syowa":{"long":["čas stanice Šówa","čas stanice Šówa"]},"Pacific/Tahiti":{"long":["tahitský čas","tahitský čas"]},"Asia/Taipei":{"long":["tchajpejský štandardný čas","tchajpejský letný čas"]},"Asia/Tashkent":{"long":["uzbecký štandardný čas","uzbecký letný čas"]},"Pacific/Fakaofo":{"long":["tokelauský čas","tokelauský čas"]},"Pacific/Tongatapu":{"long":["tonžský štandardný čas","tonžský letný čas"]},"Pacific/Truk":{"long":["chuukský čas","chuukský čas"]},"Pacific/Funafuti":{"long":["tuvalský čas","tuvalský čas"]},"America/Montevideo":{"long":["uruguajský štandardný čas","uruguajský letný čas"]},"Pacific/Efate":{"long":["vanuatský štandardný čas","vanuatský letný čas"]},"America/Caracas":{"long":["venezuelský čas","venezuelský čas"]},"Asia/Vladivostok":{"long":["vladivostocký štandardný čas","vladivostocký letný čas"]},"Europe/Volgograd":{"long":["volgogradský štandardný čas","volgogradský letný čas"]},"Antarctica/Vostok":{"long":["čas stanice Vostok","čas stanice Vostok"]},"Pacific/Wake":{"long":["čas ostrova Wake","čas ostrova Wake"]},"Pacific/Wallis":{"long":["čas ostrovov Wallis a Futuna","čas ostrovov Wallis a Futuna"]},"Asia/Yakutsk":{"long":["jakutský štandardný čas","jakutský letný čas"]},"America/Whitehorse":{"long":["yukonský čas","yukonský čas"]},"UTC":{"long":["koordinovaný svetový čas","koordinovaný svetový čas"],"short":["UTC","UTC"]}},"gmtFormat":"GMT{0}","hourFormat":"+HH:mm;-HH:mm","dateFormat":{"full":"EEEE d. MMMM y","long":"d. MMMM y","medium":"d. M. y","short":"d. M. y"},"timeFormat":{"full":"H:mm:ss zzzz","long":"H:mm:ss z","medium":"H:mm:ss","short":"H:mm"},"dateTimeFormat":{"full":"{1}, {0}","long":"{1}, {0}","medium":"{1}, {0}","short":"{1} {0}"},"formats":{"gregory":{"Bh":"h B","Bhm":"h:mm B","Bhms":"h:mm:ss B","d":"d.","E":"ccc","EBhm":"E h:mm B","EBhms":"E h:mm:ss B","Ed":"E d.","Ehm":"E h:mm a","EHm":"E HH:mm","Ehms":"E h:mm:ss a","EHms":"E HH:mm:ss","Gy":"y G","GyMd":"d. M. y GGGGG","GyMMM":"LLLL y G","GyMMMd":"d. M. y G","GyMMMEd":"E d. M. y G","GyMMMMd":"d. M. y G","h":"h a","H":"H","hm":"h:mm a","Hm":"H:mm","hms":"h:mm:ss a","Hms":"H:mm:ss","hmsv":"h:mm:ss a v","Hmsv":"H:mm:ss v","hmv":"h:mm a v","Hmv":"H:mm v","M":"L.","Md":"d. M.","MEd":"E d. M.","MMM":"LLL","MMMd":"d. M.","MMMEd":"E d. M.","MMMMd":"d. MMMM","MMMMEd":"E d. MMMM","mmss":"mm:ss","ms":"mm:ss","y":"y","yM":"M/y","yMd":"d. M. y","yMEd":"E d. M. y","yMMM":"M/y","yMMMd":"d. M. y","yMMMEd":"E d. M. y","yMMMM":"LLLL y","yMMMMd":"d. MMMM y","EEEE d. MMMM y":"EEEE d. MMMM y","d. MMMM y":"d. MMMM y","d. M. y":"d. M. y","H:mm:ss zzzz":"H:mm:ss zzzz","H:mm:ss z":"H:mm:ss z","H:mm:ss":"H:mm:ss","H:mm":"H:mm","EEEE d. MMMM y, H:mm:ss zzzz":"EEEE d. MMMM y, H:mm:ss zzzz","d. MMMM y, H:mm:ss zzzz":"d. MMMM y, H:mm:ss zzzz","d. M. y H:mm:ss zzzz":"d. M. y H:mm:ss zzzz","d H:mm:ss zzzz":"d. H:mm:ss zzzz","E H:mm:ss zzzz":"ccc H:mm:ss zzzz","Ed H:mm:ss zzzz":"E d. H:mm:ss zzzz","Gy H:mm:ss zzzz":"y G H:mm:ss zzzz","GyMd H:mm:ss zzzz":"d. M. y GGGGG H:mm:ss zzzz","GyMMM, H:mm:ss zzzz":"LLLL y G, H:mm:ss zzzz","GyMMMd, H:mm:ss zzzz":"d. M. y G, H:mm:ss zzzz","GyMMMEd, H:mm:ss zzzz":"E d. M. y G, H:mm:ss zzzz","GyMMMMd, H:mm:ss zzzz":"d. M. y G, H:mm:ss zzzz","M H:mm:ss zzzz":"L. H:mm:ss zzzz","Md H:mm:ss zzzz":"d. M. H:mm:ss zzzz","MEd H:mm:ss zzzz":"E d. M. H:mm:ss zzzz","MMM, H:mm:ss zzzz":"LLL, H:mm:ss zzzz","MMMd, H:mm:ss zzzz":"d. M., H:mm:ss zzzz","MMMEd, H:mm:ss zzzz":"E d. M., H:mm:ss zzzz","MMMMd, H:mm:ss zzzz":"d. MMMM, H:mm:ss zzzz","MMMMEd, H:mm:ss zzzz":"E d. MMMM, H:mm:ss zzzz","y H:mm:ss zzzz":"y H:mm:ss zzzz","yM H:mm:ss zzzz":"M/y H:mm:ss zzzz","yMd H:mm:ss zzzz":"d. M. y H:mm:ss zzzz","yMEd H:mm:ss zzzz":"E d. M. y H:mm:ss zzzz","yMMM, H:mm:ss zzzz":"M/y, H:mm:ss zzzz","yMMMd, H:mm:ss zzzz":"d. M. y, H:mm:ss zzzz","yMMMEd, H:mm:ss zzzz":"E d. M. y, H:mm:ss zzzz","yMMMM, H:mm:ss zzzz":"LLLL y, H:mm:ss zzzz","yMMMMd, H:mm:ss zzzz":"d. MMMM y, H:mm:ss zzzz","EEEE d. MMMM y, H:mm:ss z":"EEEE d. MMMM y, H:mm:ss z","d. MMMM y, H:mm:ss z":"d. MMMM y, H:mm:ss z","d. M. y H:mm:ss z":"d. M. y H:mm:ss z","d H:mm:ss z":"d. H:mm:ss z","E H:mm:ss z":"ccc H:mm:ss z","Ed H:mm:ss z":"E d. H:mm:ss z","Gy H:mm:ss z":"y G H:mm:ss z","GyMd H:mm:ss z":"d. M. y GGGGG H:mm:ss z","GyMMM, H:mm:ss z":"LLLL y G, H:mm:ss z","GyMMMd, H:mm:ss z":"d. M. y G, H:mm:ss z","GyMMMEd, H:mm:ss z":"E d. M. y G, H:mm:ss z","GyMMMMd, H:mm:ss z":"d. M. y G, H:mm:ss z","M H:mm:ss z":"L. H:mm:ss z","Md H:mm:ss z":"d. M. H:mm:ss z","MEd H:mm:ss z":"E d. M. H:mm:ss z","MMM, H:mm:ss z":"LLL, H:mm:ss z","MMMd, H:mm:ss z":"d. M., H:mm:ss z","MMMEd, H:mm:ss z":"E d. M., H:mm:ss z","MMMMd, H:mm:ss z":"d. MMMM, H:mm:ss z","MMMMEd, H:mm:ss z":"E d. MMMM, H:mm:ss z","y H:mm:ss z":"y H:mm:ss z","yM H:mm:ss z":"M/y H:mm:ss z","yMd H:mm:ss z":"d. M. y H:mm:ss z","yMEd H:mm:ss z":"E d. M. y H:mm:ss z","yMMM, H:mm:ss z":"M/y, H:mm:ss z","yMMMd, H:mm:ss z":"d. M. y, H:mm:ss z","yMMMEd, H:mm:ss z":"E d. M. y, H:mm:ss z","yMMMM, H:mm:ss z":"LLLL y, H:mm:ss z","yMMMMd, H:mm:ss z":"d. MMMM y, H:mm:ss z","EEEE d. MMMM y, H:mm:ss":"EEEE d. MMMM y, H:mm:ss","d. MMMM y, H:mm:ss":"d. MMMM y, H:mm:ss","d. M. y H:mm:ss":"d. M. y H:mm:ss","d H:mm:ss":"d. H:mm:ss","E H:mm:ss":"ccc H:mm:ss","Ed H:mm:ss":"E d. H:mm:ss","Gy H:mm:ss":"y G H:mm:ss","GyMd H:mm:ss":"d. M. y GGGGG H:mm:ss","GyMMM, H:mm:ss":"LLLL y G, H:mm:ss","GyMMMd, H:mm:ss":"d. M. y G, H:mm:ss","GyMMMEd, H:mm:ss":"E d. M. y G, H:mm:ss","GyMMMMd, H:mm:ss":"d. M. y G, H:mm:ss","M H:mm:ss":"L. H:mm:ss","Md H:mm:ss":"d. M. H:mm:ss","MEd H:mm:ss":"E d. M. H:mm:ss","MMM, H:mm:ss":"LLL, H:mm:ss","MMMd, H:mm:ss":"d. M., H:mm:ss","MMMEd, H:mm:ss":"E d. M., H:mm:ss","MMMMd, H:mm:ss":"d. MMMM, H:mm:ss","MMMMEd, H:mm:ss":"E d. MMMM, H:mm:ss","y H:mm:ss":"y H:mm:ss","yM H:mm:ss":"M/y H:mm:ss","yMd H:mm:ss":"d. M. y H:mm:ss","yMEd H:mm:ss":"E d. M. y H:mm:ss","yMMM, H:mm:ss":"M/y, H:mm:ss","yMMMd, H:mm:ss":"d. M. y, H:mm:ss","yMMMEd, H:mm:ss":"E d. M. y, H:mm:ss","yMMMM, H:mm:ss":"LLLL y, H:mm:ss","yMMMMd, H:mm:ss":"d. MMMM y, H:mm:ss","EEEE d. MMMM y, H:mm":"EEEE d. MMMM y, H:mm","d. MMMM y, H:mm":"d. MMMM y, H:mm","d. M. y H:mm":"d. M. y H:mm","d H:mm":"d. H:mm","E H:mm":"ccc H:mm","Ed H:mm":"E d. H:mm","Gy H:mm":"y G H:mm","GyMd H:mm":"d. M. y GGGGG H:mm","GyMMM, H:mm":"LLLL y G, H:mm","GyMMMd, H:mm":"d. M. y G, H:mm","GyMMMEd, H:mm":"E d. M. y G, H:mm","GyMMMMd, H:mm":"d. M. y G, H:mm","M H:mm":"L. H:mm","Md H:mm":"d. M. H:mm","MEd H:mm":"E d. M. H:mm","MMM, H:mm":"LLL, H:mm","MMMd, H:mm":"d. M., H:mm","MMMEd, H:mm":"E d. M., H:mm","MMMMd, H:mm":"d. MMMM, H:mm","MMMMEd, H:mm":"E d. MMMM, H:mm","y H:mm":"y H:mm","yM H:mm":"M/y H:mm","yMd H:mm":"d. M. y H:mm","yMEd H:mm":"E d. M. y H:mm","yMMM, H:mm":"M/y, H:mm","yMMMd, H:mm":"d. M. y, H:mm","yMMMEd, H:mm":"E d. M. y, H:mm","yMMMM, H:mm":"LLLL y, H:mm","yMMMMd, H:mm":"d. MMMM y, H:mm","EEEE d. MMMM y, Bh":"EEEE d. MMMM y, h B","d. MMMM y, Bh":"d. MMMM y, h B","d. M. y Bh":"d. M. y h B","d Bh":"d. h B","E Bh":"ccc h B","Ed Bh":"E d. h B","Gy Bh":"y G h B","GyMd Bh":"d. M. y GGGGG h B","GyMMM, Bh":"LLLL y G, h B","GyMMMd, Bh":"d. M. y G, h B","GyMMMEd, Bh":"E d. M. y G, h B","GyMMMMd, Bh":"d. M. y G, h B","M Bh":"L. h B","Md Bh":"d. M. h B","MEd Bh":"E d. M. h B","MMM, Bh":"LLL, h B","MMMd, Bh":"d. M., h B","MMMEd, Bh":"E d. M., h B","MMMMd, Bh":"d. MMMM, h B","MMMMEd, Bh":"E d. MMMM, h B","y Bh":"y h B","yM Bh":"M/y h B","yMd Bh":"d. M. y h B","yMEd Bh":"E d. M. y h B","yMMM, Bh":"M/y, h B","yMMMd, Bh":"d. M. y, h B","yMMMEd, Bh":"E d. M. y, h B","yMMMM, Bh":"LLLL y, h B","yMMMMd, Bh":"d. MMMM y, h B","EEEE d. MMMM y, Bhm":"EEEE d. MMMM y, h:mm B","d. MMMM y, Bhm":"d. MMMM y, h:mm B","d. M. y Bhm":"d. M. y h:mm B","d Bhm":"d. h:mm B","E Bhm":"ccc h:mm B","Ed Bhm":"E d. h:mm B","Gy Bhm":"y G h:mm B","GyMd Bhm":"d. M. y GGGGG h:mm B","GyMMM, Bhm":"LLLL y G, h:mm B","GyMMMd, Bhm":"d. M. y G, h:mm B","GyMMMEd, Bhm":"E d. M. y G, h:mm B","GyMMMMd, Bhm":"d. M. y G, h:mm B","M Bhm":"L. h:mm B","Md Bhm":"d. M. h:mm B","MEd Bhm":"E d. M. h:mm B","MMM, Bhm":"LLL, h:mm B","MMMd, Bhm":"d. M., h:mm B","MMMEd, Bhm":"E d. M., h:mm B","MMMMd, Bhm":"d. MMMM, h:mm B","MMMMEd, Bhm":"E d. MMMM, h:mm B","y Bhm":"y h:mm B","yM Bhm":"M/y h:mm B","yMd Bhm":"d. M. y h:mm B","yMEd Bhm":"E d. M. y h:mm B","yMMM, Bhm":"M/y, h:mm B","yMMMd, Bhm":"d. M. y, h:mm B","yMMMEd, Bhm":"E d. M. y, h:mm B","yMMMM, Bhm":"LLLL y, h:mm B","yMMMMd, Bhm":"d. MMMM y, h:mm B","EEEE d. MMMM y, Bhms":"EEEE d. MMMM y, h:mm:ss B","d. MMMM y, Bhms":"d. MMMM y, h:mm:ss B","d. M. y Bhms":"d. M. y h:mm:ss B","d Bhms":"d. h:mm:ss B","E Bhms":"ccc h:mm:ss B","Ed Bhms":"E d. h:mm:ss B","Gy Bhms":"y G h:mm:ss B","GyMd Bhms":"d. M. y GGGGG h:mm:ss B","GyMMM, Bhms":"LLLL y G, h:mm:ss B","GyMMMd, Bhms":"d. M. y G, h:mm:ss B","GyMMMEd, Bhms":"E d. M. y G, h:mm:ss B","GyMMMMd, Bhms":"d. M. y G, h:mm:ss B","M Bhms":"L. h:mm:ss B","Md Bhms":"d. M. h:mm:ss B","MEd Bhms":"E d. M. h:mm:ss B","MMM, Bhms":"LLL, h:mm:ss B","MMMd, Bhms":"d. M., h:mm:ss B","MMMEd, Bhms":"E d. M., h:mm:ss B","MMMMd, Bhms":"d. MMMM, h:mm:ss B","MMMMEd, Bhms":"E d. MMMM, h:mm:ss B","y Bhms":"y h:mm:ss B","yM Bhms":"M/y h:mm:ss B","yMd Bhms":"d. M. y h:mm:ss B","yMEd Bhms":"E d. M. y h:mm:ss B","yMMM, Bhms":"M/y, h:mm:ss B","yMMMd, Bhms":"d. M. y, h:mm:ss B","yMMMEd, Bhms":"E d. M. y, h:mm:ss B","yMMMM, Bhms":"LLLL y, h:mm:ss B","yMMMMd, Bhms":"d. MMMM y, h:mm:ss B","EEEE d. MMMM y, h":"EEEE d. MMMM y, h a","d. MMMM y, h":"d. MMMM y, h a","d. M. y h":"d. M. y h a","d h":"d. h a","E h":"ccc h a","Ed h":"E d. h a","Gy h":"y G h a","GyMd h":"d. M. y GGGGG h a","GyMMM, h":"LLLL y G, h a","GyMMMd, h":"d. M. y G, h a","GyMMMEd, h":"E d. M. y G, h a","GyMMMMd, h":"d. M. y G, h a","M h":"L. h a","Md h":"d. M. h a","MEd h":"E d. M. h a","MMM, h":"LLL, h a","MMMd, h":"d. M., h a","MMMEd, h":"E d. M., h a","MMMMd, h":"d. MMMM, h a","MMMMEd, h":"E d. MMMM, h a","y h":"y h a","yM h":"M/y h a","yMd h":"d. M. y h a","yMEd h":"E d. M. y h a","yMMM, h":"M/y, h a","yMMMd, h":"d. M. y, h a","yMMMEd, h":"E d. M. y, h a","yMMMM, h":"LLLL y, h a","yMMMMd, h":"d. MMMM y, h a","EEEE d. MMMM y, H":"EEEE d. MMMM y, H","d. MMMM y, H":"d. MMMM y, H","d. M. y H":"d. M. y H","d H":"d. H","E H":"ccc H","Ed H":"E d. H","Gy H":"y G H","GyMd H":"d. M. y GGGGG H","GyMMM, H":"LLLL y G, H","GyMMMd, H":"d. M. y G, H","GyMMMEd, H":"E d. M. y G, H","GyMMMMd, H":"d. M. y G, H","M H":"L. H","Md H":"d. M. H","MEd H":"E d. M. H","MMM, H":"LLL, H","MMMd, H":"d. M., H","MMMEd, H":"E d. M., H","MMMMd, H":"d. MMMM, H","MMMMEd, H":"E d. MMMM, H","y H":"y H","yM H":"M/y H","yMd H":"d. M. y H","yMEd H":"E d. M. y H","yMMM, H":"M/y, H","yMMMd, H":"d. M. y, H","yMMMEd, H":"E d. M. y, H","yMMMM, H":"LLLL y, H","yMMMMd, H":"d. MMMM y, H","EEEE d. MMMM y, hm":"EEEE d. MMMM y, h:mm a","d. MMMM y, hm":"d. MMMM y, h:mm a","d. M. y hm":"d. M. y h:mm a","d hm":"d. h:mm a","E hm":"ccc h:mm a","Ed hm":"E d. h:mm a","Gy hm":"y G h:mm a","GyMd hm":"d. M. y GGGGG h:mm a","GyMMM, hm":"LLLL y G, h:mm a","GyMMMd, hm":"d. M. y G, h:mm a","GyMMMEd, hm":"E d. M. y G, h:mm a","GyMMMMd, hm":"d. M. y G, h:mm a","M hm":"L. h:mm a","Md hm":"d. M. h:mm a","MEd hm":"E d. M. h:mm a","MMM, hm":"LLL, h:mm a","MMMd, hm":"d. M., h:mm a","MMMEd, hm":"E d. M., h:mm a","MMMMd, hm":"d. MMMM, h:mm a","MMMMEd, hm":"E d. MMMM, h:mm a","y hm":"y h:mm a","yM hm":"M/y h:mm a","yMd hm":"d. M. y h:mm a","yMEd hm":"E d. M. y h:mm a","yMMM, hm":"M/y, h:mm a","yMMMd, hm":"d. M. y, h:mm a","yMMMEd, hm":"E d. M. y, h:mm a","yMMMM, hm":"LLLL y, h:mm a","yMMMMd, hm":"d. MMMM y, h:mm a","EEEE d. MMMM y, Hm":"EEEE d. MMMM y, H:mm","d. MMMM y, Hm":"d. MMMM y, H:mm","d. M. y Hm":"d. M. y H:mm","d Hm":"d. H:mm","E Hm":"ccc H:mm","Ed Hm":"E d. H:mm","Gy Hm":"y G H:mm","GyMd Hm":"d. M. y GGGGG H:mm","GyMMM, Hm":"LLLL y G, H:mm","GyMMMd, Hm":"d. M. y G, H:mm","GyMMMEd, Hm":"E d. M. y G, H:mm","GyMMMMd, Hm":"d. M. y G, H:mm","M Hm":"L. H:mm","Md Hm":"d. M. H:mm","MEd Hm":"E d. M. H:mm","MMM, Hm":"LLL, H:mm","MMMd, Hm":"d. M., H:mm","MMMEd, Hm":"E d. M., H:mm","MMMMd, Hm":"d. MMMM, H:mm","MMMMEd, Hm":"E d. MMMM, H:mm","y Hm":"y H:mm","yM Hm":"M/y H:mm","yMd Hm":"d. M. y H:mm","yMEd Hm":"E d. M. y H:mm","yMMM, Hm":"M/y, H:mm","yMMMd, Hm":"d. M. y, H:mm","yMMMEd, Hm":"E d. M. y, H:mm","yMMMM, Hm":"LLLL y, H:mm","yMMMMd, Hm":"d. MMMM y, H:mm","EEEE d. MMMM y, hms":"EEEE d. MMMM y, h:mm:ss a","d. MMMM y, hms":"d. MMMM y, h:mm:ss a","d. M. y hms":"d. M. y h:mm:ss a","d hms":"d. h:mm:ss a","E hms":"ccc h:mm:ss a","Ed hms":"E d. h:mm:ss a","Gy hms":"y G h:mm:ss a","GyMd hms":"d. M. y GGGGG h:mm:ss a","GyMMM, hms":"LLLL y G, h:mm:ss a","GyMMMd, hms":"d. M. y G, h:mm:ss a","GyMMMEd, hms":"E d. M. y G, h:mm:ss a","GyMMMMd, hms":"d. M. y G, h:mm:ss a","M hms":"L. h:mm:ss a","Md hms":"d. M. h:mm:ss a","MEd hms":"E d. M. h:mm:ss a","MMM, hms":"LLL, h:mm:ss a","MMMd, hms":"d. M., h:mm:ss a","MMMEd, hms":"E d. M., h:mm:ss a","MMMMd, hms":"d. MMMM, h:mm:ss a","MMMMEd, hms":"E d. MMMM, h:mm:ss a","y hms":"y h:mm:ss a","yM hms":"M/y h:mm:ss a","yMd hms":"d. M. y h:mm:ss a","yMEd hms":"E d. M. y h:mm:ss a","yMMM, hms":"M/y, h:mm:ss a","yMMMd, hms":"d. M. y, h:mm:ss a","yMMMEd, hms":"E d. M. y, h:mm:ss a","yMMMM, hms":"LLLL y, h:mm:ss a","yMMMMd, hms":"d. MMMM y, h:mm:ss a","EEEE d. MMMM y, Hms":"EEEE d. MMMM y, H:mm:ss","d. MMMM y, Hms":"d. MMMM y, H:mm:ss","d. M. y Hms":"d. M. y H:mm:ss","d Hms":"d. H:mm:ss","E Hms":"ccc H:mm:ss","Ed Hms":"E d. H:mm:ss","Gy Hms":"y G H:mm:ss","GyMd Hms":"d. M. y GGGGG H:mm:ss","GyMMM, Hms":"LLLL y G, H:mm:ss","GyMMMd, Hms":"d. M. y G, H:mm:ss","GyMMMEd, Hms":"E d. M. y G, H:mm:ss","GyMMMMd, Hms":"d. M. y G, H:mm:ss","M Hms":"L. H:mm:ss","Md Hms":"d. M. H:mm:ss","MEd Hms":"E d. M. H:mm:ss","MMM, Hms":"LLL, H:mm:ss","MMMd, Hms":"d. M., H:mm:ss","MMMEd, Hms":"E d. M., H:mm:ss","MMMMd, Hms":"d. MMMM, H:mm:ss","MMMMEd, Hms":"E d. MMMM, H:mm:ss","y Hms":"y H:mm:ss","yM Hms":"M/y H:mm:ss","yMd Hms":"d. M. y H:mm:ss","yMEd Hms":"E d. M. y H:mm:ss","yMMM, Hms":"M/y, H:mm:ss","yMMMd, Hms":"d. M. y, H:mm:ss","yMMMEd, Hms":"E d. M. y, H:mm:ss","yMMMM, Hms":"LLLL y, H:mm:ss","yMMMMd, Hms":"d. MMMM y, H:mm:ss","EEEE d. MMMM y, hmsv":"EEEE d. MMMM y, h:mm:ss a v","d. MMMM y, hmsv":"d. MMMM y, h:mm:ss a v","d. M. y hmsv":"d. M. y h:mm:ss a v","d hmsv":"d. h:mm:ss a v","E hmsv":"ccc h:mm:ss a v","Ed hmsv":"E d. h:mm:ss a v","Gy hmsv":"y G h:mm:ss a v","GyMd hmsv":"d. M. y GGGGG h:mm:ss a v","GyMMM, hmsv":"LLLL y G, h:mm:ss a v","GyMMMd, hmsv":"d. M. y G, h:mm:ss a v","GyMMMEd, hmsv":"E d. M. y G, h:mm:ss a v","GyMMMMd, hmsv":"d. M. y G, h:mm:ss a v","M hmsv":"L. h:mm:ss a v","Md hmsv":"d. M. h:mm:ss a v","MEd hmsv":"E d. M. h:mm:ss a v","MMM, hmsv":"LLL, h:mm:ss a v","MMMd, hmsv":"d. M., h:mm:ss a v","MMMEd, hmsv":"E d. M., h:mm:ss a v","MMMMd, hmsv":"d. MMMM, h:mm:ss a v","MMMMEd, hmsv":"E d. MMMM, h:mm:ss a v","y hmsv":"y h:mm:ss a v","yM hmsv":"M/y h:mm:ss a v","yMd hmsv":"d. M. y h:mm:ss a v","yMEd hmsv":"E d. M. y h:mm:ss a v","yMMM, hmsv":"M/y, h:mm:ss a v","yMMMd, hmsv":"d. M. y, h:mm:ss a v","yMMMEd, hmsv":"E d. M. y, h:mm:ss a v","yMMMM, hmsv":"LLLL y, h:mm:ss a v","yMMMMd, hmsv":"d. MMMM y, h:mm:ss a v","EEEE d. MMMM y, Hmsv":"EEEE d. MMMM y, H:mm:ss v","d. MMMM y, Hmsv":"d. MMMM y, H:mm:ss v","d. M. y Hmsv":"d. M. y H:mm:ss v","d Hmsv":"d. H:mm:ss v","E Hmsv":"ccc H:mm:ss v","Ed Hmsv":"E d. H:mm:ss v","Gy Hmsv":"y G H:mm:ss v","GyMd Hmsv":"d. M. y GGGGG H:mm:ss v","GyMMM, Hmsv":"LLLL y G, H:mm:ss v","GyMMMd, Hmsv":"d. M. y G, H:mm:ss v","GyMMMEd, Hmsv":"E d. M. y G, H:mm:ss v","GyMMMMd, Hmsv":"d. M. y G, H:mm:ss v","M Hmsv":"L. H:mm:ss v","Md Hmsv":"d. M. H:mm:ss v","MEd Hmsv":"E d. M. H:mm:ss v","MMM, Hmsv":"LLL, H:mm:ss v","MMMd, Hmsv":"d. M., H:mm:ss v","MMMEd, Hmsv":"E d. M., H:mm:ss v","MMMMd, Hmsv":"d. MMMM, H:mm:ss v","MMMMEd, Hmsv":"E d. MMMM, H:mm:ss v","y Hmsv":"y H:mm:ss v","yM Hmsv":"M/y H:mm:ss v","yMd Hmsv":"d. M. y H:mm:ss v","yMEd Hmsv":"E d. M. y H:mm:ss v","yMMM, Hmsv":"M/y, H:mm:ss v","yMMMd, Hmsv":"d. M. y, H:mm:ss v","yMMMEd, Hmsv":"E d. M. y, H:mm:ss v","yMMMM, Hmsv":"LLLL y, H:mm:ss v","yMMMMd, Hmsv":"d. MMMM y, H:mm:ss v","EEEE d. MMMM y, hmv":"EEEE d. MMMM y, h:mm a v","d. MMMM y, hmv":"d. MMMM y, h:mm a v","d. M. y hmv":"d. M. y h:mm a v","d hmv":"d. h:mm a v","E hmv":"ccc h:mm a v","Ed hmv":"E d. h:mm a v","Gy hmv":"y G h:mm a v","GyMd hmv":"d. M. y GGGGG h:mm a v","GyMMM, hmv":"LLLL y G, h:mm a v","GyMMMd, hmv":"d. M. y G, h:mm a v","GyMMMEd, hmv":"E d. M. y G, h:mm a v","GyMMMMd, hmv":"d. M. y G, h:mm a v","M hmv":"L. h:mm a v","Md hmv":"d. M. h:mm a v","MEd hmv":"E d. M. h:mm a v","MMM, hmv":"LLL, h:mm a v","MMMd, hmv":"d. M., h:mm a v","MMMEd, hmv":"E d. M., h:mm a v","MMMMd, hmv":"d. MMMM, h:mm a v","MMMMEd, hmv":"E d. MMMM, h:mm a v","y hmv":"y h:mm a v","yM hmv":"M/y h:mm a v","yMd hmv":"d. M. y h:mm a v","yMEd hmv":"E d. M. y h:mm a v","yMMM, hmv":"M/y, h:mm a v","yMMMd, hmv":"d. M. y, h:mm a v","yMMMEd, hmv":"E d. M. y, h:mm a v","yMMMM, hmv":"LLLL y, h:mm a v","yMMMMd, hmv":"d. MMMM y, h:mm a v","EEEE d. MMMM y, Hmv":"EEEE d. MMMM y, H:mm v","d. MMMM y, Hmv":"d. MMMM y, H:mm v","d. M. y Hmv":"d. M. y H:mm v","d Hmv":"d. H:mm v","E Hmv":"ccc H:mm v","Ed Hmv":"E d. H:mm v","Gy Hmv":"y G H:mm v","GyMd Hmv":"d. M. y GGGGG H:mm v","GyMMM, Hmv":"LLLL y G, H:mm v","GyMMMd, Hmv":"d. M. y G, H:mm v","GyMMMEd, Hmv":"E d. M. y G, H:mm v","GyMMMMd, Hmv":"d. M. y G, H:mm v","M Hmv":"L. H:mm v","Md Hmv":"d. M. H:mm v","MEd Hmv":"E d. M. H:mm v","MMM, Hmv":"LLL, H:mm v","MMMd, Hmv":"d. M., H:mm v","MMMEd, Hmv":"E d. M., H:mm v","MMMMd, Hmv":"d. MMMM, H:mm v","MMMMEd, Hmv":"E d. MMMM, H:mm v","y Hmv":"y H:mm v","yM Hmv":"M/y H:mm v","yMd Hmv":"d. M. y H:mm v","yMEd Hmv":"E d. M. y H:mm v","yMMM, Hmv":"M/y, H:mm v","yMMMd, Hmv":"d. M. y, H:mm v","yMMMEd, Hmv":"E d. M. y, H:mm v","yMMMM, Hmv":"LLLL y, H:mm v","yMMMMd, Hmv":"d. MMMM y, H:mm v","EEEE d. MMMM y, mmss":"EEEE d. MMMM y, mm:ss","d. MMMM y, mmss":"d. MMMM y, mm:ss","d. M. y mmss":"d. M. y mm:ss","d mmss":"d. mm:ss","E mmss":"ccc mm:ss","Ed mmss":"E d. mm:ss","Gy mmss":"y G mm:ss","GyMd mmss":"d. M. y GGGGG mm:ss","GyMMM, mmss":"LLLL y G, mm:ss","GyMMMd, mmss":"d. M. y G, mm:ss","GyMMMEd, mmss":"E d. M. y G, mm:ss","GyMMMMd, mmss":"d. M. y G, mm:ss","M mmss":"L. mm:ss","Md mmss":"d. M. mm:ss","MEd mmss":"E d. M. mm:ss","MMM, mmss":"LLL, mm:ss","MMMd, mmss":"d. M., mm:ss","MMMEd, mmss":"E d. M., mm:ss","MMMMd, mmss":"d. MMMM, mm:ss","MMMMEd, mmss":"E d. MMMM, mm:ss","y mmss":"y mm:ss","yM mmss":"M/y mm:ss","yMd mmss":"d. M. y mm:ss","yMEd mmss":"E d. M. y mm:ss","yMMM, mmss":"M/y, mm:ss","yMMMd, mmss":"d. M. y, mm:ss","yMMMEd, mmss":"E d. M. y, mm:ss","yMMMM, mmss":"LLLL y, mm:ss","yMMMMd, mmss":"d. MMMM y, mm:ss","EEEE d. MMMM y, ms":"EEEE d. MMMM y, mm:ss","d. MMMM y, ms":"d. MMMM y, mm:ss","d. M. y ms":"d. M. y mm:ss","d ms":"d. mm:ss","E ms":"ccc mm:ss","Ed ms":"E d. mm:ss","Gy ms":"y G mm:ss","GyMd ms":"d. M. y GGGGG mm:ss","GyMMM, ms":"LLLL y G, mm:ss","GyMMMd, ms":"d. M. y G, mm:ss","GyMMMEd, ms":"E d. M. y G, mm:ss","GyMMMMd, ms":"d. M. y G, mm:ss","M ms":"L. mm:ss","Md ms":"d. M. mm:ss","MEd ms":"E d. M. mm:ss","MMM, ms":"LLL, mm:ss","MMMd, ms":"d. M., mm:ss","MMMEd, ms":"E d. M., mm:ss","MMMMd, ms":"d. MMMM, mm:ss","MMMMEd, ms":"E d. MMMM, mm:ss","y ms":"y mm:ss","yM ms":"M/y mm:ss","yMd ms":"d. M. y mm:ss","yMEd ms":"E d. M. y mm:ss","yMMM, ms":"M/y, mm:ss","yMMMd, ms":"d. M. y, mm:ss","yMMMEd, ms":"E d. M. y, mm:ss","yMMMM, ms":"LLLL y, mm:ss","yMMMMd, ms":"d. MMMM y, mm:ss"}},"intervalFormats":{"intervalFormatFallback":"{0} – {1}","Bh":{"B":"h B – h B","h":"h – h B"},"Bhm":{"B":"h:mm B – h:mm B","h":"h:mm – h:mm B","m":"h:mm – h:mm B"},"d":{"d":"d. – d."},"Gy":{"G":"y G – y G","y":"y – y G"},"GyM":{"G":"M/y GGGGG – M/y GGGGG","M":"M/y – M/y GGGGG","y":"M/y – M/y GGGGG"},"GyMd":{"d":"d. M. y – d. M. y GGGGG","G":"d. M. y GGGGG – d. M. y GGGGG","M":"d. M. y – d. M. y GGGGG","y":"d. M. y – d. M. y GGGGG"},"GyMEd":{"d":"E d. M. y – E d. M. y GGGGG","G":"E d. M. y GGGGG – E d. M. y GGGGG","M":"E d. M. y – E d. M. y GGGGG","y":"E d. M. y – E d. M. y GGGGG"},"GyMMM":{"G":"LLLL y G – LLLL y G","M":"LLLL – LLLL y G","y":"LLLL y – LLLL y G"},"GyMMMd":{"d":"d. – d. M. y G","G":"d. M. y G – d. M. y G","M":"d. M. – d. M. y G","y":"d. M. y – d. M. y G"},"GyMMMEd":{"d":"E d. M. – E d. M. y G","G":"E d. M. y G – E d. M. y G","M":"E d. M. – E d. M. y G","y":"E d. M. y – E d. M. y G"},"h":{"a":"h a – h a","h":"h – h a"},"H":{"H":"HH – HH"},"hm":{"a":"h:mm a – h:mm a","h":"h:mm – h:mm a","m":"h:mm – h:mm a"},"Hm":{"H":"H:mm – H:mm","m":"H:mm – H:mm"},"hmv":{"a":"h:mm a – h:mm a v","h":"h:mm – h:mm a v","m":"h:mm – h:mm a v"},"Hmv":{"H":"H:mm – H:mm v","m":"H:mm – H:mm v"},"hv":{"a":"h a – h a v","h":"h – h a v"},"Hv":{"H":"HH – HH v"},"M":{"M":"M. – M."},"Md":{"d":"d. M. – d. M.","M":"d. M. – d. M."},"MEd":{"d":"E d. M. – E d. M.","M":"E d. M. – E d. M."},"MMM":{"M":"LLL – LLL"},"MMMd":{"d":"d. – d. M.","M":"d. M. – d. M."},"MMMEd":{"d":"E d. – E d. M.","M":"E d. M. – E d. M."},"MMMM":{"M":"LLLL – LLLL"},"y":{"y":"y – y"},"yM":{"M":"M/y – M/y","y":"M/y – M/y"},"yMd":{"d":"d. M. y – d. M. y","M":"d. M. y – d. M. y","y":"d. M. y – d. M. y"},"yMEd":{"d":"E d. M. y – E d. M. y","M":"E d. M. y – E d. M. y","y":"E d. M. y – E d. M. y"},"yMMM":{"M":"M – M/y","y":"M/y – M/y"},"yMMMd":{"d":"d. – d. M. y","M":"d. M. – d. M. y","y":"d. M. y – d. M. y"},"yMMMEd":{"d":"E d. – E d. M. y","M":"E d. M. – E d. M. y","y":"E d. M. y – E d. M. y"},"yMMMM":{"M":"LLLL – LLLL y","y":"LLLL y – LLLL y"}},"hourCycle":"h23","nu":["latn"],"ca":["gregory"],"hc":["h23"]},"locale":"sk"}