{"data":{"am":"AM","pm":"PM","weekday":{"narrow":["n","p","u","s","č","p","s"],"short":["ned","pon","uto","sre","čet","pet","sub"],"long":["nedelja","ponedeljak","utorak","sreda","četvrtak","petak","subota"]},"era":{"narrow":{"BC":"p.n.e.","AD":"n.e."},"short":{"BC":"p. n. e.","AD":"n. e."},"long":{"BC":"pre nove ere","AD":"nove ere"}},"month":{"narrow":["j","f","m","a","m","j","j","a","s","o","n","d"],"short":["jan","feb","mar","apr","maj","jun","jul","avg","sep","okt","nov","dec"],"long":["januar","februar","mart","april","maj","jun","jul","avgust","septembar","oktobar","novembar","decembar"]},"timeZoneName":{"America/Rio_Branco":{"long":["Akre standardno vreme","Akre letnje računanje vremena"]},"Asia/Kabul":{"long":["Avganistan vreme","Avganistan vreme"]},"Africa/Maputo":{"long":["Centralno-afričko vreme","Centralno-afričko vreme"]},"Africa/Bujumbura":{"long":["Centralno-afričko vreme","Centralno-afričko vreme"]},"Africa/Gaborone":{"long":["Centralno-afričko vreme","Centralno-afričko vreme"]},"Africa/Lubumbashi":{"long":["Centralno-afričko vreme","Centralno-afričko vreme"]},"Africa/Blantyre":{"long":["Centralno-afričko vreme","Centralno-afričko vreme"]},"Africa/Kigali":{"long":["Centralno-afričko vreme","Centralno-afričko vreme"]},"Africa/Lusaka":{"long":["Centralno-afričko vreme","Centralno-afričko vreme"]},"Africa/Harare":{"long":["Centralno-afričko vreme","Centralno-afričko vreme"]},"Africa/Nairobi":{"long":["Istočno-afričko vreme","Istočno-afričko vreme"]},"Africa/Djibouti":{"long":["Istočno-afričko vreme","Istočno-afričko vreme"]},"Africa/Asmera":{"long":["Istočno-afričko vreme","Istočno-afričko vreme"]},"Africa/Addis_Ababa":{"long":["Istočno-afričko vreme","Istočno-afričko vreme"]},"Indian/Comoro":{"long":["Istočno-afričko vreme","Istočno-afričko vreme"]},"Indian/Antananarivo":{"long":["Istočno-afričko vreme","Istočno-afričko vreme"]},"Africa/Mogadishu":{"long":["Istočno-afričko vreme","Istočno-afričko vreme"]},"Africa/Dar_es_Salaam":{"long":["Istočno-afričko vreme","Istočno-afričko vreme"]},"Africa/Kampala":{"long":["Istočno-afričko vreme","Istočno-afričko vreme"]},"Indian/Mayotte":{"long":["Istočno-afričko vreme","Istočno-afričko vreme"]},"Africa/Johannesburg":{"long":["Južno-afričko vreme","Južno-afričko vreme"]},"Africa/Maseru":{"long":["Južno-afričko vreme","Južno-afričko vreme"]},"Africa/Mbabane":{"long":["Južno-afričko vreme","Južno-afričko vreme"]},"Africa/Lagos":{"long":["Zapadno-afričko standardno vreme","Zapadno-afričko letnje vreme"]},"Africa/Luanda":{"long":["Zapadno-afričko standardno vreme","Zapadno-afričko letnje vreme"]},"Africa/Porto-Novo":{"long":["Zapadno-afričko standardno vreme","Zapadno-afričko letnje vreme"]},"Africa/Kinshasa":{"long":["Zapadno-afričko standardno vreme","Zapadno-afričko letnje vreme"]},"Africa/Bangui":{"long":["Zapadno-afričko standardno vreme","Zapadno-afričko letnje vreme"]},"Africa/Brazzaville":{"long":["Zapadno-afričko standardno vreme","Zapadno-afričko letnje vreme"]},"Africa/Douala":{"long":["Zapadno-afričko standardno vreme","Zapadno-afričko letnje vreme"]},"Africa/Libreville":{"long":["Zapadno-afričko standardno vreme","Zapadno-afričko letnje vreme"]},"Africa/Malabo":{"long":["Zapadno-afričko standardno vreme","Zapadno-afričko letnje vreme"]},"Africa/Niamey":{"long":["Zapadno-afričko standardno vreme","Zapadno-afričko letnje vreme"]},"Africa/Ndjamena":{"long":["Zapadno-afričko standardno vreme","Zapadno-afričko letnje vreme"]},"Asia/Aqtobe":{"long":["Zapadno-kazahstansko vreme","Zapadno-kazahstansko vreme"]},"America/Juneau":{"long":["Aljaska, standardno vreme","Aljaska, letnje vreme"]},"Asia/Almaty":{"long":["Istočno-kazahstansko vreme","Istočno-kazahstansko vreme"]},"America/Manaus":{"long":["Amazon, standardno vreme","Amazon, letnje vreme"]},"America/Chicago":{"long":["Severnoameričko centralno standardno vreme","Severnoameričko centralno letnje vreme"]},"America/Belize":{"long":["Severnoameričko centralno standardno vreme","Severnoameričko centralno letnje vreme"]},"America/Winnipeg":{"long":["Severnoameričko centralno standardno vreme","Severnoameričko centralno letnje vreme"]},"America/Costa_Rica":{"long":["Severnoameričko centralno standardno vreme","Severnoameričko centralno letnje vreme"]},"America/Guatemala":{"long":["Severnoameričko centralno standardno vreme","Severnoameričko centralno letnje vreme"]},"America/Tegucigalpa":{"long":["Severnoameričko centralno standardno vreme","Severnoameričko centralno letnje vreme"]},"America/Mexico_City":{"long":["Severnoameričko centralno standardno vreme","Severnoameričko centralno letnje vreme"]},"America/El_Salvador":{"long":["Severnoameričko centralno standardno vreme","Severnoameričko centralno letnje vreme"]},"America/New_York":{"long":["Severnoameričko istočno standardno vreme","Severnoameričko istočno letnje vreme"]},"America/Nassau":{"long":["Severnoameričko istočno standardno vreme","Severnoameričko istočno letnje vreme"]},"America/Toronto":{"long":["Severnoameričko istočno standardno vreme","Severnoameričko istočno letnje vreme"]},"America/Port-au-Prince":{"long":["Severnoameričko istočno standardno vreme","Severnoameričko istočno letnje vreme"]},"America/Jamaica":{"long":["Severnoameričko istočno standardno vreme","Severnoameričko istočno letnje vreme"]},"America/Cayman":{"long":["Severnoameričko istočno standardno vreme","Severnoameričko istočno letnje vreme"]},"America/Panama":{"long":["Severnoameričko istočno standardno vreme","Severnoameričko istočno letnje vreme"]},"America/Denver":{"long":["Severnoameričko planinsko standardno vreme","Severnoameričko planinsko letnje vreme"]},"America/Edmonton":{"long":["Severnoameričko planinsko standardno vreme","Severnoameričko planinsko letnje vreme"]},"America/Hermosillo":{"long":["Severnoameričko planinsko standardno vreme","Severnoameričko planinsko letnje vreme"]},"America/Los_Angeles":{"long":["Severnoameričko pacifičko standardno vreme","Severnoameričko pacifičko letnje vreme"]},"America/Vancouver":{"long":["Severnoameričko pacifičko standardno vreme","Severnoameričko pacifičko letnje vreme"]},"America/Tijuana":{"long":["Severnoameričko pacifičko standardno vreme","Severnoameričko pacifičko letnje vreme"]},"Asia/Anadyr":{"long":["Anadir standardno vreme","Anadir letnje računanje vremena"]},"Pacific/Apia":{"long":["Apija, standardno vreme","Apija, letnje vreme"]},"Asia/Riyadh":{"long":["Arabijsko standardno vreme","Arabijsko letnje vreme"]},"Asia/Bahrain":{"long":["Arabijsko standardno vreme","Arabijsko letnje vreme"]},"Asia/Baghdad":{"long":["Arabijsko standardno vreme","Arabijsko letnje vreme"]},"Asia/Kuwait":{"long":["Arabijsko standardno vreme","Arabijsko letnje vreme"]},"Asia/Qatar":{"long":["Arabijsko standardno vreme","Arabijsko letnje vreme"]},"Asia/Aden":{"long":["Arabijsko standardno vreme","Arabijsko letnje vreme"]},"America/Buenos_Aires":{"long":["Argentina, standardno vreme","Argentina, letnje vreme"]},"America/Argentina/San_Luis":{"long":["Zapadna Argentina, standardno vreme","Zapadna Argentina, letnje vreme"]},"Asia/Ashgabat":{"long":["Turkmenistan, standardno vreme","Turkmenistan, letnje vreme"]},"America/Halifax":{"long":["Atlantsko standardno vreme","Atlantsko letnje vreme"]},"America/Antigua":{"long":["Atlantsko standardno vreme","Atlantsko letnje vreme"]},"America/Anguilla":{"long":["Atlantsko standardno vreme","Atlantsko letnje vreme"]},"America/Aruba":{"long":["Atlantsko standardno vreme","Atlantsko letnje vreme"]},"America/Barbados":{"long":["Atlantsko standardno vreme","Atlantsko letnje vreme"]},"Atlantic/Bermuda":{"long":["Atlantsko standardno vreme","Atlantsko letnje vreme"]},"America/Kralendijk":{"long":["Atlantsko standardno vreme","Atlantsko letnje vreme"]},"America/Curacao":{"long":["Atlantsko standardno vreme","Atlantsko letnje vreme"]},"America/Dominica":{"long":["Atlantsko standardno vreme","Atlantsko letnje vreme"]},"America/Grenada":{"long":["Atlantsko standardno vreme","Atlantsko letnje vreme"]},"America/Thule":{"long":["Atlantsko standardno vreme","Atlantsko letnje vreme"]},"America/Guadeloupe":{"long":["Atlantsko standardno vreme","Atlantsko letnje vreme"]},"America/St_Kitts":{"long":["Atlantsko standardno vreme","Atlantsko letnje vreme"]},"America/St_Lucia":{"long":["Atlantsko standardno vreme","Atlantsko letnje vreme"]},"America/Marigot":{"long":["Atlantsko standardno vreme","Atlantsko letnje vreme"]},"America/Martinique":{"long":["Atlantsko standardno vreme","Atlantsko letnje vreme"]},"America/Montserrat":{"long":["Atlantsko standardno vreme","Atlantsko letnje vreme"]},"America/Puerto_Rico":{"long":["Atlantsko standardno vreme","Atlantsko letnje vreme"]},"America/Lower_Princes":{"long":["Atlantsko standardno vreme","Atlantsko letnje vreme"]},"America/Port_of_Spain":{"long":["Atlantsko standardno vreme","Atlantsko letnje vreme"]},"America/St_Vincent":{"long":["Atlantsko standardno vreme","Atlantsko letnje vreme"]},"America/Tortola":{"long":["Atlantsko standardno vreme","Atlantsko letnje vreme"]},"America/St_Thomas":{"long":["Atlantsko standardno vreme","Atlantsko letnje vreme"]},"Australia/Adelaide":{"long":["Australijsko centralno standardno vreme","Australijsko centralno letnje vreme"]},"Australia/Eucla":{"long":["Australijsko centralno zapadno standardno vreme","Australijsko centralno zapadno letnje vreme"]},"Australia/Sydney":{"long":["Australijsko istočno standardno vreme","Australijsko istočno letnje vreme"]},"Australia/Perth":{"long":["Australijsko zapadno standardno vreme","Australijsko zapadno letnje vreme"]},"Atlantic/Azores":{"long":["Azori, standardno vreme","Azori, letnje vreme"]},"Asia/Thimphu":{"long":["Butan vreme","Butan vreme"]},"America/La_Paz":{"long":["Bolivija vreme","Bolivija vreme"]},"Asia/Kuching":{"long":["Malezija vreme","Malezija vreme"]},"America/Sao_Paulo":{"long":["Brazilija, standardno vreme","Brazilija, letnje vreme"]},"Europe/London":{"long":["Srednje vreme po Griniču","Srednje vreme po Griniču"],"short":["GMT","GMT"]},"Asia/Brunei":{"long":["Brunej Darusalum vreme","Brunej Darusalum vreme"]},"Atlantic/Cape_Verde":{"long":["Zelenortska Ostrva, standardno vreme","Zelenortska Ostrva, letnje vreme"]},"Pacific/Saipan":{"long":["Severna Marijanska Ostrva vreme","Severna Marijanska Ostrva vreme"]},"Pacific/Guam":{"long":["Guam standardno vreme","Guam standardno vreme"]},"Pacific/Chatham":{"long":["Čatam, standardno vreme","Čatam, letnje vreme"]},"America/Santiago":{"long":["Čile, standardno vreme","Čile, letnje vreme"]},"Asia/Shanghai":{"long":["Kinesko standardno vreme","Kina, letnje vreme"]},"Asia/Choibalsan":{"long":["Čojbalsan, standardno vreme","Čojbalsan, letnje vreme"]},"Indian/Christmas":{"long":["Božićno ostrvo vreme","Božićno ostrvo vreme"]},"Indian/Cocos":{"long":["Kokos (Keling) Ostrva vreme","Kokos (Keling) Ostrva vreme"]},"America/Bogota":{"long":["Kolumbija, standardno vreme","Kolumbija, letnje vreme"]},"Pacific/Rarotonga":{"long":["Kukova ostrva, standardno vreme","Kukova ostrva, polu-letnje vreme"]},"America/Havana":{"long":["Kuba, standardno vreme","Kuba, letnje vreme"]},"Antarctica/Davis":{"long":["Dejvis vreme","Dejvis vreme"]},"Antarctica/DumontDUrville":{"long":["Dimon d’Urvil vreme","Dimon d’Urvil vreme"]},"Asia/Dushanbe":{"long":["Tadžikistan vreme","Tadžikistan vreme"]},"America/Paramaribo":{"long":["Surinam vreme","Surinam vreme"]},"Asia/Dili":{"long":["Istočni timor vreme","Istočni timor vreme"]},"Pacific/Easter":{"long":["Uskršnja ostrva, standardno vreme","Uskršnja ostrva, letnje vreme"]},"America/Guayaquil":{"long":["Ekvador vreme","Ekvador vreme"]},"Europe/Paris":{"long":["Srednjeevropsko standardno vreme","Srednjeevropsko letnje vreme"],"short":["CET","CEST"]},"Europe/Andorra":{"long":["Srednjeevropsko standardno vreme","Srednjeevropsko letnje vreme"],"short":["CET","CEST"]},"Europe/Tirane":{"long":["Srednjeevropsko standardno vreme","Srednjeevropsko letnje vreme"],"short":["CET","CEST"]},"Europe/Vienna":{"long":["Srednjeevropsko standardno vreme","Srednjeevropsko letnje vreme"],"short":["CET","CEST"]},"Europe/Sarajevo":{"long":["Srednjeevropsko standardno vreme","Srednjeevropsko letnje vreme"],"short":["CET","CEST"]},"Europe/Brussels":{"long":["Srednjeevropsko standardno vreme","Srednjeevropsko letnje vreme"],"short":["CET","CEST"]},"Europe/Zurich":{"long":["Srednjeevropsko standardno vreme","Srednjeevropsko letnje vreme"],"short":["CET","CEST"]},"Europe/Prague":{"long":["Srednjeevropsko standardno vreme","Srednjeevropsko letnje vreme"],"short":["CET","CEST"]},"Europe/Berlin":{"long":["Srednjeevropsko standardno vreme","Srednjeevropsko letnje vreme"],"short":["CET","CEST"]},"Europe/Copenhagen":{"long":["Srednjeevropsko standardno vreme","Srednjeevropsko letnje vreme"],"short":["CET","CEST"]},"Europe/Madrid":{"long":["Srednjeevropsko standardno vreme","Srednjeevropsko letnje vreme"],"short":["CET","CEST"]},"Europe/Gibraltar":{"long":["Srednjeevropsko standardno vreme","Srednjeevropsko letnje vreme"],"short":["CET","CEST"]},"Europe/Zagreb":{"long":["Srednjeevropsko standardno vreme","Srednjeevropsko letnje vreme"],"short":["CET","CEST"]},"Europe/Budapest":{"long":["Srednjeevropsko standardno vreme","Srednjeevropsko letnje vreme"],"short":["CET","CEST"]},"Europe/Rome":{"long":["Srednjeevropsko standardno vreme","Srednjeevropsko letnje vreme"],"short":["CET","CEST"]},"Europe/Vaduz":{"long":["Srednjeevropsko standardno vreme","Srednjeevropsko letnje vreme"],"short":["CET","CEST"]},"Europe/Luxembourg":{"long":["Srednjeevropsko standardno vreme","Srednjeevropsko letnje vreme"],"short":["CET","CEST"]},"Europe/Monaco":{"long":["Srednjeevropsko standardno vreme","Srednjeevropsko letnje vreme"],"short":["CET","CEST"]},"Europe/Podgorica":{"long":["Srednjeevropsko standardno vreme","Srednjeevropsko letnje vreme"],"short":["CET","CEST"]},"Europe/Skopje":{"long":["Srednjeevropsko standardno vreme","Srednjeevropsko letnje vreme"],"short":["CET","CEST"]},"Europe/Malta":{"long":["Srednjeevropsko standardno vreme","Srednjeevropsko letnje vreme"],"short":["CET","CEST"]},"Europe/Amsterdam":{"long":["Srednjeevropsko standardno vreme","Srednjeevropsko letnje vreme"],"short":["CET","CEST"]},"Europe/Oslo":{"long":["Srednjeevropsko standardno vreme","Srednjeevropsko letnje vreme"],"short":["CET","CEST"]},"Europe/Warsaw":{"long":["Srednjeevropsko standardno vreme","Srednjeevropsko letnje vreme"],"short":["CET","CEST"]},"Europe/Belgrade":{"long":["Srednjeevropsko standardno vreme","Srednjeevropsko letnje vreme"],"short":["CET","CEST"]},"Europe/Stockholm":{"long":["Srednjeevropsko standardno vreme","Srednjeevropsko letnje vreme"],"short":["CET","CEST"]},"Europe/Ljubljana":{"long":["Srednjeevropsko standardno vreme","Srednjeevropsko letnje vreme"],"short":["CET","CEST"]},"Arctic/Longyearbyen":{"long":["Srednjeevropsko standardno vreme","Srednjeevropsko letnje vreme"],"short":["CET","CEST"]},"Europe/Bratislava":{"long":["Srednjeevropsko standardno vreme","Srednjeevropsko letnje vreme"],"short":["CET","CEST"]},"Europe/San_Marino":{"long":["Srednjeevropsko standardno vreme","Srednjeevropsko letnje vreme"],"short":["CET","CEST"]},"Africa/Tunis":{"long":["Srednjeevropsko standardno vreme","Srednjeevropsko letnje vreme"],"short":["CET","CEST"]},"Europe/Vatican":{"long":["Srednjeevropsko standardno vreme","Srednjeevropsko letnje vreme"],"short":["CET","CEST"]},"Europe/Bucharest":{"long":["Istočnoevropsko standardno vreme","Istočnoevropsko letnje vreme"],"short":["EET","EEST"]},"Europe/Mariehamn":{"long":["Istočnoevropsko standardno vreme","Istočnoevropsko letnje vreme"],"short":["EET","EEST"]},"Europe/Sofia":{"long":["Istočnoevropsko standardno vreme","Istočnoevropsko letnje vreme"],"short":["EET","EEST"]},"Asia/Nicosia":{"long":["Istočnoevropsko standardno vreme","Istočnoevropsko letnje vreme"],"short":["EET","EEST"]},"Africa/Cairo":{"long":["Istočnoevropsko standardno vreme","Istočnoevropsko letnje vreme"],"short":["EET","EEST"]},"Europe/Helsinki":{"long":["Istočnoevropsko standardno vreme","Istočnoevropsko letnje vreme"],"short":["EET","EEST"]},"Europe/Athens":{"long":["Istočnoevropsko standardno vreme","Istočnoevropsko letnje vreme"],"short":["EET","EEST"]},"Asia/Beirut":{"long":["Istočnoevropsko standardno vreme","Istočnoevropsko letnje vreme"],"short":["EET","EEST"]},"Europe/Minsk":{"long":["Vreme daljeg istoka Evrope","Vreme daljeg istoka Evrope"]},"Europe/Kaliningrad":{"long":["Vreme daljeg istoka Evrope","Vreme daljeg istoka Evrope"]},"Atlantic/Canary":{"long":["Zapadnoevropsko standardno vreme","Zapadnoevropsko letnje vreme"],"short":["WET","WEST"]},"Atlantic/Faeroe":{"long":["Zapadnoevropsko standardno vreme","Zapadnoevropsko letnje vreme"],"short":["WET","WEST"]},"Atlantic/Stanley":{"long":["Folklandska Ostrva, standardno vreme","Folklandska Ostrva, letnje vreme"]},"Pacific/Fiji":{"long":["Fidži, standardno vreme","Fidži, letnje vreme"]},"America/Cayenne":{"long":["Francuska Gvajana vreme","Francuska Gvajana vreme"]},"Indian/Kerguelen":{"long":["Francusko južno i antarktičko vreme","Francusko južno i antarktičko vreme"]},"Asia/Bishkek":{"long":["Kirgistan vreme","Kirgistan vreme"]},"Pacific/Galapagos":{"long":["Galapagos vreme","Galapagos vreme"]},"Pacific/Gambier":{"long":["Gambije vreme","Gambije vreme"]},"Pacific/Tarawa":{"long":["Gilbert ostrva vreme","Gilbert ostrva vreme"]},"Atlantic/Reykjavik":{"long":["Srednje vreme po Griniču","Srednje vreme po Griniču"],"short":["GMT","GMT"]},"Africa/Ouagadougou":{"long":["Srednje vreme po Griniču","Srednje vreme po Griniču"],"short":["GMT","GMT"]},"Africa/Abidjan":{"long":["Srednje vreme po Griniču","Srednje vreme po Griniču"],"short":["GMT","GMT"]},"Africa/Accra":{"long":["Srednje vreme po Griniču","Srednje vreme po Griniču"],"short":["GMT","GMT"]},"Africa/Banjul":{"long":["Srednje vreme po Griniču","Srednje vreme po Griniču"],"short":["GMT","GMT"]},"Africa/Conakry":{"long":["Srednje vreme po Griniču","Srednje vreme po Griniču"],"short":["GMT","GMT"]},"Africa/Bamako":{"long":["Srednje vreme po Griniču","Srednje vreme po Griniču"],"short":["GMT","GMT"]},"Africa/Nouakchott":{"long":["Srednje vreme po Griniču","Srednje vreme po Griniču"],"short":["GMT","GMT"]},"Atlantic/St_Helena":{"long":["Srednje vreme po Griniču","Srednje vreme po Griniču"],"short":["GMT","GMT"]},"Africa/Freetown":{"long":["Srednje vreme po Griniču","Srednje vreme po Griniču"],"short":["GMT","GMT"]},"Africa/Dakar":{"long":["Srednje vreme po Griniču","Srednje vreme po Griniču"],"short":["GMT","GMT"]},"Africa/Lome":{"long":["Srednje vreme po Griniču","Srednje vreme po Griniču"],"short":["GMT","GMT"]},"America/Scoresbysund":{"long":["Istočni Grenland, standardno vreme","Istočni Grenland, letnje vreme"]},"America/Godthab":{"long":["Zapadni Grenland, standardno vreme","Zapadni Grenland, letnje vreme"]},"Asia/Dubai":{"long":["Zalivsko vreme","Zalivsko vreme"]},"Asia/Muscat":{"long":["Zalivsko vreme","Zalivsko vreme"]},"America/Guyana":{"long":["Gvajana vreme","Gvajana vreme"]},"Pacific/Honolulu":{"long":["Havajsko-aleutsko standardno vreme","Havajsko-aleutsko letnje vreme"]},"Asia/Hong_Kong":{"long":["Hong Kong, standardno vreme","Hong Kong, letnje vreme"]},"Asia/Hovd":{"long":["Hovd, standardno vreme","Hovd, letnje vreme"]},"Asia/Calcutta":{"long":["Indijsko standardno vreme","Indijsko standardno vreme"]},"Asia/Colombo":{"long":["Šri Lanka vreme","Šri Lanka vreme"]},"Indian/Chagos":{"long":["Indijsko okeansko vreme","Indijsko okeansko vreme"]},"Asia/Bangkok":{"long":["Indokina vreme","Indokina vreme"]},"Asia/Phnom_Penh":{"long":["Indokina vreme","Indokina vreme"]},"Asia/Vientiane":{"long":["Indokina vreme","Indokina vreme"]},"Asia/Makassar":{"long":["Centralno-indonezijsko vreme","Centralno-indonezijsko vreme"]},"Asia/Jayapura":{"long":["Istočno-indonezijsko vreme","Istočno-indonezijsko vreme"]},"Asia/Jakarta":{"long":["Zapadno-indonezijsko vreme","Zapadno-indonezijsko vreme"]},"Asia/Tehran":{"long":["Iran, standardno vreme","Iran, letnje vreme"]},"Asia/Irkutsk":{"long":["Irkuck, standardno vreme","Irkuck, letnje vreme"]},"Asia/Jerusalem":{"long":["Izraelsko standardno vreme","Izraelsko letnje vreme"]},"Asia/Tokyo":{"long":["Japansko standardno vreme","Japansko letnje vreme"]},"Asia/Kamchatka":{"long":["Petropavlovsko-kamčatsko standardno vreme","Petropavlovsko-kamčatsko letnje računanje vremena"]},"Asia/Karachi":{"long":["Pakistan, standardno vreme","Pakistan, letnje vreme"]},"Asia/Qyzylorda":{"long":["Kizilorda standardno vreme","Kizilorda letnje računanje vremena"]},"Asia/Seoul":{"long":["Korejsko standardno vreme","Korejsko letnje vreme"]},"Pacific/Kosrae":{"long":["Košre vreme","Košre vreme"]},"Asia/Krasnoyarsk":{"long":["Krasnojarsk, standardno vreme","Krasnojarsk, letnje vreme"]},"Europe/Samara":{"long":["Samara standardno vreme","Samara letnje računanje vremena"]},"Pacific/Kiritimati":{"long":["Ostrva Lajn vreme","Ostrva Lajn vreme"]},"Australia/Lord_Howe":{"long":["Lord Hov, standardno vreme","Lord Hov, letnje vreme"]},"Asia/Macau":{"long":["Makao standardno vreme","Makao letnje računanje vremena"]},"Antarctica/Macquarie":{"long":["Ostrvo Makveri vreme","Ostrvo Makveri vreme"]},"Asia/Magadan":{"long":["Magadan, standardno vreme","Magadan, letnje vreme"]},"Indian/Maldives":{"long":["Maldivi vreme","Maldivi vreme"]},"Pacific/Marquesas":{"long":["Markiz vreme","Markiz vreme"]},"Pacific/Majuro":{"long":["Maršalska Ostrva vreme","Maršalska Ostrva vreme"]},"Indian/Mauritius":{"long":["Mauricijus, standardno vreme","Mauricijus, letnje vreme"]},"Antarctica/Mawson":{"long":["Moson vreme","Moson vreme"]},"America/Santa_Isabel":{"long":["Severozapadni Meksiko, standardno vreme","Severozapadni Meksiko, letnje vreme"]},"America/Mazatlan":{"long":["Meksički Pacifik, standardno vreme","Meksički Pacifik, letnje vreme"]},"Asia/Ulaanbaatar":{"long":["Ulan Bator, standardno vreme","Ulan Bator, letnje vreme"]},"Europe/Moscow":{"long":["Moskva, standardno vreme","Moskva, letnje vreme"]},"Asia/Rangoon":{"long":["Mijanmar vreme","Mijanmar vreme"]},"Pacific/Nauru":{"long":["Nauru vreme","Nauru vreme"]},"Asia/Katmandu":{"long":["Nepal vreme","Nepal vreme"]},"Pacific/Noumea":{"long":["Nova Kaledonija, standardno vreme","Nova Kaledonija, letnje vreme"]},"Pacific/Auckland":{"long":["Novi Zeland, standardno vreme","Novi Zeland, letnje vreme"]},"Antarctica/McMurdo":{"long":["Novi Zeland, standardno vreme","Novi Zeland, letnje vreme"]},"America/St_Johns":{"long":["Njufaundlend, standardno vreme","Njufaundlend, letnje vreme"]},"Pacific/Niue":{"long":["Niue vreme","Niue vreme"]},"Pacific/Norfolk":{"long":["Norfolk Ostrvo, standardno vreme","Norfolk Ostrvo, letnje vreme"]},"America/Noronha":{"long":["Fernando de Noronja, standardno vreme","Fernando de Noronja, letnje vreme"]},"Asia/Novosibirsk":{"long":["Novosibirsk, standardno vreme","Novosibirsk, letnje vreme"]},"Asia/Omsk":{"long":["Omsk, standardno vreme","Omsk, letnje vreme"]},"Pacific/Palau":{"long":["Palau vreme","Palau vreme"]},"Pacific/Port_Moresby":{"long":["Papua Nova Gvineja vreme","Papua Nova Gvineja vreme"]},"America/Asuncion":{"long":["Paragvaj, standardno vreme","Paragvaj, letnje vreme"]},"America/Lima":{"long":["Peru, standardno vreme","Peru, letnje vreme"]},"Asia/Manila":{"long":["Filipini, standardno vreme","Filipini, letnje vreme"]},"Pacific/Enderbury":{"long":["Feniks ostrva vreme","Feniks ostrva vreme"]},"America/Miquelon":{"long":["Sen Pjer i Mikelon, standardno vreme","Sen Pjer i Mikelon, letnje vreme"]},"Pacific/Pitcairn":{"long":["Pitkern vreme","Pitkern vreme"]},"Pacific/Ponape":{"long":["Ponpej vreme","Ponpej vreme"]},"Asia/Pyongyang":{"long":["Pjongjanško vreme","Pjongjanško vreme"]},"Indian/Reunion":{"long":["Reinion vreme","Reinion vreme"]},"Antarctica/Rothera":{"long":["Rotera vreme","Rotera vreme"]},"Asia/Sakhalin":{"long":["Sahalin, standardno vreme","Sahalin, letnje vreme"]},"Pacific/Pago_Pago":{"long":["Samoa, standardno vreme","Samoa, letnje vreme"]},"Indian/Mahe":{"long":["Sejšeli vreme","Sejšeli vreme"]},"Asia/Singapore":{"long":["Singapur, standardno vreme","Singapur, standardno vreme"]},"Pacific/Guadalcanal":{"long":["Solomonska Ostrva vreme","Solomonska Ostrva vreme"]},"Atlantic/South_Georgia":{"long":["Južna Džordžija vreme","Južna Džordžija vreme"]},"Asia/Yekaterinburg":{"long":["Jekaterinburg, standardno vreme","Jekaterinburg, letnje vreme"]},"Antarctica/Syowa":{"long":["Šova vreme","Šova vreme"]},"Pacific/Tahiti":{"long":["Tahiti vreme","Tahiti vreme"]},"Asia/Taipei":{"long":["Tajpej, standardno vreme","Tajpej, letnje vreme"]},"Asia/Tashkent":{"long":["Uzbekistan, standardno vreme","Uzbekistan, letnje vreme"]},"Pacific/Fakaofo":{"long":["Tokelau vreme","Tokelau vreme"]},"Pacific/Tongatapu":{"long":["Tonga, standardno vreme","Tonga, letnje vreme"]},"Pacific/Truk":{"long":["Čuuk vreme","Čuuk vreme"]},"Pacific/Funafuti":{"long":["Tuvalu vreme","Tuvalu vreme"]},"America/Montevideo":{"long":["Urugvaj, standardno vreme","Urugvaj, letnje vreme"]},"Pacific/Efate":{"long":["Vanuatu, standardno vreme","Vanuatu, letnje vreme"]},"America/Caracas":{"long":["Venecuela vreme","Venecuela vreme"]},"Asia/Vladivostok":{"long":["Vladivostok, standardno vreme","Vladivostok, letnje vreme"]},"Europe/Volgograd":{"long":["Volgograd, standardno vreme","Volgograd, letnje vreme"]},"Antarctica/Vostok":{"long":["Vostok vreme","Vostok vreme"]},"Pacific/Wake":{"long":["Vejk ostrvo vreme","Vejk ostrvo vreme"]},"Pacific/Wallis":{"long":["Valis i Futuna Ostrva vreme","Valis i Futuna Ostrva vreme"]},"Asia/Yakutsk":{"long":["Jakutsk, standardno vreme","Jakutsk, letnje vreme"]},"America/Whitehorse":{"long":["Jukon","Jukon"]},"UTC":{"long":["Koordinisano univerzalno vreme","Koordinisano univerzalno vreme"],"short":["UTC","UTC"]}},"gmtFormat":"GMT{0}","hourFormat":"+HH:mm;-HH:mm","dateFormat":{"full":"EEEE, d. MMMM y.","long":"d. MMMM y.","medium":"d. M. y.","short":"d.M.yy."},"timeFormat":{"full":"HH:mm:ss zzzz","long":"HH:mm:ss z","medium":"HH:mm:ss","short":"HH:mm"},"dateTimeFormat":{"full":"{1} {0}","long":"{1} {0}","medium":"{1} {0}","short":"{1} {0}"},"formats":{"gregory":{"Bh":"h B","Bhm":"hh:mm B","Bhms":"hh:mm:ss B","d":"d","E":"E","EBhm":"E hh:mm B","EBhms":"E hh:mm:ss B","Ed":"E d.","Ehm":"E h:mm a","EHm":"E HH:mm","Ehms":"E h:mm:ss a","EHms":"E HH:mm:ss","Gy":"y. G","GyMd":"d.MM.y. GGGGG","GyMMM":"MMM y. G","GyMMMd":"d. MMM y. G","GyMMMEd":"E, d. MMM y. G","h":"h a","H":"HH","hm":"h:mm a","Hm":"HH:mm","hms":"h:mm:ss a","Hms":"HH:mm:ss","hmsv":"h:mm:ss a v","Hmsv":"HH:mm:ss v","hmv":"h:mm a v","Hmv":"HH:mm v","M":"L","Md":"d. M.","MEd":"E, d. M.","MMdd":"dd.MM.","MMM":"LLL","MMMd":"d. MMM","MMMdd":"dd.MMM","MMMEd":"E d. MMM","MMMMd":"d. MMMM","MMMMEd":"E, d. MMMM","ms":"mm:ss","y":"y.","yM":"M. y.","yMd":"d. M. y.","yMEd":"E, d. M. y.","yMM":"MM.y.","yMMdd":"dd.MM.y.","yMMM":"MMM y.","yMMMd":"d. MMM y.","yMMMEd":"E, d. MMM y.","yMMMM":"MMMM y.","EEEE, d. MMMM y.":"EEEE, d. MMMM y.","d. MMMM y.":"d. MMMM y.","d. M. y.":"d. M. y.","d.M.yy.":"d.M.yy.","HH:mm:ss zzzz":"HH:mm:ss zzzz","HH:mm:ss z":"HH:mm:ss z","HH:mm:ss":"HH:mm:ss","HH:mm":"HH:mm","EEEE, d. MMMM y. HH:mm:ss zzzz":"EEEE, d. MMMM y. HH:mm:ss zzzz","d. MMMM y. HH:mm:ss zzzz":"d. MMMM y. HH:mm:ss zzzz","d. M. y. HH:mm:ss zzzz":"d. M. y. HH:mm:ss zzzz","d.M.yy. HH:mm:ss zzzz":"d.M.yy. HH:mm:ss zzzz","d HH:mm:ss zzzz":"d HH:mm:ss zzzz","E HH:mm:ss zzzz":"E HH:mm:ss zzzz","Ed HH:mm:ss zzzz":"E d. HH:mm:ss zzzz","Gy HH:mm:ss zzzz":"y. G HH:mm:ss zzzz","GyMd HH:mm:ss zzzz":"d.MM.y. GGGGG HH:mm:ss zzzz","GyMMM HH:mm:ss zzzz":"MMM y. G HH:mm:ss zzzz","GyMMMd HH:mm:ss zzzz":"d. MMM y. G HH:mm:ss zzzz","GyMMMEd HH:mm:ss zzzz":"E, d. MMM y. G HH:mm:ss zzzz","M HH:mm:ss zzzz":"L HH:mm:ss zzzz","Md HH:mm:ss zzzz":"d. M. HH:mm:ss zzzz","MEd HH:mm:ss zzzz":"E, d. M. HH:mm:ss zzzz","MMdd HH:mm:ss zzzz":"dd.MM. HH:mm:ss zzzz","MMM HH:mm:ss zzzz":"LLL HH:mm:ss zzzz","MMMd HH:mm:ss zzzz":"d. MMM HH:mm:ss zzzz","MMMdd HH:mm:ss zzzz":"dd.MMM HH:mm:ss zzzz","MMMEd HH:mm:ss zzzz":"E d. MMM HH:mm:ss zzzz","MMMMd HH:mm:ss zzzz":"d. MMMM HH:mm:ss zzzz","MMMMEd HH:mm:ss zzzz":"E, d. MMMM HH:mm:ss zzzz","y HH:mm:ss zzzz":"y. HH:mm:ss zzzz","yM HH:mm:ss zzzz":"M. y. HH:mm:ss zzzz","yMd HH:mm:ss zzzz":"d. M. y. HH:mm:ss zzzz","yMEd HH:mm:ss zzzz":"E, d. M. y. HH:mm:ss zzzz","yMM HH:mm:ss zzzz":"MM.y. HH:mm:ss zzzz","yMMdd HH:mm:ss zzzz":"dd.MM.y. HH:mm:ss zzzz","yMMM HH:mm:ss zzzz":"MMM y. HH:mm:ss zzzz","yMMMd HH:mm:ss zzzz":"d. MMM y. HH:mm:ss zzzz","yMMMEd HH:mm:ss zzzz":"E, d. MMM y. HH:mm:ss zzzz","yMMMM HH:mm:ss zzzz":"MMMM y. HH:mm:ss zzzz","EEEE, d. MMMM y. HH:mm:ss z":"EEEE, d. MMMM y. HH:mm:ss z","d. MMMM y. HH:mm:ss z":"d. MMMM y. HH:mm:ss z","d. M. y. HH:mm:ss z":"d. M. y. HH:mm:ss z","d.M.yy. HH:mm:ss z":"d.M.yy. HH:mm:ss z","d HH:mm:ss z":"d HH:mm:ss z","E HH:mm:ss z":"E HH:mm:ss z","Ed HH:mm:ss z":"E d. HH:mm:ss z","Gy HH:mm:ss z":"y. G HH:mm:ss z","GyMd HH:mm:ss z":"d.MM.y. GGGGG HH:mm:ss z","GyMMM HH:mm:ss z":"MMM y. G HH:mm:ss z","GyMMMd HH:mm:ss z":"d. MMM y. G HH:mm:ss z","GyMMMEd HH:mm:ss z":"E, d. MMM y. G HH:mm:ss z","M HH:mm:ss z":"L HH:mm:ss z","Md HH:mm:ss z":"d. M. HH:mm:ss z","MEd HH:mm:ss z":"E, d. M. HH:mm:ss z","MMdd HH:mm:ss z":"dd.MM. HH:mm:ss z","MMM HH:mm:ss z":"LLL HH:mm:ss z","MMMd HH:mm:ss z":"d. MMM HH:mm:ss z","MMMdd HH:mm:ss z":"dd.MMM HH:mm:ss z","MMMEd HH:mm:ss z":"E d. MMM HH:mm:ss z","MMMMd HH:mm:ss z":"d. MMMM HH:mm:ss z","MMMMEd HH:mm:ss z":"E, d. MMMM HH:mm:ss z","y HH:mm:ss z":"y. HH:mm:ss z","yM HH:mm:ss z":"M. y. HH:mm:ss z","yMd HH:mm:ss z":"d. M. y. HH:mm:ss z","yMEd HH:mm:ss z":"E, d. M. y. HH:mm:ss z","yMM HH:mm:ss z":"MM.y. HH:mm:ss z","yMMdd HH:mm:ss z":"dd.MM.y. HH:mm:ss z","yMMM HH:mm:ss z":"MMM y. HH:mm:ss z","yMMMd HH:mm:ss z":"d. MMM y. HH:mm:ss z","yMMMEd HH:mm:ss z":"E, d. MMM y. HH:mm:ss z","yMMMM HH:mm:ss z":"MMMM y. HH:mm:ss z","EEEE, d. MMMM y. HH:mm:ss":"EEEE, d. MMMM y. HH:mm:ss","d. MMMM y. HH:mm:ss":"d. MMMM y. HH:mm:ss","d. M. y. HH:mm:ss":"d. M. y. HH:mm:ss","d.M.yy. HH:mm:ss":"d.M.yy. HH:mm:ss","d HH:mm:ss":"d HH:mm:ss","E HH:mm:ss":"E HH:mm:ss","Ed HH:mm:ss":"E d. HH:mm:ss","Gy HH:mm:ss":"y. G HH:mm:ss","GyMd HH:mm:ss":"d.MM.y. GGGGG HH:mm:ss","GyMMM HH:mm:ss":"MMM y. G HH:mm:ss","GyMMMd HH:mm:ss":"d. MMM y. G HH:mm:ss","GyMMMEd HH:mm:ss":"E, d. MMM y. G HH:mm:ss","M HH:mm:ss":"L HH:mm:ss","Md HH:mm:ss":"d. M. HH:mm:ss","MEd HH:mm:ss":"E, d. M. HH:mm:ss","MMdd HH:mm:ss":"dd.MM. HH:mm:ss","MMM HH:mm:ss":"LLL HH:mm:ss","MMMd HH:mm:ss":"d. MMM HH:mm:ss","MMMdd HH:mm:ss":"dd.MMM HH:mm:ss","MMMEd HH:mm:ss":"E d. MMM HH:mm:ss","MMMMd HH:mm:ss":"d. MMMM HH:mm:ss","MMMMEd HH:mm:ss":"E, d. MMMM HH:mm:ss","y HH:mm:ss":"y. HH:mm:ss","yM HH:mm:ss":"M. y. HH:mm:ss","yMd HH:mm:ss":"d. M. y. HH:mm:ss","yMEd HH:mm:ss":"E, d. M. y. HH:mm:ss","yMM HH:mm:ss":"MM.y. HH:mm:ss","yMMdd HH:mm:ss":"dd.MM.y. HH:mm:ss","yMMM HH:mm:ss":"MMM y. HH:mm:ss","yMMMd HH:mm:ss":"d. MMM y. HH:mm:ss","yMMMEd HH:mm:ss":"E, d. MMM y. HH:mm:ss","yMMMM HH:mm:ss":"MMMM y. HH:mm:ss","EEEE, d. MMMM y. HH:mm":"EEEE, d. MMMM y. HH:mm","d. MMMM y. HH:mm":"d. MMMM y. HH:mm","d. M. y. HH:mm":"d. M. y. HH:mm","d.M.yy. HH:mm":"d.M.yy. HH:mm","d HH:mm":"d HH:mm","E HH:mm":"E HH:mm","Ed HH:mm":"E d. HH:mm","Gy HH:mm":"y. G HH:mm","GyMd HH:mm":"d.MM.y. GGGGG HH:mm","GyMMM HH:mm":"MMM y. G HH:mm","GyMMMd HH:mm":"d. MMM y. G HH:mm","GyMMMEd HH:mm":"E, d. MMM y. G HH:mm","M HH:mm":"L HH:mm","Md HH:mm":"d. M. HH:mm","MEd HH:mm":"E, d. M. HH:mm","MMdd HH:mm":"dd.MM. HH:mm","MMM HH:mm":"LLL HH:mm","MMMd HH:mm":"d. MMM HH:mm","MMMdd HH:mm":"dd.MMM HH:mm","MMMEd HH:mm":"E d. MMM HH:mm","MMMMd HH:mm":"d. MMMM HH:mm","MMMMEd HH:mm":"E, d. MMMM HH:mm","y HH:mm":"y. HH:mm","yM HH:mm":"M. y. HH:mm","yMd HH:mm":"d. M. y. HH:mm","yMEd HH:mm":"E, d. M. y. HH:mm","yMM HH:mm":"MM.y. HH:mm","yMMdd HH:mm":"dd.MM.y. HH:mm","yMMM HH:mm":"MMM y. HH:mm","yMMMd HH:mm":"d. MMM y. HH:mm","yMMMEd HH:mm":"E, d. MMM y. HH:mm","yMMMM HH:mm":"MMMM y. HH:mm","EEEE, d. MMMM y. Bh":"EEEE, d. MMMM y. h B","d. MMMM y. Bh":"d. MMMM y. h B","d. M. y. Bh":"d. M. y. h B","d.M.yy. Bh":"d.M.yy. h B","d Bh":"d h B","E Bh":"E h B","Ed Bh":"E d. h B","Gy Bh":"y. G h B","GyMd Bh":"d.MM.y. GGGGG h B","GyMMM Bh":"MMM y. G h B","GyMMMd Bh":"d. MMM y. G h B","GyMMMEd Bh":"E, d. MMM y. G h B","M Bh":"L h B","Md Bh":"d. M. h B","MEd Bh":"E, d. M. h B","MMdd Bh":"dd.MM. h B","MMM Bh":"LLL h B","MMMd Bh":"d. MMM h B","MMMdd Bh":"dd.MMM h B","MMMEd Bh":"E d. MMM h B","MMMMd Bh":"d. MMMM h B","MMMMEd Bh":"E, d. MMMM h B","y Bh":"y. h B","yM Bh":"M. y. h B","yMd Bh":"d. M. y. h B","yMEd Bh":"E, d. M. y. h B","yMM Bh":"MM.y. h B","yMMdd Bh":"dd.MM.y. h B","yMMM Bh":"MMM y. h B","yMMMd Bh":"d. MMM y. h B","yMMMEd Bh":"E, d. MMM y. h B","yMMMM Bh":"MMMM y. h B","EEEE, d. MMMM y. Bhm":"EEEE, d. MMMM y. hh:mm B","d. MMMM y. Bhm":"d. MMMM y. hh:mm B","d. M. y. Bhm":"d. M. y. hh:mm B","d.M.yy. Bhm":"d.M.yy. hh:mm B","d Bhm":"d hh:mm B","E Bhm":"E hh:mm B","Ed Bhm":"E d. hh:mm B","Gy Bhm":"y. G hh:mm B","GyMd Bhm":"d.MM.y. GGGGG hh:mm B","GyMMM Bhm":"MMM y. G hh:mm B","GyMMMd Bhm":"d. MMM y. G hh:mm B","GyMMMEd Bhm":"E, d. MMM y. G hh:mm B","M Bhm":"L hh:mm B","Md Bhm":"d. M. hh:mm B","MEd Bhm":"E, d. M. hh:mm B","MMdd Bhm":"dd.MM. hh:mm B","MMM Bhm":"LLL hh:mm B","MMMd Bhm":"d. MMM hh:mm B","MMMdd Bhm":"dd.MMM hh:mm B","MMMEd Bhm":"E d. MMM hh:mm B","MMMMd Bhm":"d. MMMM hh:mm B","MMMMEd Bhm":"E, d. MMMM hh:mm B","y Bhm":"y. hh:mm B","yM Bhm":"M. y. hh:mm B","yMd Bhm":"d. M. y. hh:mm B","yMEd Bhm":"E, d. M. y. hh:mm B","yMM Bhm":"MM.y. hh:mm B","yMMdd Bhm":"dd.MM.y. hh:mm B","yMMM Bhm":"MMM y. hh:mm B","yMMMd Bhm":"d. MMM y. hh:mm B","yMMMEd Bhm":"E, d. MMM y. hh:mm B","yMMMM Bhm":"MMMM y. hh:mm B","EEEE, d. MMMM y. Bhms":"EEEE, d. MMMM y. hh:mm:ss B","d. MMMM y. Bhms":"d. MMMM y. hh:mm:ss B","d. M. y. Bhms":"d. M. y. hh:mm:ss B","d.M.yy. Bhms":"d.M.yy. hh:mm:ss B","d Bhms":"d hh:mm:ss B","E Bhms":"E hh:mm:ss B","Ed Bhms":"E d. hh:mm:ss B","Gy Bhms":"y. G hh:mm:ss B","GyMd Bhms":"d.MM.y. GGGGG hh:mm:ss B","GyMMM Bhms":"MMM y. G hh:mm:ss B","GyMMMd Bhms":"d. MMM y. G hh:mm:ss B","GyMMMEd Bhms":"E, d. MMM y. G hh:mm:ss B","M Bhms":"L hh:mm:ss B","Md Bhms":"d. M. hh:mm:ss B","MEd Bhms":"E, d. M. hh:mm:ss B","MMdd Bhms":"dd.MM. hh:mm:ss B","MMM Bhms":"LLL hh:mm:ss B","MMMd Bhms":"d. MMM hh:mm:ss B","MMMdd Bhms":"dd.MMM hh:mm:ss B","MMMEd Bhms":"E d. MMM hh:mm:ss B","MMMMd Bhms":"d. MMMM hh:mm:ss B","MMMMEd Bhms":"E, d. MMMM hh:mm:ss B","y Bhms":"y. hh:mm:ss B","yM Bhms":"M. y. hh:mm:ss B","yMd Bhms":"d. M. y. hh:mm:ss B","yMEd Bhms":"E, d. M. y. hh:mm:ss B","yMM Bhms":"MM.y. hh:mm:ss B","yMMdd Bhms":"dd.MM.y. hh:mm:ss B","yMMM Bhms":"MMM y. hh:mm:ss B","yMMMd Bhms":"d. MMM y. hh:mm:ss B","yMMMEd Bhms":"E, d. MMM y. hh:mm:ss B","yMMMM Bhms":"MMMM y. hh:mm:ss B","EEEE, d. MMMM y. h":"EEEE, d. MMMM y. h a","d. MMMM y. h":"d. MMMM y. h a","d. M. y. h":"d. M. y. h a","d.M.yy. h":"d.M.yy. h a","d h":"d h a","E h":"E h a","Ed h":"E d. h a","Gy h":"y. G h a","GyMd h":"d.MM.y. GGGGG h a","GyMMM h":"MMM y. G h a","GyMMMd h":"d. MMM y. G h a","GyMMMEd h":"E, d. MMM y. G h a","M h":"L h a","Md h":"d. M. h a","MEd h":"E, d. M. h a","MMdd h":"dd.MM. h a","MMM h":"LLL h a","MMMd h":"d. MMM h a","MMMdd h":"dd.MMM h a","MMMEd h":"E d. MMM h a","MMMMd h":"d. MMMM h a","MMMMEd h":"E, d. MMMM h a","y h":"y. h a","yM h":"M. y. h a","yMd h":"d. M. y. h a","yMEd h":"E, d. M. y. h a","yMM h":"MM.y. h a","yMMdd h":"dd.MM.y. h a","yMMM h":"MMM y. h a","yMMMd h":"d. MMM y. h a","yMMMEd h":"E, d. MMM y. h a","yMMMM h":"MMMM y. h a","EEEE, d. MMMM y. H":"EEEE, d. MMMM y. HH","d. MMMM y. H":"d. MMMM y. HH","d. M. y. H":"d. M. y. HH","d.M.yy. H":"d.M.yy. HH","d H":"d HH","E H":"E HH","Ed H":"E d. HH","Gy H":"y. G HH","GyMd H":"d.MM.y. GGGGG HH","GyMMM H":"MMM y. G HH","GyMMMd H":"d. MMM y. G HH","GyMMMEd H":"E, d. MMM y. G HH","M H":"L HH","Md H":"d. M. HH","MEd H":"E, d. M. HH","MMdd H":"dd.MM. HH","MMM H":"LLL HH","MMMd H":"d. MMM HH","MMMdd H":"dd.MMM HH","MMMEd H":"E d. MMM HH","MMMMd H":"d. MMMM HH","MMMMEd H":"E, d. MMMM HH","y H":"y. HH","yM H":"M. y. HH","yMd H":"d. M. y. HH","yMEd H":"E, d. M. y. HH","yMM H":"MM.y. HH","yMMdd H":"dd.MM.y. HH","yMMM H":"MMM y. HH","yMMMd H":"d. MMM y. HH","yMMMEd H":"E, d. MMM y. HH","yMMMM H":"MMMM y. HH","EEEE, d. MMMM y. hm":"EEEE, d. MMMM y. h:mm a","d. MMMM y. hm":"d. MMMM y. h:mm a","d. M. y. hm":"d. M. y. h:mm a","d.M.yy. hm":"d.M.yy. h:mm a","d hm":"d h:mm a","E hm":"E h:mm a","Ed hm":"E d. h:mm a","Gy hm":"y. G h:mm a","GyMd hm":"d.MM.y. GGGGG h:mm a","GyMMM hm":"MMM y. G h:mm a","GyMMMd hm":"d. MMM y. G h:mm a","GyMMMEd hm":"E, d. MMM y. G h:mm a","M hm":"L h:mm a","Md hm":"d. M. h:mm a","MEd hm":"E, d. M. h:mm a","MMdd hm":"dd.MM. h:mm a","MMM hm":"LLL h:mm a","MMMd hm":"d. MMM h:mm a","MMMdd hm":"dd.MMM h:mm a","MMMEd hm":"E d. MMM h:mm a","MMMMd hm":"d. MMMM h:mm a","MMMMEd hm":"E, d. MMMM h:mm a","y hm":"y. h:mm a","yM hm":"M. y. h:mm a","yMd hm":"d. M. y. h:mm a","yMEd hm":"E, d. M. y. h:mm a","yMM hm":"MM.y. h:mm a","yMMdd hm":"dd.MM.y. h:mm a","yMMM hm":"MMM y. h:mm a","yMMMd hm":"d. MMM y. h:mm a","yMMMEd hm":"E, d. MMM y. h:mm a","yMMMM hm":"MMMM y. h:mm a","EEEE, d. MMMM y. Hm":"EEEE, d. MMMM y. HH:mm","d. MMMM y. Hm":"d. MMMM y. HH:mm","d. M. y. Hm":"d. M. y. HH:mm","d.M.yy. Hm":"d.M.yy. HH:mm","d Hm":"d HH:mm","E Hm":"E HH:mm","Ed Hm":"E d. HH:mm","Gy Hm":"y. G HH:mm","GyMd Hm":"d.MM.y. GGGGG HH:mm","GyMMM Hm":"MMM y. G HH:mm","GyMMMd Hm":"d. MMM y. G HH:mm","GyMMMEd Hm":"E, d. MMM y. G HH:mm","M Hm":"L HH:mm","Md Hm":"d. M. HH:mm","MEd Hm":"E, d. M. HH:mm","MMdd Hm":"dd.MM. HH:mm","MMM Hm":"LLL HH:mm","MMMd Hm":"d. MMM HH:mm","MMMdd Hm":"dd.MMM HH:mm","MMMEd Hm":"E d. MMM HH:mm","MMMMd Hm":"d. MMMM HH:mm","MMMMEd Hm":"E, d. MMMM HH:mm","y Hm":"y. HH:mm","yM Hm":"M. y. HH:mm","yMd Hm":"d. M. y. HH:mm","yMEd Hm":"E, d. M. y. HH:mm","yMM Hm":"MM.y. HH:mm","yMMdd Hm":"dd.MM.y. HH:mm","yMMM Hm":"MMM y. HH:mm","yMMMd Hm":"d. MMM y. HH:mm","yMMMEd Hm":"E, d. MMM y. HH:mm","yMMMM Hm":"MMMM y. HH:mm","EEEE, d. MMMM y. hms":"EEEE, d. MMMM y. h:mm:ss a","d. MMMM y. hms":"d. MMMM y. h:mm:ss a","d. M. y. hms":"d. M. y. h:mm:ss a","d.M.yy. hms":"d.M.yy. h:mm:ss a","d hms":"d h:mm:ss a","E hms":"E h:mm:ss a","Ed hms":"E d. h:mm:ss a","Gy hms":"y. G h:mm:ss a","GyMd hms":"d.MM.y. GGGGG h:mm:ss a","GyMMM hms":"MMM y. G h:mm:ss a","GyMMMd hms":"d. MMM y. G h:mm:ss a","GyMMMEd hms":"E, d. MMM y. G h:mm:ss a","M hms":"L h:mm:ss a","Md hms":"d. M. h:mm:ss a","MEd hms":"E, d. M. h:mm:ss a","MMdd hms":"dd.MM. h:mm:ss a","MMM hms":"LLL h:mm:ss a","MMMd hms":"d. MMM h:mm:ss a","MMMdd hms":"dd.MMM h:mm:ss a","MMMEd hms":"E d. MMM h:mm:ss a","MMMMd hms":"d. MMMM h:mm:ss a","MMMMEd hms":"E, d. MMMM h:mm:ss a","y hms":"y. h:mm:ss a","yM hms":"M. y. h:mm:ss a","yMd hms":"d. M. y. h:mm:ss a","yMEd hms":"E, d. M. y. h:mm:ss a","yMM hms":"MM.y. h:mm:ss a","yMMdd hms":"dd.MM.y. h:mm:ss a","yMMM hms":"MMM y. h:mm:ss a","yMMMd hms":"d. MMM y. h:mm:ss a","yMMMEd hms":"E, d. MMM y. h:mm:ss a","yMMMM hms":"MMMM y. h:mm:ss a","EEEE, d. MMMM y. Hms":"EEEE, d. MMMM y. HH:mm:ss","d. MMMM y. Hms":"d. MMMM y. HH:mm:ss","d. M. y. Hms":"d. M. y. HH:mm:ss","d.M.yy. Hms":"d.M.yy. HH:mm:ss","d Hms":"d HH:mm:ss","E Hms":"E HH:mm:ss","Ed Hms":"E d. HH:mm:ss","Gy Hms":"y. G HH:mm:ss","GyMd Hms":"d.MM.y. GGGGG HH:mm:ss","GyMMM Hms":"MMM y. G HH:mm:ss","GyMMMd Hms":"d. MMM y. G HH:mm:ss","GyMMMEd Hms":"E, d. MMM y. G HH:mm:ss","M Hms":"L HH:mm:ss","Md Hms":"d. M. HH:mm:ss","MEd Hms":"E, d. M. HH:mm:ss","MMdd Hms":"dd.MM. HH:mm:ss","MMM Hms":"LLL HH:mm:ss","MMMd Hms":"d. MMM HH:mm:ss","MMMdd Hms":"dd.MMM HH:mm:ss","MMMEd Hms":"E d. MMM HH:mm:ss","MMMMd Hms":"d. MMMM HH:mm:ss","MMMMEd Hms":"E, d. MMMM HH:mm:ss","y Hms":"y. HH:mm:ss","yM Hms":"M. y. HH:mm:ss","yMd Hms":"d. M. y. HH:mm:ss","yMEd Hms":"E, d. M. y. HH:mm:ss","yMM Hms":"MM.y. HH:mm:ss","yMMdd Hms":"dd.MM.y. HH:mm:ss","yMMM Hms":"MMM y. HH:mm:ss","yMMMd Hms":"d. MMM y. HH:mm:ss","yMMMEd Hms":"E, d. MMM y. HH:mm:ss","yMMMM Hms":"MMMM y. HH:mm:ss","EEEE, d. MMMM y. hmsv":"EEEE, d. MMMM y. h:mm:ss a v","d. MMMM y. hmsv":"d. MMMM y. h:mm:ss a v","d. M. y. hmsv":"d. M. y. h:mm:ss a v","d.M.yy. hmsv":"d.M.yy. h:mm:ss a v","d hmsv":"d h:mm:ss a v","E hmsv":"E h:mm:ss a v","Ed hmsv":"E d. h:mm:ss a v","Gy hmsv":"y. G h:mm:ss a v","GyMd hmsv":"d.MM.y. GGGGG h:mm:ss a v","GyMMM hmsv":"MMM y. G h:mm:ss a v","GyMMMd hmsv":"d. MMM y. G h:mm:ss a v","GyMMMEd hmsv":"E, d. MMM y. G h:mm:ss a v","M hmsv":"L h:mm:ss a v","Md hmsv":"d. M. h:mm:ss a v","MEd hmsv":"E, d. M. h:mm:ss a v","MMdd hmsv":"dd.MM. h:mm:ss a v","MMM hmsv":"LLL h:mm:ss a v","MMMd hmsv":"d. MMM h:mm:ss a v","MMMdd hmsv":"dd.MMM h:mm:ss a v","MMMEd hmsv":"E d. MMM h:mm:ss a v","MMMMd hmsv":"d. MMMM h:mm:ss a v","MMMMEd hmsv":"E, d. MMMM h:mm:ss a v","y hmsv":"y. h:mm:ss a v","yM hmsv":"M. y. h:mm:ss a v","yMd hmsv":"d. M. y. h:mm:ss a v","yMEd hmsv":"E, d. M. y. h:mm:ss a v","yMM hmsv":"MM.y. h:mm:ss a v","yMMdd hmsv":"dd.MM.y. h:mm:ss a v","yMMM hmsv":"MMM y. h:mm:ss a v","yMMMd hmsv":"d. MMM y. h:mm:ss a v","yMMMEd hmsv":"E, d. MMM y. h:mm:ss a v","yMMMM hmsv":"MMMM y. h:mm:ss a v","EEEE, d. MMMM y. Hmsv":"EEEE, d. MMMM y. HH:mm:ss v","d. MMMM y. Hmsv":"d. MMMM y. HH:mm:ss v","d. M. y. Hmsv":"d. M. y. HH:mm:ss v","d.M.yy. Hmsv":"d.M.yy. HH:mm:ss v","d Hmsv":"d HH:mm:ss v","E Hmsv":"E HH:mm:ss v","Ed Hmsv":"E d. HH:mm:ss v","Gy Hmsv":"y. G HH:mm:ss v","GyMd Hmsv":"d.MM.y. GGGGG HH:mm:ss v","GyMMM Hmsv":"MMM y. G HH:mm:ss v","GyMMMd Hmsv":"d. MMM y. G HH:mm:ss v","GyMMMEd Hmsv":"E, d. MMM y. G HH:mm:ss v","M Hmsv":"L HH:mm:ss v","Md Hmsv":"d. M. HH:mm:ss v","MEd Hmsv":"E, d. M. HH:mm:ss v","MMdd Hmsv":"dd.MM. HH:mm:ss v","MMM Hmsv":"LLL HH:mm:ss v","MMMd Hmsv":"d. MMM HH:mm:ss v","MMMdd Hmsv":"dd.MMM HH:mm:ss v","MMMEd Hmsv":"E d. MMM HH:mm:ss v","MMMMd Hmsv":"d. MMMM HH:mm:ss v","MMMMEd Hmsv":"E, d. MMMM HH:mm:ss v","y Hmsv":"y. HH:mm:ss v","yM Hmsv":"M. y. HH:mm:ss v","yMd Hmsv":"d. M. y. HH:mm:ss v","yMEd Hmsv":"E, d. M. y. HH:mm:ss v","yMM Hmsv":"MM.y. HH:mm:ss v","yMMdd Hmsv":"dd.MM.y. HH:mm:ss v","yMMM Hmsv":"MMM y. HH:mm:ss v","yMMMd Hmsv":"d. MMM y. HH:mm:ss v","yMMMEd Hmsv":"E, d. MMM y. HH:mm:ss v","yMMMM Hmsv":"MMMM y. HH:mm:ss v","EEEE, d. MMMM y. hmv":"EEEE, d. MMMM y. h:mm a v","d. MMMM y. hmv":"d. MMMM y. h:mm a v","d. M. y. hmv":"d. M. y. h:mm a v","d.M.yy. hmv":"d.M.yy. h:mm a v","d hmv":"d h:mm a v","E hmv":"E h:mm a v","Ed hmv":"E d. h:mm a v","Gy hmv":"y. G h:mm a v","GyMd hmv":"d.MM.y. GGGGG h:mm a v","GyMMM hmv":"MMM y. G h:mm a v","GyMMMd hmv":"d. MMM y. G h:mm a v","GyMMMEd hmv":"E, d. MMM y. G h:mm a v","M hmv":"L h:mm a v","Md hmv":"d. M. h:mm a v","MEd hmv":"E, d. M. h:mm a v","MMdd hmv":"dd.MM. h:mm a v","MMM hmv":"LLL h:mm a v","MMMd hmv":"d. MMM h:mm a v","MMMdd hmv":"dd.MMM h:mm a v","MMMEd hmv":"E d. MMM h:mm a v","MMMMd hmv":"d. MMMM h:mm a v","MMMMEd hmv":"E, d. MMMM h:mm a v","y hmv":"y. h:mm a v","yM hmv":"M. y. h:mm a v","yMd hmv":"d. M. y. h:mm a v","yMEd hmv":"E, d. M. y. h:mm a v","yMM hmv":"MM.y. h:mm a v","yMMdd hmv":"dd.MM.y. h:mm a v","yMMM hmv":"MMM y. h:mm a v","yMMMd hmv":"d. MMM y. h:mm a v","yMMMEd hmv":"E, d. MMM y. h:mm a v","yMMMM hmv":"MMMM y. h:mm a v","EEEE, d. MMMM y. Hmv":"EEEE, d. MMMM y. HH:mm v","d. MMMM y. Hmv":"d. MMMM y. HH:mm v","d. M. y. Hmv":"d. M. y. HH:mm v","d.M.yy. Hmv":"d.M.yy. HH:mm v","d Hmv":"d HH:mm v","E Hmv":"E HH:mm v","Ed Hmv":"E d. HH:mm v","Gy Hmv":"y. G HH:mm v","GyMd Hmv":"d.MM.y. GGGGG HH:mm v","GyMMM Hmv":"MMM y. G HH:mm v","GyMMMd Hmv":"d. MMM y. G HH:mm v","GyMMMEd Hmv":"E, d. MMM y. G HH:mm v","M Hmv":"L HH:mm v","Md Hmv":"d. M. HH:mm v","MEd Hmv":"E, d. M. HH:mm v","MMdd Hmv":"dd.MM. HH:mm v","MMM Hmv":"LLL HH:mm v","MMMd Hmv":"d. MMM HH:mm v","MMMdd Hmv":"dd.MMM HH:mm v","MMMEd Hmv":"E d. MMM HH:mm v","MMMMd Hmv":"d. MMMM HH:mm v","MMMMEd Hmv":"E, d. MMMM HH:mm v","y Hmv":"y. HH:mm v","yM Hmv":"M. y. HH:mm v","yMd Hmv":"d. M. y. HH:mm v","yMEd Hmv":"E, d. M. y. HH:mm v","yMM Hmv":"MM.y. HH:mm v","yMMdd Hmv":"dd.MM.y. HH:mm v","yMMM Hmv":"MMM y. HH:mm v","yMMMd Hmv":"d. MMM y. HH:mm v","yMMMEd Hmv":"E, d. MMM y. HH:mm v","yMMMM Hmv":"MMMM y. HH:mm v","EEEE, d. MMMM y. ms":"EEEE, d. MMMM y. mm:ss","d. MMMM y. ms":"d. MMMM y. mm:ss","d. M. y. ms":"d. M. y. mm:ss","d.M.yy. ms":"d.M.yy. mm:ss","d ms":"d mm:ss","E ms":"E mm:ss","Ed ms":"E d. mm:ss","Gy ms":"y. G mm:ss","GyMd ms":"d.MM.y. GGGGG mm:ss","GyMMM ms":"MMM y. G mm:ss","GyMMMd ms":"d. MMM y. G mm:ss","GyMMMEd ms":"E, d. MMM y. G mm:ss","M ms":"L mm:ss","Md ms":"d. M. mm:ss","MEd ms":"E, d. M. mm:ss","MMdd ms":"dd.MM. mm:ss","MMM ms":"LLL mm:ss","MMMd ms":"d. MMM mm:ss","MMMdd ms":"dd.MMM mm:ss","MMMEd ms":"E d. MMM mm:ss","MMMMd ms":"d. MMMM mm:ss","MMMMEd ms":"E, d. MMMM mm:ss","y ms":"y. mm:ss","yM ms":"M. y. mm:ss","yMd ms":"d. M. y. mm:ss","yMEd ms":"E, d. M. y. mm:ss","yMM ms":"MM.y. mm:ss","yMMdd ms":"dd.MM.y. mm:ss","yMMM ms":"MMM y. mm:ss","yMMMd ms":"d. MMM y. mm:ss","yMMMEd ms":"E, d. MMM y. mm:ss","yMMMM ms":"MMMM y. mm:ss"}},"intervalFormats":{"intervalFormatFallback":"{0} – {1}","Bh":{"B":"h B – h B","h":"h–h B"},"Bhm":{"B":"h:mm B – h:mm B","h":"h:mm–h:mm B","m":"h:mm–h:mm B"},"d":{"d":"d–d"},"Gy":{"G":"G y – G y","y":"G y–y"},"GyM":{"G":"GGGGG y-MM – GGGGG y-MM","M":"GGGGG y-MM – y-MM","y":"GGGGG y-MM – y-MM"},"GyMd":{"d":"GGGGG y-MM-dd – y-MM-dd","G":"GGGGG y-MM-dd – GGGGG y-MM-dd","M":"GGGGG y-MM-dd – y-MM-dd","y":"GGGGG y-MM-dd – y-MM-dd"},"GyMEd":{"d":"GGGGG y-MM-dd, E – y-MM-dd, E","G":"GGGGG y-MM-dd, E – GGGGG y-MM-dd, E","M":"GGGGG y-MM-dd, E – y-MM-dd, E","y":"GGGGG y-MM-dd, E – y-MM-dd, E"},"GyMMM":{"G":"G y MMM – G y MMM","M":"G y MMM–MMM","y":"G y MMM – y MMM"},"GyMMMd":{"d":"G y MMM d–d","G":"G y MMM d – G y MMM d","M":"G y MMM d – MMM d","y":"G y MMM d – y MMM d"},"GyMMMEd":{"d":"G y MMM d, E – MMM d, E","G":"G y MMM d, E – G y MMM d, E","M":"G y MMM d, E – MMM d, E","y":"G y MMM d, E – y MMM d, E"},"h":{"a":"h a – h a","h":"h–h a"},"H":{"H":"HH–HH"},"hm":{"a":"h:mm a – h:mm a","h":"h:mm–h:mm a","m":"h:mm–h:mm a"},"Hm":{"H":"HH:mm–HH:mm","m":"HH:mm–HH:mm"},"hmv":{"a":"h:mm a – h:mm a v","h":"h:mm–h:mm a v","m":"h:mm–h:mm a v"},"Hmv":{"H":"HH:mm–HH:mm v","m":"HH:mm–HH:mm v"},"hv":{"a":"h a – h a v","h":"h–h a v"},"Hv":{"H":"HH–HH v"},"M":{"M":"M–M"},"Md":{"d":"d. M. – d. M.","M":"d. M. – d. M."},"MEd":{"d":"E, d. M. – E, d. M.","M":"E, d. M. – E, d. M."},"MMM":{"M":"MMM–MMM"},"MMMd":{"d":"dd.–dd. MMM","M":"dd. MMM – dd. MMM"},"MMMEd":{"d":"E, dd. – E, dd. MMM","M":"E, dd. MMM – E, dd. MMM"},"y":{"y":"y–y"},"yM":{"M":"M – M. y.","y":"M.y. – M.y."},"yMd":{"d":"d. M. y. – d. M. y.","M":"d. M. y. – d. M. y.","y":"d. M. y. – d. M. y."},"yMEd":{"d":"E, d. M. y. – E, d. M. y.","M":"E, d. M. y. – E, d. M. y.","y":"E, d. M. y. – E, d. M. y."},"yMMM":{"M":"MMM–MMM y.","y":"MMM y. – MMM y."},"yMMMd":{"d":"dd.–dd. MMM y.","M":"dd. MMM – dd. MMM y.","y":"dd. MMM y. – dd. MMM y."},"yMMMEd":{"d":"E, dd. – E, dd. MMM y.","M":"E, dd. MMM – E, dd. MMM y.","y":"E, dd. MMM y. – E, dd. MMM y."},"yMMMM":{"M":"MMMM – MMMM y.","y":"MMMM y. – MMMM y."}},"hourCycle":"h23","nu":["latn"],"ca":["gregory"],"hc":["h23","","h12"]},"locale":"sr-Latn"}