{"data":{"am":"fm","pm":"em","weekday":{"narrow":["S","M","T","O","T","F","L"],"short":["sön","mån","tis","ons","tors","fre","lör"],"long":["söndag","måndag","tisdag","onsdag","torsdag","fredag","lördag"]},"era":{"narrow":{"BC":"f.Kr.","AD":"e.Kr."},"short":{"BC":"f.Kr.","AD":"e.Kr."},"long":{"BC":"före Kristus","AD":"efter Kristus"}},"month":{"narrow":["J","F","M","A","M","J","J","A","S","O","N","D"],"short":["jan.","feb.","mars","apr.","maj","juni","juli","aug.","sep.","okt.","nov.","dec."],"long":["januari","februari","mars","april","maj","juni","juli","augusti","september","oktober","november","december"]},"timeZoneName":{"America/Rio_Branco":{"long":["västbrasiliansk normaltid","västbrasiliansk sommartid"]},"Asia/Kabul":{"long":["afghansk tid","afghansk tid"]},"Africa/Maputo":{"long":["centralafrikansk tid","centralafrikansk tid"]},"Africa/Bujumbura":{"long":["centralafrikansk tid","centralafrikansk tid"]},"Africa/Gaborone":{"long":["centralafrikansk tid","centralafrikansk tid"]},"Africa/Lubumbashi":{"long":["centralafrikansk tid","centralafrikansk tid"]},"Africa/Blantyre":{"long":["centralafrikansk tid","centralafrikansk tid"]},"Africa/Kigali":{"long":["centralafrikansk tid","centralafrikansk tid"]},"Africa/Lusaka":{"long":["centralafrikansk tid","centralafrikansk tid"]},"Africa/Harare":{"long":["centralafrikansk tid","centralafrikansk tid"]},"Africa/Nairobi":{"long":["östafrikansk tid","östafrikansk tid"]},"Africa/Djibouti":{"long":["östafrikansk tid","östafrikansk tid"]},"Africa/Asmera":{"long":["östafrikansk tid","östafrikansk tid"]},"Africa/Addis_Ababa":{"long":["östafrikansk tid","östafrikansk tid"]},"Indian/Comoro":{"long":["östafrikansk tid","östafrikansk tid"]},"Indian/Antananarivo":{"long":["östafrikansk tid","östafrikansk tid"]},"Africa/Mogadishu":{"long":["östafrikansk tid","östafrikansk tid"]},"Africa/Dar_es_Salaam":{"long":["östafrikansk tid","östafrikansk tid"]},"Africa/Kampala":{"long":["östafrikansk tid","östafrikansk tid"]},"Indian/Mayotte":{"long":["östafrikansk tid","östafrikansk tid"]},"Africa/Johannesburg":{"long":["sydafrikansk tid","sydafrikansk tid"]},"Africa/Maseru":{"long":["sydafrikansk tid","sydafrikansk tid"]},"Africa/Mbabane":{"long":["sydafrikansk tid","sydafrikansk tid"]},"Africa/Lagos":{"long":["västafrikansk normaltid","västafrikansk sommartid"]},"Africa/Luanda":{"long":["västafrikansk normaltid","västafrikansk sommartid"]},"Africa/Porto-Novo":{"long":["västafrikansk normaltid","västafrikansk sommartid"]},"Africa/Kinshasa":{"long":["västafrikansk normaltid","västafrikansk sommartid"]},"Africa/Bangui":{"long":["västafrikansk normaltid","västafrikansk sommartid"]},"Africa/Brazzaville":{"long":["västafrikansk normaltid","västafrikansk sommartid"]},"Africa/Douala":{"long":["västafrikansk normaltid","västafrikansk sommartid"]},"Africa/Libreville":{"long":["västafrikansk normaltid","västafrikansk sommartid"]},"Africa/Malabo":{"long":["västafrikansk normaltid","västafrikansk sommartid"]},"Africa/Niamey":{"long":["västafrikansk normaltid","västafrikansk sommartid"]},"Africa/Ndjamena":{"long":["västafrikansk normaltid","västafrikansk sommartid"]},"Asia/Aqtobe":{"long":["västkazakstansk tid","västkazakstansk tid"]},"America/Juneau":{"long":["Alaska, normaltid","Alaska, sommartid"]},"Asia/Almaty":{"long":["östkazakstansk tid","östkazakstansk tid"]},"America/Manaus":{"long":["Amazonas, normaltid","Amazonas, sommartid"]},"America/Chicago":{"long":["centralnordamerikansk normaltid","centralnordamerikansk sommartid"]},"America/Belize":{"long":["centralnordamerikansk normaltid","centralnordamerikansk sommartid"]},"America/Winnipeg":{"long":["centralnordamerikansk normaltid","centralnordamerikansk sommartid"]},"America/Costa_Rica":{"long":["centralnordamerikansk normaltid","centralnordamerikansk sommartid"]},"America/Guatemala":{"long":["centralnordamerikansk normaltid","centralnordamerikansk sommartid"]},"America/Tegucigalpa":{"long":["centralnordamerikansk normaltid","centralnordamerikansk sommartid"]},"America/Mexico_City":{"long":["centralnordamerikansk normaltid","centralnordamerikansk sommartid"]},"America/El_Salvador":{"long":["centralnordamerikansk normaltid","centralnordamerikansk sommartid"]},"America/New_York":{"long":["östnordamerikansk normaltid","östnordamerikansk sommartid"]},"America/Nassau":{"long":["östnordamerikansk normaltid","östnordamerikansk sommartid"]},"America/Toronto":{"long":["östnordamerikansk normaltid","östnordamerikansk sommartid"]},"America/Port-au-Prince":{"long":["östnordamerikansk normaltid","östnordamerikansk sommartid"]},"America/Jamaica":{"long":["östnordamerikansk normaltid","östnordamerikansk sommartid"]},"America/Cayman":{"long":["östnordamerikansk normaltid","östnordamerikansk sommartid"]},"America/Panama":{"long":["östnordamerikansk normaltid","östnordamerikansk sommartid"]},"America/Denver":{"long":["Klippiga bergen, normaltid","Klippiga bergen, sommartid"]},"America/Edmonton":{"long":["Klippiga bergen, normaltid","Klippiga bergen, sommartid"]},"America/Hermosillo":{"long":["Klippiga bergen, normaltid","Klippiga bergen, sommartid"]},"America/Los_Angeles":{"long":["västnordamerikansk normaltid","västnordamerikansk sommartid"]},"America/Vancouver":{"long":["västnordamerikansk normaltid","västnordamerikansk sommartid"]},"America/Tijuana":{"long":["västnordamerikansk normaltid","västnordamerikansk sommartid"]},"Asia/Anadyr":{"long":["Anadyrnormaltid","Anadyrsommartid"]},"Pacific/Apia":{"long":["Apia, normaltid","Apia, sommartid"]},"Asia/Riyadh":{"long":["saudiarabisk normaltid","saudiarabisk sommartid"]},"Asia/Bahrain":{"long":["saudiarabisk normaltid","saudiarabisk sommartid"]},"Asia/Baghdad":{"long":["saudiarabisk normaltid","saudiarabisk sommartid"]},"Asia/Kuwait":{"long":["saudiarabisk normaltid","saudiarabisk sommartid"]},"Asia/Qatar":{"long":["saudiarabisk normaltid","saudiarabisk sommartid"]},"Asia/Aden":{"long":["saudiarabisk normaltid","saudiarabisk sommartid"]},"America/Buenos_Aires":{"long":["östargentinsk normaltid","östargentinsk sommartid"]},"America/Argentina/San_Luis":{"long":["västargentinsk normaltid","västargentinsk sommartid"]},"Asia/Ashgabat":{"long":["turkmensk normaltid","turkmensk sommartid"]},"America/Halifax":{"long":["nordamerikansk atlantnormaltid","nordamerikansk atlantsommartid"]},"America/Antigua":{"long":["nordamerikansk atlantnormaltid","nordamerikansk atlantsommartid"]},"America/Anguilla":{"long":["nordamerikansk atlantnormaltid","nordamerikansk atlantsommartid"]},"America/Aruba":{"long":["nordamerikansk atlantnormaltid","nordamerikansk atlantsommartid"]},"America/Barbados":{"long":["nordamerikansk atlantnormaltid","nordamerikansk atlantsommartid"]},"Atlantic/Bermuda":{"long":["nordamerikansk atlantnormaltid","nordamerikansk atlantsommartid"]},"America/Kralendijk":{"long":["nordamerikansk atlantnormaltid","nordamerikansk atlantsommartid"]},"America/Curacao":{"long":["nordamerikansk atlantnormaltid","nordamerikansk atlantsommartid"]},"America/Dominica":{"long":["nordamerikansk atlantnormaltid","nordamerikansk atlantsommartid"]},"America/Grenada":{"long":["nordamerikansk atlantnormaltid","nordamerikansk atlantsommartid"]},"America/Thule":{"long":["nordamerikansk atlantnormaltid","nordamerikansk atlantsommartid"]},"America/Guadeloupe":{"long":["nordamerikansk atlantnormaltid","nordamerikansk atlantsommartid"]},"America/St_Kitts":{"long":["nordamerikansk atlantnormaltid","nordamerikansk atlantsommartid"]},"America/St_Lucia":{"long":["nordamerikansk atlantnormaltid","nordamerikansk atlantsommartid"]},"America/Marigot":{"long":["nordamerikansk atlantnormaltid","nordamerikansk atlantsommartid"]},"America/Martinique":{"long":["nordamerikansk atlantnormaltid","nordamerikansk atlantsommartid"]},"America/Montserrat":{"long":["nordamerikansk atlantnormaltid","nordamerikansk atlantsommartid"]},"America/Puerto_Rico":{"long":["nordamerikansk atlantnormaltid","nordamerikansk atlantsommartid"]},"America/Lower_Princes":{"long":["nordamerikansk atlantnormaltid","nordamerikansk atlantsommartid"]},"America/Port_of_Spain":{"long":["nordamerikansk atlantnormaltid","nordamerikansk atlantsommartid"]},"America/St_Vincent":{"long":["nordamerikansk atlantnormaltid","nordamerikansk atlantsommartid"]},"America/Tortola":{"long":["nordamerikansk atlantnormaltid","nordamerikansk atlantsommartid"]},"America/St_Thomas":{"long":["nordamerikansk atlantnormaltid","nordamerikansk atlantsommartid"]},"Australia/Adelaide":{"long":["centralaustralisk normaltid","centralaustralisk sommartid"]},"Australia/Eucla":{"long":["västcentralaustralisk normaltid","västcentralaustralisk sommartid"]},"Australia/Sydney":{"long":["östaustralisk normaltid","östaustralisk sommartid"]},"Australia/Perth":{"long":["västaustralisk normaltid","västaustralisk sommartid"]},"Atlantic/Azores":{"long":["azorisk normaltid","azorisk sommartid"]},"Asia/Thimphu":{"long":["bhutansk tid","bhutansk tid"]},"America/La_Paz":{"long":["boliviansk tid","boliviansk tid"]},"Asia/Kuching":{"long":["malaysisk tid","malaysisk tid"]},"America/Sao_Paulo":{"long":["Brasilia, normaltid","Brasilia, sommartid"]},"Europe/London":{"long":["Greenwichtid","Greenwichtid"],"short":["GMT","GMT"]},"Asia/Brunei":{"long":["Bruneitid","Bruneitid"]},"Atlantic/Cape_Verde":{"long":["Kap Verde, normaltid","Kap Verde, sommartid"]},"Antarctica/Casey":{"long":["Caseytid","Caseytid"]},"Pacific/Saipan":{"long":["Nordmarianernas tid","Nordmarianernas tid"]},"Pacific/Guam":{"long":["Guamtid","Guamtid"]},"Pacific/Chatham":{"long":["Chatham, normaltid","Chatham, sommartid"]},"America/Santiago":{"long":["chilensk normaltid","chilensk sommartid"]},"Asia/Shanghai":{"long":["kinesisk normaltid","kinesisk sommartid"]},"Asia/Choibalsan":{"long":["Tjojbalsan, normaltid","Tjojbalsan, sommartid"]},"Indian/Christmas":{"long":["Julöns tid","Julöns tid"]},"Indian/Cocos":{"long":["Keelingöarnas tid","Keelingöarnas tid"]},"America/Bogota":{"long":["colombiansk normaltid","colombiansk sommartid"]},"Pacific/Rarotonga":{"long":["Cooköarnas normaltid","Cooköarnas sommartid"]},"America/Havana":{"long":["kubansk normaltid","kubansk sommartid"]},"Antarctica/Davis":{"long":["Davistid","Davistid"]},"Antarctica/DumontDUrville":{"long":["Dumont d’Urville-tid","Dumont d’Urville-tid"]},"Asia/Dushanbe":{"long":["Tadzjikistantid","Tadzjikistantid"]},"America/Paramaribo":{"long":["Surinamtid","Surinamtid"]},"Asia/Dili":{"long":["östtimorisk tid","östtimorisk tid"]},"Pacific/Easter":{"long":["Påskön, normaltid","Påskön, sommartid"]},"America/Guayaquil":{"long":["ecuadoriansk tid","ecuadoriansk tid"]},"Europe/Paris":{"long":["centraleuropeisk normaltid","centraleuropeisk sommartid"],"short":["CET","CEST"]},"Europe/Andorra":{"long":["centraleuropeisk normaltid","centraleuropeisk sommartid"],"short":["CET","CEST"]},"Europe/Tirane":{"long":["centraleuropeisk normaltid","centraleuropeisk sommartid"],"short":["CET","CEST"]},"Europe/Vienna":{"long":["centraleuropeisk normaltid","centraleuropeisk sommartid"],"short":["CET","CEST"]},"Europe/Sarajevo":{"long":["centraleuropeisk normaltid","centraleuropeisk sommartid"],"short":["CET","CEST"]},"Europe/Brussels":{"long":["centraleuropeisk normaltid","centraleuropeisk sommartid"],"short":["CET","CEST"]},"Europe/Zurich":{"long":["centraleuropeisk normaltid","centraleuropeisk sommartid"],"short":["CET","CEST"]},"Europe/Prague":{"long":["centraleuropeisk normaltid","centraleuropeisk sommartid"],"short":["CET","CEST"]},"Europe/Berlin":{"long":["centraleuropeisk normaltid","centraleuropeisk sommartid"],"short":["CET","CEST"]},"Europe/Copenhagen":{"long":["centraleuropeisk normaltid","centraleuropeisk sommartid"],"short":["CET","CEST"]},"Europe/Madrid":{"long":["centraleuropeisk normaltid","centraleuropeisk sommartid"],"short":["CET","CEST"]},"Europe/Gibraltar":{"long":["centraleuropeisk normaltid","centraleuropeisk sommartid"],"short":["CET","CEST"]},"Europe/Zagreb":{"long":["centraleuropeisk normaltid","centraleuropeisk sommartid"],"short":["CET","CEST"]},"Europe/Budapest":{"long":["centraleuropeisk normaltid","centraleuropeisk sommartid"],"short":["CET","CEST"]},"Europe/Rome":{"long":["centraleuropeisk normaltid","centraleuropeisk sommartid"],"short":["CET","CEST"]},"Europe/Vaduz":{"long":["centraleuropeisk normaltid","centraleuropeisk sommartid"],"short":["CET","CEST"]},"Europe/Luxembourg":{"long":["centraleuropeisk normaltid","centraleuropeisk sommartid"],"short":["CET","CEST"]},"Europe/Monaco":{"long":["centraleuropeisk normaltid","centraleuropeisk sommartid"],"short":["CET","CEST"]},"Europe/Podgorica":{"long":["centraleuropeisk normaltid","centraleuropeisk sommartid"],"short":["CET","CEST"]},"Europe/Skopje":{"long":["centraleuropeisk normaltid","centraleuropeisk sommartid"],"short":["CET","CEST"]},"Europe/Malta":{"long":["centraleuropeisk normaltid","centraleuropeisk sommartid"],"short":["CET","CEST"]},"Europe/Amsterdam":{"long":["centraleuropeisk normaltid","centraleuropeisk sommartid"],"short":["CET","CEST"]},"Europe/Oslo":{"long":["centraleuropeisk normaltid","centraleuropeisk sommartid"],"short":["CET","CEST"]},"Europe/Warsaw":{"long":["centraleuropeisk normaltid","centraleuropeisk sommartid"],"short":["CET","CEST"]},"Europe/Belgrade":{"long":["centraleuropeisk normaltid","centraleuropeisk sommartid"],"short":["CET","CEST"]},"Europe/Stockholm":{"long":["centraleuropeisk normaltid","centraleuropeisk sommartid"],"short":["CET","CEST"]},"Europe/Ljubljana":{"long":["centraleuropeisk normaltid","centraleuropeisk sommartid"],"short":["CET","CEST"]},"Arctic/Longyearbyen":{"long":["centraleuropeisk normaltid","centraleuropeisk sommartid"],"short":["CET","CEST"]},"Europe/Bratislava":{"long":["centraleuropeisk normaltid","centraleuropeisk sommartid"],"short":["CET","CEST"]},"Europe/San_Marino":{"long":["centraleuropeisk normaltid","centraleuropeisk sommartid"],"short":["CET","CEST"]},"Africa/Tunis":{"long":["centraleuropeisk normaltid","centraleuropeisk sommartid"],"short":["CET","CEST"]},"Europe/Vatican":{"long":["centraleuropeisk normaltid","centraleuropeisk sommartid"],"short":["CET","CEST"]},"Europe/Bucharest":{"long":["östeuropeisk normaltid","östeuropeisk sommartid"],"short":["EET","EEST"]},"Europe/Mariehamn":{"long":["östeuropeisk normaltid","östeuropeisk sommartid"],"short":["EET","EEST"]},"Europe/Sofia":{"long":["östeuropeisk normaltid","östeuropeisk sommartid"],"short":["EET","EEST"]},"Asia/Nicosia":{"long":["östeuropeisk normaltid","östeuropeisk sommartid"],"short":["EET","EEST"]},"Africa/Cairo":{"long":["östeuropeisk normaltid","östeuropeisk sommartid"],"short":["EET","EEST"]},"Europe/Helsinki":{"long":["östeuropeisk normaltid","östeuropeisk sommartid"],"short":["EET","EEST"]},"Europe/Athens":{"long":["östeuropeisk normaltid","östeuropeisk sommartid"],"short":["EET","EEST"]},"Asia/Beirut":{"long":["östeuropeisk normaltid","östeuropeisk sommartid"],"short":["EET","EEST"]},"Europe/Minsk":{"long":["Kaliningradtid","Kaliningradtid"]},"Europe/Kaliningrad":{"long":["Kaliningradtid","Kaliningradtid"]},"Atlantic/Canary":{"long":["västeuropeisk normaltid","västeuropeisk sommartid"],"short":["WET","WEST"]},"Atlantic/Faeroe":{"long":["västeuropeisk normaltid","västeuropeisk sommartid"],"short":["WET","WEST"]},"Atlantic/Stanley":{"long":["Falklandsöarna, normaltid","Falklandsöarna, sommartid"]},"Pacific/Fiji":{"long":["Fiji, normaltid","Fiji, sommartid"]},"America/Cayenne":{"long":["Franska Guyanatid","Franska Guyanatid"]},"Indian/Kerguelen":{"long":["Franska Sydterritoriernas tid","Franska Sydterritoriernas tid"]},"Asia/Bishkek":{"long":["kirgizisk tid","kirgizisk tid"]},"Pacific/Galapagos":{"long":["Galápagostid","Galápagostid"]},"Pacific/Gambier":{"long":["Gambiertid","Gambiertid"]},"Pacific/Tarawa":{"long":["Kiribatitid","Kiribatitid"]},"Atlantic/Reykjavik":{"long":["Greenwichtid","Greenwichtid"],"short":["GMT","GMT"]},"Africa/Ouagadougou":{"long":["Greenwichtid","Greenwichtid"],"short":["GMT","GMT"]},"Africa/Abidjan":{"long":["Greenwichtid","Greenwichtid"],"short":["GMT","GMT"]},"Africa/Accra":{"long":["Greenwichtid","Greenwichtid"],"short":["GMT","GMT"]},"Africa/Banjul":{"long":["Greenwichtid","Greenwichtid"],"short":["GMT","GMT"]},"Africa/Conakry":{"long":["Greenwichtid","Greenwichtid"],"short":["GMT","GMT"]},"Africa/Bamako":{"long":["Greenwichtid","Greenwichtid"],"short":["GMT","GMT"]},"Africa/Nouakchott":{"long":["Greenwichtid","Greenwichtid"],"short":["GMT","GMT"]},"Atlantic/St_Helena":{"long":["Greenwichtid","Greenwichtid"],"short":["GMT","GMT"]},"Africa/Freetown":{"long":["Greenwichtid","Greenwichtid"],"short":["GMT","GMT"]},"Africa/Dakar":{"long":["Greenwichtid","Greenwichtid"],"short":["GMT","GMT"]},"Africa/Lome":{"long":["Greenwichtid","Greenwichtid"],"short":["GMT","GMT"]},"America/Scoresbysund":{"long":["östgrönländsk normaltid","östgrönländsk sommartid"]},"America/Godthab":{"long":["västgrönländsk normaltid","västgrönländsk sommartid"]},"Asia/Dubai":{"long":["Persiska vikentid","Persiska vikentid"]},"Asia/Muscat":{"long":["Persiska vikentid","Persiska vikentid"]},"America/Guyana":{"long":["Guyanatid","Guyanatid"]},"Pacific/Honolulu":{"long":["Honolulu, normaltid","Honolulu, sommartid"]},"Asia/Hong_Kong":{"long":["Hongkong, normaltid","Hongkong, sommartid"]},"Asia/Hovd":{"long":["Chovd, normaltid","Chovd, sommartid"]},"Asia/Calcutta":{"long":["indisk tid","indisk tid"]},"Asia/Colombo":{"long":["Sri Lankatid","Sri Lankatid"]},"Indian/Chagos":{"long":["Brittiska Indiska oceanöarnas tid","Brittiska Indiska oceanöarnas tid"]},"Asia/Bangkok":{"long":["indokinesisk tid","indokinesisk tid"]},"Asia/Phnom_Penh":{"long":["indokinesisk tid","indokinesisk tid"]},"Asia/Vientiane":{"long":["indokinesisk tid","indokinesisk tid"]},"Asia/Makassar":{"long":["centralindonesisk tid","centralindonesisk tid"]},"Asia/Jayapura":{"long":["östindonesisk tid","östindonesisk tid"]},"Asia/Jakarta":{"long":["västindonesisk tid","västindonesisk tid"]},"Asia/Tehran":{"long":["iransk normaltid","iransk sommartid"]},"Asia/Irkutsk":{"long":["Irkutsk, normaltid","Irkutsk, sommartid"]},"Asia/Jerusalem":{"long":["israelisk normaltid","israelisk sommartid"]},"Asia/Tokyo":{"long":["japansk normaltid","japansk sommartid"]},"Asia/Kamchatka":{"long":["Kamtjatkanormaltid","Kamtjatkasommartid"]},"Asia/Karachi":{"long":["pakistansk normaltid","pakistansk sommartid"]},"Asia/Qyzylorda":{"long":["Qyzylordanormaltid","Qyzylordasommartid"]},"Asia/Seoul":{"long":["koreansk normaltid","koreansk sommartid"]},"Pacific/Kosrae":{"long":["Kosraetid","Kosraetid"]},"Asia/Krasnoyarsk":{"long":["Krasnojarsk, normaltid","Krasnojarsk, sommartid"]},"Europe/Samara":{"long":["Samaranormaltid","Samarasommartid"]},"Pacific/Kiritimati":{"long":["Lineöarnas tid","Lineöarnas tid"]},"Australia/Lord_Howe":{"long":["Lord Howe, normaltid","Lord Howe, sommartid"]},"Asia/Macau":{"long":["Macaonormaltid","Macaosommartid"]},"Antarctica/Macquarie":{"long":["Macquarietid","Macquarietid"]},"Asia/Magadan":{"long":["Magadan, normaltid","Magadan, sommartid"]},"Indian/Maldives":{"long":["Maldivernatid","Maldivernatid"]},"Pacific/Marquesas":{"long":["Marquesastid","Marquesastid"]},"Pacific/Majuro":{"long":["Marshallöarnas tid","Marshallöarnas tid"]},"Indian/Mauritius":{"long":["Mauritius, normaltid","Mauritius, sommartid"]},"Antarctica/Mawson":{"long":["Mawsontid","Mawsontid"]},"America/Santa_Isabel":{"long":["nordvästmexikansk normaltid","nordvästmexikansk sommartid"]},"America/Mazatlan":{"long":["mexikansk stillahavstid, normaltid","mexikansk stillahavstid, sommartid"]},"Asia/Ulaanbaatar":{"long":["Ulaanbaatar, normaltid","Ulaanbaatar, sommartid"]},"Europe/Moscow":{"long":["Moskva, normaltid","Moskva, sommartid"]},"Asia/Rangoon":{"long":["burmesisk tid","burmesisk tid"]},"Pacific/Nauru":{"long":["Naurutid","Naurutid"]},"Asia/Katmandu":{"long":["nepalesisk tid","nepalesisk tid"]},"Pacific/Noumea":{"long":["Nya Kaledonien, normaltid","Nya Kaledonien, sommartid"]},"Pacific/Auckland":{"long":["nyzeeländsk normaltid","nyzeeländsk sommartid"]},"Antarctica/McMurdo":{"long":["nyzeeländsk normaltid","nyzeeländsk sommartid"]},"America/St_Johns":{"long":["Newfoundland, normaltid","Newfoundland, sommartid"]},"Pacific/Niue":{"long":["Niuetid","Niuetid"]},"Pacific/Norfolk":{"long":["Norfolköns normaltid","Norfolköns sommartid"]},"America/Noronha":{"long":["Fernando de Noronha, normaltid","Fernando de Noronha, sommartid"]},"Asia/Novosibirsk":{"long":["Novosibirsk, normaltid","Novosibirsk, sommartid"]},"Asia/Omsk":{"long":["Omsk, normaltid","Omsk, sommartid"]},"Pacific/Palau":{"long":["Palautid","Palautid"]},"Pacific/Port_Moresby":{"long":["Papua Nya Guineas tid","Papua Nya Guineas tid"]},"America/Asuncion":{"long":["paraguayansk normaltid","paraguayansk sommartid"]},"America/Lima":{"long":["peruansk normaltid","peruansk sommartid"]},"Asia/Manila":{"long":["filippinsk normaltid","filippinsk sommartid"]},"Pacific/Enderbury":{"long":["Enderburytid","Enderburytid"]},"America/Miquelon":{"long":["S:t Pierre och Miquelon, normaltid","S:t Pierre och Miquelon, sommartid"]},"Pacific/Pitcairn":{"long":["Pitcairntid","Pitcairntid"]},"Pacific/Ponape":{"long":["Ponapetid","Ponapetid"]},"Asia/Pyongyang":{"long":["Pyongyangtid","Pyongyangtid"]},"Indian/Reunion":{"long":["Réuniontid","Réuniontid"]},"Antarctica/Rothera":{"long":["Rotheratid","Rotheratid"]},"Asia/Sakhalin":{"long":["Sachalin, normaltid","Sachalin, sommartid"]},"Pacific/Pago_Pago":{"long":["samoansk normaltid","samoansk sommartid"]},"Indian/Mahe":{"long":["Seychellernatid","Seychellernatid"]},"Asia/Singapore":{"long":["Singaporetid","Singaporetid"]},"Pacific/Guadalcanal":{"long":["Salomonöarnas tid","Salomonöarnas tid"]},"Atlantic/South_Georgia":{"long":["sydgeorgisk tid","sydgeorgisk tid"]},"Asia/Yekaterinburg":{"long":["Jekaterinburg, normaltid","Jekaterinburg, sommartid"]},"Antarctica/Syowa":{"long":["Syowatid","Syowatid"]},"Pacific/Tahiti":{"long":["Tahititid","Tahititid"]},"Asia/Taipei":{"long":["Taipei, normaltid","Taipei, sommartid"]},"Asia/Tashkent":{"long":["uzbekisk normaltid","uzbekisk sommartid"]},"Pacific/Fakaofo":{"long":["Tokelautid","Tokelautid"]},"Pacific/Tongatapu":{"long":["Tonga, normaltid","Tonga, sommartid"]},"Pacific/Truk":{"long":["Chuuktid","Chuuktid"]},"Pacific/Funafuti":{"long":["Tuvalutid","Tuvalutid"]},"America/Montevideo":{"long":["uruguayansk normaltid","uruguayansk sommartid"]},"Pacific/Efate":{"long":["Vanuatu, normaltid","Vanuatu, sommartid"]},"America/Caracas":{"long":["venezuelansk tid","venezuelansk tid"]},"Asia/Vladivostok":{"long":["Vladivostok, normaltid","Vladivostok, sommartid"]},"Europe/Volgograd":{"long":["Volgograd, normaltid","Volgograd, sommartid"]},"Antarctica/Vostok":{"long":["Vostoktid","Vostoktid"]},"Pacific/Wake":{"long":["Wakeöarnas tid","Wakeöarnas tid"]},"Pacific/Wallis":{"long":["Wallis- och Futunaöarnas tid","Wallis- och Futunaöarnas tid"]},"Asia/Yakutsk":{"long":["Jakutsk, normaltid","Jakutsk, sommartid"]},"America/Whitehorse":{"long":["Yukontid","Yukontid"]},"UTC":{"long":["koordinerad universell tid","koordinerad universell tid"],"short":["UTC","UTC"]}},"gmtFormat":"GMT{0}","hourFormat":"+HH:mm;−HH:mm","dateFormat":{"full":"EEEE d MMMM y","long":"d MMMM y","medium":"d MMM y","short":"y-MM-dd"},"timeFormat":{"full":"HH:mm:ss zzzz","long":"HH:mm:ss z","medium":"HH:mm:ss","short":"HH:mm"},"dateTimeFormat":{"full":"{1} {0}","long":"{1} {0}","medium":"{1} {0}","short":"{1} {0}"},"formats":{"gregory":{"Bh":"h B","Bhm":"h:mm B","Bhms":"h:mm:ss B","d":"d","E":"ccc","EBhm":"E h:mm B","EBhms":"E h:mm:ss B","Ed":"E d","Ehm":"E h:mm a","EHm":"E HH:mm","Ehms":"E h:mm:ss a","EHms":"E HH:mm:ss","Gy":"y G","GyMd":"y-MM-dd GGGGG","GyMMM":"MMM y G","GyMMMd":"d MMM y G","GyMMMEd":"E d MMM y G","h":"h a","H":"HH","hm":"h:mm a","Hm":"HH:mm","hms":"h:mm:ss a","Hms":"HH:mm:ss","hmsv":"h:mm:ss a v","Hmsv":"HH:mm:ss v","hmv":"h:mm a v","Hmv":"HH:mm v","M":"L","Md":"d/M","MEd":"E d/M","MMd":"d/M","MMdd":"dd/MM","MMM":"LLL","MMMd":"d MMM","MMMEd":"E d MMM","MMMMd":"d MMMM","MMMMEd":"E d MMMM","ms":"mm:ss","y":"y","yM":"y-MM","yMd":"y-MM-dd","yMEd":"E, y-MM-dd","yMM":"y-MM","yMMM":"MMM y","yMMMd":"d MMM y","yMMMEd":"E d MMM y","yMMMM":"MMMM y","EEEE d MMMM y":"EEEE d MMMM y","d MMMM y":"d MMMM y","d MMM y":"d MMM y","y-MM-dd":"y-MM-dd","HH:mm:ss zzzz":"HH:mm:ss zzzz","'kl'. HH.mm.ss zzzz":"'kl'. HH.mm.ss zzzz","HH:mm:ss z":"HH:mm:ss z","HH.mm.ss z":"HH.mm.ss z","HH:mm:ss":"HH:mm:ss","HH.mm.ss":"HH.mm.ss","HH:mm":"HH:mm","HH.mm":"HH.mm","EEEE d MMMM y HH:mm:ss zzzz":"EEEE d MMMM y HH:mm:ss zzzz","d MMMM y HH:mm:ss zzzz":"d MMMM y HH:mm:ss zzzz","d MMM y HH:mm:ss zzzz":"d MMM y HH:mm:ss zzzz","y-MM-dd HH:mm:ss zzzz":"y-MM-dd HH:mm:ss zzzz","d HH:mm:ss zzzz":"d HH:mm:ss zzzz","E HH:mm:ss zzzz":"ccc HH:mm:ss zzzz","Ed HH:mm:ss zzzz":"E d HH:mm:ss zzzz","Gy HH:mm:ss zzzz":"y G HH:mm:ss zzzz","GyMd HH:mm:ss zzzz":"y-MM-dd GGGGG HH:mm:ss zzzz","GyMMM HH:mm:ss zzzz":"MMM y G HH:mm:ss zzzz","GyMMMd HH:mm:ss zzzz":"d MMM y G HH:mm:ss zzzz","GyMMMEd HH:mm:ss zzzz":"E d MMM y G HH:mm:ss zzzz","M HH:mm:ss zzzz":"L HH:mm:ss zzzz","Md HH:mm:ss zzzz":"d/M HH:mm:ss zzzz","MEd HH:mm:ss zzzz":"E d/M HH:mm:ss zzzz","MMd HH:mm:ss zzzz":"d/M HH:mm:ss zzzz","MMdd HH:mm:ss zzzz":"dd/MM HH:mm:ss zzzz","MMM HH:mm:ss zzzz":"LLL HH:mm:ss zzzz","MMMd HH:mm:ss zzzz":"d MMM HH:mm:ss zzzz","MMMEd HH:mm:ss zzzz":"E d MMM HH:mm:ss zzzz","MMMMd HH:mm:ss zzzz":"d MMMM HH:mm:ss zzzz","MMMMEd HH:mm:ss zzzz":"E d MMMM HH:mm:ss zzzz","y HH:mm:ss zzzz":"y HH:mm:ss zzzz","yM HH:mm:ss zzzz":"y-MM HH:mm:ss zzzz","yMd HH:mm:ss zzzz":"y-MM-dd HH:mm:ss zzzz","yMEd HH:mm:ss zzzz":"E, y-MM-dd HH:mm:ss zzzz","yMM HH:mm:ss zzzz":"y-MM HH:mm:ss zzzz","yMMM HH:mm:ss zzzz":"MMM y HH:mm:ss zzzz","yMMMd HH:mm:ss zzzz":"d MMM y HH:mm:ss zzzz","yMMMEd HH:mm:ss zzzz":"E d MMM y HH:mm:ss zzzz","yMMMM HH:mm:ss zzzz":"MMMM y HH:mm:ss zzzz","EEEE d MMMM y 'kl'. HH.mm.ss zzzz":"EEEE d MMMM y 'kl'. HH.mm.ss zzzz","d MMMM y 'kl'. HH.mm.ss zzzz":"d MMMM y 'kl'. HH.mm.ss zzzz","d MMM y 'kl'. HH.mm.ss zzzz":"d MMM y 'kl'. HH.mm.ss zzzz","y-MM-dd 'kl'. HH.mm.ss zzzz":"y-MM-dd 'kl'. HH.mm.ss zzzz","d 'kl'. HH.mm.ss zzzz":"d 'kl'. HH.mm.ss zzzz","E 'kl'. HH.mm.ss zzzz":"ccc 'kl'. HH.mm.ss zzzz","Ed 'kl'. HH.mm.ss zzzz":"E d 'kl'. HH.mm.ss zzzz","Gy 'kl'. HH.mm.ss zzzz":"y G 'kl'. HH.mm.ss zzzz","GyMd 'kl'. HH.mm.ss zzzz":"y-MM-dd GGGGG 'kl'. HH.mm.ss zzzz","GyMMM 'kl'. HH.mm.ss zzzz":"MMM y G 'kl'. HH.mm.ss zzzz","GyMMMd 'kl'. HH.mm.ss zzzz":"d MMM y G 'kl'. HH.mm.ss zzzz","GyMMMEd 'kl'. HH.mm.ss zzzz":"E d MMM y G 'kl'. HH.mm.ss zzzz","M 'kl'. HH.mm.ss zzzz":"L 'kl'. HH.mm.ss zzzz","Md 'kl'. HH.mm.ss zzzz":"d/M 'kl'. HH.mm.ss zzzz","MEd 'kl'. HH.mm.ss zzzz":"E d/M 'kl'. HH.mm.ss zzzz","MMd 'kl'. HH.mm.ss zzzz":"d/M 'kl'. HH.mm.ss zzzz","MMdd 'kl'. HH.mm.ss zzzz":"dd/MM 'kl'. HH.mm.ss zzzz","MMM 'kl'. HH.mm.ss zzzz":"LLL 'kl'. HH.mm.ss zzzz","MMMd 'kl'. HH.mm.ss zzzz":"d MMM 'kl'. HH.mm.ss zzzz","MMMEd 'kl'. HH.mm.ss zzzz":"E d MMM 'kl'. HH.mm.ss zzzz","MMMMd 'kl'. HH.mm.ss zzzz":"d MMMM 'kl'. HH.mm.ss zzzz","MMMMEd 'kl'. HH.mm.ss zzzz":"E d MMMM 'kl'. HH.mm.ss zzzz","y 'kl'. HH.mm.ss zzzz":"y 'kl'. HH.mm.ss zzzz","yM 'kl'. HH.mm.ss zzzz":"y-MM 'kl'. HH.mm.ss zzzz","yMd 'kl'. HH.mm.ss zzzz":"y-MM-dd 'kl'. HH.mm.ss zzzz","yMEd 'kl'. HH.mm.ss zzzz":"E, y-MM-dd 'kl'. HH.mm.ss zzzz","yMM 'kl'. HH.mm.ss zzzz":"y-MM 'kl'. HH.mm.ss zzzz","yMMM 'kl'. HH.mm.ss zzzz":"MMM y 'kl'. HH.mm.ss zzzz","yMMMd 'kl'. HH.mm.ss zzzz":"d MMM y 'kl'. HH.mm.ss zzzz","yMMMEd 'kl'. HH.mm.ss zzzz":"E d MMM y 'kl'. HH.mm.ss zzzz","yMMMM 'kl'. HH.mm.ss zzzz":"MMMM y 'kl'. HH.mm.ss zzzz","EEEE d MMMM y HH:mm:ss z":"EEEE d MMMM y HH:mm:ss z","d MMMM y HH:mm:ss z":"d MMMM y HH:mm:ss z","d MMM y HH:mm:ss z":"d MMM y HH:mm:ss z","y-MM-dd HH:mm:ss z":"y-MM-dd HH:mm:ss z","d HH:mm:ss z":"d HH:mm:ss z","E HH:mm:ss z":"ccc HH:mm:ss z","Ed HH:mm:ss z":"E d HH:mm:ss z","Gy HH:mm:ss z":"y G HH:mm:ss z","GyMd HH:mm:ss z":"y-MM-dd GGGGG HH:mm:ss z","GyMMM HH:mm:ss z":"MMM y G HH:mm:ss z","GyMMMd HH:mm:ss z":"d MMM y G HH:mm:ss z","GyMMMEd HH:mm:ss z":"E d MMM y G HH:mm:ss z","M HH:mm:ss z":"L HH:mm:ss z","Md HH:mm:ss z":"d/M HH:mm:ss z","MEd HH:mm:ss z":"E d/M HH:mm:ss z","MMd HH:mm:ss z":"d/M HH:mm:ss z","MMdd HH:mm:ss z":"dd/MM HH:mm:ss z","MMM HH:mm:ss z":"LLL HH:mm:ss z","MMMd HH:mm:ss z":"d MMM HH:mm:ss z","MMMEd HH:mm:ss z":"E d MMM HH:mm:ss z","MMMMd HH:mm:ss z":"d MMMM HH:mm:ss z","MMMMEd HH:mm:ss z":"E d MMMM HH:mm:ss z","y HH:mm:ss z":"y HH:mm:ss z","yM HH:mm:ss z":"y-MM HH:mm:ss z","yMd HH:mm:ss z":"y-MM-dd HH:mm:ss z","yMEd HH:mm:ss z":"E, y-MM-dd HH:mm:ss z","yMM HH:mm:ss z":"y-MM HH:mm:ss z","yMMM HH:mm:ss z":"MMM y HH:mm:ss z","yMMMd HH:mm:ss z":"d MMM y HH:mm:ss z","yMMMEd HH:mm:ss z":"E d MMM y HH:mm:ss z","yMMMM HH:mm:ss z":"MMMM y HH:mm:ss z","EEEE d MMMM y HH.mm.ss z":"EEEE d MMMM y HH.mm.ss z","d MMMM y HH.mm.ss z":"d MMMM y HH.mm.ss z","d MMM y HH.mm.ss z":"d MMM y HH.mm.ss z","y-MM-dd HH.mm.ss z":"y-MM-dd HH.mm.ss z","d HH.mm.ss z":"d HH.mm.ss z","E HH.mm.ss z":"ccc HH.mm.ss z","Ed HH.mm.ss z":"E d HH.mm.ss z","Gy HH.mm.ss z":"y G HH.mm.ss z","GyMd HH.mm.ss z":"y-MM-dd GGGGG HH.mm.ss z","GyMMM HH.mm.ss z":"MMM y G HH.mm.ss z","GyMMMd HH.mm.ss z":"d MMM y G HH.mm.ss z","GyMMMEd HH.mm.ss z":"E d MMM y G HH.mm.ss z","M HH.mm.ss z":"L HH.mm.ss z","Md HH.mm.ss z":"d/M HH.mm.ss z","MEd HH.mm.ss z":"E d/M HH.mm.ss z","MMd HH.mm.ss z":"d/M HH.mm.ss z","MMdd HH.mm.ss z":"dd/MM HH.mm.ss z","MMM HH.mm.ss z":"LLL HH.mm.ss z","MMMd HH.mm.ss z":"d MMM HH.mm.ss z","MMMEd HH.mm.ss z":"E d MMM HH.mm.ss z","MMMMd HH.mm.ss z":"d MMMM HH.mm.ss z","MMMMEd HH.mm.ss z":"E d MMMM HH.mm.ss z","y HH.mm.ss z":"y HH.mm.ss z","yM HH.mm.ss z":"y-MM HH.mm.ss z","yMd HH.mm.ss z":"y-MM-dd HH.mm.ss z","yMEd HH.mm.ss z":"E, y-MM-dd HH.mm.ss z","yMM HH.mm.ss z":"y-MM HH.mm.ss z","yMMM HH.mm.ss z":"MMM y HH.mm.ss z","yMMMd HH.mm.ss z":"d MMM y HH.mm.ss z","yMMMEd HH.mm.ss z":"E d MMM y HH.mm.ss z","yMMMM HH.mm.ss z":"MMMM y HH.mm.ss z","EEEE d MMMM y HH:mm:ss":"EEEE d MMMM y HH:mm:ss","d MMMM y HH:mm:ss":"d MMMM y HH:mm:ss","d MMM y HH:mm:ss":"d MMM y HH:mm:ss","y-MM-dd HH:mm:ss":"y-MM-dd HH:mm:ss","d HH:mm:ss":"d HH:mm:ss","E HH:mm:ss":"ccc HH:mm:ss","Ed HH:mm:ss":"E d HH:mm:ss","Gy HH:mm:ss":"y G HH:mm:ss","GyMd HH:mm:ss":"y-MM-dd GGGGG HH:mm:ss","GyMMM HH:mm:ss":"MMM y G HH:mm:ss","GyMMMd HH:mm:ss":"d MMM y G HH:mm:ss","GyMMMEd HH:mm:ss":"E d MMM y G HH:mm:ss","M HH:mm:ss":"L HH:mm:ss","Md HH:mm:ss":"d/M HH:mm:ss","MEd HH:mm:ss":"E d/M HH:mm:ss","MMd HH:mm:ss":"d/M HH:mm:ss","MMdd HH:mm:ss":"dd/MM HH:mm:ss","MMM HH:mm:ss":"LLL HH:mm:ss","MMMd HH:mm:ss":"d MMM HH:mm:ss","MMMEd HH:mm:ss":"E d MMM HH:mm:ss","MMMMd HH:mm:ss":"d MMMM HH:mm:ss","MMMMEd HH:mm:ss":"E d MMMM HH:mm:ss","y HH:mm:ss":"y HH:mm:ss","yM HH:mm:ss":"y-MM HH:mm:ss","yMd HH:mm:ss":"y-MM-dd HH:mm:ss","yMEd HH:mm:ss":"E, y-MM-dd HH:mm:ss","yMM HH:mm:ss":"y-MM HH:mm:ss","yMMM HH:mm:ss":"MMM y HH:mm:ss","yMMMd HH:mm:ss":"d MMM y HH:mm:ss","yMMMEd HH:mm:ss":"E d MMM y HH:mm:ss","yMMMM HH:mm:ss":"MMMM y HH:mm:ss","EEEE d MMMM y HH.mm.ss":"EEEE d MMMM y HH.mm.ss","d MMMM y HH.mm.ss":"d MMMM y HH.mm.ss","d MMM y HH.mm.ss":"d MMM y HH.mm.ss","y-MM-dd HH.mm.ss":"y-MM-dd HH.mm.ss","d HH.mm.ss":"d HH.mm.ss","E HH.mm.ss":"ccc HH.mm.ss","Ed HH.mm.ss":"E d HH.mm.ss","Gy HH.mm.ss":"y G HH.mm.ss","GyMd HH.mm.ss":"y-MM-dd GGGGG HH.mm.ss","GyMMM HH.mm.ss":"MMM y G HH.mm.ss","GyMMMd HH.mm.ss":"d MMM y G HH.mm.ss","GyMMMEd HH.mm.ss":"E d MMM y G HH.mm.ss","M HH.mm.ss":"L HH.mm.ss","Md HH.mm.ss":"d/M HH.mm.ss","MEd HH.mm.ss":"E d/M HH.mm.ss","MMd HH.mm.ss":"d/M HH.mm.ss","MMdd HH.mm.ss":"dd/MM HH.mm.ss","MMM HH.mm.ss":"LLL HH.mm.ss","MMMd HH.mm.ss":"d MMM HH.mm.ss","MMMEd HH.mm.ss":"E d MMM HH.mm.ss","MMMMd HH.mm.ss":"d MMMM HH.mm.ss","MMMMEd HH.mm.ss":"E d MMMM HH.mm.ss","y HH.mm.ss":"y HH.mm.ss","yM HH.mm.ss":"y-MM HH.mm.ss","yMd HH.mm.ss":"y-MM-dd HH.mm.ss","yMEd HH.mm.ss":"E, y-MM-dd HH.mm.ss","yMM HH.mm.ss":"y-MM HH.mm.ss","yMMM HH.mm.ss":"MMM y HH.mm.ss","yMMMd HH.mm.ss":"d MMM y HH.mm.ss","yMMMEd HH.mm.ss":"E d MMM y HH.mm.ss","yMMMM HH.mm.ss":"MMMM y HH.mm.ss","EEEE d MMMM y HH:mm":"EEEE d MMMM y HH:mm","d MMMM y HH:mm":"d MMMM y HH:mm","d MMM y HH:mm":"d MMM y HH:mm","y-MM-dd HH:mm":"y-MM-dd HH:mm","d HH:mm":"d HH:mm","E HH:mm":"ccc HH:mm","Ed HH:mm":"E d HH:mm","Gy HH:mm":"y G HH:mm","GyMd HH:mm":"y-MM-dd GGGGG HH:mm","GyMMM HH:mm":"MMM y G HH:mm","GyMMMd HH:mm":"d MMM y G HH:mm","GyMMMEd HH:mm":"E d MMM y G HH:mm","M HH:mm":"L HH:mm","Md HH:mm":"d/M HH:mm","MEd HH:mm":"E d/M HH:mm","MMd HH:mm":"d/M HH:mm","MMdd HH:mm":"dd/MM HH:mm","MMM HH:mm":"LLL HH:mm","MMMd HH:mm":"d MMM HH:mm","MMMEd HH:mm":"E d MMM HH:mm","MMMMd HH:mm":"d MMMM HH:mm","MMMMEd HH:mm":"E d MMMM HH:mm","y HH:mm":"y HH:mm","yM HH:mm":"y-MM HH:mm","yMd HH:mm":"y-MM-dd HH:mm","yMEd HH:mm":"E, y-MM-dd HH:mm","yMM HH:mm":"y-MM HH:mm","yMMM HH:mm":"MMM y HH:mm","yMMMd HH:mm":"d MMM y HH:mm","yMMMEd HH:mm":"E d MMM y HH:mm","yMMMM HH:mm":"MMMM y HH:mm","EEEE d MMMM y HH.mm":"EEEE d MMMM y HH.mm","d MMMM y HH.mm":"d MMMM y HH.mm","d MMM y HH.mm":"d MMM y HH.mm","y-MM-dd HH.mm":"y-MM-dd HH.mm","d HH.mm":"d HH.mm","E HH.mm":"ccc HH.mm","Ed HH.mm":"E d HH.mm","Gy HH.mm":"y G HH.mm","GyMd HH.mm":"y-MM-dd GGGGG HH.mm","GyMMM HH.mm":"MMM y G HH.mm","GyMMMd HH.mm":"d MMM y G HH.mm","GyMMMEd HH.mm":"E d MMM y G HH.mm","M HH.mm":"L HH.mm","Md HH.mm":"d/M HH.mm","MEd HH.mm":"E d/M HH.mm","MMd HH.mm":"d/M HH.mm","MMdd HH.mm":"dd/MM HH.mm","MMM HH.mm":"LLL HH.mm","MMMd HH.mm":"d MMM HH.mm","MMMEd HH.mm":"E d MMM HH.mm","MMMMd HH.mm":"d MMMM HH.mm","MMMMEd HH.mm":"E d MMMM HH.mm","y HH.mm":"y HH.mm","yM HH.mm":"y-MM HH.mm","yMd HH.mm":"y-MM-dd HH.mm","yMEd HH.mm":"E, y-MM-dd HH.mm","yMM HH.mm":"y-MM HH.mm","yMMM HH.mm":"MMM y HH.mm","yMMMd HH.mm":"d MMM y HH.mm","yMMMEd HH.mm":"E d MMM y HH.mm","yMMMM HH.mm":"MMMM y HH.mm","EEEE d MMMM y Bh":"EEEE d MMMM y h B","d MMMM y Bh":"d MMMM y h B","d MMM y Bh":"d MMM y h B","y-MM-dd Bh":"y-MM-dd h B","d Bh":"d h B","E Bh":"ccc h B","Ed Bh":"E d h B","Gy Bh":"y G h B","GyMd Bh":"y-MM-dd GGGGG h B","GyMMM Bh":"MMM y G h B","GyMMMd Bh":"d MMM y G h B","GyMMMEd Bh":"E d MMM y G h B","M Bh":"L h B","Md Bh":"d/M h B","MEd Bh":"E d/M h B","MMd Bh":"d/M h B","MMdd Bh":"dd/MM h B","MMM Bh":"LLL h B","MMMd Bh":"d MMM h B","MMMEd Bh":"E d MMM h B","MMMMd Bh":"d MMMM h B","MMMMEd Bh":"E d MMMM h B","y Bh":"y h B","yM Bh":"y-MM h B","yMd Bh":"y-MM-dd h B","yMEd Bh":"E, y-MM-dd h B","yMM Bh":"y-MM h B","yMMM Bh":"MMM y h B","yMMMd Bh":"d MMM y h B","yMMMEd Bh":"E d MMM y h B","yMMMM Bh":"MMMM y h B","EEEE d MMMM y Bhm":"EEEE d MMMM y h:mm B","d MMMM y Bhm":"d MMMM y h:mm B","d MMM y Bhm":"d MMM y h:mm B","y-MM-dd Bhm":"y-MM-dd h:mm B","d Bhm":"d h:mm B","E Bhm":"ccc h:mm B","Ed Bhm":"E d h:mm B","Gy Bhm":"y G h:mm B","GyMd Bhm":"y-MM-dd GGGGG h:mm B","GyMMM Bhm":"MMM y G h:mm B","GyMMMd Bhm":"d MMM y G h:mm B","GyMMMEd Bhm":"E d MMM y G h:mm B","M Bhm":"L h:mm B","Md Bhm":"d/M h:mm B","MEd Bhm":"E d/M h:mm B","MMd Bhm":"d/M h:mm B","MMdd Bhm":"dd/MM h:mm B","MMM Bhm":"LLL h:mm B","MMMd Bhm":"d MMM h:mm B","MMMEd Bhm":"E d MMM h:mm B","MMMMd Bhm":"d MMMM h:mm B","MMMMEd Bhm":"E d MMMM h:mm B","y Bhm":"y h:mm B","yM Bhm":"y-MM h:mm B","yMd Bhm":"y-MM-dd h:mm B","yMEd Bhm":"E, y-MM-dd h:mm B","yMM Bhm":"y-MM h:mm B","yMMM Bhm":"MMM y h:mm B","yMMMd Bhm":"d MMM y h:mm B","yMMMEd Bhm":"E d MMM y h:mm B","yMMMM Bhm":"MMMM y h:mm B","EEEE d MMMM y Bhms":"EEEE d MMMM y h:mm:ss B","d MMMM y Bhms":"d MMMM y h:mm:ss B","d MMM y Bhms":"d MMM y h:mm:ss B","y-MM-dd Bhms":"y-MM-dd h:mm:ss B","d Bhms":"d h:mm:ss B","E Bhms":"ccc h:mm:ss B","Ed Bhms":"E d h:mm:ss B","Gy Bhms":"y G h:mm:ss B","GyMd Bhms":"y-MM-dd GGGGG h:mm:ss B","GyMMM Bhms":"MMM y G h:mm:ss B","GyMMMd Bhms":"d MMM y G h:mm:ss B","GyMMMEd Bhms":"E d MMM y G h:mm:ss B","M Bhms":"L h:mm:ss B","Md Bhms":"d/M h:mm:ss B","MEd Bhms":"E d/M h:mm:ss B","MMd Bhms":"d/M h:mm:ss B","MMdd Bhms":"dd/MM h:mm:ss B","MMM Bhms":"LLL h:mm:ss B","MMMd Bhms":"d MMM h:mm:ss B","MMMEd Bhms":"E d MMM h:mm:ss B","MMMMd Bhms":"d MMMM h:mm:ss B","MMMMEd Bhms":"E d MMMM h:mm:ss B","y Bhms":"y h:mm:ss B","yM Bhms":"y-MM h:mm:ss B","yMd Bhms":"y-MM-dd h:mm:ss B","yMEd Bhms":"E, y-MM-dd h:mm:ss B","yMM Bhms":"y-MM h:mm:ss B","yMMM Bhms":"MMM y h:mm:ss B","yMMMd Bhms":"d MMM y h:mm:ss B","yMMMEd Bhms":"E d MMM y h:mm:ss B","yMMMM Bhms":"MMMM y h:mm:ss B","EEEE d MMMM y h":"EEEE d MMMM y h a","d MMMM y h":"d MMMM y h a","d MMM y h":"d MMM y h a","y-MM-dd h":"y-MM-dd h a","d h":"d h a","E h":"ccc h a","Ed h":"E d h a","Gy h":"y G h a","GyMd h":"y-MM-dd GGGGG h a","GyMMM h":"MMM y G h a","GyMMMd h":"d MMM y G h a","GyMMMEd h":"E d MMM y G h a","M h":"L h a","Md h":"d/M h a","MEd h":"E d/M h a","MMd h":"d/M h a","MMdd h":"dd/MM h a","MMM h":"LLL h a","MMMd h":"d MMM h a","MMMEd h":"E d MMM h a","MMMMd h":"d MMMM h a","MMMMEd h":"E d MMMM h a","y h":"y h a","yM h":"y-MM h a","yMd h":"y-MM-dd h a","yMEd h":"E, y-MM-dd h a","yMM h":"y-MM h a","yMMM h":"MMM y h a","yMMMd h":"d MMM y h a","yMMMEd h":"E d MMM y h a","yMMMM h":"MMMM y h a","EEEE d MMMM y H":"EEEE d MMMM y HH","d MMMM y H":"d MMMM y HH","d MMM y H":"d MMM y HH","y-MM-dd H":"y-MM-dd HH","d H":"d HH","E H":"ccc HH","Ed H":"E d HH","Gy H":"y G HH","GyMd H":"y-MM-dd GGGGG HH","GyMMM H":"MMM y G HH","GyMMMd H":"d MMM y G HH","GyMMMEd H":"E d MMM y G HH","M H":"L HH","Md H":"d/M HH","MEd H":"E d/M HH","MMd H":"d/M HH","MMdd H":"dd/MM HH","MMM H":"LLL HH","MMMd H":"d MMM HH","MMMEd H":"E d MMM HH","MMMMd H":"d MMMM HH","MMMMEd H":"E d MMMM HH","y H":"y HH","yM H":"y-MM HH","yMd H":"y-MM-dd HH","yMEd H":"E, y-MM-dd HH","yMM H":"y-MM HH","yMMM H":"MMM y HH","yMMMd H":"d MMM y HH","yMMMEd H":"E d MMM y HH","yMMMM H":"MMMM y HH","EEEE d MMMM y hm":"EEEE d MMMM y h:mm a","d MMMM y hm":"d MMMM y h:mm a","d MMM y hm":"d MMM y h:mm a","y-MM-dd hm":"y-MM-dd h:mm a","d hm":"d h:mm a","E hm":"ccc h:mm a","Ed hm":"E d h:mm a","Gy hm":"y G h:mm a","GyMd hm":"y-MM-dd GGGGG h:mm a","GyMMM hm":"MMM y G h:mm a","GyMMMd hm":"d MMM y G h:mm a","GyMMMEd hm":"E d MMM y G h:mm a","M hm":"L h:mm a","Md hm":"d/M h:mm a","MEd hm":"E d/M h:mm a","MMd hm":"d/M h:mm a","MMdd hm":"dd/MM h:mm a","MMM hm":"LLL h:mm a","MMMd hm":"d MMM h:mm a","MMMEd hm":"E d MMM h:mm a","MMMMd hm":"d MMMM h:mm a","MMMMEd hm":"E d MMMM h:mm a","y hm":"y h:mm a","yM hm":"y-MM h:mm a","yMd hm":"y-MM-dd h:mm a","yMEd hm":"E, y-MM-dd h:mm a","yMM hm":"y-MM h:mm a","yMMM hm":"MMM y h:mm a","yMMMd hm":"d MMM y h:mm a","yMMMEd hm":"E d MMM y h:mm a","yMMMM hm":"MMMM y h:mm a","EEEE d MMMM y Hm":"EEEE d MMMM y HH:mm","d MMMM y Hm":"d MMMM y HH:mm","d MMM y Hm":"d MMM y HH:mm","y-MM-dd Hm":"y-MM-dd HH:mm","d Hm":"d HH:mm","E Hm":"ccc HH:mm","Ed Hm":"E d HH:mm","Gy Hm":"y G HH:mm","GyMd Hm":"y-MM-dd GGGGG HH:mm","GyMMM Hm":"MMM y G HH:mm","GyMMMd Hm":"d MMM y G HH:mm","GyMMMEd Hm":"E d MMM y G HH:mm","M Hm":"L HH:mm","Md Hm":"d/M HH:mm","MEd Hm":"E d/M HH:mm","MMd Hm":"d/M HH:mm","MMdd Hm":"dd/MM HH:mm","MMM Hm":"LLL HH:mm","MMMd Hm":"d MMM HH:mm","MMMEd Hm":"E d MMM HH:mm","MMMMd Hm":"d MMMM HH:mm","MMMMEd Hm":"E d MMMM HH:mm","y Hm":"y HH:mm","yM Hm":"y-MM HH:mm","yMd Hm":"y-MM-dd HH:mm","yMEd Hm":"E, y-MM-dd HH:mm","yMM Hm":"y-MM HH:mm","yMMM Hm":"MMM y HH:mm","yMMMd Hm":"d MMM y HH:mm","yMMMEd Hm":"E d MMM y HH:mm","yMMMM Hm":"MMMM y HH:mm","EEEE d MMMM y hms":"EEEE d MMMM y h:mm:ss a","d MMMM y hms":"d MMMM y h:mm:ss a","d MMM y hms":"d MMM y h:mm:ss a","y-MM-dd hms":"y-MM-dd h:mm:ss a","d hms":"d h:mm:ss a","E hms":"ccc h:mm:ss a","Ed hms":"E d h:mm:ss a","Gy hms":"y G h:mm:ss a","GyMd hms":"y-MM-dd GGGGG h:mm:ss a","GyMMM hms":"MMM y G h:mm:ss a","GyMMMd hms":"d MMM y G h:mm:ss a","GyMMMEd hms":"E d MMM y G h:mm:ss a","M hms":"L h:mm:ss a","Md hms":"d/M h:mm:ss a","MEd hms":"E d/M h:mm:ss a","MMd hms":"d/M h:mm:ss a","MMdd hms":"dd/MM h:mm:ss a","MMM hms":"LLL h:mm:ss a","MMMd hms":"d MMM h:mm:ss a","MMMEd hms":"E d MMM h:mm:ss a","MMMMd hms":"d MMMM h:mm:ss a","MMMMEd hms":"E d MMMM h:mm:ss a","y hms":"y h:mm:ss a","yM hms":"y-MM h:mm:ss a","yMd hms":"y-MM-dd h:mm:ss a","yMEd hms":"E, y-MM-dd h:mm:ss a","yMM hms":"y-MM h:mm:ss a","yMMM hms":"MMM y h:mm:ss a","yMMMd hms":"d MMM y h:mm:ss a","yMMMEd hms":"E d MMM y h:mm:ss a","yMMMM hms":"MMMM y h:mm:ss a","EEEE d MMMM y Hms":"EEEE d MMMM y HH:mm:ss","d MMMM y Hms":"d MMMM y HH:mm:ss","d MMM y Hms":"d MMM y HH:mm:ss","y-MM-dd Hms":"y-MM-dd HH:mm:ss","d Hms":"d HH:mm:ss","E Hms":"ccc HH:mm:ss","Ed Hms":"E d HH:mm:ss","Gy Hms":"y G HH:mm:ss","GyMd Hms":"y-MM-dd GGGGG HH:mm:ss","GyMMM Hms":"MMM y G HH:mm:ss","GyMMMd Hms":"d MMM y G HH:mm:ss","GyMMMEd Hms":"E d MMM y G HH:mm:ss","M Hms":"L HH:mm:ss","Md Hms":"d/M HH:mm:ss","MEd Hms":"E d/M HH:mm:ss","MMd Hms":"d/M HH:mm:ss","MMdd Hms":"dd/MM HH:mm:ss","MMM Hms":"LLL HH:mm:ss","MMMd Hms":"d MMM HH:mm:ss","MMMEd Hms":"E d MMM HH:mm:ss","MMMMd Hms":"d MMMM HH:mm:ss","MMMMEd Hms":"E d MMMM HH:mm:ss","y Hms":"y HH:mm:ss","yM Hms":"y-MM HH:mm:ss","yMd Hms":"y-MM-dd HH:mm:ss","yMEd Hms":"E, y-MM-dd HH:mm:ss","yMM Hms":"y-MM HH:mm:ss","yMMM Hms":"MMM y HH:mm:ss","yMMMd Hms":"d MMM y HH:mm:ss","yMMMEd Hms":"E d MMM y HH:mm:ss","yMMMM Hms":"MMMM y HH:mm:ss","EEEE d MMMM y hmsv":"EEEE d MMMM y h:mm:ss a v","d MMMM y hmsv":"d MMMM y h:mm:ss a v","d MMM y hmsv":"d MMM y h:mm:ss a v","y-MM-dd hmsv":"y-MM-dd h:mm:ss a v","d hmsv":"d h:mm:ss a v","E hmsv":"ccc h:mm:ss a v","Ed hmsv":"E d h:mm:ss a v","Gy hmsv":"y G h:mm:ss a v","GyMd hmsv":"y-MM-dd GGGGG h:mm:ss a v","GyMMM hmsv":"MMM y G h:mm:ss a v","GyMMMd hmsv":"d MMM y G h:mm:ss a v","GyMMMEd hmsv":"E d MMM y G h:mm:ss a v","M hmsv":"L h:mm:ss a v","Md hmsv":"d/M h:mm:ss a v","MEd hmsv":"E d/M h:mm:ss a v","MMd hmsv":"d/M h:mm:ss a v","MMdd hmsv":"dd/MM h:mm:ss a v","MMM hmsv":"LLL h:mm:ss a v","MMMd hmsv":"d MMM h:mm:ss a v","MMMEd hmsv":"E d MMM h:mm:ss a v","MMMMd hmsv":"d MMMM h:mm:ss a v","MMMMEd hmsv":"E d MMMM h:mm:ss a v","y hmsv":"y h:mm:ss a v","yM hmsv":"y-MM h:mm:ss a v","yMd hmsv":"y-MM-dd h:mm:ss a v","yMEd hmsv":"E, y-MM-dd h:mm:ss a v","yMM hmsv":"y-MM h:mm:ss a v","yMMM hmsv":"MMM y h:mm:ss a v","yMMMd hmsv":"d MMM y h:mm:ss a v","yMMMEd hmsv":"E d MMM y h:mm:ss a v","yMMMM hmsv":"MMMM y h:mm:ss a v","EEEE d MMMM y Hmsv":"EEEE d MMMM y HH:mm:ss v","d MMMM y Hmsv":"d MMMM y HH:mm:ss v","d MMM y Hmsv":"d MMM y HH:mm:ss v","y-MM-dd Hmsv":"y-MM-dd HH:mm:ss v","d Hmsv":"d HH:mm:ss v","E Hmsv":"ccc HH:mm:ss v","Ed Hmsv":"E d HH:mm:ss v","Gy Hmsv":"y G HH:mm:ss v","GyMd Hmsv":"y-MM-dd GGGGG HH:mm:ss v","GyMMM Hmsv":"MMM y G HH:mm:ss v","GyMMMd Hmsv":"d MMM y G HH:mm:ss v","GyMMMEd Hmsv":"E d MMM y G HH:mm:ss v","M Hmsv":"L HH:mm:ss v","Md Hmsv":"d/M HH:mm:ss v","MEd Hmsv":"E d/M HH:mm:ss v","MMd Hmsv":"d/M HH:mm:ss v","MMdd Hmsv":"dd/MM HH:mm:ss v","MMM Hmsv":"LLL HH:mm:ss v","MMMd Hmsv":"d MMM HH:mm:ss v","MMMEd Hmsv":"E d MMM HH:mm:ss v","MMMMd Hmsv":"d MMMM HH:mm:ss v","MMMMEd Hmsv":"E d MMMM HH:mm:ss v","y Hmsv":"y HH:mm:ss v","yM Hmsv":"y-MM HH:mm:ss v","yMd Hmsv":"y-MM-dd HH:mm:ss v","yMEd Hmsv":"E, y-MM-dd HH:mm:ss v","yMM Hmsv":"y-MM HH:mm:ss v","yMMM Hmsv":"MMM y HH:mm:ss v","yMMMd Hmsv":"d MMM y HH:mm:ss v","yMMMEd Hmsv":"E d MMM y HH:mm:ss v","yMMMM Hmsv":"MMMM y HH:mm:ss v","EEEE d MMMM y hmv":"EEEE d MMMM y h:mm a v","d MMMM y hmv":"d MMMM y h:mm a v","d MMM y hmv":"d MMM y h:mm a v","y-MM-dd hmv":"y-MM-dd h:mm a v","d hmv":"d h:mm a v","E hmv":"ccc h:mm a v","Ed hmv":"E d h:mm a v","Gy hmv":"y G h:mm a v","GyMd hmv":"y-MM-dd GGGGG h:mm a v","GyMMM hmv":"MMM y G h:mm a v","GyMMMd hmv":"d MMM y G h:mm a v","GyMMMEd hmv":"E d MMM y G h:mm a v","M hmv":"L h:mm a v","Md hmv":"d/M h:mm a v","MEd hmv":"E d/M h:mm a v","MMd hmv":"d/M h:mm a v","MMdd hmv":"dd/MM h:mm a v","MMM hmv":"LLL h:mm a v","MMMd hmv":"d MMM h:mm a v","MMMEd hmv":"E d MMM h:mm a v","MMMMd hmv":"d MMMM h:mm a v","MMMMEd hmv":"E d MMMM h:mm a v","y hmv":"y h:mm a v","yM hmv":"y-MM h:mm a v","yMd hmv":"y-MM-dd h:mm a v","yMEd hmv":"E, y-MM-dd h:mm a v","yMM hmv":"y-MM h:mm a v","yMMM hmv":"MMM y h:mm a v","yMMMd hmv":"d MMM y h:mm a v","yMMMEd hmv":"E d MMM y h:mm a v","yMMMM hmv":"MMMM y h:mm a v","EEEE d MMMM y Hmv":"EEEE d MMMM y HH:mm v","d MMMM y Hmv":"d MMMM y HH:mm v","d MMM y Hmv":"d MMM y HH:mm v","y-MM-dd Hmv":"y-MM-dd HH:mm v","d Hmv":"d HH:mm v","E Hmv":"ccc HH:mm v","Ed Hmv":"E d HH:mm v","Gy Hmv":"y G HH:mm v","GyMd Hmv":"y-MM-dd GGGGG HH:mm v","GyMMM Hmv":"MMM y G HH:mm v","GyMMMd Hmv":"d MMM y G HH:mm v","GyMMMEd Hmv":"E d MMM y G HH:mm v","M Hmv":"L HH:mm v","Md Hmv":"d/M HH:mm v","MEd Hmv":"E d/M HH:mm v","MMd Hmv":"d/M HH:mm v","MMdd Hmv":"dd/MM HH:mm v","MMM Hmv":"LLL HH:mm v","MMMd Hmv":"d MMM HH:mm v","MMMEd Hmv":"E d MMM HH:mm v","MMMMd Hmv":"d MMMM HH:mm v","MMMMEd Hmv":"E d MMMM HH:mm v","y Hmv":"y HH:mm v","yM Hmv":"y-MM HH:mm v","yMd Hmv":"y-MM-dd HH:mm v","yMEd Hmv":"E, y-MM-dd HH:mm v","yMM Hmv":"y-MM HH:mm v","yMMM Hmv":"MMM y HH:mm v","yMMMd Hmv":"d MMM y HH:mm v","yMMMEd Hmv":"E d MMM y HH:mm v","yMMMM Hmv":"MMMM y HH:mm v","EEEE d MMMM y ms":"EEEE d MMMM y mm:ss","d MMMM y ms":"d MMMM y mm:ss","d MMM y ms":"d MMM y mm:ss","y-MM-dd ms":"y-MM-dd mm:ss","d ms":"d mm:ss","E ms":"ccc mm:ss","Ed ms":"E d mm:ss","Gy ms":"y G mm:ss","GyMd ms":"y-MM-dd GGGGG mm:ss","GyMMM ms":"MMM y G mm:ss","GyMMMd ms":"d MMM y G mm:ss","GyMMMEd ms":"E d MMM y G mm:ss","M ms":"L mm:ss","Md ms":"d/M mm:ss","MEd ms":"E d/M mm:ss","MMd ms":"d/M mm:ss","MMdd ms":"dd/MM mm:ss","MMM ms":"LLL mm:ss","MMMd ms":"d MMM mm:ss","MMMEd ms":"E d MMM mm:ss","MMMMd ms":"d MMMM mm:ss","MMMMEd ms":"E d MMMM mm:ss","y ms":"y mm:ss","yM ms":"y-MM mm:ss","yMd ms":"y-MM-dd mm:ss","yMEd ms":"E, y-MM-dd mm:ss","yMM ms":"y-MM mm:ss","yMMM ms":"MMM y mm:ss","yMMMd ms":"d MMM y mm:ss","yMMMEd ms":"E d MMM y mm:ss","yMMMM ms":"MMMM y mm:ss"}},"intervalFormats":{"intervalFormatFallback":"{0} – {1}","Bh":{"B":"h B–h B","h":"h–h B"},"Bhm":{"B":"h:mm B–h:mm B","h":"hh:mm – hh:mm B","m":"hh:mm – hh:mm B"},"d":{"d":"d–d"},"Gy":{"G":"y G – y G","y":"y–y G"},"GyM":{"G":"M/y GGGGG–M/y GGGGG","M":"M/y–M/y GGGGG","y":"M/y–M/y GGGGG"},"GyMd":{"d":"d/M/y–d/M/y GGGGG","G":"d/M/y GGGGG–d/M/y GGGGG","M":"d/M/y–d/M/y GGGGG","y":"d/M/y–d/M/y GGGGG"},"GyMEd":{"d":"E, d/M/y–E, d/M/y GGGGG","G":"E, d/M/y GGGGG–E, d/M/y GGGGG","M":"E, d/M/y–E, d/M/y GGGGG","y":"E, d/M/y–E, d/M/y GGGGG"},"GyMMM":{"G":"MMM y G – MMM y G","M":"MMM – MMM y G","y":"MMM y – MMM y G"},"GyMMMd":{"d":"d–d MMM y G","G":"d MMM y G – d MMM y G","M":"d MMM – d MMM y G","y":"d MMM y G – d MMM y"},"GyMMMEd":{"d":"E d MMM y G – E d MMM","G":"d MMM y G, E – d MMM y G, E","M":"E d MMM y G – E d MMM","y":"E d MMM y G – E d MMM y"},"h":{"a":"h a – h a","h":"h–h a"},"H":{"H":"HH–HH"},"hm":{"a":"h:mm a – h:mm a","h":"h:mm–h:mm a","m":"h:mm–h:mm a"},"Hm":{"H":"HH:mm–HH:mm","m":"HH:mm–HH:mm"},"hmv":{"a":"h:mm a – h:mm a v","h":"h:mm–h:mm a v","m":"h:mm–h:mm a v"},"Hmv":{"H":"HH:mm–HH:mm v","m":"HH:mm–HH:mm v"},"hv":{"a":"h a – h a v","h":"h–h a v"},"Hv":{"H":"HH–HH v"},"M":{"M":"M–M"},"Md":{"d":"d–d/M","M":"d/M–d/M"},"MEd":{"d":"E d/M – E d/M","M":"E d/M – E d/M"},"MMM":{"M":"MMM–MMM"},"MMMd":{"d":"d–d MMM","M":"d MMM – d MMM"},"MMMEd":{"d":"E d – E d MMM","M":"E d MMM – E d MMM"},"y":{"y":"y–y"},"yM":{"M":"y-MM – MM","y":"y-MM – y-MM"},"yMd":{"d":"y-MM-dd – dd","M":"y-MM-dd – MM-dd","y":"y-MM-dd – y-MM-dd"},"yMEd":{"d":"E, y-MM-dd – E, y-MM-dd","M":"E, y-MM-dd – E, y-MM-dd","y":"E, y-MM-dd – E, y-MM-dd"},"yMMM":{"M":"MMM–MMM y","y":"MMM y – MMM y"},"yMMMd":{"d":"d–d MMM y","M":"d MMM–d MMM y","y":"d MMM y–d MMM y"},"yMMMEd":{"d":"E dd MMM–E dd MMM y","M":"E dd MMM–E dd MMM y","y":"E dd MMM y–E dd MMM y"},"yMMMM":{"M":"MMMM–MMMM y","y":"MMMM y – MMMM y"}},"hourCycle":"h23","nu":["latn"],"ca":["gregory"],"hc":["h23"]},"locale":"sv"}