{"data":{"am":"AM","pm":"PM","weekday":{"narrow":["ఆ","సో","మ","బు","గు","శు","శ"],"short":["ఆది","సోమ","మంగళ","బుధ","గురు","శుక్ర","శని"],"long":["ఆదివారం","సోమవారం","మంగళవారం","బుధవారం","గురువారం","శుక్రవారం","శనివారం"]},"era":{"narrow":{"BC":"క్రీపూ","AD":"క్రీశ"},"short":{"BC":"క్రీపూ","AD":"క్రీశ"},"long":{"BC":"క్రీస్తు పూర్వం","AD":"క్రీస్తు శకం"}},"month":{"narrow":["జ","ఫి","మా","ఏ","మే","జూ","జు","ఆ","సె","అ","న","డి"],"short":["జన","ఫిబ్ర","మార్చి","ఏప్రి","మే","జూన్","జులై","ఆగ","సెప్టెం","అక్టో","నవం","డిసెం"],"long":["జనవరి","ఫిబ్రవరి","మార్చి","ఏప్రిల్","మే","జూన్","జులై","ఆగస్టు","సెప్టెంబర్","అక్టోబర్","నవంబర్","డిసెంబర్"]},"timeZoneName":{"America/Rio_Branco":{"long":["ఏకర్ ప్రామాణిక సమయం","ఏకర్ వేసవి సమయం"]},"Asia/Kabul":{"long":["ఆఫ్ఘనిస్తాన్ సమయం","ఆఫ్ఘనిస్తాన్ సమయం"]},"Africa/Maputo":{"long":["సెంట్రల్ ఆఫ్రికా సమయం","సెంట్రల్ ఆఫ్రికా సమయం"]},"Africa/Bujumbura":{"long":["సెంట్రల్ ఆఫ్రికా సమయం","సెంట్రల్ ఆఫ్రికా సమయం"]},"Africa/Gaborone":{"long":["సెంట్రల్ ఆఫ్రికా సమయం","సెంట్రల్ ఆఫ్రికా సమయం"]},"Africa/Lubumbashi":{"long":["సెంట్రల్ ఆఫ్రికా సమయం","సెంట్రల్ ఆఫ్రికా సమయం"]},"Africa/Blantyre":{"long":["సెంట్రల్ ఆఫ్రికా సమయం","సెంట్రల్ ఆఫ్రికా సమయం"]},"Africa/Kigali":{"long":["సెంట్రల్ ఆఫ్రికా సమయం","సెంట్రల్ ఆఫ్రికా సమయం"]},"Africa/Lusaka":{"long":["సెంట్రల్ ఆఫ్రికా సమయం","సెంట్రల్ ఆఫ్రికా సమయం"]},"Africa/Harare":{"long":["సెంట్రల్ ఆఫ్రికా సమయం","సెంట్రల్ ఆఫ్రికా సమయం"]},"Africa/Nairobi":{"long":["తూర్పు ఆఫ్రికా సమయం","తూర్పు ఆఫ్రికా సమయం"]},"Africa/Djibouti":{"long":["తూర్పు ఆఫ్రికా సమయం","తూర్పు ఆఫ్రికా సమయం"]},"Africa/Asmera":{"long":["తూర్పు ఆఫ్రికా సమయం","తూర్పు ఆఫ్రికా సమయం"]},"Africa/Addis_Ababa":{"long":["తూర్పు ఆఫ్రికా సమయం","తూర్పు ఆఫ్రికా సమయం"]},"Indian/Comoro":{"long":["తూర్పు ఆఫ్రికా సమయం","తూర్పు ఆఫ్రికా సమయం"]},"Indian/Antananarivo":{"long":["తూర్పు ఆఫ్రికా సమయం","తూర్పు ఆఫ్రికా సమయం"]},"Africa/Mogadishu":{"long":["తూర్పు ఆఫ్రికా సమయం","తూర్పు ఆఫ్రికా సమయం"]},"Africa/Dar_es_Salaam":{"long":["తూర్పు ఆఫ్రికా సమయం","తూర్పు ఆఫ్రికా సమయం"]},"Africa/Kampala":{"long":["తూర్పు ఆఫ్రికా సమయం","తూర్పు ఆఫ్రికా సమయం"]},"Indian/Mayotte":{"long":["తూర్పు ఆఫ్రికా సమయం","తూర్పు ఆఫ్రికా సమయం"]},"Africa/Johannesburg":{"long":["దక్షిణ ఆఫ్రికా ప్రామాణిక సమయం","దక్షిణ ఆఫ్రికా ప్రామాణిక సమయం"]},"Africa/Maseru":{"long":["దక్షిణ ఆఫ్రికా ప్రామాణిక సమయం","దక్షిణ ఆఫ్రికా ప్రామాణిక సమయం"]},"Africa/Mbabane":{"long":["దక్షిణ ఆఫ్రికా ప్రామాణిక సమయం","దక్షిణ ఆఫ్రికా ప్రామాణిక సమయం"]},"Africa/Lagos":{"long":["పశ్చిమ ఆఫ్రికా ప్రామాణిక సమయం","పశ్చిమ ఆఫ్రికా వేసవి సమయం"]},"Africa/Luanda":{"long":["పశ్చిమ ఆఫ్రికా ప్రామాణిక సమయం","పశ్చిమ ఆఫ్రికా వేసవి సమయం"]},"Africa/Porto-Novo":{"long":["పశ్చిమ ఆఫ్రికా ప్రామాణిక సమయం","పశ్చిమ ఆఫ్రికా వేసవి సమయం"]},"Africa/Kinshasa":{"long":["పశ్చిమ ఆఫ్రికా ప్రామాణిక సమయం","పశ్చిమ ఆఫ్రికా వేసవి సమయం"]},"Africa/Bangui":{"long":["పశ్చిమ ఆఫ్రికా ప్రామాణిక సమయం","పశ్చిమ ఆఫ్రికా వేసవి సమయం"]},"Africa/Brazzaville":{"long":["పశ్చిమ ఆఫ్రికా ప్రామాణిక సమయం","పశ్చిమ ఆఫ్రికా వేసవి సమయం"]},"Africa/Douala":{"long":["పశ్చిమ ఆఫ్రికా ప్రామాణిక సమయం","పశ్చిమ ఆఫ్రికా వేసవి సమయం"]},"Africa/Libreville":{"long":["పశ్చిమ ఆఫ్రికా ప్రామాణిక సమయం","పశ్చిమ ఆఫ్రికా వేసవి సమయం"]},"Africa/Malabo":{"long":["పశ్చిమ ఆఫ్రికా ప్రామాణిక సమయం","పశ్చిమ ఆఫ్రికా వేసవి సమయం"]},"Africa/Niamey":{"long":["పశ్చిమ ఆఫ్రికా ప్రామాణిక సమయం","పశ్చిమ ఆఫ్రికా వేసవి సమయం"]},"Africa/Ndjamena":{"long":["పశ్చిమ ఆఫ్రికా ప్రామాణిక సమయం","పశ్చిమ ఆఫ్రికా వేసవి సమయం"]},"Asia/Aqtobe":{"long":["పశ్చిమ కజకిస్తాన్ సమయం","పశ్చిమ కజకిస్తాన్ సమయం"]},"America/Juneau":{"long":["అలాస్కా ప్రామాణిక సమయం","అలాస్కా పగటి వెలుతురు సమయం"]},"Asia/Almaty":{"long":["తూర్పు కజకి‌స్తాన్ సమయం","తూర్పు కజకి‌స్తాన్ సమయం"]},"America/Manaus":{"long":["అమెజాన్ ప్రామాణిక సమయం","అమెజాన్ వేసవి సమయం"]},"America/Chicago":{"long":["మధ్యమ ప్రామాణిక సమయం","మధ్యమ పగటి వెలుతురు సమయం"]},"America/Belize":{"long":["మధ్యమ ప్రామాణిక సమయం","మధ్యమ పగటి వెలుతురు సమయం"]},"America/Winnipeg":{"long":["మధ్యమ ప్రామాణిక సమయం","మధ్యమ పగటి వెలుతురు సమయం"]},"America/Costa_Rica":{"long":["మధ్యమ ప్రామాణిక సమయం","మధ్యమ పగటి వెలుతురు సమయం"]},"America/Guatemala":{"long":["మధ్యమ ప్రామాణిక సమయం","మధ్యమ పగటి వెలుతురు సమయం"]},"America/Tegucigalpa":{"long":["మధ్యమ ప్రామాణిక సమయం","మధ్యమ పగటి వెలుతురు సమయం"]},"America/Mexico_City":{"long":["మధ్యమ ప్రామాణిక సమయం","మధ్యమ పగటి వెలుతురు సమయం"]},"America/El_Salvador":{"long":["మధ్యమ ప్రామాణిక సమయం","మధ్యమ పగటి వెలుతురు సమయం"]},"America/New_York":{"long":["తూర్పు ప్రామాణిక సమయం","తూర్పు పగటి వెలుతురు సమయం"]},"America/Nassau":{"long":["తూర్పు ప్రామాణిక సమయం","తూర్పు పగటి వెలుతురు సమయం"]},"America/Toronto":{"long":["తూర్పు ప్రామాణిక సమయం","తూర్పు పగటి వెలుతురు సమయం"]},"America/Port-au-Prince":{"long":["తూర్పు ప్రామాణిక సమయం","తూర్పు పగటి వెలుతురు సమయం"]},"America/Jamaica":{"long":["తూర్పు ప్రామాణిక సమయం","తూర్పు పగటి వెలుతురు సమయం"]},"America/Cayman":{"long":["తూర్పు ప్రామాణిక సమయం","తూర్పు పగటి వెలుతురు సమయం"]},"America/Panama":{"long":["తూర్పు ప్రామాణిక సమయం","తూర్పు పగటి వెలుతురు సమయం"]},"America/Denver":{"long":["మౌంటెయిన్ ప్రామాణిక సమయం","మౌంటెయిన్ పగటి వెలుతురు సమయం"]},"America/Edmonton":{"long":["మౌంటెయిన్ ప్రామాణిక సమయం","మౌంటెయిన్ పగటి వెలుతురు సమయం"]},"America/Hermosillo":{"long":["మౌంటెయిన్ ప్రామాణిక సమయం","మౌంటెయిన్ పగటి వెలుతురు సమయం"]},"America/Los_Angeles":{"long":["పసిఫిక్ ప్రామాణిక సమయం","పసిఫిక్ పగటి వెలుతురు సమయం"]},"America/Vancouver":{"long":["పసిఫిక్ ప్రామాణిక సమయం","పసిఫిక్ పగటి వెలుతురు సమయం"]},"America/Tijuana":{"long":["పసిఫిక్ ప్రామాణిక సమయం","పసిఫిక్ పగటి వెలుతురు సమయం"]},"Asia/Anadyr":{"long":["అనాన్డ్రి ప్రామాణిక సమయం","అనాన్డ్రి వేసవి సమయం"]},"Pacific/Apia":{"long":["ఏపియా ప్రామాణిక సమయం","ఏపియా పగటి సమయం"]},"Asia/Riyadh":{"long":["అరేబియన్ ప్రామాణిక సమయం","అరేబియన్ పగటి వెలుతురు సమయం"]},"Asia/Bahrain":{"long":["అరేబియన్ ప్రామాణిక సమయం","అరేబియన్ పగటి వెలుతురు సమయం"]},"Asia/Baghdad":{"long":["అరేబియన్ ప్రామాణిక సమయం","అరేబియన్ పగటి వెలుతురు సమయం"]},"Asia/Kuwait":{"long":["అరేబియన్ ప్రామాణిక సమయం","అరేబియన్ పగటి వెలుతురు సమయం"]},"Asia/Qatar":{"long":["అరేబియన్ ప్రామాణిక సమయం","అరేబియన్ పగటి వెలుతురు సమయం"]},"Asia/Aden":{"long":["అరేబియన్ ప్రామాణిక సమయం","అరేబియన్ పగటి వెలుతురు సమయం"]},"America/Buenos_Aires":{"long":["అర్జెంటీనా ప్రామాణిక సమయం","ఆర్జెంటీనా వేసవి సమయం"]},"America/Argentina/San_Luis":{"long":["పశ్చిమ అర్జెంటీనా ప్రామాణిక సమయం","పశ్చిమ అర్జెంటీనా వేసవి సమయం"]},"Asia/Ashgabat":{"long":["తుర్క్‌మెనిస్తాన్ ప్రామాణిక సమయం","తుర్క్‌మెనిస్తాన్ వేసవి సమయం"]},"America/Halifax":{"long":["అట్లాంటిక్ ప్రామాణిక సమయం","అట్లాంటిక్ పగటి వెలుతురు సమయం"]},"America/Antigua":{"long":["అట్లాంటిక్ ప్రామాణిక సమయం","అట్లాంటిక్ పగటి వెలుతురు సమయం"]},"America/Anguilla":{"long":["అట్లాంటిక్ ప్రామాణిక సమయం","అట్లాంటిక్ పగటి వెలుతురు సమయం"]},"America/Aruba":{"long":["అట్లాంటిక్ ప్రామాణిక సమయం","అట్లాంటిక్ పగటి వెలుతురు సమయం"]},"America/Barbados":{"long":["అట్లాంటిక్ ప్రామాణిక సమయం","అట్లాంటిక్ పగటి వెలుతురు సమయం"]},"Atlantic/Bermuda":{"long":["అట్లాంటిక్ ప్రామాణిక సమయం","అట్లాంటిక్ పగటి వెలుతురు సమయం"]},"America/Kralendijk":{"long":["అట్లాంటిక్ ప్రామాణిక సమయం","అట్లాంటిక్ పగటి వెలుతురు సమయం"]},"America/Curacao":{"long":["అట్లాంటిక్ ప్రామాణిక సమయం","అట్లాంటిక్ పగటి వెలుతురు సమయం"]},"America/Dominica":{"long":["అట్లాంటిక్ ప్రామాణిక సమయం","అట్లాంటిక్ పగటి వెలుతురు సమయం"]},"America/Grenada":{"long":["అట్లాంటిక్ ప్రామాణిక సమయం","అట్లాంటిక్ పగటి వెలుతురు సమయం"]},"America/Thule":{"long":["అట్లాంటిక్ ప్రామాణిక సమయం","అట్లాంటిక్ పగటి వెలుతురు సమయం"]},"America/Guadeloupe":{"long":["అట్లాంటిక్ ప్రామాణిక సమయం","అట్లాంటిక్ పగటి వెలుతురు సమయం"]},"America/St_Kitts":{"long":["అట్లాంటిక్ ప్రామాణిక సమయం","అట్లాంటిక్ పగటి వెలుతురు సమయం"]},"America/St_Lucia":{"long":["అట్లాంటిక్ ప్రామాణిక సమయం","అట్లాంటిక్ పగటి వెలుతురు సమయం"]},"America/Marigot":{"long":["అట్లాంటిక్ ప్రామాణిక సమయం","అట్లాంటిక్ పగటి వెలుతురు సమయం"]},"America/Martinique":{"long":["అట్లాంటిక్ ప్రామాణిక సమయం","అట్లాంటిక్ పగటి వెలుతురు సమయం"]},"America/Montserrat":{"long":["అట్లాంటిక్ ప్రామాణిక సమయం","అట్లాంటిక్ పగటి వెలుతురు సమయం"]},"America/Puerto_Rico":{"long":["అట్లాంటిక్ ప్రామాణిక సమయం","అట్లాంటిక్ పగటి వెలుతురు సమయం"]},"America/Lower_Princes":{"long":["అట్లాంటిక్ ప్రామాణిక సమయం","అట్లాంటిక్ పగటి వెలుతురు సమయం"]},"America/Port_of_Spain":{"long":["అట్లాంటిక్ ప్రామాణిక సమయం","అట్లాంటిక్ పగటి వెలుతురు సమయం"]},"America/St_Vincent":{"long":["అట్లాంటిక్ ప్రామాణిక సమయం","అట్లాంటిక్ పగటి వెలుతురు సమయం"]},"America/Tortola":{"long":["అట్లాంటిక్ ప్రామాణిక సమయం","అట్లాంటిక్ పగటి వెలుతురు సమయం"]},"America/St_Thomas":{"long":["అట్లాంటిక్ ప్రామాణిక సమయం","అట్లాంటిక్ పగటి వెలుతురు సమయం"]},"Australia/Adelaide":{"long":["ఆస్ట్రేలియా మధ్యమ ప్రామాణిక సమయం","ఆస్ట్రేలియా మధ్యమ పగటి వెలుతురు సమయం"]},"Australia/Eucla":{"long":["మధ్యమ ఆస్ట్రేలియన్ పశ్చిమ ప్రామాణిక సమయం","ఆస్ట్రేలియా మధ్యమ పశ్చిమ పగటి వెలుతురు సమయం"]},"Australia/Sydney":{"long":["ఆస్ట్రేలియన్ తూర్పు ప్రామాణిక సమయం","ఆస్ట్రేలియన్ తూర్పు పగటి వెలుతురు సమయం"]},"Australia/Perth":{"long":["ఆస్ట్రేలియన్ పశ్చిమ ప్రామాణిక సమయం","ఆస్ట్రేలియన్ పశ్చిమ పగటి వెలుతురు సమయం"]},"Atlantic/Azores":{"long":["అజోర్స్ ప్రామాణిక సమయం","అజోర్స్ వేసవి సమయం"]},"Asia/Thimphu":{"long":["భూటాన్ సమయం","భూటాన్ సమయం"]},"America/La_Paz":{"long":["బొలీవియా సమయం","బొలీవియా సమయం"]},"Asia/Kuching":{"long":["మలేషియా సమయం","మలేషియా సమయం"]},"America/Sao_Paulo":{"long":["బ్రెజిలియా ప్రామాణిక సమయం","బ్రెజిలియా వేసవి సమయం"]},"Europe/London":{"long":["గ్రీన్‌విచ్ సగటు సమయం","గ్రీన్‌విచ్ సగటు సమయం"]},"Asia/Brunei":{"long":["బ్రూనే దరుసలామ్ సమయం","బ్రూనే దరుసలామ్ సమయం"]},"Atlantic/Cape_Verde":{"long":["కేప్ వెర్డె ప్రామాణిక సమయం","కేప్ వెర్డె వేసవి సమయం"]},"Pacific/Saipan":{"long":["ఉత్తర మారియానా దీవుల సమయం","ఉత్తర మారియానా దీవుల సమయం"]},"Pacific/Guam":{"long":["గ్వామ్ ప్రామాణిక సమయం","గ్వామ్ ప్రామాణిక సమయం"]},"Pacific/Chatham":{"long":["చాథమ్ ప్రామాణిక సమయం","చాథమ్ పగటి వెలుతురు సమయం"]},"America/Santiago":{"long":["చిలీ ప్రామాణిక సమయం","చిలీ వేసవి సమయం"]},"Asia/Shanghai":{"long":["చైనా ప్రామాణిక సమయం","చైనా పగటి వెలుతురు సమయం"]},"Asia/Choibalsan":{"long":["చోయిబల్సాన్ ప్రామాణిక సమయం","చోయిబల్సాన్ వేసవి సమయం"]},"Indian/Christmas":{"long":["క్రిస్మస్ దీవి సమయం","క్రిస్మస్ దీవి సమయం"]},"Indian/Cocos":{"long":["కోకోస్ దీవుల సమయం","కోకోస్ దీవుల సమయం"]},"America/Bogota":{"long":["కొలంబియా ప్రామాణిక సమయం","కొలంబియా వేసవి సమయం"]},"Pacific/Rarotonga":{"long":["కుక్ దీవుల ప్రామాణిక సమయం","కుక్ దీవుల అర్ధ వేసవి సమయం"]},"America/Havana":{"long":["క్యూబా ప్రామాణిక సమయం","క్యూబా పగటి వెలుతురు సమయం"]},"Antarctica/Davis":{"long":["డేవిస్ సమయం","డేవిస్ సమయం"]},"Antarctica/DumontDUrville":{"long":["డ్యూమాంట్-డి’ఉర్విల్లే సమయం","డ్యూమాంట్-డి’ఉర్విల్లే సమయం"]},"Asia/Dushanbe":{"long":["తజికిస్తాన్ సమయం","తజికిస్తాన్ సమయం"]},"America/Paramaribo":{"long":["సూరినామ్ సమయం","సూరినామ్ సమయం"]},"Asia/Dili":{"long":["తూర్పు తైమూర్ సమయం","తూర్పు తైమూర్ సమయం"]},"Pacific/Easter":{"long":["ఈస్టర్ దీవి ప్రామాణిక సమయం","ఈస్టర్ దీవి వేసవి సమయం"]},"America/Guayaquil":{"long":["ఈక్వడార్ సమయం","ఈక్వడార్ సమయం"]},"Europe/Paris":{"long":["సెంట్రల్ యూరోపియన్ ప్రామాణిక సమయం","సెంట్రల్ యూరోపియన్ వేసవి సమయం"]},"Europe/Andorra":{"long":["సెంట్రల్ యూరోపియన్ ప్రామాణిక సమయం","సెంట్రల్ యూరోపియన్ వేసవి సమయం"]},"Europe/Tirane":{"long":["సెంట్రల్ యూరోపియన్ ప్రామాణిక సమయం","సెంట్రల్ యూరోపియన్ వేసవి సమయం"]},"Europe/Vienna":{"long":["సెంట్రల్ యూరోపియన్ ప్రామాణిక సమయం","సెంట్రల్ యూరోపియన్ వేసవి సమయం"]},"Europe/Sarajevo":{"long":["సెంట్రల్ యూరోపియన్ ప్రామాణిక సమయం","సెంట్రల్ యూరోపియన్ వేసవి సమయం"]},"Europe/Brussels":{"long":["సెంట్రల్ యూరోపియన్ ప్రామాణిక సమయం","సెంట్రల్ యూరోపియన్ వేసవి సమయం"]},"Europe/Zurich":{"long":["సెంట్రల్ యూరోపియన్ ప్రామాణిక సమయం","సెంట్రల్ యూరోపియన్ వేసవి సమయం"]},"Europe/Prague":{"long":["సెంట్రల్ యూరోపియన్ ప్రామాణిక సమయం","సెంట్రల్ యూరోపియన్ వేసవి సమయం"]},"Europe/Berlin":{"long":["సెంట్రల్ యూరోపియన్ ప్రామాణిక సమయం","సెంట్రల్ యూరోపియన్ వేసవి సమయం"]},"Europe/Copenhagen":{"long":["సెంట్రల్ యూరోపియన్ ప్రామాణిక సమయం","సెంట్రల్ యూరోపియన్ వేసవి సమయం"]},"Europe/Madrid":{"long":["సెంట్రల్ యూరోపియన్ ప్రామాణిక సమయం","సెంట్రల్ యూరోపియన్ వేసవి సమయం"]},"Europe/Gibraltar":{"long":["సెంట్రల్ యూరోపియన్ ప్రామాణిక సమయం","సెంట్రల్ యూరోపియన్ వేసవి సమయం"]},"Europe/Zagreb":{"long":["సెంట్రల్ యూరోపియన్ ప్రామాణిక సమయం","సెంట్రల్ యూరోపియన్ వేసవి సమయం"]},"Europe/Budapest":{"long":["సెంట్రల్ యూరోపియన్ ప్రామాణిక సమయం","సెంట్రల్ యూరోపియన్ వేసవి సమయం"]},"Europe/Rome":{"long":["సెంట్రల్ యూరోపియన్ ప్రామాణిక సమయం","సెంట్రల్ యూరోపియన్ వేసవి సమయం"]},"Europe/Vaduz":{"long":["సెంట్రల్ యూరోపియన్ ప్రామాణిక సమయం","సెంట్రల్ యూరోపియన్ వేసవి సమయం"]},"Europe/Luxembourg":{"long":["సెంట్రల్ యూరోపియన్ ప్రామాణిక సమయం","సెంట్రల్ యూరోపియన్ వేసవి సమయం"]},"Europe/Monaco":{"long":["సెంట్రల్ యూరోపియన్ ప్రామాణిక సమయం","సెంట్రల్ యూరోపియన్ వేసవి సమయం"]},"Europe/Podgorica":{"long":["సెంట్రల్ యూరోపియన్ ప్రామాణిక సమయం","సెంట్రల్ యూరోపియన్ వేసవి సమయం"]},"Europe/Skopje":{"long":["సెంట్రల్ యూరోపియన్ ప్రామాణిక సమయం","సెంట్రల్ యూరోపియన్ వేసవి సమయం"]},"Europe/Malta":{"long":["సెంట్రల్ యూరోపియన్ ప్రామాణిక సమయం","సెంట్రల్ యూరోపియన్ వేసవి సమయం"]},"Europe/Amsterdam":{"long":["సెంట్రల్ యూరోపియన్ ప్రామాణిక సమయం","సెంట్రల్ యూరోపియన్ వేసవి సమయం"]},"Europe/Oslo":{"long":["సెంట్రల్ యూరోపియన్ ప్రామాణిక సమయం","సెంట్రల్ యూరోపియన్ వేసవి సమయం"]},"Europe/Warsaw":{"long":["సెంట్రల్ యూరోపియన్ ప్రామాణిక సమయం","సెంట్రల్ యూరోపియన్ వేసవి సమయం"]},"Europe/Belgrade":{"long":["సెంట్రల్ యూరోపియన్ ప్రామాణిక సమయం","సెంట్రల్ యూరోపియన్ వేసవి సమయం"]},"Europe/Stockholm":{"long":["సెంట్రల్ యూరోపియన్ ప్రామాణిక సమయం","సెంట్రల్ యూరోపియన్ వేసవి సమయం"]},"Europe/Ljubljana":{"long":["సెంట్రల్ యూరోపియన్ ప్రామాణిక సమయం","సెంట్రల్ యూరోపియన్ వేసవి సమయం"]},"Arctic/Longyearbyen":{"long":["సెంట్రల్ యూరోపియన్ ప్రామాణిక సమయం","సెంట్రల్ యూరోపియన్ వేసవి సమయం"]},"Europe/Bratislava":{"long":["సెంట్రల్ యూరోపియన్ ప్రామాణిక సమయం","సెంట్రల్ యూరోపియన్ వేసవి సమయం"]},"Europe/San_Marino":{"long":["సెంట్రల్ యూరోపియన్ ప్రామాణిక సమయం","సెంట్రల్ యూరోపియన్ వేసవి సమయం"]},"Africa/Tunis":{"long":["సెంట్రల్ యూరోపియన్ ప్రామాణిక సమయం","సెంట్రల్ యూరోపియన్ వేసవి సమయం"]},"Europe/Vatican":{"long":["సెంట్రల్ యూరోపియన్ ప్రామాణిక సమయం","సెంట్రల్ యూరోపియన్ వేసవి సమయం"]},"Europe/Bucharest":{"long":["తూర్పు యూరోపియన్ ప్రామాణిక సమయం","తూర్పు యూరోపియన్ వేసవి సమయం"]},"Europe/Mariehamn":{"long":["తూర్పు యూరోపియన్ ప్రామాణిక సమయం","తూర్పు యూరోపియన్ వేసవి సమయం"]},"Europe/Sofia":{"long":["తూర్పు యూరోపియన్ ప్రామాణిక సమయం","తూర్పు యూరోపియన్ వేసవి సమయం"]},"Asia/Nicosia":{"long":["తూర్పు యూరోపియన్ ప్రామాణిక సమయం","తూర్పు యూరోపియన్ వేసవి సమయం"]},"Africa/Cairo":{"long":["తూర్పు యూరోపియన్ ప్రామాణిక సమయం","తూర్పు యూరోపియన్ వేసవి సమయం"]},"Europe/Helsinki":{"long":["తూర్పు యూరోపియన్ ప్రామాణిక సమయం","తూర్పు యూరోపియన్ వేసవి సమయం"]},"Europe/Athens":{"long":["తూర్పు యూరోపియన్ ప్రామాణిక సమయం","తూర్పు యూరోపియన్ వేసవి సమయం"]},"Asia/Beirut":{"long":["తూర్పు యూరోపియన్ ప్రామాణిక సమయం","తూర్పు యూరోపియన్ వేసవి సమయం"]},"Europe/Minsk":{"long":["సుదూర-తూర్పు యూరోపియన్ సమయం","సుదూర-తూర్పు యూరోపియన్ సమయం"]},"Europe/Kaliningrad":{"long":["సుదూర-తూర్పు యూరోపియన్ సమయం","సుదూర-తూర్పు యూరోపియన్ సమయం"]},"Atlantic/Canary":{"long":["పశ్చిమ యూరోపియన్ ప్రామాణిక సమయం","పశ్చిమ యూరోపియన్ వేసవి సమయం"]},"Atlantic/Faeroe":{"long":["పశ్చిమ యూరోపియన్ ప్రామాణిక సమయం","పశ్చిమ యూరోపియన్ వేసవి సమయం"]},"Atlantic/Stanley":{"long":["ఫాక్‌ల్యాండ్ దీవుల ప్రామాణిక సమయం","ఫాక్‌ల్యాండ్ దీవుల వేసవి సమయం"]},"Pacific/Fiji":{"long":["ఫిజీ ప్రామాణిక సమయం","ఫిజీ వేసవి సమయం"]},"America/Cayenne":{"long":["ఫ్రెంచ్ గయానా సమయం","ఫ్రెంచ్ గయానా సమయం"]},"Indian/Kerguelen":{"long":["ఫ్రెంచ్ దక్షిణ మరియు అంటార్కిటిక్ సమయం","ఫ్రెంచ్ దక్షిణ మరియు అంటార్కిటిక్ సమయం"]},"Asia/Bishkek":{"long":["కిర్గిస్తాన్ సమయం","కిర్గిస్తాన్ సమయం"]},"Pacific/Galapagos":{"long":["గాలాపాగోస్ సమయం","గాలాపాగోస్ సమయం"]},"Pacific/Gambier":{"long":["గాంబియర్ సమయం","గాంబియర్ సమయం"]},"Pacific/Tarawa":{"long":["గిల్బర్ట్ దీవుల సమయం","గిల్బర్ట్ దీవుల సమయం"]},"Atlantic/Reykjavik":{"long":["గ్రీన్‌విచ్ సగటు సమయం","గ్రీన్‌విచ్ సగటు సమయం"]},"Africa/Ouagadougou":{"long":["గ్రీన్‌విచ్ సగటు సమయం","గ్రీన్‌విచ్ సగటు సమయం"]},"Africa/Abidjan":{"long":["గ్రీన్‌విచ్ సగటు సమయం","గ్రీన్‌విచ్ సగటు సమయం"]},"Africa/Accra":{"long":["గ్రీన్‌విచ్ సగటు సమయం","గ్రీన్‌విచ్ సగటు సమయం"]},"Africa/Banjul":{"long":["గ్రీన్‌విచ్ సగటు సమయం","గ్రీన్‌విచ్ సగటు సమయం"]},"Africa/Conakry":{"long":["గ్రీన్‌విచ్ సగటు సమయం","గ్రీన్‌విచ్ సగటు సమయం"]},"Africa/Bamako":{"long":["గ్రీన్‌విచ్ సగటు సమయం","గ్రీన్‌విచ్ సగటు సమయం"]},"Africa/Nouakchott":{"long":["గ్రీన్‌విచ్ సగటు సమయం","గ్రీన్‌విచ్ సగటు సమయం"]},"Atlantic/St_Helena":{"long":["గ్రీన్‌విచ్ సగటు సమయం","గ్రీన్‌విచ్ సగటు సమయం"]},"Africa/Freetown":{"long":["గ్రీన్‌విచ్ సగటు సమయం","గ్రీన్‌విచ్ సగటు సమయం"]},"Africa/Dakar":{"long":["గ్రీన్‌విచ్ సగటు సమయం","గ్రీన్‌విచ్ సగటు సమయం"]},"Africa/Lome":{"long":["గ్రీన్‌విచ్ సగటు సమయం","గ్రీన్‌విచ్ సగటు సమయం"]},"America/Scoresbysund":{"long":["తూర్పు గ్రీన్‌ల్యాండ్ ప్రామాణిక సమయం","తూర్పు గ్రీన్‌ల్యాండ్ వేసవి సమయం"]},"America/Godthab":{"long":["పశ్చిమ గ్రీన్‌ల్యాండ్ ప్రామాణిక సమయం","పశ్చిమ గ్రీన్‌ల్యాండ్ వేసవి సమయం"]},"Asia/Dubai":{"long":["గల్ఫ్ ప్రామాణిక సమయం","గల్ఫ్ ప్రామాణిక సమయం"]},"Asia/Muscat":{"long":["గల్ఫ్ ప్రామాణిక సమయం","గల్ఫ్ ప్రామాణిక సమయం"]},"America/Guyana":{"long":["గయానా సమయం","గయానా సమయం"]},"Pacific/Honolulu":{"long":["హవాయ్-అల్యూషియన్ ప్రామాణిక సమయం","హవాయ్-అల్యూషియన్ పగటి వెలుతురు సమయం"]},"Asia/Hong_Kong":{"long":["హాంకాంగ్ ప్రామాణిక సమయం","హాంకాంగ్ వేసవి సమయం"]},"Asia/Hovd":{"long":["హోవ్డ్ ప్రామాణిక సమయం","హోవ్డ్ వేసవి సమయం"]},"Asia/Calcutta":{"long":["భారతదేశ ప్రామాణిక సమయం","భారతదేశ ప్రామాణిక సమయం"],"short":["IST","IST"]},"Asia/Colombo":{"long":["లంకా సమయం","లంకా సమయం"]},"Indian/Chagos":{"long":["హిందూ మహా సముద్ర సమయం","హిందూ మహా సముద్ర సమయం"]},"Asia/Bangkok":{"long":["ఇండోచైనా సమయం","ఇండోచైనా సమయం"]},"Asia/Phnom_Penh":{"long":["ఇండోచైనా సమయం","ఇండోచైనా సమయం"]},"Asia/Vientiane":{"long":["ఇండోచైనా సమయం","ఇండోచైనా సమయం"]},"Asia/Makassar":{"long":["సెంట్రల్ ఇండోనేషియా సమయం","సెంట్రల్ ఇండోనేషియా సమయం"]},"Asia/Jayapura":{"long":["తూర్పు ఇండోనేషియా సమయం","తూర్పు ఇండోనేషియా సమయం"]},"Asia/Jakarta":{"long":["పశ్చిమ ఇండోనేషియా సమయం","పశ్చిమ ఇండోనేషియా సమయం"]},"Asia/Tehran":{"long":["ఇరాన్ ప్రామాణిక సమయం","ఇరాన్ పగటి వెలుతురు సమయం"]},"Asia/Irkutsk":{"long":["ఇర్కుట్స్క్ ప్రామాణిక సమయం","ఇర్కుట్స్క్ వేసవి సమయం"]},"Asia/Jerusalem":{"long":["ఇజ్రాయిల్ ప్రామాణిక సమయం","ఇజ్రాయిల్ పగటి వెలుతురు సమయం"]},"Asia/Tokyo":{"long":["జపాన్ ప్రామాణిక సమయం","జపాన్ పగటి వెలుతురు సమయం"]},"Asia/Kamchatka":{"long":["పెట్రోపావ్లోవ్స్క్-కామ్ఛాట్స్కి ప్రామాణిక సమయం","పెట్రోపావ్లోవ్స్క్-కామ్ఛాట్స్కి వేసవి సమయం"]},"Asia/Karachi":{"long":["పాకిస్తాన్ ప్రామాణిక సమయం","పాకిస్తాన్ వేసవి సమయం"]},"Asia/Qyzylorda":{"long":["కిజిలోర్డా ప్రామాణిక సమయం","కిజిలోర్డా వేసవి సమయం"]},"Asia/Seoul":{"long":["కొరియన్ ప్రామాణిక సమయం","కొరియన్ పగటి వెలుతురు సమయం"]},"Pacific/Kosrae":{"long":["కోస్రాయి సమయం","కోస్రాయి సమయం"]},"Asia/Krasnoyarsk":{"long":["క్రాస్నోయార్స్క్ ప్రామాణిక సమయం","క్రాస్నోయార్స్క్ వేసవి సమయం"]},"Europe/Samara":{"long":["సమారా ప్రామాణిక సమయం","సమారా వేసవి సమయం"]},"Pacific/Kiritimati":{"long":["లైన్ దీవుల సమయం","లైన్ దీవుల సమయం"]},"Australia/Lord_Howe":{"long":["లార్డ్ హోవ్ ప్రామాణిక సమయం","లార్డ్ హోవ్ పగటి సమయం"]},"Asia/Macau":{"long":["మకావ్ ప్రామాణిక సమయం","మకావ్ వేసవి సమయం"]},"Antarctica/Macquarie":{"long":["మాక్క్వారీ దీవి సమయం","మాక్క్వారీ దీవి సమయం"]},"Asia/Magadan":{"long":["మగడాన్ ప్రామాణిక సమయం","మగడాన్ వేసవి సమయం"]},"Indian/Maldives":{"long":["మాల్దీవుల సమయం","మాల్దీవుల సమయం"]},"Pacific/Marquesas":{"long":["మార్క్వేసాస్ సమయం","మార్క్వేసాస్ సమయం"]},"Pacific/Majuro":{"long":["మార్షల్ దీవుల సమయం","మార్షల్ దీవుల సమయం"]},"Indian/Mauritius":{"long":["మారిషస్ ప్రామాణిక సమయం","మారిషస్ వేసవి సమయం"]},"Antarctica/Mawson":{"long":["మాసన్ సమయం","మాసన్ సమయం"]},"America/Santa_Isabel":{"long":["వాయువ్య మెక్సికో ప్రామాణిక సమయం","వాయువ్య మెక్సికో పగటి వెలుతురు సమయం"]},"America/Mazatlan":{"long":["మెక్సికన్ పసిఫిక్ ప్రామాణిక సమయం","మెక్సికన్ పసిఫిక్ పగటి వెలుతురు సమయం"]},"Asia/Ulaanbaatar":{"long":["ఉలన్ బతోర్ ప్రామాణిక సమయం","ఉలన్ బతోర్ వేసవి సమయం"]},"Europe/Moscow":{"long":["మాస్కో ప్రామాణిక సమయం","మాస్కో వేసవి సమయం"]},"Asia/Rangoon":{"long":["మయన్మార్ సమయం","మయన్మార్ సమయం"]},"Pacific/Nauru":{"long":["నౌరు సమయం","నౌరు సమయం"]},"Asia/Katmandu":{"long":["నేపాల్ సమయం","నేపాల్ సమయం"]},"Pacific/Noumea":{"long":["న్యూ కాలెడోనియా ప్రామాణిక సమయం","న్యూ కాలెడోనియా వేసవి సమయం"]},"Pacific/Auckland":{"long":["న్యూజిల్యాండ్ ప్రామాణిక సమయం","న్యూజిల్యాండ్ పగటి వెలుతురు సమయం"]},"Antarctica/McMurdo":{"long":["న్యూజిల్యాండ్ ప్రామాణిక సమయం","న్యూజిల్యాండ్ పగటి వెలుతురు సమయం"]},"America/St_Johns":{"long":["న్యూఫౌండ్‌ల్యాండ్ ప్రామాణిక సమయం","న్యూఫౌండ్‌ల్యాండ్ పగటి వెలుతురు సమయం"]},"Pacific/Niue":{"long":["నియూ సమయం","నియూ సమయం"]},"Pacific/Norfolk":{"long":["నార్ఫోక్ దీవి ప్రామాణిక సమయం","నార్ఫోక్ దీవి పగటి సమయం"]},"America/Noronha":{"long":["ఫెర్నాండో డి నొరోన్హా ప్రామాణిక సమయం","ఫెర్నాండో డి నొరోన్హా వేసవి సమయం"]},"Asia/Novosibirsk":{"long":["నోవోసిబిర్క్స్ ప్రామాణిక సమయం","నోవోసిబిర్స్క్ వేసవి సమయం"]},"Asia/Omsk":{"long":["ఓమ్స్క్ ప్రామాణిక సమయం","ఓమ్స్క్ వేసవి సమయం"]},"Pacific/Palau":{"long":["పాలావ్ సమయం","పాలావ్ సమయం"]},"Pacific/Port_Moresby":{"long":["పాపువా న్యూ గినియా సమయం","పాపువా న్యూ గినియా సమయం"]},"America/Asuncion":{"long":["పరాగ్వే ప్రామాణిక సమయం","పరాగ్వే వేసవి సమయం"]},"America/Lima":{"long":["పెరూ ప్రామాణిక సమయం","పెరూ వేసవి సమయం"]},"Asia/Manila":{"long":["ఫిలిప్పైన్ ప్రామాణిక సమయం","ఫిలిప్పైన్ వేసవి సమయం"]},"Pacific/Enderbury":{"long":["ఫినిక్స్ దీవుల సమయం","ఫినిక్స్ దీవుల సమయం"]},"America/Miquelon":{"long":["సెయింట్ పియెర్ మరియు మిక్వెలాన్ ప్రామాణిక సమయం","సెయింట్ పియర్ మరియు మిక్వెలాన్ పగటి వెలుతురు సమయం"]},"Pacific/Pitcairn":{"long":["పిట్‌కైర్న్ సమయం","పిట్‌కైర్న్ సమయం"]},"Pacific/Ponape":{"long":["పొనేప్ సమయం","పొనేప్ సమయం"]},"Asia/Pyongyang":{"long":["ప్యోంగాంగ్ సమయం","ప్యోంగాంగ్ సమయం"]},"Indian/Reunion":{"long":["రీయూనియన్ సమయం","రీయూనియన్ సమయం"]},"Antarctica/Rothera":{"long":["రొతేరా సమయం","రొతేరా సమయం"]},"Asia/Sakhalin":{"long":["సఖాలిన్ ప్రామాణిక సమయం","సఖాలిన్ వేసవి సమయం"]},"Pacific/Pago_Pago":{"long":["సమోవా ప్రామాణిక సమయం","సమోవా పగటి వెలుతురు సమయం"]},"Indian/Mahe":{"long":["సీషెల్స్ సమయం","సీషెల్స్ సమయం"]},"Asia/Singapore":{"long":["సింగపూర్ ప్రామాణిక సమయం","సింగపూర్ ప్రామాణిక సమయం"]},"Pacific/Guadalcanal":{"long":["సోలమన్ దీవుల సమయం","సోలమన్ దీవుల సమయం"]},"Atlantic/South_Georgia":{"long":["దక్షిణ జార్జియా సమయం","దక్షిణ జార్జియా సమయం"]},"Asia/Yekaterinburg":{"long":["యెకటెరిన్‌బర్గ్ ప్రామాణిక సమయం","యెకటెరిన్‌బర్గ్ వేసవి సమయం"]},"Antarctica/Syowa":{"long":["స్యోవా సమయం","స్యోవా సమయం"]},"Pacific/Tahiti":{"long":["తహితి సమయం","తహితి సమయం"]},"Asia/Taipei":{"long":["తైపీ ప్రామాణిక సమయం","తైపీ పగటి వెలుతురు సమయం"]},"Asia/Tashkent":{"long":["ఉజ్బెకిస్తాన్ ప్రామాణిక సమయం","ఉజ్బెకిస్తాన్ వేసవి సమయం"]},"Pacific/Fakaofo":{"long":["టోకెలావ్ సమయం","టోకెలావ్ సమయం"]},"Pacific/Tongatapu":{"long":["టాంగా ప్రామాణిక సమయం","టాంగా వేసవి సమయం"]},"Pacific/Truk":{"long":["చక్ సమయం","చక్ సమయం"]},"Pacific/Funafuti":{"long":["తువాలు సమయం","తువాలు సమయం"]},"America/Montevideo":{"long":["ఉరుగ్వే ప్రామాణిక సమయం","ఉరుగ్వే వేసవి సమయం"]},"Pacific/Efate":{"long":["వనౌటు ప్రామాణిక సమయం","వనౌటు వేసవి సమయం"]},"America/Caracas":{"long":["వెనిజులా సమయం","వెనిజులా సమయం"]},"Asia/Vladivostok":{"long":["వ్లాడివోస్టోక్ ప్రామాణిక సమయం","వ్లాడివోస్టోక్ వేసవి సమయం"]},"Europe/Volgograd":{"long":["వోల్గోగ్రాడ్ ప్రామాణిక సమయం","వోల్గోగ్రాడ్ వేసవి సమయం"]},"Antarctica/Vostok":{"long":["వోస్టోక్ సమయం","వోస్టోక్ సమయం"]},"Pacific/Wake":{"long":["వేక్ దీవి సమయం","వేక్ దీవి సమయం"]},"Pacific/Wallis":{"long":["వాలీస్ మరియు ఫుటునా సమయం","వాలీస్ మరియు ఫుటునా సమయం"]},"Asia/Yakutsk":{"long":["యాకుట్స్క్ ప్రామాణిక సమయం","యాకుట్స్క్ వేసవి సమయం"]},"America/Whitehorse":{"long":["యుకోన్ సమయం","యుకోన్ సమయం"]},"UTC":{"long":["సమన్వయ సార్వజనీన సమయం","సమన్వయ సార్వజనీన సమయం"],"short":["UTC","UTC"]}},"gmtFormat":"GMT{0}","hourFormat":"+HH:mm;-HH:mm","dateFormat":{"full":"d, MMMM y, EEEE","long":"d MMMM, y","medium":"d MMM, y","short":"dd-MM-yy"},"timeFormat":{"full":"h:mm:ss a zzzz","long":"h:mm:ss a z","medium":"h:mm:ss a","short":"h:mm a"},"dateTimeFormat":{"full":"{1} {0}","long":"{1} {0}","medium":"{1} {0}","short":"{1} {0}"},"formats":{"gregory":{"Bh":"h B","Bhm":"h:mm B","Bhms":"h:mm:ss B","d":"d","E":"ccc","EBhm":"E h:mm B","EBhms":"E h:mm:ss B","Ed":"d, E","Ehm":"E h:mm a","EHm":"E HH:mm","Ehms":"E h:mm:ss a","EHms":"E HH:mm:ss","Gy":"G y","GyMd":"GGGGG y-MM-dd","GyMMM":"G MMM y","GyMMMd":"G d, MMM y","GyMMMEd":"G, d MMM, y, E","h":"h a","H":"HH","hm":"h:mm a","Hm":"HH:mm","hms":"h:mm:ss a","Hms":"HH:mm:ss","hmsv":"h:mm:ss a v","Hmsv":"HH:mm:ss v","hmv":"h:mm a v","Hmv":"HH:mm v","M":"L","Md":"d/M","MEd":"d/M, E","MMdd":"dd-MM","MMM":"LLL","MMMd":"d MMM","MMMEd":"d MMM, E","MMMMd":"d MMMM","ms":"mm:ss","y":"y","yM":"M/y","yMd":"d/M/y","yMEd":"d/M/y, E","yMM":"MM-y","yMMM":"MMM y","yMMMd":"d, MMM y","yMMMEd":"d MMM, y, E","yMMMM":"MMMM y","d, MMMM y, EEEE":"d, MMMM y, EEEE","d MMMM, y":"d MMMM, y","d MMM, y":"d MMM, y","dd-MM-yy":"dd-MM-yy","h:mm:ss a zzzz":"h:mm:ss a zzzz","h:mm:ss a z":"h:mm:ss a z","h:mm:ss a":"h:mm:ss a","h:mm a":"h:mm a","d, MMMM y, EEEE h:mm:ss a zzzz":"d, MMMM y, EEEE h:mm:ss a zzzz","d MMMM, y h:mm:ss a zzzz":"d MMMM, y h:mm:ss a zzzz","d MMM, y h:mm:ss a zzzz":"d MMM, y h:mm:ss a zzzz","dd-MM-yy h:mm:ss a zzzz":"dd-MM-yy h:mm:ss a zzzz","d h:mm:ss a zzzz":"d h:mm:ss a zzzz","E h:mm:ss a zzzz":"ccc h:mm:ss a zzzz","Ed h:mm:ss a zzzz":"d, E h:mm:ss a zzzz","Gy h:mm:ss a zzzz":"G y h:mm:ss a zzzz","GyMd h:mm:ss a zzzz":"GGGGG y-MM-dd h:mm:ss a zzzz","GyMMM h:mm:ss a zzzz":"G MMM y h:mm:ss a zzzz","GyMMMd h:mm:ss a zzzz":"G d, MMM y h:mm:ss a zzzz","GyMMMEd h:mm:ss a zzzz":"G, d MMM, y, E h:mm:ss a zzzz","M h:mm:ss a zzzz":"L h:mm:ss a zzzz","Md h:mm:ss a zzzz":"d/M h:mm:ss a zzzz","MEd h:mm:ss a zzzz":"d/M, E h:mm:ss a zzzz","MMdd h:mm:ss a zzzz":"dd-MM h:mm:ss a zzzz","MMM h:mm:ss a zzzz":"LLL h:mm:ss a zzzz","MMMd h:mm:ss a zzzz":"d MMM h:mm:ss a zzzz","MMMEd h:mm:ss a zzzz":"d MMM, E h:mm:ss a zzzz","MMMMd h:mm:ss a zzzz":"d MMMM h:mm:ss a zzzz","y h:mm:ss a zzzz":"y h:mm:ss a zzzz","yM h:mm:ss a zzzz":"M/y h:mm:ss a zzzz","yMd h:mm:ss a zzzz":"d/M/y h:mm:ss a zzzz","yMEd h:mm:ss a zzzz":"d/M/y, E h:mm:ss a zzzz","yMM h:mm:ss a zzzz":"MM-y h:mm:ss a zzzz","yMMM h:mm:ss a zzzz":"MMM y h:mm:ss a zzzz","yMMMd h:mm:ss a zzzz":"d, MMM y h:mm:ss a zzzz","yMMMEd h:mm:ss a zzzz":"d MMM, y, E h:mm:ss a zzzz","yMMMM h:mm:ss a zzzz":"MMMM y h:mm:ss a zzzz","d, MMMM y, EEEE h:mm:ss a z":"d, MMMM y, EEEE h:mm:ss a z","d MMMM, y h:mm:ss a z":"d MMMM, y h:mm:ss a z","d MMM, y h:mm:ss a z":"d MMM, y h:mm:ss a z","dd-MM-yy h:mm:ss a z":"dd-MM-yy h:mm:ss a z","d h:mm:ss a z":"d h:mm:ss a z","E h:mm:ss a z":"ccc h:mm:ss a z","Ed h:mm:ss a z":"d, E h:mm:ss a z","Gy h:mm:ss a z":"G y h:mm:ss a z","GyMd h:mm:ss a z":"GGGGG y-MM-dd h:mm:ss a z","GyMMM h:mm:ss a z":"G MMM y h:mm:ss a z","GyMMMd h:mm:ss a z":"G d, MMM y h:mm:ss a z","GyMMMEd h:mm:ss a z":"G, d MMM, y, E h:mm:ss a z","M h:mm:ss a z":"L h:mm:ss a z","Md h:mm:ss a z":"d/M h:mm:ss a z","MEd h:mm:ss a z":"d/M, E h:mm:ss a z","MMdd h:mm:ss a z":"dd-MM h:mm:ss a z","MMM h:mm:ss a z":"LLL h:mm:ss a z","MMMd h:mm:ss a z":"d MMM h:mm:ss a z","MMMEd h:mm:ss a z":"d MMM, E h:mm:ss a z","MMMMd h:mm:ss a z":"d MMMM h:mm:ss a z","y h:mm:ss a z":"y h:mm:ss a z","yM h:mm:ss a z":"M/y h:mm:ss a z","yMd h:mm:ss a z":"d/M/y h:mm:ss a z","yMEd h:mm:ss a z":"d/M/y, E h:mm:ss a z","yMM h:mm:ss a z":"MM-y h:mm:ss a z","yMMM h:mm:ss a z":"MMM y h:mm:ss a z","yMMMd h:mm:ss a z":"d, MMM y h:mm:ss a z","yMMMEd h:mm:ss a z":"d MMM, y, E h:mm:ss a z","yMMMM h:mm:ss a z":"MMMM y h:mm:ss a z","d, MMMM y, EEEE h:mm:ss a":"d, MMMM y, EEEE h:mm:ss a","d MMMM, y h:mm:ss a":"d MMMM, y h:mm:ss a","d MMM, y h:mm:ss a":"d MMM, y h:mm:ss a","dd-MM-yy h:mm:ss a":"dd-MM-yy h:mm:ss a","d h:mm:ss a":"d h:mm:ss a","E h:mm:ss a":"ccc h:mm:ss a","Ed h:mm:ss a":"d, E h:mm:ss a","Gy h:mm:ss a":"G y h:mm:ss a","GyMd h:mm:ss a":"GGGGG y-MM-dd h:mm:ss a","GyMMM h:mm:ss a":"G MMM y h:mm:ss a","GyMMMd h:mm:ss a":"G d, MMM y h:mm:ss a","GyMMMEd h:mm:ss a":"G, d MMM, y, E h:mm:ss a","M h:mm:ss a":"L h:mm:ss a","Md h:mm:ss a":"d/M h:mm:ss a","MEd h:mm:ss a":"d/M, E h:mm:ss a","MMdd h:mm:ss a":"dd-MM h:mm:ss a","MMM h:mm:ss a":"LLL h:mm:ss a","MMMd h:mm:ss a":"d MMM h:mm:ss a","MMMEd h:mm:ss a":"d MMM, E h:mm:ss a","MMMMd h:mm:ss a":"d MMMM h:mm:ss a","y h:mm:ss a":"y h:mm:ss a","yM h:mm:ss a":"M/y h:mm:ss a","yMd h:mm:ss a":"d/M/y h:mm:ss a","yMEd h:mm:ss a":"d/M/y, E h:mm:ss a","yMM h:mm:ss a":"MM-y h:mm:ss a","yMMM h:mm:ss a":"MMM y h:mm:ss a","yMMMd h:mm:ss a":"d, MMM y h:mm:ss a","yMMMEd h:mm:ss a":"d MMM, y, E h:mm:ss a","yMMMM h:mm:ss a":"MMMM y h:mm:ss a","d, MMMM y, EEEE h:mm a":"d, MMMM y, EEEE h:mm a","d MMMM, y h:mm a":"d MMMM, y h:mm a","d MMM, y h:mm a":"d MMM, y h:mm a","dd-MM-yy h:mm a":"dd-MM-yy h:mm a","d h:mm a":"d h:mm a","E h:mm a":"ccc h:mm a","Ed h:mm a":"d, E h:mm a","Gy h:mm a":"G y h:mm a","GyMd h:mm a":"GGGGG y-MM-dd h:mm a","GyMMM h:mm a":"G MMM y h:mm a","GyMMMd h:mm a":"G d, MMM y h:mm a","GyMMMEd h:mm a":"G, d MMM, y, E h:mm a","M h:mm a":"L h:mm a","Md h:mm a":"d/M h:mm a","MEd h:mm a":"d/M, E h:mm a","MMdd h:mm a":"dd-MM h:mm a","MMM h:mm a":"LLL h:mm a","MMMd h:mm a":"d MMM h:mm a","MMMEd h:mm a":"d MMM, E h:mm a","MMMMd h:mm a":"d MMMM h:mm a","y h:mm a":"y h:mm a","yM h:mm a":"M/y h:mm a","yMd h:mm a":"d/M/y h:mm a","yMEd h:mm a":"d/M/y, E h:mm a","yMM h:mm a":"MM-y h:mm a","yMMM h:mm a":"MMM y h:mm a","yMMMd h:mm a":"d, MMM y h:mm a","yMMMEd h:mm a":"d MMM, y, E h:mm a","yMMMM h:mm a":"MMMM y h:mm a","d, MMMM y, EEEE Bh":"d, MMMM y, EEEE h B","d MMMM, y Bh":"d MMMM, y h B","d MMM, y Bh":"d MMM, y h B","dd-MM-yy Bh":"dd-MM-yy h B","d Bh":"d h B","E Bh":"ccc h B","Ed Bh":"d, E h B","Gy Bh":"G y h B","GyMd Bh":"GGGGG y-MM-dd h B","GyMMM Bh":"G MMM y h B","GyMMMd Bh":"G d, MMM y h B","GyMMMEd Bh":"G, d MMM, y, E h B","M Bh":"L h B","Md Bh":"d/M h B","MEd Bh":"d/M, E h B","MMdd Bh":"dd-MM h B","MMM Bh":"LLL h B","MMMd Bh":"d MMM h B","MMMEd Bh":"d MMM, E h B","MMMMd Bh":"d MMMM h B","y Bh":"y h B","yM Bh":"M/y h B","yMd Bh":"d/M/y h B","yMEd Bh":"d/M/y, E h B","yMM Bh":"MM-y h B","yMMM Bh":"MMM y h B","yMMMd Bh":"d, MMM y h B","yMMMEd Bh":"d MMM, y, E h B","yMMMM Bh":"MMMM y h B","d, MMMM y, EEEE Bhm":"d, MMMM y, EEEE h:mm B","d MMMM, y Bhm":"d MMMM, y h:mm B","d MMM, y Bhm":"d MMM, y h:mm B","dd-MM-yy Bhm":"dd-MM-yy h:mm B","d Bhm":"d h:mm B","E Bhm":"ccc h:mm B","Ed Bhm":"d, E h:mm B","Gy Bhm":"G y h:mm B","GyMd Bhm":"GGGGG y-MM-dd h:mm B","GyMMM Bhm":"G MMM y h:mm B","GyMMMd Bhm":"G d, MMM y h:mm B","GyMMMEd Bhm":"G, d MMM, y, E h:mm B","M Bhm":"L h:mm B","Md Bhm":"d/M h:mm B","MEd Bhm":"d/M, E h:mm B","MMdd Bhm":"dd-MM h:mm B","MMM Bhm":"LLL h:mm B","MMMd Bhm":"d MMM h:mm B","MMMEd Bhm":"d MMM, E h:mm B","MMMMd Bhm":"d MMMM h:mm B","y Bhm":"y h:mm B","yM Bhm":"M/y h:mm B","yMd Bhm":"d/M/y h:mm B","yMEd Bhm":"d/M/y, E h:mm B","yMM Bhm":"MM-y h:mm B","yMMM Bhm":"MMM y h:mm B","yMMMd Bhm":"d, MMM y h:mm B","yMMMEd Bhm":"d MMM, y, E h:mm B","yMMMM Bhm":"MMMM y h:mm B","d, MMMM y, EEEE Bhms":"d, MMMM y, EEEE h:mm:ss B","d MMMM, y Bhms":"d MMMM, y h:mm:ss B","d MMM, y Bhms":"d MMM, y h:mm:ss B","dd-MM-yy Bhms":"dd-MM-yy h:mm:ss B","d Bhms":"d h:mm:ss B","E Bhms":"ccc h:mm:ss B","Ed Bhms":"d, E h:mm:ss B","Gy Bhms":"G y h:mm:ss B","GyMd Bhms":"GGGGG y-MM-dd h:mm:ss B","GyMMM Bhms":"G MMM y h:mm:ss B","GyMMMd Bhms":"G d, MMM y h:mm:ss B","GyMMMEd Bhms":"G, d MMM, y, E h:mm:ss B","M Bhms":"L h:mm:ss B","Md Bhms":"d/M h:mm:ss B","MEd Bhms":"d/M, E h:mm:ss B","MMdd Bhms":"dd-MM h:mm:ss B","MMM Bhms":"LLL h:mm:ss B","MMMd Bhms":"d MMM h:mm:ss B","MMMEd Bhms":"d MMM, E h:mm:ss B","MMMMd Bhms":"d MMMM h:mm:ss B","y Bhms":"y h:mm:ss B","yM Bhms":"M/y h:mm:ss B","yMd Bhms":"d/M/y h:mm:ss B","yMEd Bhms":"d/M/y, E h:mm:ss B","yMM Bhms":"MM-y h:mm:ss B","yMMM Bhms":"MMM y h:mm:ss B","yMMMd Bhms":"d, MMM y h:mm:ss B","yMMMEd Bhms":"d MMM, y, E h:mm:ss B","yMMMM Bhms":"MMMM y h:mm:ss B","d, MMMM y, EEEE h":"d, MMMM y, EEEE h a","d MMMM, y h":"d MMMM, y h a","d MMM, y h":"d MMM, y h a","dd-MM-yy h":"dd-MM-yy h a","d h":"d h a","E h":"ccc h a","Ed h":"d, E h a","Gy h":"G y h a","GyMd h":"GGGGG y-MM-dd h a","GyMMM h":"G MMM y h a","GyMMMd h":"G d, MMM y h a","GyMMMEd h":"G, d MMM, y, E h a","M h":"L h a","Md h":"d/M h a","MEd h":"d/M, E h a","MMdd h":"dd-MM h a","MMM h":"LLL h a","MMMd h":"d MMM h a","MMMEd h":"d MMM, E h a","MMMMd h":"d MMMM h a","y h":"y h a","yM h":"M/y h a","yMd h":"d/M/y h a","yMEd h":"d/M/y, E h a","yMM h":"MM-y h a","yMMM h":"MMM y h a","yMMMd h":"d, MMM y h a","yMMMEd h":"d MMM, y, E h a","yMMMM h":"MMMM y h a","d, MMMM y, EEEE H":"d, MMMM y, EEEE HH","d MMMM, y H":"d MMMM, y HH","d MMM, y H":"d MMM, y HH","dd-MM-yy H":"dd-MM-yy HH","d H":"d HH","E H":"ccc HH","Ed H":"d, E HH","Gy H":"G y HH","GyMd H":"GGGGG y-MM-dd HH","GyMMM H":"G MMM y HH","GyMMMd H":"G d, MMM y HH","GyMMMEd H":"G, d MMM, y, E HH","M H":"L HH","Md H":"d/M HH","MEd H":"d/M, E HH","MMdd H":"dd-MM HH","MMM H":"LLL HH","MMMd H":"d MMM HH","MMMEd H":"d MMM, E HH","MMMMd H":"d MMMM HH","y H":"y HH","yM H":"M/y HH","yMd H":"d/M/y HH","yMEd H":"d/M/y, E HH","yMM H":"MM-y HH","yMMM H":"MMM y HH","yMMMd H":"d, MMM y HH","yMMMEd H":"d MMM, y, E HH","yMMMM H":"MMMM y HH","d, MMMM y, EEEE hm":"d, MMMM y, EEEE h:mm a","d MMMM, y hm":"d MMMM, y h:mm a","d MMM, y hm":"d MMM, y h:mm a","dd-MM-yy hm":"dd-MM-yy h:mm a","d hm":"d h:mm a","E hm":"ccc h:mm a","Ed hm":"d, E h:mm a","Gy hm":"G y h:mm a","GyMd hm":"GGGGG y-MM-dd h:mm a","GyMMM hm":"G MMM y h:mm a","GyMMMd hm":"G d, MMM y h:mm a","GyMMMEd hm":"G, d MMM, y, E h:mm a","M hm":"L h:mm a","Md hm":"d/M h:mm a","MEd hm":"d/M, E h:mm a","MMdd hm":"dd-MM h:mm a","MMM hm":"LLL h:mm a","MMMd hm":"d MMM h:mm a","MMMEd hm":"d MMM, E h:mm a","MMMMd hm":"d MMMM h:mm a","y hm":"y h:mm a","yM hm":"M/y h:mm a","yMd hm":"d/M/y h:mm a","yMEd hm":"d/M/y, E h:mm a","yMM hm":"MM-y h:mm a","yMMM hm":"MMM y h:mm a","yMMMd hm":"d, MMM y h:mm a","yMMMEd hm":"d MMM, y, E h:mm a","yMMMM hm":"MMMM y h:mm a","d, MMMM y, EEEE Hm":"d, MMMM y, EEEE HH:mm","d MMMM, y Hm":"d MMMM, y HH:mm","d MMM, y Hm":"d MMM, y HH:mm","dd-MM-yy Hm":"dd-MM-yy HH:mm","d Hm":"d HH:mm","E Hm":"ccc HH:mm","Ed Hm":"d, E HH:mm","Gy Hm":"G y HH:mm","GyMd Hm":"GGGGG y-MM-dd HH:mm","GyMMM Hm":"G MMM y HH:mm","GyMMMd Hm":"G d, MMM y HH:mm","GyMMMEd Hm":"G, d MMM, y, E HH:mm","M Hm":"L HH:mm","Md Hm":"d/M HH:mm","MEd Hm":"d/M, E HH:mm","MMdd Hm":"dd-MM HH:mm","MMM Hm":"LLL HH:mm","MMMd Hm":"d MMM HH:mm","MMMEd Hm":"d MMM, E HH:mm","MMMMd Hm":"d MMMM HH:mm","y Hm":"y HH:mm","yM Hm":"M/y HH:mm","yMd Hm":"d/M/y HH:mm","yMEd Hm":"d/M/y, E HH:mm","yMM Hm":"MM-y HH:mm","yMMM Hm":"MMM y HH:mm","yMMMd Hm":"d, MMM y HH:mm","yMMMEd Hm":"d MMM, y, E HH:mm","yMMMM Hm":"MMMM y HH:mm","d, MMMM y, EEEE hms":"d, MMMM y, EEEE h:mm:ss a","d MMMM, y hms":"d MMMM, y h:mm:ss a","d MMM, y hms":"d MMM, y h:mm:ss a","dd-MM-yy hms":"dd-MM-yy h:mm:ss a","d hms":"d h:mm:ss a","E hms":"ccc h:mm:ss a","Ed hms":"d, E h:mm:ss a","Gy hms":"G y h:mm:ss a","GyMd hms":"GGGGG y-MM-dd h:mm:ss a","GyMMM hms":"G MMM y h:mm:ss a","GyMMMd hms":"G d, MMM y h:mm:ss a","GyMMMEd hms":"G, d MMM, y, E h:mm:ss a","M hms":"L h:mm:ss a","Md hms":"d/M h:mm:ss a","MEd hms":"d/M, E h:mm:ss a","MMdd hms":"dd-MM h:mm:ss a","MMM hms":"LLL h:mm:ss a","MMMd hms":"d MMM h:mm:ss a","MMMEd hms":"d MMM, E h:mm:ss a","MMMMd hms":"d MMMM h:mm:ss a","y hms":"y h:mm:ss a","yM hms":"M/y h:mm:ss a","yMd hms":"d/M/y h:mm:ss a","yMEd hms":"d/M/y, E h:mm:ss a","yMM hms":"MM-y h:mm:ss a","yMMM hms":"MMM y h:mm:ss a","yMMMd hms":"d, MMM y h:mm:ss a","yMMMEd hms":"d MMM, y, E h:mm:ss a","yMMMM hms":"MMMM y h:mm:ss a","d, MMMM y, EEEE Hms":"d, MMMM y, EEEE HH:mm:ss","d MMMM, y Hms":"d MMMM, y HH:mm:ss","d MMM, y Hms":"d MMM, y HH:mm:ss","dd-MM-yy Hms":"dd-MM-yy HH:mm:ss","d Hms":"d HH:mm:ss","E Hms":"ccc HH:mm:ss","Ed Hms":"d, E HH:mm:ss","Gy Hms":"G y HH:mm:ss","GyMd Hms":"GGGGG y-MM-dd HH:mm:ss","GyMMM Hms":"G MMM y HH:mm:ss","GyMMMd Hms":"G d, MMM y HH:mm:ss","GyMMMEd Hms":"G, d MMM, y, E HH:mm:ss","M Hms":"L HH:mm:ss","Md Hms":"d/M HH:mm:ss","MEd Hms":"d/M, E HH:mm:ss","MMdd Hms":"dd-MM HH:mm:ss","MMM Hms":"LLL HH:mm:ss","MMMd Hms":"d MMM HH:mm:ss","MMMEd Hms":"d MMM, E HH:mm:ss","MMMMd Hms":"d MMMM HH:mm:ss","y Hms":"y HH:mm:ss","yM Hms":"M/y HH:mm:ss","yMd Hms":"d/M/y HH:mm:ss","yMEd Hms":"d/M/y, E HH:mm:ss","yMM Hms":"MM-y HH:mm:ss","yMMM Hms":"MMM y HH:mm:ss","yMMMd Hms":"d, MMM y HH:mm:ss","yMMMEd Hms":"d MMM, y, E HH:mm:ss","yMMMM Hms":"MMMM y HH:mm:ss","d, MMMM y, EEEE hmsv":"d, MMMM y, EEEE h:mm:ss a v","d MMMM, y hmsv":"d MMMM, y h:mm:ss a v","d MMM, y hmsv":"d MMM, y h:mm:ss a v","dd-MM-yy hmsv":"dd-MM-yy h:mm:ss a v","d hmsv":"d h:mm:ss a v","E hmsv":"ccc h:mm:ss a v","Ed hmsv":"d, E h:mm:ss a v","Gy hmsv":"G y h:mm:ss a v","GyMd hmsv":"GGGGG y-MM-dd h:mm:ss a v","GyMMM hmsv":"G MMM y h:mm:ss a v","GyMMMd hmsv":"G d, MMM y h:mm:ss a v","GyMMMEd hmsv":"G, d MMM, y, E h:mm:ss a v","M hmsv":"L h:mm:ss a v","Md hmsv":"d/M h:mm:ss a v","MEd hmsv":"d/M, E h:mm:ss a v","MMdd hmsv":"dd-MM h:mm:ss a v","MMM hmsv":"LLL h:mm:ss a v","MMMd hmsv":"d MMM h:mm:ss a v","MMMEd hmsv":"d MMM, E h:mm:ss a v","MMMMd hmsv":"d MMMM h:mm:ss a v","y hmsv":"y h:mm:ss a v","yM hmsv":"M/y h:mm:ss a v","yMd hmsv":"d/M/y h:mm:ss a v","yMEd hmsv":"d/M/y, E h:mm:ss a v","yMM hmsv":"MM-y h:mm:ss a v","yMMM hmsv":"MMM y h:mm:ss a v","yMMMd hmsv":"d, MMM y h:mm:ss a v","yMMMEd hmsv":"d MMM, y, E h:mm:ss a v","yMMMM hmsv":"MMMM y h:mm:ss a v","d, MMMM y, EEEE Hmsv":"d, MMMM y, EEEE HH:mm:ss v","d MMMM, y Hmsv":"d MMMM, y HH:mm:ss v","d MMM, y Hmsv":"d MMM, y HH:mm:ss v","dd-MM-yy Hmsv":"dd-MM-yy HH:mm:ss v","d Hmsv":"d HH:mm:ss v","E Hmsv":"ccc HH:mm:ss v","Ed Hmsv":"d, E HH:mm:ss v","Gy Hmsv":"G y HH:mm:ss v","GyMd Hmsv":"GGGGG y-MM-dd HH:mm:ss v","GyMMM Hmsv":"G MMM y HH:mm:ss v","GyMMMd Hmsv":"G d, MMM y HH:mm:ss v","GyMMMEd Hmsv":"G, d MMM, y, E HH:mm:ss v","M Hmsv":"L HH:mm:ss v","Md Hmsv":"d/M HH:mm:ss v","MEd Hmsv":"d/M, E HH:mm:ss v","MMdd Hmsv":"dd-MM HH:mm:ss v","MMM Hmsv":"LLL HH:mm:ss v","MMMd Hmsv":"d MMM HH:mm:ss v","MMMEd Hmsv":"d MMM, E HH:mm:ss v","MMMMd Hmsv":"d MMMM HH:mm:ss v","y Hmsv":"y HH:mm:ss v","yM Hmsv":"M/y HH:mm:ss v","yMd Hmsv":"d/M/y HH:mm:ss v","yMEd Hmsv":"d/M/y, E HH:mm:ss v","yMM Hmsv":"MM-y HH:mm:ss v","yMMM Hmsv":"MMM y HH:mm:ss v","yMMMd Hmsv":"d, MMM y HH:mm:ss v","yMMMEd Hmsv":"d MMM, y, E HH:mm:ss v","yMMMM Hmsv":"MMMM y HH:mm:ss v","d, MMMM y, EEEE hmv":"d, MMMM y, EEEE h:mm a v","d MMMM, y hmv":"d MMMM, y h:mm a v","d MMM, y hmv":"d MMM, y h:mm a v","dd-MM-yy hmv":"dd-MM-yy h:mm a v","d hmv":"d h:mm a v","E hmv":"ccc h:mm a v","Ed hmv":"d, E h:mm a v","Gy hmv":"G y h:mm a v","GyMd hmv":"GGGGG y-MM-dd h:mm a v","GyMMM hmv":"G MMM y h:mm a v","GyMMMd hmv":"G d, MMM y h:mm a v","GyMMMEd hmv":"G, d MMM, y, E h:mm a v","M hmv":"L h:mm a v","Md hmv":"d/M h:mm a v","MEd hmv":"d/M, E h:mm a v","MMdd hmv":"dd-MM h:mm a v","MMM hmv":"LLL h:mm a v","MMMd hmv":"d MMM h:mm a v","MMMEd hmv":"d MMM, E h:mm a v","MMMMd hmv":"d MMMM h:mm a v","y hmv":"y h:mm a v","yM hmv":"M/y h:mm a v","yMd hmv":"d/M/y h:mm a v","yMEd hmv":"d/M/y, E h:mm a v","yMM hmv":"MM-y h:mm a v","yMMM hmv":"MMM y h:mm a v","yMMMd hmv":"d, MMM y h:mm a v","yMMMEd hmv":"d MMM, y, E h:mm a v","yMMMM hmv":"MMMM y h:mm a v","d, MMMM y, EEEE Hmv":"d, MMMM y, EEEE HH:mm v","d MMMM, y Hmv":"d MMMM, y HH:mm v","d MMM, y Hmv":"d MMM, y HH:mm v","dd-MM-yy Hmv":"dd-MM-yy HH:mm v","d Hmv":"d HH:mm v","E Hmv":"ccc HH:mm v","Ed Hmv":"d, E HH:mm v","Gy Hmv":"G y HH:mm v","GyMd Hmv":"GGGGG y-MM-dd HH:mm v","GyMMM Hmv":"G MMM y HH:mm v","GyMMMd Hmv":"G d, MMM y HH:mm v","GyMMMEd Hmv":"G, d MMM, y, E HH:mm v","M Hmv":"L HH:mm v","Md Hmv":"d/M HH:mm v","MEd Hmv":"d/M, E HH:mm v","MMdd Hmv":"dd-MM HH:mm v","MMM Hmv":"LLL HH:mm v","MMMd Hmv":"d MMM HH:mm v","MMMEd Hmv":"d MMM, E HH:mm v","MMMMd Hmv":"d MMMM HH:mm v","y Hmv":"y HH:mm v","yM Hmv":"M/y HH:mm v","yMd Hmv":"d/M/y HH:mm v","yMEd Hmv":"d/M/y, E HH:mm v","yMM Hmv":"MM-y HH:mm v","yMMM Hmv":"MMM y HH:mm v","yMMMd Hmv":"d, MMM y HH:mm v","yMMMEd Hmv":"d MMM, y, E HH:mm v","yMMMM Hmv":"MMMM y HH:mm v","d, MMMM y, EEEE ms":"d, MMMM y, EEEE mm:ss","d MMMM, y ms":"d MMMM, y mm:ss","d MMM, y ms":"d MMM, y mm:ss","dd-MM-yy ms":"dd-MM-yy mm:ss","d ms":"d mm:ss","E ms":"ccc mm:ss","Ed ms":"d, E mm:ss","Gy ms":"G y mm:ss","GyMd ms":"GGGGG y-MM-dd mm:ss","GyMMM ms":"G MMM y mm:ss","GyMMMd ms":"G d, MMM y mm:ss","GyMMMEd ms":"G, d MMM, y, E mm:ss","M ms":"L mm:ss","Md ms":"d/M mm:ss","MEd ms":"d/M, E mm:ss","MMdd ms":"dd-MM mm:ss","MMM ms":"LLL mm:ss","MMMd ms":"d MMM mm:ss","MMMEd ms":"d MMM, E mm:ss","MMMMd ms":"d MMMM mm:ss","y ms":"y mm:ss","yM ms":"M/y mm:ss","yMd ms":"d/M/y mm:ss","yMEd ms":"d/M/y, E mm:ss","yMM ms":"MM-y mm:ss","yMMM ms":"MMM y mm:ss","yMMMd ms":"d, MMM y mm:ss","yMMMEd ms":"d MMM, y, E mm:ss","yMMMM ms":"MMMM y mm:ss"}},"intervalFormats":{"intervalFormatFallback":"{0} – {1}","Bh":{"B":"B h – B h","h":"B h – h"},"Bhm":{"B":"B h:mm – B h:mm","h":"B h:mm – h:mm","m":"B h:mm – h:mm"},"d":{"d":"d–d"},"Gy":{"G":"G y – G y","y":"G y–y"},"GyM":{"G":"GGGGG M/y – GGGGG M/y","M":"GGGGG M/y – M/y","y":"GGGGG M/y – M/y"},"GyMd":{"d":"GGGGG d/M/y – d/M/y","G":"GGGGG d/M/y – GGGGG d/M/y","M":"GGGGG d/M/y – d/M/y","y":"GGGGG d/M/y – d/M/y"},"GyMEd":{"d":"GGGGG d/M/y, E – d/M/y, E","G":"GGGGG d/M/y, E – GGGGG d/M/y, E","M":"GGGGG d/M/y, E – d/M/y, E","y":"GGGGG d/M/y, E – d/M/y, E"},"GyMMM":{"G":"G MMM y – G MMM y","M":"G MMM – MMM y","y":"G MMM y – MMM y"},"GyMMMd":{"d":"G d – d MMM, y","G":"G d MMM y – G d MMM y","M":"G d MMM – d MMM, y","y":"G d MMM, y – d MMM, y"},"GyMMMEd":{"d":"G y d MMM, E – d MMM, E","G":"G d MMM, y, E – G d MMM, y, E","M":"G y d MMM, E – d MMM, E","y":"G d MMM, y, E – d MMM, y, E"},"h":{"a":"h a – h a","h":"h–h a"},"H":{"H":"HH–HH"},"hm":{"a":"h:mm a – h:mm a","h":"h:mm–h:mm a","m":"h:mm–h:mm a"},"Hm":{"H":"HH:mm–HH:mm","m":"HH:mm–HH:mm"},"hmv":{"a":"h:mm a – h:mm a v","h":"h:mm–h:mm a v","m":"h:mm–h:mm a v"},"Hmv":{"H":"HH:mm–HH:mm v","m":"HH:mm–HH:mm v"},"hv":{"a":"h a – h a v","h":"h–h a v"},"Hv":{"H":"HH–HH v"},"M":{"M":"M–M"},"Md":{"d":"d/M – d/M","M":"d/M – d/M"},"MEd":{"d":"d/M, E – d/M, E","M":"d/M, E – d/M, E"},"MMM":{"M":"MMM–MMM"},"MMMd":{"d":"d–d MMM","M":"d MMM – d MMM"},"MMMEd":{"d":"d MMM, E – d MMM, E","M":"d MMM, E – d MMM, E"},"y":{"y":"y–y"},"yM":{"M":"M/y – M/y","y":"M/y – M/y"},"yMd":{"d":"d/M/y – d/M/y","M":"d/M/y – d/M/y","y":"d/M/y – d/M/y"},"yMEd":{"d":"d/M/y, E – d/M/y, E","M":"d/M/y, E – d/M/y, E","y":"d/M/y, E – d/M/y, E"},"yMMM":{"M":"MMM–MMM y","y":"MMM y – MMM y"},"yMMMd":{"d":"d–d MMM, y","M":"d MMM – d MMM, y","y":"d MMM, y – d MMM, y"},"yMMMEd":{"d":"d MMM, E – d MMM, y, E","M":"d MMM, E – d MMM, y, E","y":"d MMM, y, E – d MMM, y, E"},"yMMMM":{"M":"MMMM – MMMM y","y":"MMMM y – MMMM y"}},"hourCycle":"h12","nu":["latn"],"ca":["gregory","indian"],"hc":["h12","h23"]},"locale":"te"}