{"data":{"am":"дп","pm":"пп","weekday":{"narrow":["Н","П","В","С","Ч","П","С"],"short":["нд","пн","вт","ср","чт","пт","сб"],"long":["неділя","понеділок","вівторок","середа","четвер","пʼятниця","субота"]},"era":{"narrow":{"BC":"до н.е.","AD":"н.е."},"short":{"BC":"до н. е.","AD":"н. е."},"long":{"BC":"до нашої ери","AD":"нашої ери"}},"month":{"narrow":["с","л","б","к","т","ч","л","с","в","ж","л","г"],"short":["січ.","лют.","бер.","квіт.","трав.","черв.","лип.","серп.","вер.","жовт.","лист.","груд."],"long":["січня","лютого","березня","квітня","травня","червня","липня","серпня","вересня","жовтня","листопада","грудня"]},"timeZoneName":{"America/Rio_Branco":{"long":["час: Акрі, стандартний","час: Акрі, літній"]},"Asia/Kabul":{"long":["за часом в Афганістані","за часом в Афганістані"]},"Africa/Maputo":{"long":["за центральноафриканським часом","за центральноафриканським часом"]},"Africa/Bujumbura":{"long":["за центральноафриканським часом","за центральноафриканським часом"]},"Africa/Gaborone":{"long":["за центральноафриканським часом","за центральноафриканським часом"]},"Africa/Lubumbashi":{"long":["за центральноафриканським часом","за центральноафриканським часом"]},"Africa/Blantyre":{"long":["за центральноафриканським часом","за центральноафриканським часом"]},"Africa/Kigali":{"long":["за центральноафриканським часом","за центральноафриканським часом"]},"Africa/Lusaka":{"long":["за центральноафриканським часом","за центральноафриканським часом"]},"Africa/Harare":{"long":["за центральноафриканським часом","за центральноафриканським часом"]},"Africa/Nairobi":{"long":["за східноафриканським часом","за східноафриканським часом"]},"Africa/Djibouti":{"long":["за східноафриканським часом","за східноафриканським часом"]},"Africa/Asmera":{"long":["за східноафриканським часом","за східноафриканським часом"]},"Africa/Addis_Ababa":{"long":["за східноафриканським часом","за східноафриканським часом"]},"Indian/Comoro":{"long":["за східноафриканським часом","за східноафриканським часом"]},"Indian/Antananarivo":{"long":["за східноафриканським часом","за східноафриканським часом"]},"Africa/Mogadishu":{"long":["за східноафриканським часом","за східноафриканським часом"]},"Africa/Dar_es_Salaam":{"long":["за східноафриканським часом","за східноафриканським часом"]},"Africa/Kampala":{"long":["за східноафриканським часом","за східноафриканським часом"]},"Indian/Mayotte":{"long":["за східноафриканським часом","за східноафриканським часом"]},"Africa/Johannesburg":{"long":["за південноафриканським часом","за південноафриканським часом"]},"Africa/Maseru":{"long":["за південноафриканським часом","за південноафриканським часом"]},"Africa/Mbabane":{"long":["за південноафриканським часом","за південноафриканським часом"]},"Africa/Lagos":{"long":["за західноафриканським стандартним часом","за західноафриканським літнім часом"]},"Africa/Luanda":{"long":["за західноафриканським стандартним часом","за західноафриканським літнім часом"]},"Africa/Porto-Novo":{"long":["за західноафриканським стандартним часом","за західноафриканським літнім часом"]},"Africa/Kinshasa":{"long":["за західноафриканським стандартним часом","за західноафриканським літнім часом"]},"Africa/Bangui":{"long":["за західноафриканським стандартним часом","за західноафриканським літнім часом"]},"Africa/Brazzaville":{"long":["за західноафриканським стандартним часом","за західноафриканським літнім часом"]},"Africa/Douala":{"long":["за західноафриканським стандартним часом","за західноафриканським літнім часом"]},"Africa/Libreville":{"long":["за західноафриканським стандартним часом","за західноафриканським літнім часом"]},"Africa/Malabo":{"long":["за західноафриканським стандартним часом","за західноафриканським літнім часом"]},"Africa/Niamey":{"long":["за західноафриканським стандартним часом","за західноафриканським літнім часом"]},"Africa/Ndjamena":{"long":["за західноафриканським стандартним часом","за західноафриканським літнім часом"]},"Asia/Aqtobe":{"long":["за західним часом у Казахстані","за західним часом у Казахстані"]},"America/Juneau":{"long":["за стандартним часом на Алясці","за літнім часом на Алясці"]},"Asia/Almaty":{"long":["за східним часом у Казахстані","за східним часом у Казахстані"]},"America/Manaus":{"long":["за стандартним часом на Амазонці","за літнім часом на Амазонці"]},"America/Chicago":{"long":["за північноамериканським центральним стандартним часом","за північноамериканським центральним літнім часом"]},"America/Belize":{"long":["за північноамериканським центральним стандартним часом","за північноамериканським центральним літнім часом"]},"America/Winnipeg":{"long":["за північноамериканським центральним стандартним часом","за північноамериканським центральним літнім часом"]},"America/Costa_Rica":{"long":["за північноамериканським центральним стандартним часом","за північноамериканським центральним літнім часом"]},"America/Guatemala":{"long":["за північноамериканським центральним стандартним часом","за північноамериканським центральним літнім часом"]},"America/Tegucigalpa":{"long":["за північноамериканським центральним стандартним часом","за північноамериканським центральним літнім часом"]},"America/Mexico_City":{"long":["за північноамериканським центральним стандартним часом","за північноамериканським центральним літнім часом"]},"America/El_Salvador":{"long":["за північноамериканським центральним стандартним часом","за північноамериканським центральним літнім часом"]},"America/New_York":{"long":["за північноамериканським східним стандартним часом","за північноамериканським східним літнім часом"]},"America/Nassau":{"long":["за північноамериканським східним стандартним часом","за північноамериканським східним літнім часом"]},"America/Toronto":{"long":["за північноамериканським східним стандартним часом","за північноамериканським східним літнім часом"]},"America/Port-au-Prince":{"long":["за північноамериканським східним стандартним часом","за північноамериканським східним літнім часом"]},"America/Jamaica":{"long":["за північноамериканським східним стандартним часом","за північноамериканським східним літнім часом"]},"America/Cayman":{"long":["за північноамериканським східним стандартним часом","за північноамериканським східним літнім часом"]},"America/Panama":{"long":["за північноамериканським східним стандартним часом","за північноамериканським східним літнім часом"]},"America/Denver":{"long":["за північноамериканським гірським стандартним часом","за північноамериканським гірським літнім часом"]},"America/Edmonton":{"long":["за північноамериканським гірським стандартним часом","за північноамериканським гірським літнім часом"]},"America/Hermosillo":{"long":["за північноамериканським гірським стандартним часом","за північноамериканським гірським літнім часом"]},"America/Los_Angeles":{"long":["за північноамериканським тихоокеанським стандартним часом","за північноамериканським тихоокеанським літнім часом"]},"America/Vancouver":{"long":["за північноамериканським тихоокеанським стандартним часом","за північноамериканським тихоокеанським літнім часом"]},"America/Tijuana":{"long":["за північноамериканським тихоокеанським стандартним часом","за північноамериканським тихоокеанським літнім часом"]},"Asia/Anadyr":{"long":["час: Анадир, стандартний","час: Анадир, літній"]},"Pacific/Apia":{"long":["за стандартним часом в Апіа","за літнім часом в Апіа"]},"Asia/Riyadh":{"long":["за арабським стандартним часом","за арабським літнім часом"]},"Asia/Bahrain":{"long":["за арабським стандартним часом","за арабським літнім часом"]},"Asia/Baghdad":{"long":["за арабським стандартним часом","за арабським літнім часом"]},"Asia/Kuwait":{"long":["за арабським стандартним часом","за арабським літнім часом"]},"Asia/Qatar":{"long":["за арабським стандартним часом","за арабським літнім часом"]},"Asia/Aden":{"long":["за арабським стандартним часом","за арабським літнім часом"]},"America/Buenos_Aires":{"long":["за стандартним аргентинським часом","за літнім аргентинським часом"]},"America/Argentina/San_Luis":{"long":["за стандартним західноаргентинським часом","за літнім за західноаргентинським часом"]},"Asia/Ashgabat":{"long":["за стандартним часом у Туркменістані","за літнім часом у Туркменістані"]},"America/Halifax":{"long":["за атлантичним стандартним часом","за атлантичним літнім часом"]},"America/Antigua":{"long":["за атлантичним стандартним часом","за атлантичним літнім часом"]},"America/Anguilla":{"long":["за атлантичним стандартним часом","за атлантичним літнім часом"]},"America/Aruba":{"long":["за атлантичним стандартним часом","за атлантичним літнім часом"]},"America/Barbados":{"long":["за атлантичним стандартним часом","за атлантичним літнім часом"]},"Atlantic/Bermuda":{"long":["за атлантичним стандартним часом","за атлантичним літнім часом"]},"America/Kralendijk":{"long":["за атлантичним стандартним часом","за атлантичним літнім часом"]},"America/Curacao":{"long":["за атлантичним стандартним часом","за атлантичним літнім часом"]},"America/Dominica":{"long":["за атлантичним стандартним часом","за атлантичним літнім часом"]},"America/Grenada":{"long":["за атлантичним стандартним часом","за атлантичним літнім часом"]},"America/Thule":{"long":["за атлантичним стандартним часом","за атлантичним літнім часом"]},"America/Guadeloupe":{"long":["за атлантичним стандартним часом","за атлантичним літнім часом"]},"America/St_Kitts":{"long":["за атлантичним стандартним часом","за атлантичним літнім часом"]},"America/St_Lucia":{"long":["за атлантичним стандартним часом","за атлантичним літнім часом"]},"America/Marigot":{"long":["за атлантичним стандартним часом","за атлантичним літнім часом"]},"America/Martinique":{"long":["за атлантичним стандартним часом","за атлантичним літнім часом"]},"America/Montserrat":{"long":["за атлантичним стандартним часом","за атлантичним літнім часом"]},"America/Puerto_Rico":{"long":["за атлантичним стандартним часом","за атлантичним літнім часом"]},"America/Lower_Princes":{"long":["за атлантичним стандартним часом","за атлантичним літнім часом"]},"America/Port_of_Spain":{"long":["за атлантичним стандартним часом","за атлантичним літнім часом"]},"America/St_Vincent":{"long":["за атлантичним стандартним часом","за атлантичним літнім часом"]},"America/Tortola":{"long":["за атлантичним стандартним часом","за атлантичним літнім часом"]},"America/St_Thomas":{"long":["за атлантичним стандартним часом","за атлантичним літнім часом"]},"Australia/Adelaide":{"long":["за стандартним центральноавстралійським часом","за літнім центральноавстралійським часом"]},"Australia/Eucla":{"long":["за стандартним центральнозахідним австралійським часом","за літнім центральнозахідним австралійським часом"]},"Australia/Sydney":{"long":["за стандартним східноавстралійським часом","за літнім східноавстралійським часом"]},"Australia/Perth":{"long":["за стандартним західноавстралійським часом","за літнім західноавстралійським часом"]},"Atlantic/Azores":{"long":["за стандартним часом на Азорських Островах","за літнім часом на Азорських Островах"]},"Asia/Thimphu":{"long":["за часом у Бутані","за часом у Бутані"]},"America/La_Paz":{"long":["за болівійським часом","за болівійським часом"]},"Asia/Kuching":{"long":["за часом у Малайзії","за часом у Малайзії"]},"America/Sao_Paulo":{"long":["за стандартним бразильським часом","за літнім бразильським часом"]},"Europe/London":{"long":["за Гринвічем","за Гринвічем"]},"Asia/Brunei":{"long":["за часом у Брунеї","за часом у Брунеї"]},"Atlantic/Cape_Verde":{"long":["за стандартним часом на островах Кабо-Верде","за літнім часом на островах Кабо-Верде"]},"Pacific/Chatham":{"long":["за стандартним часом на архіпелазі Чатем","за літнім часом на архіпелазі Чатем"]},"America/Santiago":{"long":["за стандартним чилійським часом","за літнім чилійським часом"]},"Asia/Shanghai":{"long":["за китайським стандартним часом","за китайським літнім часом"]},"Asia/Choibalsan":{"long":["за стандартним часом у Чойбалсані","за літнім часом у Чойбалсані"]},"Indian/Christmas":{"long":["за часом на острові Різдва","за часом на острові Різдва"]},"Indian/Cocos":{"long":["за часом на Кокосових Островах","за часом на Кокосових Островах"]},"America/Bogota":{"long":["за стандартним колумбійським часом","за літнім колумбійським часом"]},"Pacific/Rarotonga":{"long":["за стандартним часом на Островах Кука","за літнім часом на Островах Кука"]},"America/Havana":{"long":["за стандартним часом на Кубі","за літнім часом на Кубі"]},"Antarctica/Davis":{"long":["за часом у Девіс","за часом у Девіс"]},"Antarctica/DumontDUrville":{"long":["за часом у Дюмон дʼЮрвіль","за часом у Дюмон дʼЮрвіль"]},"Asia/Dushanbe":{"long":["за часом у Таджикистані","за часом у Таджикистані"]},"America/Paramaribo":{"long":["за часом у Суринамі","за часом у Суринамі"]},"Asia/Dili":{"long":["за часом у Східному Тиморі","за часом у Східному Тиморі"]},"Pacific/Easter":{"long":["за стандартним часом на острові Пасхи","за літнім часом на острові Пасхи"]},"America/Guayaquil":{"long":["за часом в Еквадорі","за часом в Еквадорі"]},"Europe/Paris":{"long":["за центральноєвропейським стандартним часом","за центральноєвропейським літнім часом"]},"Europe/Andorra":{"long":["за центральноєвропейським стандартним часом","за центральноєвропейським літнім часом"]},"Europe/Tirane":{"long":["за центральноєвропейським стандартним часом","за центральноєвропейським літнім часом"]},"Europe/Vienna":{"long":["за центральноєвропейським стандартним часом","за центральноєвропейським літнім часом"]},"Europe/Sarajevo":{"long":["за центральноєвропейським стандартним часом","за центральноєвропейським літнім часом"]},"Europe/Brussels":{"long":["за центральноєвропейським стандартним часом","за центральноєвропейським літнім часом"]},"Europe/Zurich":{"long":["за центральноєвропейським стандартним часом","за центральноєвропейським літнім часом"]},"Europe/Prague":{"long":["за центральноєвропейським стандартним часом","за центральноєвропейським літнім часом"]},"Europe/Berlin":{"long":["за центральноєвропейським стандартним часом","за центральноєвропейським літнім часом"]},"Europe/Copenhagen":{"long":["за центральноєвропейським стандартним часом","за центральноєвропейським літнім часом"]},"Europe/Madrid":{"long":["за центральноєвропейським стандартним часом","за центральноєвропейським літнім часом"]},"Europe/Gibraltar":{"long":["за центральноєвропейським стандартним часом","за центральноєвропейським літнім часом"]},"Europe/Zagreb":{"long":["за центральноєвропейським стандартним часом","за центральноєвропейським літнім часом"]},"Europe/Budapest":{"long":["за центральноєвропейським стандартним часом","за центральноєвропейським літнім часом"]},"Europe/Rome":{"long":["за центральноєвропейським стандартним часом","за центральноєвропейським літнім часом"]},"Europe/Vaduz":{"long":["за центральноєвропейським стандартним часом","за центральноєвропейським літнім часом"]},"Europe/Luxembourg":{"long":["за центральноєвропейським стандартним часом","за центральноєвропейським літнім часом"]},"Europe/Monaco":{"long":["за центральноєвропейським стандартним часом","за центральноєвропейським літнім часом"]},"Europe/Podgorica":{"long":["за центральноєвропейським стандартним часом","за центральноєвропейським літнім часом"]},"Europe/Skopje":{"long":["за центральноєвропейським стандартним часом","за центральноєвропейським літнім часом"]},"Europe/Malta":{"long":["за центральноєвропейським стандартним часом","за центральноєвропейським літнім часом"]},"Europe/Amsterdam":{"long":["за центральноєвропейським стандартним часом","за центральноєвропейським літнім часом"]},"Europe/Oslo":{"long":["за центральноєвропейським стандартним часом","за центральноєвропейським літнім часом"]},"Europe/Warsaw":{"long":["за центральноєвропейським стандартним часом","за центральноєвропейським літнім часом"]},"Europe/Belgrade":{"long":["за центральноєвропейським стандартним часом","за центральноєвропейським літнім часом"]},"Europe/Stockholm":{"long":["за центральноєвропейським стандартним часом","за центральноєвропейським літнім часом"]},"Europe/Ljubljana":{"long":["за центральноєвропейським стандартним часом","за центральноєвропейським літнім часом"]},"Arctic/Longyearbyen":{"long":["за центральноєвропейським стандартним часом","за центральноєвропейським літнім часом"]},"Europe/Bratislava":{"long":["за центральноєвропейським стандартним часом","за центральноєвропейським літнім часом"]},"Europe/San_Marino":{"long":["за центральноєвропейським стандартним часом","за центральноєвропейським літнім часом"]},"Africa/Tunis":{"long":["за центральноєвропейським стандартним часом","за центральноєвропейським літнім часом"]},"Europe/Vatican":{"long":["за центральноєвропейським стандартним часом","за центральноєвропейським літнім часом"]},"Europe/Bucharest":{"long":["за східноєвропейським стандартним часом","за східноєвропейським літнім часом"]},"Europe/Mariehamn":{"long":["за східноєвропейським стандартним часом","за східноєвропейським літнім часом"]},"Europe/Sofia":{"long":["за східноєвропейським стандартним часом","за східноєвропейським літнім часом"]},"Asia/Nicosia":{"long":["за східноєвропейським стандартним часом","за східноєвропейським літнім часом"]},"Africa/Cairo":{"long":["за східноєвропейським стандартним часом","за східноєвропейським літнім часом"]},"Europe/Helsinki":{"long":["за східноєвропейським стандартним часом","за східноєвропейським літнім часом"]},"Europe/Athens":{"long":["за східноєвропейським стандартним часом","за східноєвропейським літнім часом"]},"Asia/Beirut":{"long":["за східноєвропейським стандартним часом","за східноєвропейським літнім часом"]},"Europe/Minsk":{"long":["за далекосхідним європейським часом","за далекосхідним європейським часом"]},"Europe/Kaliningrad":{"long":["за далекосхідним європейським часом","за далекосхідним європейським часом"]},"Atlantic/Canary":{"long":["за західноєвропейським стандартним часом","за західноєвропейським літнім часом"]},"Atlantic/Faeroe":{"long":["за західноєвропейським стандартним часом","за західноєвропейським літнім часом"]},"Atlantic/Stanley":{"long":["за стандартним часом на Фолклендських Островах","за літнім часом на Фолклендських Островах"]},"Pacific/Fiji":{"long":["за стандартним часом на Фіджі","за літнім часом на Фіджі"]},"America/Cayenne":{"long":["за часом Французької Ґвіани","за часом Французької Ґвіани"]},"Indian/Kerguelen":{"long":["за часом на Французьких Південних і Антарктичних територіях","за часом на Французьких Південних і Антарктичних територіях"]},"Asia/Bishkek":{"long":["за часом у Киргизстані","за часом у Киргизстані"]},"Pacific/Galapagos":{"long":["за часом Ґалапаґосу","за часом Ґалапаґосу"]},"Pacific/Gambier":{"long":["за часом на острові Ґамбʼє","за часом на острові Ґамбʼє"]},"Pacific/Tarawa":{"long":["за часом на островах Гілберта","за часом на островах Гілберта"]},"Atlantic/Reykjavik":{"long":["за Гринвічем","за Гринвічем"]},"Africa/Ouagadougou":{"long":["за Гринвічем","за Гринвічем"]},"Africa/Abidjan":{"long":["за Гринвічем","за Гринвічем"]},"Africa/Accra":{"long":["за Гринвічем","за Гринвічем"]},"Africa/Banjul":{"long":["за Гринвічем","за Гринвічем"]},"Africa/Conakry":{"long":["за Гринвічем","за Гринвічем"]},"Africa/Bamako":{"long":["за Гринвічем","за Гринвічем"]},"Africa/Nouakchott":{"long":["за Гринвічем","за Гринвічем"]},"Atlantic/St_Helena":{"long":["за Гринвічем","за Гринвічем"]},"Africa/Freetown":{"long":["за Гринвічем","за Гринвічем"]},"Africa/Dakar":{"long":["за Гринвічем","за Гринвічем"]},"Africa/Lome":{"long":["за Гринвічем","за Гринвічем"]},"America/Scoresbysund":{"long":["за стандартним східним часом у Ґренландії","за літнім східним часом у Ґренландії"]},"America/Godthab":{"long":["за стандартним західним часом у Ґренландії","за літнім західним часом у Ґренландії"]},"Asia/Dubai":{"long":["за часом Перської затоки","за часом Перської затоки"]},"Asia/Muscat":{"long":["за часом Перської затоки","за часом Перської затоки"]},"America/Guyana":{"long":["за часом у Ґаяні","за часом у Ґаяні"]},"Pacific/Honolulu":{"long":["за стандартним гавайсько-алеутським часом","за літнім гавайсько-алеутським часом"]},"Asia/Hong_Kong":{"long":["за стандартним часом у Гонконзі","за літнім часом у Гонконзі"]},"Asia/Hovd":{"long":["за стандартним часом у Ховді","за літнім часом у Ховді"]},"Asia/Calcutta":{"long":["за індійським стандартним часом","за індійським стандартним часом"]},"Asia/Colombo":{"long":["час: Ланка","час: Ланка"]},"Indian/Chagos":{"long":["за часом в Індійському Океані","за часом в Індійському Океані"]},"Asia/Bangkok":{"long":["за часом в Індокитаї","за часом в Індокитаї"]},"Asia/Phnom_Penh":{"long":["за часом в Індокитаї","за часом в Індокитаї"]},"Asia/Vientiane":{"long":["за часом в Індокитаї","за часом в Індокитаї"]},"Asia/Makassar":{"long":["за центральноіндонезійським часом","за центральноіндонезійським часом"]},"Asia/Jayapura":{"long":["за східноіндонезійським часом","за східноіндонезійським часом"]},"Asia/Jakarta":{"long":["за західноіндонезійським часом","за західноіндонезійським часом"]},"Asia/Tehran":{"long":["за іранським стандартним часом","за іранським літнім часом"]},"Asia/Irkutsk":{"long":["за іркутським стандартним часом","за іркутським літнім часом"]},"Asia/Jerusalem":{"long":["за ізраїльським стандартним часом","за ізраїльським літнім часом"]},"Asia/Tokyo":{"long":["за японським стандартним часом","за японським літнім часом"]},"Asia/Kamchatka":{"long":["за камчатським стандартним часом","за камчатським літнім часом"]},"Asia/Karachi":{"long":["за стандартним часом у Пакистані","за літнім часом у Пакистані"]},"Asia/Qyzylorda":{"long":["час: Кизилорда, стандартний","час: Кизилорда, літній"]},"Asia/Seoul":{"long":["за корейським стандартним часом","за корейським літнім часом"]},"Pacific/Kosrae":{"long":["за часом на острові Косрае","за часом на острові Косрае"]},"Asia/Krasnoyarsk":{"long":["за красноярським стандартним часом","за красноярським літнім часом"]},"Europe/Samara":{"long":["за самарським стандартним часом","за самарським літнім часом"]},"Pacific/Kiritimati":{"long":["за часом на острові Лайн","за часом на острові Лайн"]},"Australia/Lord_Howe":{"long":["за стандартним часом на острові Лорд-Хау","за літнім часом на острові Лорд-Хау"]},"Antarctica/Macquarie":{"long":["за часом на острові Маккуорі","за часом на острові Маккуорі"]},"Asia/Magadan":{"long":["за магаданським стандартним часом","за магаданським літнім часом"]},"Indian/Maldives":{"long":["за часом на Мальдівах","за часом на Мальдівах"]},"Pacific/Marquesas":{"long":["за часом на Маркізьких островах","за часом на Маркізьких островах"]},"Pacific/Majuro":{"long":["за часом на Маршаллових Островах","за часом на Маршаллових Островах"]},"Indian/Mauritius":{"long":["за стандартним часом на острові Маврикій","за літнім часом на острові Маврикій"]},"Antarctica/Mawson":{"long":["за часом на станції Моусон","за часом на станції Моусон"]},"America/Santa_Isabel":{"long":["за стандартним північнозахідним часом у Мексиці","за літнім північнозахідним часом у Мексиці"]},"America/Mazatlan":{"long":["за стандартним тихоокеанським часом у Мексиці","за літнім тихоокеанським часом у Мексиці"]},"Asia/Ulaanbaatar":{"long":["за стандартним часом в Улан-Баторі","за літнім часом в Улан-Баторі"]},"Europe/Moscow":{"long":["за московським стандартним часом","за московським літнім часом"]},"Asia/Rangoon":{"long":["за часом у Мʼянмі","за часом у Мʼянмі"]},"Pacific/Nauru":{"long":["за часом на острові Науру","за часом на острові Науру"]},"Asia/Katmandu":{"long":["за часом у Непалі","за часом у Непалі"]},"Pacific/Noumea":{"long":["за стандартним часом на островах Нової Каледонії","за літнім часом на островах Нової Каледонії"]},"Pacific/Auckland":{"long":["за стандартним часом у Новій Зеландії","за літнім часом у Новій Зеландії"]},"Antarctica/McMurdo":{"long":["за стандартним часом у Новій Зеландії","за літнім часом у Новій Зеландії"]},"America/St_Johns":{"long":["за стандартним часом на острові Ньюфаундленд","за літнім часом у Ньюфаундленд"]},"Pacific/Niue":{"long":["за часом на острові Ніуе","за часом на острові Ніуе"]},"Pacific/Norfolk":{"long":["за стандартним часом на острові Норфолк","за літнім часом на острові Норфолк"]},"America/Noronha":{"long":["за стандартним часом на архіпелазі Фернанду-ді-Норонья","за літнім часом на архіпелазі Фернанду-ді-Норонья"]},"Asia/Novosibirsk":{"long":["за новосибірським стандартним часом","за новосибірським літнім часом"]},"Asia/Omsk":{"long":["за омським стандартним часом","за омським літнім часом"]},"Pacific/Palau":{"long":["за часом на острові Палау","за часом на острові Палау"]},"Pacific/Port_Moresby":{"long":["за часом на островах Папуа-Нова Ґвінея","за часом на островах Папуа-Нова Ґвінея"]},"America/Asuncion":{"long":["за стандартним параґвайським часом","за літнім параґвайським часом"]},"America/Lima":{"long":["за стандартним часом у Перу","за літнім часом у Перу"]},"Asia/Manila":{"long":["за стандартним часом на Філіппінах","за літнім часом на Філіппінах"]},"Pacific/Enderbury":{"long":["за часом на островах Фенікс","за часом на островах Фенікс"]},"America/Miquelon":{"long":["за стандартним часом на островах Сен-П’єр і Мікелон","за літнім часом на островах Сен-П’єр і Мікелон"]},"Pacific/Pitcairn":{"long":["за часом на островах Піткерн","за часом на островах Піткерн"]},"Pacific/Ponape":{"long":["за часом на острові Понапе","за часом на острові Понапе"]},"Asia/Pyongyang":{"long":["за часом у Пхеньяні","за часом у Пхеньяні"]},"Indian/Reunion":{"long":["за часом на острові Реюньйон","за часом на острові Реюньйон"]},"Antarctica/Rothera":{"long":["за часом на станції Ротера","за часом на станції Ротера"]},"Asia/Sakhalin":{"long":["за сахалінським стандартним часом","за сахалінським літнім часом"]},"Pacific/Pago_Pago":{"long":["за стандартним часом на острові Самоа","за літнім часом на острові Самоа"]},"Indian/Mahe":{"long":["за часом на Сейшельських Островах","за часом на Сейшельських Островах"]},"Asia/Singapore":{"long":["за часом у Сінгапурі","за часом у Сінгапурі"]},"Pacific/Guadalcanal":{"long":["за часом на Соломонових Островах","за часом на Соломонових Островах"]},"Atlantic/South_Georgia":{"long":["за часом на острові Південна Джорджія","за часом на острові Південна Джорджія"]},"Asia/Yekaterinburg":{"long":["за єкатеринбурзьким стандартним часом","за єкатеринбурзьким літнім часом"]},"Antarctica/Syowa":{"long":["за часом на станції Сева","за часом на станції Сева"]},"Pacific/Tahiti":{"long":["за часом на острові Таїті","за часом на острові Таїті"]},"Asia/Taipei":{"long":["за стандартним часом у Тайбеї","за літнім часом у Тайбеї"]},"Asia/Tashkent":{"long":["за стандартним часом в Узбекистані","за літнім часом в Узбекистані"]},"Pacific/Fakaofo":{"long":["за часом на островах Токелау","за часом на островах Токелау"]},"Pacific/Tongatapu":{"long":["за стандартним часом на островах Тонга","за літнім часом на островах Тонга"]},"Pacific/Truk":{"long":["за часом на островах Чуук","за часом на островах Чуук"]},"Pacific/Funafuti":{"long":["за часом на островах Тувалу","за часом на островах Тувалу"]},"America/Montevideo":{"long":["за стандартним часом в Уруґваї","за літнім часом в Уруґваї"]},"Pacific/Efate":{"long":["за стандартним часом на островах Вануату","за літнім часом на островах Вануату"]},"America/Caracas":{"long":["за часом у Венесуелі","за часом у Венесуелі"]},"Asia/Vladivostok":{"long":["за владивостоцьким стандартним часом","за владивостоцьким літнім часом"]},"Europe/Volgograd":{"long":["за волгоградським стандартним часом","за волгоградським літнім часом"]},"Antarctica/Vostok":{"long":["за часом на станції Восток","за часом на станції Восток"]},"Pacific/Wake":{"long":["за часом на острові Вейк","за часом на острові Вейк"]},"Pacific/Wallis":{"long":["за часом на островах Уолліс і Футуна","за часом на островах Уолліс і Футуна"]},"Asia/Yakutsk":{"long":["за якутським стандартним часом","за якутським літнім часом"]},"America/Whitehorse":{"long":["за стандартним часом на Юконі","за стандартним часом на Юконі"]},"UTC":{"long":["за всесвітнім координованим часом","за всесвітнім координованим часом"],"short":["UTC","UTC"]}},"gmtFormat":"GMT{0}","hourFormat":"+HH:mm;-HH:mm","dateFormat":{"full":"EEEE, d MMMM y 'р'.","long":"d MMMM y 'р'.","medium":"d MMM y 'р'.","short":"dd.MM.yy"},"timeFormat":{"full":"HH:mm:ss zzzz","long":"HH:mm:ss z","medium":"HH:mm:ss","short":"HH:mm"},"dateTimeFormat":{"full":"{1}, {0}","long":"{1}, {0}","medium":"{1}, {0}","short":"{1}, {0}"},"formats":{"gregory":{"Bh":"h B","Bhm":"h:mm B","Bhms":"h:mm:ss B","d":"d","E":"ccc","EBhm":"E h:mm B","EBhms":"E h:mm:ss B","Ed":"E, d","Ehm":"E h:mm a","EHm":"E HH:mm","Ehms":"E h:mm:ss a","EHms":"E HH:mm:ss","Gy":"y G","GyMd":"dd-MM-y GGGGG","GyMMM":"LLL y 'р'. G","GyMMMd":"d MMM y 'р'. G","GyMMMEd":"E, d MMM y 'р'. G","h":"h a","H":"HH","hm":"h:mm a","Hm":"HH:mm","hms":"h:mm:ss a","Hms":"HH:mm:ss","hmsv":"h:mm:ss a v","Hmsv":"HH:mm:ss v","hmv":"h:mm a v","Hmv":"HH:mm v","M":"LL","Md":"dd.MM","MEd":"E, dd.MM","MMM":"LLL","MMMd":"d MMM","MMMEd":"E, d MMM","MMMMd":"d MMMM","MMMMEd":"E, d MMMM","ms":"mm:ss","y":"y","yM":"MM.y","yMd":"dd.MM.y","yMEd":"E, dd.MM.y","yMMM":"LLL y 'р'.","yMMMd":"d MMM y 'р'.","yMMMEd":"E, d MMM y 'р'.","yMMMM":"LLLL y 'р'.","EEEE, d MMMM y 'р'.":"EEEE, d MMMM y 'р'.","d MMMM y 'р'.":"d MMMM y 'р'.","d MMM y 'р'.":"d MMM y 'р'.","dd.MM.yy":"dd.MM.yy","HH:mm:ss zzzz":"HH:mm:ss zzzz","HH:mm:ss z":"HH:mm:ss z","HH:mm:ss":"HH:mm:ss","HH:mm":"HH:mm","EEEE, d MMMM y 'р'., HH:mm:ss zzzz":"EEEE, d MMMM y 'р'., HH:mm:ss zzzz","d MMMM y 'р'., HH:mm:ss zzzz":"d MMMM y 'р'., HH:mm:ss zzzz","d MMM y 'р'., HH:mm:ss zzzz":"d MMM y 'р'., HH:mm:ss zzzz","dd.MM.yy, HH:mm:ss zzzz":"dd.MM.yy, HH:mm:ss zzzz","d, HH:mm:ss zzzz":"d, HH:mm:ss zzzz","E, HH:mm:ss zzzz":"ccc, HH:mm:ss zzzz","Ed, HH:mm:ss zzzz":"E, d, HH:mm:ss zzzz","Gy, HH:mm:ss zzzz":"y G, HH:mm:ss zzzz","GyMd, HH:mm:ss zzzz":"dd-MM-y GGGGG, HH:mm:ss zzzz","GyMMM, HH:mm:ss zzzz":"LLL y 'р'. G, HH:mm:ss zzzz","GyMMMd, HH:mm:ss zzzz":"d MMM y 'р'. G, HH:mm:ss zzzz","GyMMMEd, HH:mm:ss zzzz":"E, d MMM y 'р'. G, HH:mm:ss zzzz","M, HH:mm:ss zzzz":"LL, HH:mm:ss zzzz","Md, HH:mm:ss zzzz":"dd.MM, HH:mm:ss zzzz","MEd, HH:mm:ss zzzz":"E, dd.MM, HH:mm:ss zzzz","MMM, HH:mm:ss zzzz":"LLL, HH:mm:ss zzzz","MMMd, HH:mm:ss zzzz":"d MMM, HH:mm:ss zzzz","MMMEd, HH:mm:ss zzzz":"E, d MMM, HH:mm:ss zzzz","MMMMd, HH:mm:ss zzzz":"d MMMM, HH:mm:ss zzzz","MMMMEd, HH:mm:ss zzzz":"E, d MMMM, HH:mm:ss zzzz","y, HH:mm:ss zzzz":"y, HH:mm:ss zzzz","yM, HH:mm:ss zzzz":"MM.y, HH:mm:ss zzzz","yMd, HH:mm:ss zzzz":"dd.MM.y, HH:mm:ss zzzz","yMEd, HH:mm:ss zzzz":"E, dd.MM.y, HH:mm:ss zzzz","yMMM, HH:mm:ss zzzz":"LLL y 'р'., HH:mm:ss zzzz","yMMMd, HH:mm:ss zzzz":"d MMM y 'р'., HH:mm:ss zzzz","yMMMEd, HH:mm:ss zzzz":"E, d MMM y 'р'., HH:mm:ss zzzz","yMMMM, HH:mm:ss zzzz":"LLLL y 'р'., HH:mm:ss zzzz","EEEE, d MMMM y 'р'., HH:mm:ss z":"EEEE, d MMMM y 'р'., HH:mm:ss z","d MMMM y 'р'., HH:mm:ss z":"d MMMM y 'р'., HH:mm:ss z","d MMM y 'р'., HH:mm:ss z":"d MMM y 'р'., HH:mm:ss z","dd.MM.yy, HH:mm:ss z":"dd.MM.yy, HH:mm:ss z","d, HH:mm:ss z":"d, HH:mm:ss z","E, HH:mm:ss z":"ccc, HH:mm:ss z","Ed, HH:mm:ss z":"E, d, HH:mm:ss z","Gy, HH:mm:ss z":"y G, HH:mm:ss z","GyMd, HH:mm:ss z":"dd-MM-y GGGGG, HH:mm:ss z","GyMMM, HH:mm:ss z":"LLL y 'р'. G, HH:mm:ss z","GyMMMd, HH:mm:ss z":"d MMM y 'р'. G, HH:mm:ss z","GyMMMEd, HH:mm:ss z":"E, d MMM y 'р'. G, HH:mm:ss z","M, HH:mm:ss z":"LL, HH:mm:ss z","Md, HH:mm:ss z":"dd.MM, HH:mm:ss z","MEd, HH:mm:ss z":"E, dd.MM, HH:mm:ss z","MMM, HH:mm:ss z":"LLL, HH:mm:ss z","MMMd, HH:mm:ss z":"d MMM, HH:mm:ss z","MMMEd, HH:mm:ss z":"E, d MMM, HH:mm:ss z","MMMMd, HH:mm:ss z":"d MMMM, HH:mm:ss z","MMMMEd, HH:mm:ss z":"E, d MMMM, HH:mm:ss z","y, HH:mm:ss z":"y, HH:mm:ss z","yM, HH:mm:ss z":"MM.y, HH:mm:ss z","yMd, HH:mm:ss z":"dd.MM.y, HH:mm:ss z","yMEd, HH:mm:ss z":"E, dd.MM.y, HH:mm:ss z","yMMM, HH:mm:ss z":"LLL y 'р'., HH:mm:ss z","yMMMd, HH:mm:ss z":"d MMM y 'р'., HH:mm:ss z","yMMMEd, HH:mm:ss z":"E, d MMM y 'р'., HH:mm:ss z","yMMMM, HH:mm:ss z":"LLLL y 'р'., HH:mm:ss z","EEEE, d MMMM y 'р'., HH:mm:ss":"EEEE, d MMMM y 'р'., HH:mm:ss","d MMMM y 'р'., HH:mm:ss":"d MMMM y 'р'., HH:mm:ss","d MMM y 'р'., HH:mm:ss":"d MMM y 'р'., HH:mm:ss","dd.MM.yy, HH:mm:ss":"dd.MM.yy, HH:mm:ss","d, HH:mm:ss":"d, HH:mm:ss","E, HH:mm:ss":"ccc, HH:mm:ss","Ed, HH:mm:ss":"E, d, HH:mm:ss","Gy, HH:mm:ss":"y G, HH:mm:ss","GyMd, HH:mm:ss":"dd-MM-y GGGGG, HH:mm:ss","GyMMM, HH:mm:ss":"LLL y 'р'. G, HH:mm:ss","GyMMMd, HH:mm:ss":"d MMM y 'р'. G, HH:mm:ss","GyMMMEd, HH:mm:ss":"E, d MMM y 'р'. G, HH:mm:ss","M, HH:mm:ss":"LL, HH:mm:ss","Md, HH:mm:ss":"dd.MM, HH:mm:ss","MEd, HH:mm:ss":"E, dd.MM, HH:mm:ss","MMM, HH:mm:ss":"LLL, HH:mm:ss","MMMd, HH:mm:ss":"d MMM, HH:mm:ss","MMMEd, HH:mm:ss":"E, d MMM, HH:mm:ss","MMMMd, HH:mm:ss":"d MMMM, HH:mm:ss","MMMMEd, HH:mm:ss":"E, d MMMM, HH:mm:ss","y, HH:mm:ss":"y, HH:mm:ss","yM, HH:mm:ss":"MM.y, HH:mm:ss","yMd, HH:mm:ss":"dd.MM.y, HH:mm:ss","yMEd, HH:mm:ss":"E, dd.MM.y, HH:mm:ss","yMMM, HH:mm:ss":"LLL y 'р'., HH:mm:ss","yMMMd, HH:mm:ss":"d MMM y 'р'., HH:mm:ss","yMMMEd, HH:mm:ss":"E, d MMM y 'р'., HH:mm:ss","yMMMM, HH:mm:ss":"LLLL y 'р'., HH:mm:ss","EEEE, d MMMM y 'р'., HH:mm":"EEEE, d MMMM y 'р'., HH:mm","d MMMM y 'р'., HH:mm":"d MMMM y 'р'., HH:mm","d MMM y 'р'., HH:mm":"d MMM y 'р'., HH:mm","dd.MM.yy, HH:mm":"dd.MM.yy, HH:mm","d, HH:mm":"d, HH:mm","E, HH:mm":"ccc, HH:mm","Ed, HH:mm":"E, d, HH:mm","Gy, HH:mm":"y G, HH:mm","GyMd, HH:mm":"dd-MM-y GGGGG, HH:mm","GyMMM, HH:mm":"LLL y 'р'. G, HH:mm","GyMMMd, HH:mm":"d MMM y 'р'. G, HH:mm","GyMMMEd, HH:mm":"E, d MMM y 'р'. G, HH:mm","M, HH:mm":"LL, HH:mm","Md, HH:mm":"dd.MM, HH:mm","MEd, HH:mm":"E, dd.MM, HH:mm","MMM, HH:mm":"LLL, HH:mm","MMMd, HH:mm":"d MMM, HH:mm","MMMEd, HH:mm":"E, d MMM, HH:mm","MMMMd, HH:mm":"d MMMM, HH:mm","MMMMEd, HH:mm":"E, d MMMM, HH:mm","y, HH:mm":"y, HH:mm","yM, HH:mm":"MM.y, HH:mm","yMd, HH:mm":"dd.MM.y, HH:mm","yMEd, HH:mm":"E, dd.MM.y, HH:mm","yMMM, HH:mm":"LLL y 'р'., HH:mm","yMMMd, HH:mm":"d MMM y 'р'., HH:mm","yMMMEd, HH:mm":"E, d MMM y 'р'., HH:mm","yMMMM, HH:mm":"LLLL y 'р'., HH:mm","EEEE, d MMMM y 'р'., Bh":"EEEE, d MMMM y 'р'., h B","d MMMM y 'р'., Bh":"d MMMM y 'р'., h B","d MMM y 'р'., Bh":"d MMM y 'р'., h B","dd.MM.yy, Bh":"dd.MM.yy, h B","d, Bh":"d, h B","E, Bh":"ccc, h B","Ed, Bh":"E, d, h B","Gy, Bh":"y G, h B","GyMd, Bh":"dd-MM-y GGGGG, h B","GyMMM, Bh":"LLL y 'р'. G, h B","GyMMMd, Bh":"d MMM y 'р'. G, h B","GyMMMEd, Bh":"E, d MMM y 'р'. G, h B","M, Bh":"LL, h B","Md, Bh":"dd.MM, h B","MEd, Bh":"E, dd.MM, h B","MMM, Bh":"LLL, h B","MMMd, Bh":"d MMM, h B","MMMEd, Bh":"E, d MMM, h B","MMMMd, Bh":"d MMMM, h B","MMMMEd, Bh":"E, d MMMM, h B","y, Bh":"y, h B","yM, Bh":"MM.y, h B","yMd, Bh":"dd.MM.y, h B","yMEd, Bh":"E, dd.MM.y, h B","yMMM, Bh":"LLL y 'р'., h B","yMMMd, Bh":"d MMM y 'р'., h B","yMMMEd, Bh":"E, d MMM y 'р'., h B","yMMMM, Bh":"LLLL y 'р'., h B","EEEE, d MMMM y 'р'., Bhm":"EEEE, d MMMM y 'р'., h:mm B","d MMMM y 'р'., Bhm":"d MMMM y 'р'., h:mm B","d MMM y 'р'., Bhm":"d MMM y 'р'., h:mm B","dd.MM.yy, Bhm":"dd.MM.yy, h:mm B","d, Bhm":"d, h:mm B","E, Bhm":"ccc, h:mm B","Ed, Bhm":"E, d, h:mm B","Gy, Bhm":"y G, h:mm B","GyMd, Bhm":"dd-MM-y GGGGG, h:mm B","GyMMM, Bhm":"LLL y 'р'. G, h:mm B","GyMMMd, Bhm":"d MMM y 'р'. G, h:mm B","GyMMMEd, Bhm":"E, d MMM y 'р'. G, h:mm B","M, Bhm":"LL, h:mm B","Md, Bhm":"dd.MM, h:mm B","MEd, Bhm":"E, dd.MM, h:mm B","MMM, Bhm":"LLL, h:mm B","MMMd, Bhm":"d MMM, h:mm B","MMMEd, Bhm":"E, d MMM, h:mm B","MMMMd, Bhm":"d MMMM, h:mm B","MMMMEd, Bhm":"E, d MMMM, h:mm B","y, Bhm":"y, h:mm B","yM, Bhm":"MM.y, h:mm B","yMd, Bhm":"dd.MM.y, h:mm B","yMEd, Bhm":"E, dd.MM.y, h:mm B","yMMM, Bhm":"LLL y 'р'., h:mm B","yMMMd, Bhm":"d MMM y 'р'., h:mm B","yMMMEd, Bhm":"E, d MMM y 'р'., h:mm B","yMMMM, Bhm":"LLLL y 'р'., h:mm B","EEEE, d MMMM y 'р'., Bhms":"EEEE, d MMMM y 'р'., h:mm:ss B","d MMMM y 'р'., Bhms":"d MMMM y 'р'., h:mm:ss B","d MMM y 'р'., Bhms":"d MMM y 'р'., h:mm:ss B","dd.MM.yy, Bhms":"dd.MM.yy, h:mm:ss B","d, Bhms":"d, h:mm:ss B","E, Bhms":"ccc, h:mm:ss B","Ed, Bhms":"E, d, h:mm:ss B","Gy, Bhms":"y G, h:mm:ss B","GyMd, Bhms":"dd-MM-y GGGGG, h:mm:ss B","GyMMM, Bhms":"LLL y 'р'. G, h:mm:ss B","GyMMMd, Bhms":"d MMM y 'р'. G, h:mm:ss B","GyMMMEd, Bhms":"E, d MMM y 'р'. G, h:mm:ss B","M, Bhms":"LL, h:mm:ss B","Md, Bhms":"dd.MM, h:mm:ss B","MEd, Bhms":"E, dd.MM, h:mm:ss B","MMM, Bhms":"LLL, h:mm:ss B","MMMd, Bhms":"d MMM, h:mm:ss B","MMMEd, Bhms":"E, d MMM, h:mm:ss B","MMMMd, Bhms":"d MMMM, h:mm:ss B","MMMMEd, Bhms":"E, d MMMM, h:mm:ss B","y, Bhms":"y, h:mm:ss B","yM, Bhms":"MM.y, h:mm:ss B","yMd, Bhms":"dd.MM.y, h:mm:ss B","yMEd, Bhms":"E, dd.MM.y, h:mm:ss B","yMMM, Bhms":"LLL y 'р'., h:mm:ss B","yMMMd, Bhms":"d MMM y 'р'., h:mm:ss B","yMMMEd, Bhms":"E, d MMM y 'р'., h:mm:ss B","yMMMM, Bhms":"LLLL y 'р'., h:mm:ss B","EEEE, d MMMM y 'р'., h":"EEEE, d MMMM y 'р'., h a","d MMMM y 'р'., h":"d MMMM y 'р'., h a","d MMM y 'р'., h":"d MMM y 'р'., h a","dd.MM.yy, h":"dd.MM.yy, h a","d, h":"d, h a","E, h":"ccc, h a","Ed, h":"E, d, h a","Gy, h":"y G, h a","GyMd, h":"dd-MM-y GGGGG, h a","GyMMM, h":"LLL y 'р'. G, h a","GyMMMd, h":"d MMM y 'р'. G, h a","GyMMMEd, h":"E, d MMM y 'р'. G, h a","M, h":"LL, h a","Md, h":"dd.MM, h a","MEd, h":"E, dd.MM, h a","MMM, h":"LLL, h a","MMMd, h":"d MMM, h a","MMMEd, h":"E, d MMM, h a","MMMMd, h":"d MMMM, h a","MMMMEd, h":"E, d MMMM, h a","y, h":"y, h a","yM, h":"MM.y, h a","yMd, h":"dd.MM.y, h a","yMEd, h":"E, dd.MM.y, h a","yMMM, h":"LLL y 'р'., h a","yMMMd, h":"d MMM y 'р'., h a","yMMMEd, h":"E, d MMM y 'р'., h a","yMMMM, h":"LLLL y 'р'., h a","EEEE, d MMMM y 'р'., H":"EEEE, d MMMM y 'р'., HH","d MMMM y 'р'., H":"d MMMM y 'р'., HH","d MMM y 'р'., H":"d MMM y 'р'., HH","dd.MM.yy, H":"dd.MM.yy, HH","d, H":"d, HH","E, H":"ccc, HH","Ed, H":"E, d, HH","Gy, H":"y G, HH","GyMd, H":"dd-MM-y GGGGG, HH","GyMMM, H":"LLL y 'р'. G, HH","GyMMMd, H":"d MMM y 'р'. G, HH","GyMMMEd, H":"E, d MMM y 'р'. G, HH","M, H":"LL, HH","Md, H":"dd.MM, HH","MEd, H":"E, dd.MM, HH","MMM, H":"LLL, HH","MMMd, H":"d MMM, HH","MMMEd, H":"E, d MMM, HH","MMMMd, H":"d MMMM, HH","MMMMEd, H":"E, d MMMM, HH","y, H":"y, HH","yM, H":"MM.y, HH","yMd, H":"dd.MM.y, HH","yMEd, H":"E, dd.MM.y, HH","yMMM, H":"LLL y 'р'., HH","yMMMd, H":"d MMM y 'р'., HH","yMMMEd, H":"E, d MMM y 'р'., HH","yMMMM, H":"LLLL y 'р'., HH","EEEE, d MMMM y 'р'., hm":"EEEE, d MMMM y 'р'., h:mm a","d MMMM y 'р'., hm":"d MMMM y 'р'., h:mm a","d MMM y 'р'., hm":"d MMM y 'р'., h:mm a","dd.MM.yy, hm":"dd.MM.yy, h:mm a","d, hm":"d, h:mm a","E, hm":"ccc, h:mm a","Ed, hm":"E, d, h:mm a","Gy, hm":"y G, h:mm a","GyMd, hm":"dd-MM-y GGGGG, h:mm a","GyMMM, hm":"LLL y 'р'. G, h:mm a","GyMMMd, hm":"d MMM y 'р'. G, h:mm a","GyMMMEd, hm":"E, d MMM y 'р'. G, h:mm a","M, hm":"LL, h:mm a","Md, hm":"dd.MM, h:mm a","MEd, hm":"E, dd.MM, h:mm a","MMM, hm":"LLL, h:mm a","MMMd, hm":"d MMM, h:mm a","MMMEd, hm":"E, d MMM, h:mm a","MMMMd, hm":"d MMMM, h:mm a","MMMMEd, hm":"E, d MMMM, h:mm a","y, hm":"y, h:mm a","yM, hm":"MM.y, h:mm a","yMd, hm":"dd.MM.y, h:mm a","yMEd, hm":"E, dd.MM.y, h:mm a","yMMM, hm":"LLL y 'р'., h:mm a","yMMMd, hm":"d MMM y 'р'., h:mm a","yMMMEd, hm":"E, d MMM y 'р'., h:mm a","yMMMM, hm":"LLLL y 'р'., h:mm a","EEEE, d MMMM y 'р'., Hm":"EEEE, d MMMM y 'р'., HH:mm","d MMMM y 'р'., Hm":"d MMMM y 'р'., HH:mm","d MMM y 'р'., Hm":"d MMM y 'р'., HH:mm","dd.MM.yy, Hm":"dd.MM.yy, HH:mm","d, Hm":"d, HH:mm","E, Hm":"ccc, HH:mm","Ed, Hm":"E, d, HH:mm","Gy, Hm":"y G, HH:mm","GyMd, Hm":"dd-MM-y GGGGG, HH:mm","GyMMM, Hm":"LLL y 'р'. G, HH:mm","GyMMMd, Hm":"d MMM y 'р'. G, HH:mm","GyMMMEd, Hm":"E, d MMM y 'р'. G, HH:mm","M, Hm":"LL, HH:mm","Md, Hm":"dd.MM, HH:mm","MEd, Hm":"E, dd.MM, HH:mm","MMM, Hm":"LLL, HH:mm","MMMd, Hm":"d MMM, HH:mm","MMMEd, Hm":"E, d MMM, HH:mm","MMMMd, Hm":"d MMMM, HH:mm","MMMMEd, Hm":"E, d MMMM, HH:mm","y, Hm":"y, HH:mm","yM, Hm":"MM.y, HH:mm","yMd, Hm":"dd.MM.y, HH:mm","yMEd, Hm":"E, dd.MM.y, HH:mm","yMMM, Hm":"LLL y 'р'., HH:mm","yMMMd, Hm":"d MMM y 'р'., HH:mm","yMMMEd, Hm":"E, d MMM y 'р'., HH:mm","yMMMM, Hm":"LLLL y 'р'., HH:mm","EEEE, d MMMM y 'р'., hms":"EEEE, d MMMM y 'р'., h:mm:ss a","d MMMM y 'р'., hms":"d MMMM y 'р'., h:mm:ss a","d MMM y 'р'., hms":"d MMM y 'р'., h:mm:ss a","dd.MM.yy, hms":"dd.MM.yy, h:mm:ss a","d, hms":"d, h:mm:ss a","E, hms":"ccc, h:mm:ss a","Ed, hms":"E, d, h:mm:ss a","Gy, hms":"y G, h:mm:ss a","GyMd, hms":"dd-MM-y GGGGG, h:mm:ss a","GyMMM, hms":"LLL y 'р'. G, h:mm:ss a","GyMMMd, hms":"d MMM y 'р'. G, h:mm:ss a","GyMMMEd, hms":"E, d MMM y 'р'. G, h:mm:ss a","M, hms":"LL, h:mm:ss a","Md, hms":"dd.MM, h:mm:ss a","MEd, hms":"E, dd.MM, h:mm:ss a","MMM, hms":"LLL, h:mm:ss a","MMMd, hms":"d MMM, h:mm:ss a","MMMEd, hms":"E, d MMM, h:mm:ss a","MMMMd, hms":"d MMMM, h:mm:ss a","MMMMEd, hms":"E, d MMMM, h:mm:ss a","y, hms":"y, h:mm:ss a","yM, hms":"MM.y, h:mm:ss a","yMd, hms":"dd.MM.y, h:mm:ss a","yMEd, hms":"E, dd.MM.y, h:mm:ss a","yMMM, hms":"LLL y 'р'., h:mm:ss a","yMMMd, hms":"d MMM y 'р'., h:mm:ss a","yMMMEd, hms":"E, d MMM y 'р'., h:mm:ss a","yMMMM, hms":"LLLL y 'р'., h:mm:ss a","EEEE, d MMMM y 'р'., Hms":"EEEE, d MMMM y 'р'., HH:mm:ss","d MMMM y 'р'., Hms":"d MMMM y 'р'., HH:mm:ss","d MMM y 'р'., Hms":"d MMM y 'р'., HH:mm:ss","dd.MM.yy, Hms":"dd.MM.yy, HH:mm:ss","d, Hms":"d, HH:mm:ss","E, Hms":"ccc, HH:mm:ss","Ed, Hms":"E, d, HH:mm:ss","Gy, Hms":"y G, HH:mm:ss","GyMd, Hms":"dd-MM-y GGGGG, HH:mm:ss","GyMMM, Hms":"LLL y 'р'. G, HH:mm:ss","GyMMMd, Hms":"d MMM y 'р'. G, HH:mm:ss","GyMMMEd, Hms":"E, d MMM y 'р'. G, HH:mm:ss","M, Hms":"LL, HH:mm:ss","Md, Hms":"dd.MM, HH:mm:ss","MEd, Hms":"E, dd.MM, HH:mm:ss","MMM, Hms":"LLL, HH:mm:ss","MMMd, Hms":"d MMM, HH:mm:ss","MMMEd, Hms":"E, d MMM, HH:mm:ss","MMMMd, Hms":"d MMMM, HH:mm:ss","MMMMEd, Hms":"E, d MMMM, HH:mm:ss","y, Hms":"y, HH:mm:ss","yM, Hms":"MM.y, HH:mm:ss","yMd, Hms":"dd.MM.y, HH:mm:ss","yMEd, Hms":"E, dd.MM.y, HH:mm:ss","yMMM, Hms":"LLL y 'р'., HH:mm:ss","yMMMd, Hms":"d MMM y 'р'., HH:mm:ss","yMMMEd, Hms":"E, d MMM y 'р'., HH:mm:ss","yMMMM, Hms":"LLLL y 'р'., HH:mm:ss","EEEE, d MMMM y 'р'., hmsv":"EEEE, d MMMM y 'р'., h:mm:ss a v","d MMMM y 'р'., hmsv":"d MMMM y 'р'., h:mm:ss a v","d MMM y 'р'., hmsv":"d MMM y 'р'., h:mm:ss a v","dd.MM.yy, hmsv":"dd.MM.yy, h:mm:ss a v","d, hmsv":"d, h:mm:ss a v","E, hmsv":"ccc, h:mm:ss a v","Ed, hmsv":"E, d, h:mm:ss a v","Gy, hmsv":"y G, h:mm:ss a v","GyMd, hmsv":"dd-MM-y GGGGG, h:mm:ss a v","GyMMM, hmsv":"LLL y 'р'. G, h:mm:ss a v","GyMMMd, hmsv":"d MMM y 'р'. G, h:mm:ss a v","GyMMMEd, hmsv":"E, d MMM y 'р'. G, h:mm:ss a v","M, hmsv":"LL, h:mm:ss a v","Md, hmsv":"dd.MM, h:mm:ss a v","MEd, hmsv":"E, dd.MM, h:mm:ss a v","MMM, hmsv":"LLL, h:mm:ss a v","MMMd, hmsv":"d MMM, h:mm:ss a v","MMMEd, hmsv":"E, d MMM, h:mm:ss a v","MMMMd, hmsv":"d MMMM, h:mm:ss a v","MMMMEd, hmsv":"E, d MMMM, h:mm:ss a v","y, hmsv":"y, h:mm:ss a v","yM, hmsv":"MM.y, h:mm:ss a v","yMd, hmsv":"dd.MM.y, h:mm:ss a v","yMEd, hmsv":"E, dd.MM.y, h:mm:ss a v","yMMM, hmsv":"LLL y 'р'., h:mm:ss a v","yMMMd, hmsv":"d MMM y 'р'., h:mm:ss a v","yMMMEd, hmsv":"E, d MMM y 'р'., h:mm:ss a v","yMMMM, hmsv":"LLLL y 'р'., h:mm:ss a v","EEEE, d MMMM y 'р'., Hmsv":"EEEE, d MMMM y 'р'., HH:mm:ss v","d MMMM y 'р'., Hmsv":"d MMMM y 'р'., HH:mm:ss v","d MMM y 'р'., Hmsv":"d MMM y 'р'., HH:mm:ss v","dd.MM.yy, Hmsv":"dd.MM.yy, HH:mm:ss v","d, Hmsv":"d, HH:mm:ss v","E, Hmsv":"ccc, HH:mm:ss v","Ed, Hmsv":"E, d, HH:mm:ss v","Gy, Hmsv":"y G, HH:mm:ss v","GyMd, Hmsv":"dd-MM-y GGGGG, HH:mm:ss v","GyMMM, Hmsv":"LLL y 'р'. G, HH:mm:ss v","GyMMMd, Hmsv":"d MMM y 'р'. G, HH:mm:ss v","GyMMMEd, Hmsv":"E, d MMM y 'р'. G, HH:mm:ss v","M, Hmsv":"LL, HH:mm:ss v","Md, Hmsv":"dd.MM, HH:mm:ss v","MEd, Hmsv":"E, dd.MM, HH:mm:ss v","MMM, Hmsv":"LLL, HH:mm:ss v","MMMd, Hmsv":"d MMM, HH:mm:ss v","MMMEd, Hmsv":"E, d MMM, HH:mm:ss v","MMMMd, Hmsv":"d MMMM, HH:mm:ss v","MMMMEd, Hmsv":"E, d MMMM, HH:mm:ss v","y, Hmsv":"y, HH:mm:ss v","yM, Hmsv":"MM.y, HH:mm:ss v","yMd, Hmsv":"dd.MM.y, HH:mm:ss v","yMEd, Hmsv":"E, dd.MM.y, HH:mm:ss v","yMMM, Hmsv":"LLL y 'р'., HH:mm:ss v","yMMMd, Hmsv":"d MMM y 'р'., HH:mm:ss v","yMMMEd, Hmsv":"E, d MMM y 'р'., HH:mm:ss v","yMMMM, Hmsv":"LLLL y 'р'., HH:mm:ss v","EEEE, d MMMM y 'р'., hmv":"EEEE, d MMMM y 'р'., h:mm a v","d MMMM y 'р'., hmv":"d MMMM y 'р'., h:mm a v","d MMM y 'р'., hmv":"d MMM y 'р'., h:mm a v","dd.MM.yy, hmv":"dd.MM.yy, h:mm a v","d, hmv":"d, h:mm a v","E, hmv":"ccc, h:mm a v","Ed, hmv":"E, d, h:mm a v","Gy, hmv":"y G, h:mm a v","GyMd, hmv":"dd-MM-y GGGGG, h:mm a v","GyMMM, hmv":"LLL y 'р'. G, h:mm a v","GyMMMd, hmv":"d MMM y 'р'. G, h:mm a v","GyMMMEd, hmv":"E, d MMM y 'р'. G, h:mm a v","M, hmv":"LL, h:mm a v","Md, hmv":"dd.MM, h:mm a v","MEd, hmv":"E, dd.MM, h:mm a v","MMM, hmv":"LLL, h:mm a v","MMMd, hmv":"d MMM, h:mm a v","MMMEd, hmv":"E, d MMM, h:mm a v","MMMMd, hmv":"d MMMM, h:mm a v","MMMMEd, hmv":"E, d MMMM, h:mm a v","y, hmv":"y, h:mm a v","yM, hmv":"MM.y, h:mm a v","yMd, hmv":"dd.MM.y, h:mm a v","yMEd, hmv":"E, dd.MM.y, h:mm a v","yMMM, hmv":"LLL y 'р'., h:mm a v","yMMMd, hmv":"d MMM y 'р'., h:mm a v","yMMMEd, hmv":"E, d MMM y 'р'., h:mm a v","yMMMM, hmv":"LLLL y 'р'., h:mm a v","EEEE, d MMMM y 'р'., Hmv":"EEEE, d MMMM y 'р'., HH:mm v","d MMMM y 'р'., Hmv":"d MMMM y 'р'., HH:mm v","d MMM y 'р'., Hmv":"d MMM y 'р'., HH:mm v","dd.MM.yy, Hmv":"dd.MM.yy, HH:mm v","d, Hmv":"d, HH:mm v","E, Hmv":"ccc, HH:mm v","Ed, Hmv":"E, d, HH:mm v","Gy, Hmv":"y G, HH:mm v","GyMd, Hmv":"dd-MM-y GGGGG, HH:mm v","GyMMM, Hmv":"LLL y 'р'. G, HH:mm v","GyMMMd, Hmv":"d MMM y 'р'. G, HH:mm v","GyMMMEd, Hmv":"E, d MMM y 'р'. G, HH:mm v","M, Hmv":"LL, HH:mm v","Md, Hmv":"dd.MM, HH:mm v","MEd, Hmv":"E, dd.MM, HH:mm v","MMM, Hmv":"LLL, HH:mm v","MMMd, Hmv":"d MMM, HH:mm v","MMMEd, Hmv":"E, d MMM, HH:mm v","MMMMd, Hmv":"d MMMM, HH:mm v","MMMMEd, Hmv":"E, d MMMM, HH:mm v","y, Hmv":"y, HH:mm v","yM, Hmv":"MM.y, HH:mm v","yMd, Hmv":"dd.MM.y, HH:mm v","yMEd, Hmv":"E, dd.MM.y, HH:mm v","yMMM, Hmv":"LLL y 'р'., HH:mm v","yMMMd, Hmv":"d MMM y 'р'., HH:mm v","yMMMEd, Hmv":"E, d MMM y 'р'., HH:mm v","yMMMM, Hmv":"LLLL y 'р'., HH:mm v","EEEE, d MMMM y 'р'., ms":"EEEE, d MMMM y 'р'., mm:ss","d MMMM y 'р'., ms":"d MMMM y 'р'., mm:ss","d MMM y 'р'., ms":"d MMM y 'р'., mm:ss","dd.MM.yy, ms":"dd.MM.yy, mm:ss","d, ms":"d, mm:ss","E, ms":"ccc, mm:ss","Ed, ms":"E, d, mm:ss","Gy, ms":"y G, mm:ss","GyMd, ms":"dd-MM-y GGGGG, mm:ss","GyMMM, ms":"LLL y 'р'. G, mm:ss","GyMMMd, ms":"d MMM y 'р'. G, mm:ss","GyMMMEd, ms":"E, d MMM y 'р'. G, mm:ss","M, ms":"LL, mm:ss","Md, ms":"dd.MM, mm:ss","MEd, ms":"E, dd.MM, mm:ss","MMM, ms":"LLL, mm:ss","MMMd, ms":"d MMM, mm:ss","MMMEd, ms":"E, d MMM, mm:ss","MMMMd, ms":"d MMMM, mm:ss","MMMMEd, ms":"E, d MMMM, mm:ss","y, ms":"y, mm:ss","yM, ms":"MM.y, mm:ss","yMd, ms":"dd.MM.y, mm:ss","yMEd, ms":"E, dd.MM.y, mm:ss","yMMM, ms":"LLL y 'р'., mm:ss","yMMMd, ms":"d MMM y 'р'., mm:ss","yMMMEd, ms":"E, d MMM y 'р'., mm:ss","yMMMM, ms":"LLLL y 'р'., mm:ss"}},"intervalFormats":{"intervalFormatFallback":"{0} – {1}","Bh":{"B":"h B – h B","h":"h–h B"},"Bhm":{"B":"h:mm B – h:mm B","h":"h:mm–h:mm B","m":"h:mm–h:mm B"},"d":{"d":"d–d"},"Gy":{"G":"y 'р'. G – y 'р'. G","y":"y–y 'рр'. G"},"GyM":{"G":"MM.y G – MM.y G","M":"MM.y – MM.y G","y":"MM.y – MM.y G"},"GyMd":{"d":"dd.MM.y – dd.MM.y G","G":"dd.MM.y G – dd.MM.y G","M":"dd.MM.y – dd.MM.y G","y":"dd.MM.y – dd.MM.y G"},"GyMEd":{"d":"ccc, dd.MM.y – ccc, dd.MM.y G","G":"ccc, dd.MM.y G – ccc, dd.MM.y G","M":"ccc, dd.MM.y – ccc, dd.MM.y G","y":"ccc, dd.MM.y – ccc, dd.MM.y G"},"GyMMM":{"G":"LLL y 'р'. G – LLL y 'р'. G","M":"LLL – LLL y 'р'. G","y":"LLL y – LLL y 'рр'. G"},"GyMMMd":{"d":"d–d MMM y 'р'. G","G":"d MMM y 'р'. G – d MMM y 'р'. G","M":"d MMM – d MMM y 'р'. G","y":"d MMM y – d MMM y 'рр'. G"},"GyMMMEd":{"d":"ccc, d MMM – ccc, d MMM y 'р'. G","G":"ccc, d MMM y 'р'. G – ccc, d MMM y 'р'. G","M":"ccc, d MMM – ccc, d MMM y 'р'. G","y":"ccc, d MMM y – ccc, d MMM y 'рр'. G"},"h":{"a":"h a – h a","h":"h–h a"},"H":{"H":"HH–HH"},"hm":{"a":"h:mm a – h:mm a","h":"h:mm–h:mm a","m":"h:mm–h:mm a"},"Hm":{"H":"HH:mm–HH:mm","m":"HH:mm–HH:mm"},"hmv":{"a":"h:mm a – h:mm a v","h":"h:mm–h:mm a v","m":"h:mm–h:mm a v"},"Hmv":{"H":"HH:mm–HH:mm v","m":"HH:mm–HH:mm v"},"hv":{"a":"h a – h a v","h":"h–h a v"},"Hv":{"H":"HH–HH v"},"M":{"M":"M–M"},"Md":{"d":"dd.MM – dd.MM","M":"dd.MM – dd.MM"},"MEd":{"d":"E, dd.MM – E, dd.MM","M":"E, dd.MM – E, dd.MM"},"MMM":{"M":"LLL–LLL"},"MMMd":{"d":"d–d MMM","M":"d MMM – d MMM"},"MMMEd":{"d":"E, d – E, d MMM","M":"E, d MMM – E, d MMM"},"y":{"y":"y–y"},"yM":{"M":"MM.y – MM.y","y":"MM.y – MM.y"},"yMd":{"d":"dd.MM.y – dd.MM.y","M":"dd.MM.y – dd.MM.y","y":"dd.MM.y – dd.MM.y"},"yMEd":{"d":"E, dd.MM.y – E, dd.MM.y","M":"E, dd.MM.y – E, dd.MM.y","y":"E, dd.MM.y – E, dd.MM.y"},"yMMM":{"M":"LLL–LLL y 'р'.","y":"LLL y – LLL y 'рр'."},"yMMMd":{"d":"d–d MMM y 'р'.","M":"d MMM – d MMM y 'р'.","y":"d MMM y – d MMM y 'рр'."},"yMMMEd":{"d":"E, d – E, d MMM y 'р'.","M":"E, d MMM – E, d MMM y 'р'.","y":"E, d MMM y – E, d MMM y 'рр'."},"yMMMM":{"M":"LLLL – LLLL y 'р'.","y":"LLLL y – LLLL y 'рр'."}},"hourCycle":"h23","nu":["latn"],"ca":["gregory"],"hc":["h23","","h12"]},"locale":"uk"}