{"data":{"am":"AM","pm":"PM","weekday":{"narrow":["S","M","T","W","T","F","S"],"short":["اتوار","پیر","منگل","بدھ","جمعرات","جمعہ","ہفتہ"],"long":["اتوار","پیر","منگل","بدھ","جمعرات","جمعہ","ہفتہ"]},"era":{"narrow":{"BC":"قبل مسیح","AD":"عیسوی"},"short":{"BC":"قبل مسیح","AD":"عیسوی"},"long":{"BC":"قبل مسیح","AD":"عیسوی"}},"month":{"narrow":["J","F","M","A","M","J","J","A","S","O","N","D"],"short":["جنوری","فروری","مارچ","اپریل","مئی","جون","جولائی","اگست","ستمبر","اکتوبر","نومبر","دسمبر"],"long":["جنوری","فروری","مارچ","اپریل","مئی","جون","جولائی","اگست","ستمبر","اکتوبر","نومبر","دسمبر"]},"timeZoneName":{"Asia/Kabul":{"long":["افغانستان کا وقت","افغانستان کا وقت"]},"Africa/Maputo":{"long":["وسطی افریقہ ٹائم","وسطی افریقہ ٹائم"]},"Africa/Bujumbura":{"long":["وسطی افریقہ ٹائم","وسطی افریقہ ٹائم"]},"Africa/Gaborone":{"long":["وسطی افریقہ ٹائم","وسطی افریقہ ٹائم"]},"Africa/Lubumbashi":{"long":["وسطی افریقہ ٹائم","وسطی افریقہ ٹائم"]},"Africa/Blantyre":{"long":["وسطی افریقہ ٹائم","وسطی افریقہ ٹائم"]},"Africa/Kigali":{"long":["وسطی افریقہ ٹائم","وسطی افریقہ ٹائم"]},"Africa/Lusaka":{"long":["وسطی افریقہ ٹائم","وسطی افریقہ ٹائم"]},"Africa/Harare":{"long":["وسطی افریقہ ٹائم","وسطی افریقہ ٹائم"]},"Africa/Nairobi":{"long":["مشرقی افریقہ ٹائم","مشرقی افریقہ ٹائم"]},"Africa/Djibouti":{"long":["مشرقی افریقہ ٹائم","مشرقی افریقہ ٹائم"]},"Africa/Asmera":{"long":["مشرقی افریقہ ٹائم","مشرقی افریقہ ٹائم"]},"Africa/Addis_Ababa":{"long":["مشرقی افریقہ ٹائم","مشرقی افریقہ ٹائم"]},"Indian/Comoro":{"long":["مشرقی افریقہ ٹائم","مشرقی افریقہ ٹائم"]},"Indian/Antananarivo":{"long":["مشرقی افریقہ ٹائم","مشرقی افریقہ ٹائم"]},"Africa/Mogadishu":{"long":["مشرقی افریقہ ٹائم","مشرقی افریقہ ٹائم"]},"Africa/Dar_es_Salaam":{"long":["مشرقی افریقہ ٹائم","مشرقی افریقہ ٹائم"]},"Africa/Kampala":{"long":["مشرقی افریقہ ٹائم","مشرقی افریقہ ٹائم"]},"Indian/Mayotte":{"long":["مشرقی افریقہ ٹائم","مشرقی افریقہ ٹائم"]},"Africa/Johannesburg":{"long":["جنوبی افریقہ سٹینڈرڈ ٹائم","جنوبی افریقہ سٹینڈرڈ ٹائم"]},"Africa/Maseru":{"long":["جنوبی افریقہ سٹینڈرڈ ٹائم","جنوبی افریقہ سٹینڈرڈ ٹائم"]},"Africa/Mbabane":{"long":["جنوبی افریقہ سٹینڈرڈ ٹائم","جنوبی افریقہ سٹینڈرڈ ٹائم"]},"Africa/Lagos":{"long":["مغربی افریقہ سٹینڈرڈ ٹائم","مغربی افریقہ سمر ٹائم"]},"Africa/Luanda":{"long":["مغربی افریقہ سٹینڈرڈ ٹائم","مغربی افریقہ سمر ٹائم"]},"Africa/Porto-Novo":{"long":["مغربی افریقہ سٹینڈرڈ ٹائم","مغربی افریقہ سمر ٹائم"]},"Africa/Kinshasa":{"long":["مغربی افریقہ سٹینڈرڈ ٹائم","مغربی افریقہ سمر ٹائم"]},"Africa/Bangui":{"long":["مغربی افریقہ سٹینڈرڈ ٹائم","مغربی افریقہ سمر ٹائم"]},"Africa/Brazzaville":{"long":["مغربی افریقہ سٹینڈرڈ ٹائم","مغربی افریقہ سمر ٹائم"]},"Africa/Douala":{"long":["مغربی افریقہ سٹینڈرڈ ٹائم","مغربی افریقہ سمر ٹائم"]},"Africa/Libreville":{"long":["مغربی افریقہ سٹینڈرڈ ٹائم","مغربی افریقہ سمر ٹائم"]},"Africa/Malabo":{"long":["مغربی افریقہ سٹینڈرڈ ٹائم","مغربی افریقہ سمر ٹائم"]},"Africa/Niamey":{"long":["مغربی افریقہ سٹینڈرڈ ٹائم","مغربی افریقہ سمر ٹائم"]},"Africa/Ndjamena":{"long":["مغربی افریقہ سٹینڈرڈ ٹائم","مغربی افریقہ سمر ٹائم"]},"Asia/Aqtobe":{"long":["مغربی قزاخستان کا وقت","مغربی قزاخستان کا وقت"]},"America/Juneau":{"long":["الاسکا اسٹینڈرڈ ٹائم","الاسکا ڈے لائٹ ٹائم"]},"Asia/Almaty":{"long":["مشرقی قزاخستان کا وقت","مشرقی قزاخستان کا وقت"]},"America/Manaus":{"long":["ایمیزون کا معیاری وقت","امیزون کا موسم گرما کا وقت"]},"America/Chicago":{"long":["سنٹرل اسٹینڈرڈ ٹائم","سنٹرل ڈے لائٹ ٹائم"]},"America/Belize":{"long":["سنٹرل اسٹینڈرڈ ٹائم","سنٹرل ڈے لائٹ ٹائم"]},"America/Winnipeg":{"long":["سنٹرل اسٹینڈرڈ ٹائم","سنٹرل ڈے لائٹ ٹائم"]},"America/Costa_Rica":{"long":["سنٹرل اسٹینڈرڈ ٹائم","سنٹرل ڈے لائٹ ٹائم"]},"America/Guatemala":{"long":["سنٹرل اسٹینڈرڈ ٹائم","سنٹرل ڈے لائٹ ٹائم"]},"America/Tegucigalpa":{"long":["سنٹرل اسٹینڈرڈ ٹائم","سنٹرل ڈے لائٹ ٹائم"]},"America/Mexico_City":{"long":["سنٹرل اسٹینڈرڈ ٹائم","سنٹرل ڈے لائٹ ٹائم"]},"America/El_Salvador":{"long":["سنٹرل اسٹینڈرڈ ٹائم","سنٹرل ڈے لائٹ ٹائم"]},"America/New_York":{"long":["ایسٹرن اسٹینڈرڈ ٹائم","ایسٹرن ڈے لائٹ ٹائم"]},"America/Nassau":{"long":["ایسٹرن اسٹینڈرڈ ٹائم","ایسٹرن ڈے لائٹ ٹائم"]},"America/Toronto":{"long":["ایسٹرن اسٹینڈرڈ ٹائم","ایسٹرن ڈے لائٹ ٹائم"]},"America/Port-au-Prince":{"long":["ایسٹرن اسٹینڈرڈ ٹائم","ایسٹرن ڈے لائٹ ٹائم"]},"America/Jamaica":{"long":["ایسٹرن اسٹینڈرڈ ٹائم","ایسٹرن ڈے لائٹ ٹائم"]},"America/Cayman":{"long":["ایسٹرن اسٹینڈرڈ ٹائم","ایسٹرن ڈے لائٹ ٹائم"]},"America/Panama":{"long":["ایسٹرن اسٹینڈرڈ ٹائم","ایسٹرن ڈے لائٹ ٹائم"]},"America/Denver":{"long":["ماؤنٹین اسٹینڈرڈ ٹائم","ماؤنٹین ڈے لائٹ ٹائم"]},"America/Edmonton":{"long":["ماؤنٹین اسٹینڈرڈ ٹائم","ماؤنٹین ڈے لائٹ ٹائم"]},"America/Hermosillo":{"long":["ماؤنٹین اسٹینڈرڈ ٹائم","ماؤنٹین ڈے لائٹ ٹائم"]},"America/Los_Angeles":{"long":["پیسفک اسٹینڈرڈ ٹائم","پیسفک ڈے لائٹ ٹائم"]},"America/Vancouver":{"long":["پیسفک اسٹینڈرڈ ٹائم","پیسفک ڈے لائٹ ٹائم"]},"America/Tijuana":{"long":["پیسفک اسٹینڈرڈ ٹائم","پیسفک ڈے لائٹ ٹائم"]},"Asia/Anadyr":{"long":["انیدر اسٹینڈرڈ ٹائم","انیدر سمر ٹائم"]},"Pacific/Apia":{"long":["ایپیا سٹینڈرڈ ٹائم","ایپیا ڈے لائٹ ٹائم"]},"Asia/Riyadh":{"long":["عرب کا معیاری وقت","عرب ڈے لائٹ ٹائم"]},"Asia/Bahrain":{"long":["عرب کا معیاری وقت","عرب ڈے لائٹ ٹائم"]},"Asia/Baghdad":{"long":["عرب کا معیاری وقت","عرب ڈے لائٹ ٹائم"]},"Asia/Kuwait":{"long":["عرب کا معیاری وقت","عرب ڈے لائٹ ٹائم"]},"Asia/Qatar":{"long":["عرب کا معیاری وقت","عرب ڈے لائٹ ٹائم"]},"Asia/Aden":{"long":["عرب کا معیاری وقت","عرب ڈے لائٹ ٹائم"]},"America/Buenos_Aires":{"long":["ارجنٹینا کا معیاری وقت","ارجنٹینا کا موسم گرما کا وقت"]},"America/Argentina/San_Luis":{"long":["مغربی ارجنٹینا کا معیاری وقت","مغربی ارجنٹینا کا موسم گرما کا وقت"]},"Asia/Ashgabat":{"long":["ترکمانستان کا معیاری وقت","ترکمانستان کا موسم گرما کا وقت"]},"America/Halifax":{"long":["اٹلانٹک اسٹینڈرڈ ٹائم","اٹلانٹک ڈے لائٹ ٹائم"]},"America/Antigua":{"long":["اٹلانٹک اسٹینڈرڈ ٹائم","اٹلانٹک ڈے لائٹ ٹائم"]},"America/Anguilla":{"long":["اٹلانٹک اسٹینڈرڈ ٹائم","اٹلانٹک ڈے لائٹ ٹائم"]},"America/Aruba":{"long":["اٹلانٹک اسٹینڈرڈ ٹائم","اٹلانٹک ڈے لائٹ ٹائم"]},"America/Barbados":{"long":["اٹلانٹک اسٹینڈرڈ ٹائم","اٹلانٹک ڈے لائٹ ٹائم"]},"Atlantic/Bermuda":{"long":["اٹلانٹک اسٹینڈرڈ ٹائم","اٹلانٹک ڈے لائٹ ٹائم"]},"America/Kralendijk":{"long":["اٹلانٹک اسٹینڈرڈ ٹائم","اٹلانٹک ڈے لائٹ ٹائم"]},"America/Curacao":{"long":["اٹلانٹک اسٹینڈرڈ ٹائم","اٹلانٹک ڈے لائٹ ٹائم"]},"America/Dominica":{"long":["اٹلانٹک اسٹینڈرڈ ٹائم","اٹلانٹک ڈے لائٹ ٹائم"]},"America/Grenada":{"long":["اٹلانٹک اسٹینڈرڈ ٹائم","اٹلانٹک ڈے لائٹ ٹائم"]},"America/Thule":{"long":["اٹلانٹک اسٹینڈرڈ ٹائم","اٹلانٹک ڈے لائٹ ٹائم"]},"America/Guadeloupe":{"long":["اٹلانٹک اسٹینڈرڈ ٹائم","اٹلانٹک ڈے لائٹ ٹائم"]},"America/St_Kitts":{"long":["اٹلانٹک اسٹینڈرڈ ٹائم","اٹلانٹک ڈے لائٹ ٹائم"]},"America/St_Lucia":{"long":["اٹلانٹک اسٹینڈرڈ ٹائم","اٹلانٹک ڈے لائٹ ٹائم"]},"America/Marigot":{"long":["اٹلانٹک اسٹینڈرڈ ٹائم","اٹلانٹک ڈے لائٹ ٹائم"]},"America/Martinique":{"long":["اٹلانٹک اسٹینڈرڈ ٹائم","اٹلانٹک ڈے لائٹ ٹائم"]},"America/Montserrat":{"long":["اٹلانٹک اسٹینڈرڈ ٹائم","اٹلانٹک ڈے لائٹ ٹائم"]},"America/Puerto_Rico":{"long":["اٹلانٹک اسٹینڈرڈ ٹائم","اٹلانٹک ڈے لائٹ ٹائم"]},"America/Lower_Princes":{"long":["اٹلانٹک اسٹینڈرڈ ٹائم","اٹلانٹک ڈے لائٹ ٹائم"]},"America/Port_of_Spain":{"long":["اٹلانٹک اسٹینڈرڈ ٹائم","اٹلانٹک ڈے لائٹ ٹائم"]},"America/St_Vincent":{"long":["اٹلانٹک اسٹینڈرڈ ٹائم","اٹلانٹک ڈے لائٹ ٹائم"]},"America/Tortola":{"long":["اٹلانٹک اسٹینڈرڈ ٹائم","اٹلانٹک ڈے لائٹ ٹائم"]},"America/St_Thomas":{"long":["اٹلانٹک اسٹینڈرڈ ٹائم","اٹلانٹک ڈے لائٹ ٹائم"]},"Australia/Adelaide":{"long":["آسٹریلین سنٹرل اسٹینڈرڈ ٹائم","آسٹریلین سنٹرل ڈے لائٹ ٹائم"]},"Australia/Eucla":{"long":["آسٹریلین سنٹرل ویسٹرن اسٹینڈرڈ ٹائم","آسٹریلین سنٹرل ویسٹرن ڈے لائٹ ٹائم"]},"Australia/Sydney":{"long":["آسٹریلین ایسٹرن اسٹینڈرڈ ٹائم","آسٹریلین ایسٹرن ڈے لائٹ ٹائم"]},"Australia/Perth":{"long":["آسٹریلیا ویسٹرن اسٹینڈرڈ ٹائم","آسٹریلین ویسٹرن ڈے لائٹ ٹائم"]},"Atlantic/Azores":{"long":["ازوریس کا معیاری وقت","ازوریس کا موسم گرما کا وقت"]},"Asia/Thimphu":{"long":["بھوٹان کا وقت","بھوٹان کا وقت"]},"America/La_Paz":{"long":["بولیویا کا وقت","بولیویا کا وقت"]},"Asia/Kuching":{"long":["ملیشیا ٹائم","ملیشیا ٹائم"]},"America/Sao_Paulo":{"long":["برازیلیا اسٹینڈرڈ ٹائم","برازیلیا سمر ٹائم"]},"Europe/London":{"long":["گرین وچ کا اصل وقت","گرین وچ کا اصل وقت"]},"Asia/Brunei":{"long":["برونئی دارالسلام ٹائم","برونئی دارالسلام ٹائم"]},"Atlantic/Cape_Verde":{"long":["کیپ ورڈی سٹینڈرڈ ٹائم","کیپ ورڈی سمر ٹائم"]},"Pacific/Chatham":{"long":["چیتھم اسٹینڈرڈ ٹائم","چیتھم ڈے لائٹ ٹائم"]},"America/Santiago":{"long":["چلی کا معیاری وقت","چلی کا موسم گرما کا وقت"]},"Asia/Shanghai":{"long":["چین سٹینڈرڈ ٹائم","چینی ڈے لائٹ ٹائم"]},"Asia/Choibalsan":{"long":["کوئبلسان سٹینڈرڈ ٹائم","کوائبلسان سمر ٹائم"]},"Indian/Christmas":{"long":["کرسمس آئلینڈ ٹائم","کرسمس آئلینڈ ٹائم"]},"Indian/Cocos":{"long":["کوکوس آئلینڈز ٹائم","کوکوس آئلینڈز ٹائم"]},"America/Bogota":{"long":["کولمبیا کا معیاری وقت","کولمبیا کا موسم گرما کا وقت"]},"Pacific/Rarotonga":{"long":["کک آئلینڈز سٹینڈرڈ ٹائم","کک آئلینڈز نصف سمر ٹائم"]},"America/Havana":{"long":["کیوبا اسٹینڈرڈ ٹائم","کیوبا ڈے لائٹ ٹائم"]},"Antarctica/Davis":{"long":["ڈیوس ٹائم","ڈیوس ٹائم"]},"Antarctica/DumontDUrville":{"long":["ڈومونٹ-ڈی’ارویلے ٹائم","ڈومونٹ-ڈی’ارویلے ٹائم"]},"Asia/Dushanbe":{"long":["تاجکستان کا وقت","تاجکستان کا وقت"]},"America/Paramaribo":{"long":["سورینام کا وقت","سورینام کا وقت"]},"Asia/Dili":{"long":["مشرقی تیمور ٹائم","مشرقی تیمور ٹائم"]},"Pacific/Easter":{"long":["ایسٹر آئلینڈ کا معیاری وقت","ایسٹر آئلینڈ کا موسم گرما کا وقت"]},"America/Guayaquil":{"long":["ایکواڈور کا وقت","ایکواڈور کا وقت"]},"Europe/Paris":{"long":["وسطی یورپ کا معیاری وقت","وسطی یورپ کا موسم گرما کا وقت"]},"Europe/Andorra":{"long":["وسطی یورپ کا معیاری وقت","وسطی یورپ کا موسم گرما کا وقت"]},"Europe/Tirane":{"long":["وسطی یورپ کا معیاری وقت","وسطی یورپ کا موسم گرما کا وقت"]},"Europe/Vienna":{"long":["وسطی یورپ کا معیاری وقت","وسطی یورپ کا موسم گرما کا وقت"]},"Europe/Sarajevo":{"long":["وسطی یورپ کا معیاری وقت","وسطی یورپ کا موسم گرما کا وقت"]},"Europe/Brussels":{"long":["وسطی یورپ کا معیاری وقت","وسطی یورپ کا موسم گرما کا وقت"]},"Europe/Zurich":{"long":["وسطی یورپ کا معیاری وقت","وسطی یورپ کا موسم گرما کا وقت"]},"Europe/Prague":{"long":["وسطی یورپ کا معیاری وقت","وسطی یورپ کا موسم گرما کا وقت"]},"Europe/Berlin":{"long":["وسطی یورپ کا معیاری وقت","وسطی یورپ کا موسم گرما کا وقت"]},"Europe/Copenhagen":{"long":["وسطی یورپ کا معیاری وقت","وسطی یورپ کا موسم گرما کا وقت"]},"Europe/Madrid":{"long":["وسطی یورپ کا معیاری وقت","وسطی یورپ کا موسم گرما کا وقت"]},"Europe/Gibraltar":{"long":["وسطی یورپ کا معیاری وقت","وسطی یورپ کا موسم گرما کا وقت"]},"Europe/Zagreb":{"long":["وسطی یورپ کا معیاری وقت","وسطی یورپ کا موسم گرما کا وقت"]},"Europe/Budapest":{"long":["وسطی یورپ کا معیاری وقت","وسطی یورپ کا موسم گرما کا وقت"]},"Europe/Rome":{"long":["وسطی یورپ کا معیاری وقت","وسطی یورپ کا موسم گرما کا وقت"]},"Europe/Vaduz":{"long":["وسطی یورپ کا معیاری وقت","وسطی یورپ کا موسم گرما کا وقت"]},"Europe/Luxembourg":{"long":["وسطی یورپ کا معیاری وقت","وسطی یورپ کا موسم گرما کا وقت"]},"Europe/Monaco":{"long":["وسطی یورپ کا معیاری وقت","وسطی یورپ کا موسم گرما کا وقت"]},"Europe/Podgorica":{"long":["وسطی یورپ کا معیاری وقت","وسطی یورپ کا موسم گرما کا وقت"]},"Europe/Skopje":{"long":["وسطی یورپ کا معیاری وقت","وسطی یورپ کا موسم گرما کا وقت"]},"Europe/Malta":{"long":["وسطی یورپ کا معیاری وقت","وسطی یورپ کا موسم گرما کا وقت"]},"Europe/Amsterdam":{"long":["وسطی یورپ کا معیاری وقت","وسطی یورپ کا موسم گرما کا وقت"]},"Europe/Oslo":{"long":["وسطی یورپ کا معیاری وقت","وسطی یورپ کا موسم گرما کا وقت"]},"Europe/Warsaw":{"long":["وسطی یورپ کا معیاری وقت","وسطی یورپ کا موسم گرما کا وقت"]},"Europe/Belgrade":{"long":["وسطی یورپ کا معیاری وقت","وسطی یورپ کا موسم گرما کا وقت"]},"Europe/Stockholm":{"long":["وسطی یورپ کا معیاری وقت","وسطی یورپ کا موسم گرما کا وقت"]},"Europe/Ljubljana":{"long":["وسطی یورپ کا معیاری وقت","وسطی یورپ کا موسم گرما کا وقت"]},"Arctic/Longyearbyen":{"long":["وسطی یورپ کا معیاری وقت","وسطی یورپ کا موسم گرما کا وقت"]},"Europe/Bratislava":{"long":["وسطی یورپ کا معیاری وقت","وسطی یورپ کا موسم گرما کا وقت"]},"Europe/San_Marino":{"long":["وسطی یورپ کا معیاری وقت","وسطی یورپ کا موسم گرما کا وقت"]},"Africa/Tunis":{"long":["وسطی یورپ کا معیاری وقت","وسطی یورپ کا موسم گرما کا وقت"]},"Europe/Vatican":{"long":["وسطی یورپ کا معیاری وقت","وسطی یورپ کا موسم گرما کا وقت"]},"Europe/Bucharest":{"long":["مشرقی یورپ کا معیاری وقت","مشرقی یورپ کا موسم گرما کا وقت"]},"Europe/Mariehamn":{"long":["مشرقی یورپ کا معیاری وقت","مشرقی یورپ کا موسم گرما کا وقت"]},"Europe/Sofia":{"long":["مشرقی یورپ کا معیاری وقت","مشرقی یورپ کا موسم گرما کا وقت"]},"Asia/Nicosia":{"long":["مشرقی یورپ کا معیاری وقت","مشرقی یورپ کا موسم گرما کا وقت"]},"Africa/Cairo":{"long":["مشرقی یورپ کا معیاری وقت","مشرقی یورپ کا موسم گرما کا وقت"]},"Europe/Helsinki":{"long":["مشرقی یورپ کا معیاری وقت","مشرقی یورپ کا موسم گرما کا وقت"]},"Europe/Athens":{"long":["مشرقی یورپ کا معیاری وقت","مشرقی یورپ کا موسم گرما کا وقت"]},"Asia/Beirut":{"long":["مشرقی یورپ کا معیاری وقت","مشرقی یورپ کا موسم گرما کا وقت"]},"Europe/Minsk":{"long":["بعید مشرقی یورپی وقت","بعید مشرقی یورپی وقت"]},"Europe/Kaliningrad":{"long":["بعید مشرقی یورپی وقت","بعید مشرقی یورپی وقت"]},"Atlantic/Canary":{"long":["مغربی یورپ کا معیاری وقت","مغربی یورپ کا موسم گرما کا وقت"]},"Atlantic/Faeroe":{"long":["مغربی یورپ کا معیاری وقت","مغربی یورپ کا موسم گرما کا وقت"]},"Atlantic/Stanley":{"long":["فاک لینڈ آئلینڈز کا معیاری وقت","فاک لینڈ آئلینڈز کا موسم گرما کا وقت"]},"Pacific/Fiji":{"long":["فجی سٹینڈرڈ ٹائم","فجی سمر ٹائم"]},"America/Cayenne":{"long":["فرینچ گیانا کا وقت","فرینچ گیانا کا وقت"]},"Indian/Kerguelen":{"long":["فرینچ جنوبی اور انٹارکٹک ٹائم","فرینچ جنوبی اور انٹارکٹک ٹائم"]},"Asia/Bishkek":{"long":["کرغستان کا وقت","کرغستان کا وقت"]},"Pacific/Galapagos":{"long":["گالاپاگوز کا وقت","گالاپاگوز کا وقت"]},"Pacific/Gambier":{"long":["گیمبیئر ٹائم","گیمبیئر ٹائم"]},"Pacific/Tarawa":{"long":["جلبرٹ آئلینڈز ٹائم","جلبرٹ آئلینڈز ٹائم"]},"Atlantic/Reykjavik":{"long":["گرین وچ کا اصل وقت","گرین وچ کا اصل وقت"]},"Africa/Ouagadougou":{"long":["گرین وچ کا اصل وقت","گرین وچ کا اصل وقت"]},"Africa/Abidjan":{"long":["گرین وچ کا اصل وقت","گرین وچ کا اصل وقت"]},"Africa/Accra":{"long":["گرین وچ کا اصل وقت","گرین وچ کا اصل وقت"]},"Africa/Banjul":{"long":["گرین وچ کا اصل وقت","گرین وچ کا اصل وقت"]},"Africa/Conakry":{"long":["گرین وچ کا اصل وقت","گرین وچ کا اصل وقت"]},"Africa/Bamako":{"long":["گرین وچ کا اصل وقت","گرین وچ کا اصل وقت"]},"Africa/Nouakchott":{"long":["گرین وچ کا اصل وقت","گرین وچ کا اصل وقت"]},"Atlantic/St_Helena":{"long":["گرین وچ کا اصل وقت","گرین وچ کا اصل وقت"]},"Africa/Freetown":{"long":["گرین وچ کا اصل وقت","گرین وچ کا اصل وقت"]},"Africa/Dakar":{"long":["گرین وچ کا اصل وقت","گرین وچ کا اصل وقت"]},"Africa/Lome":{"long":["گرین وچ کا اصل وقت","گرین وچ کا اصل وقت"]},"America/Scoresbysund":{"long":["مشرقی گرین لینڈ اسٹینڈرڈ ٹائم","مشرقی گرین لینڈ کا موسم گرما کا وقت"]},"America/Godthab":{"long":["مغربی گرین لینڈ اسٹینڈرڈ ٹائم","مغربی گرین لینڈ کا موسم گرما کا وقت"]},"Asia/Dubai":{"long":["خلیج کا معیاری وقت","خلیج کا معیاری وقت"]},"Asia/Muscat":{"long":["خلیج کا معیاری وقت","خلیج کا معیاری وقت"]},"America/Guyana":{"long":["گیانا کا وقت","گیانا کا وقت"]},"Pacific/Honolulu":{"long":["ہوائی الیوٹیئن اسٹینڈرڈ ٹائم","ہوائی الیوٹیئن ڈے لائٹ ٹائم"]},"Asia/Hong_Kong":{"long":["ہانگ کانگ سٹینڈرڈ ٹائم","ہانگ کانگ سمر ٹائم"]},"Asia/Hovd":{"long":["ہووڈ سٹینڈرڈ ٹائم","ہووڈ سمر ٹائم"]},"Asia/Calcutta":{"long":["ہندوستان کا معیاری وقت","ہندوستان کا معیاری وقت"]},"Indian/Chagos":{"long":["بحر ہند ٹائم","بحر ہند ٹائم"]},"Asia/Bangkok":{"long":["ہند چین ٹائم","ہند چین ٹائم"]},"Asia/Phnom_Penh":{"long":["ہند چین ٹائم","ہند چین ٹائم"]},"Asia/Vientiane":{"long":["ہند چین ٹائم","ہند چین ٹائم"]},"Asia/Makassar":{"long":["وسطی انڈونیشیا ٹائم","وسطی انڈونیشیا ٹائم"]},"Asia/Jayapura":{"long":["مشرقی انڈونیشیا ٹائم","مشرقی انڈونیشیا ٹائم"]},"Asia/Jakarta":{"long":["مغربی انڈونیشیا ٹائم","مغربی انڈونیشیا ٹائم"]},"Asia/Tehran":{"long":["ایران کا معیاری وقت","ایران ڈے لائٹ ٹائم"]},"Asia/Irkutsk":{"long":["ارکتسک سٹینڈرڈ ٹائم","ارکتسک سمر ٹائم"]},"Asia/Jerusalem":{"long":["اسرائیل کا معیاری وقت","اسرائیل ڈے لائٹ ٹائم"]},"Asia/Tokyo":{"long":["جاپان سٹینڈرڈ ٹائم","جاپان ڈے لائٹ ٹائم"]},"Asia/Kamchatka":{"long":["پیٹروپاؤلووسک-کیمچسکی اسٹینڈرڈ ٹائم","پیٹروپاؤلووسک-کیمچسکی سمر ٹائم"]},"Asia/Karachi":{"long":["پاکستان کا معیاری وقت","پاکستان کا موسم گرما کا وقت"]},"Asia/Seoul":{"long":["کوریا سٹینڈرڈ ٹائم","کوریا ڈے لائٹ ٹائم"]},"Pacific/Kosrae":{"long":["کوسرے ٹائم","کوسرے ٹائم"]},"Asia/Krasnoyarsk":{"long":["کرسنویارسک سٹینڈرڈ ٹائم","کریسنویارسک سمر ٹائم"]},"Europe/Samara":{"long":["سمارا اسٹینڈرڈ ٹائم","سمارا سمر ٹائم"]},"Pacific/Kiritimati":{"long":["لائن آئلینڈز ٹائم","لائن آئلینڈز ٹائم"]},"Australia/Lord_Howe":{"long":["لارڈ ہووے اسٹینڈرڈ ٹائم","لارڈ ہووے ڈے لائٹ ٹائم"]},"Antarctica/Macquarie":{"long":["مکوآری آئلینڈ کا وقت","مکوآری آئلینڈ کا وقت"]},"Asia/Magadan":{"long":["مگادان اسٹینڈرڈ ٹائم","میگیدن سمر ٹائم"]},"Indian/Maldives":{"long":["مالدیپ کا وقت","مالدیپ کا وقت"]},"Pacific/Marquesas":{"long":["مارکیسس ٹائم","مارکیسس ٹائم"]},"Pacific/Majuro":{"long":["مارشل آئلینڈز ٹائم","مارشل آئلینڈز ٹائم"]},"Indian/Mauritius":{"long":["ماریشس سٹینڈرڈ ٹائم","ماریشس سمر ٹائم"]},"Antarctica/Mawson":{"long":["ماؤسن ٹائم","ماؤسن ٹائم"]},"America/Santa_Isabel":{"long":["شمال مغربی میکسیکو اسٹینڈرڈ ٹائم","شمال مغربی میکسیکو ڈے لائٹ ٹائم"]},"America/Mazatlan":{"long":["میکسیکن پیسفک اسٹینڈرڈ ٹائم","میکسیکن پیسفک ڈے لائٹ ٹائم"]},"Asia/Ulaanbaatar":{"long":["یولان بیتور سٹینڈرڈ ٹائم","یولان بیتور سمر ٹائم"]},"Europe/Moscow":{"long":["ماسکو اسٹینڈرڈ ٹائم","ماسکو سمر ٹائم"]},"Asia/Rangoon":{"long":["میانمار ٹائم","میانمار ٹائم"]},"Pacific/Nauru":{"long":["ناؤرو ٹائم","ناؤرو ٹائم"]},"Asia/Katmandu":{"long":["نیپال کا وقت","نیپال کا وقت"]},"Pacific/Noumea":{"long":["نیو کیلیڈونیا سٹینڈرڈ ٹائم","نیو کیلیڈونیا سمر ٹائم"]},"Pacific/Auckland":{"long":["نیوزی لینڈ کا معیاری وقت","نیوزی لینڈ ڈے لائٹ ٹائم"]},"Antarctica/McMurdo":{"long":["نیوزی لینڈ کا معیاری وقت","نیوزی لینڈ ڈے لائٹ ٹائم"]},"America/St_Johns":{"long":["نیو فاؤنڈ لینڈ اسٹینڈرڈ ٹائم","نیو فاؤنڈ لینڈ ڈے لائٹ ٹائم"]},"Pacific/Niue":{"long":["نیئو ٹائم","نیئو ٹائم"]},"Pacific/Norfolk":{"long":["نارفوک آئلینڈ کا معیاری وقت","نارفوک آئلینڈ ڈے لائٹ وقت"]},"America/Noronha":{"long":["فرنانڈو ڈی نورنہا کا معیاری وقت","فرنانڈو ڈی نورونہا سمر ٹائم"]},"Asia/Novosibirsk":{"long":["نوووسیبرسک سٹینڈرڈ ٹائم","نوووسیبرسک سمر ٹائم"]},"Asia/Omsk":{"long":["اومسک سٹینڈرڈ ٹائم","اومسک سمر ٹائم"]},"Pacific/Palau":{"long":["پلاؤ ٹائم","پلاؤ ٹائم"]},"Pacific/Port_Moresby":{"long":["پاپوآ نیو گنی ٹائم","پاپوآ نیو گنی ٹائم"]},"America/Asuncion":{"long":["پیراگوئے کا معیاری وقت","پیراگوئے کا موسم گرما کا وقت"]},"America/Lima":{"long":["پیرو کا معیاری وقت","پیرو کا موسم گرما کا وقت"]},"Asia/Manila":{"long":["فلپائن سٹینڈرڈ ٹائم","فلپائن سمر ٹائم"]},"Pacific/Enderbury":{"long":["فینکس آئلینڈز ٹائم","فینکس آئلینڈز ٹائم"]},"America/Miquelon":{"long":["سینٹ پیئر اور مکلیئون اسٹینڈرڈ ٹائم","سینٹ پیئر اور مکلیئون ڈے لائٹ ٹائم"]},"Pacific/Pitcairn":{"long":["پٹکائرن ٹائم","پٹکائرن ٹائم"]},"Pacific/Ponape":{"long":["پوناپے ٹائم","پوناپے ٹائم"]},"Asia/Pyongyang":{"long":["پیانگ یانگ وقت","پیانگ یانگ وقت"]},"Indian/Reunion":{"long":["ری یونین ٹائم","ری یونین ٹائم"]},"Antarctica/Rothera":{"long":["روتھیرا کا وقت","روتھیرا کا وقت"]},"Asia/Sakhalin":{"long":["سخالین سٹینڈرڈ ٹائم","سخالین سمر ٹائم"]},"Pacific/Pago_Pago":{"long":["ساموآ سٹینڈرڈ ٹائم","ساموآ ڈے لائٹ ٹائم"]},"Indian/Mahe":{"long":["سیشلیز ٹائم","سیشلیز ٹائم"]},"Asia/Singapore":{"long":["سنگاپور سٹینڈرڈ ٹائم","سنگاپور سٹینڈرڈ ٹائم"]},"Pacific/Guadalcanal":{"long":["سولمن آئلینڈز ٹائم","سولمن آئلینڈز ٹائم"]},"Atlantic/South_Georgia":{"long":["جنوبی جارجیا ٹائم","جنوبی جارجیا ٹائم"]},"Asia/Yekaterinburg":{"long":["یکاٹیرِنبرگ اسٹینڈرڈ ٹائم","یکاٹیرِنبرگ سمر ٹائم"]},"Antarctica/Syowa":{"long":["سیووا ٹائم","سیووا ٹائم"]},"Pacific/Tahiti":{"long":["تاہیتی ٹائم","تاہیتی ٹائم"]},"Asia/Taipei":{"long":["تائی پیئی اسٹینڈرڈ ٹائم","تئی پیئی ڈے لائٹ ٹائم"]},"Asia/Tashkent":{"long":["ازبکستان کا معیاری وقت","ازبکستان کا موسم گرما کا وقت"]},"Pacific/Fakaofo":{"long":["ٹوکیلاؤ ٹائم","ٹوکیلاؤ ٹائم"]},"Pacific/Tongatapu":{"long":["ٹونگا سٹینڈرڈ ٹائم","ٹونگا سمر ٹائم"]},"Pacific/Truk":{"long":["چوک ٹائم","چوک ٹائم"]},"Pacific/Funafuti":{"long":["ٹوالو ٹائم","ٹوالو ٹائم"]},"America/Montevideo":{"long":["یوروگوئے کا معیاری وقت","یوروگوئے کا موسم گرما کا وقت"]},"Pacific/Efate":{"long":["وانوآٹو سٹینڈرڈ ٹائم","وانوآٹو سمر ٹائم"]},"America/Caracas":{"long":["وینزوئیلا کا وقت","وینزوئیلا کا وقت"]},"Asia/Vladivostok":{"long":["ولادی ووستک سٹینڈرڈ ٹائم","ولادی ووستک سمر ٹائم"]},"Europe/Volgograd":{"long":["وولگوگراد اسٹینڈرڈ ٹائم","وولگوگراد سمر ٹائم"]},"Antarctica/Vostok":{"long":["ووسٹاک کا وقت","ووسٹاک کا وقت"]},"Pacific/Wake":{"long":["ویک آئلینڈ ٹائم","ویک آئلینڈ ٹائم"]},"Pacific/Wallis":{"long":["والیز اور فٹونا ٹائم","والیز اور فٹونا ٹائم"]},"Asia/Yakutsk":{"long":["یکوتسک اسٹینڈرڈ ٹائم","یکوتسک سمر ٹائم"]},"America/Whitehorse":{"long":["یوکون ٹائم","یوکون ٹائم"]},"UTC":{"long":["کوآرڈینیٹڈ یونیورسل ٹائم","کوآرڈینیٹڈ یونیورسل ٹائم"],"short":["UTC","UTC"]}},"gmtFormat":"GMT {0}","hourFormat":"+HH:mm;-HH:mm","dateFormat":{"full":"EEEE، d MMMM، y","long":"d MMMM، y","medium":"d MMM، y","short":"d/M/yy"},"timeFormat":{"full":"h:mm:ss a zzzz","long":"h:mm:ss a z","medium":"h:mm:ss a","short":"h:mm a"},"dateTimeFormat":{"full":"{1} {0}","long":"{1} {0}","medium":"{1} {0}","short":"{1} {0}"},"formats":{"gregory":{"Bh":"h B","Bhm":"h:mm B","Bhms":"h:mm:ss B","d":"d","E":"ccc","EBhm":"E h:mm B","EBhms":"E h:mm:ss B","Ed":"d E","Ehm":"E h:mm a","EHm":"E HH:mm","Ehms":"E h:mm:ss a","EHms":"E HH:mm:ss","Gy":"y G","GyMd":"d/M/y GGGGG","GyMMM":"MMM y G","GyMMMd":"d MMM، y G","GyMMMEd":"E، d MMM، y G","h":"h a","H":"HH","hm":"h:mm a","Hm":"HH:mm","hms":"h:mm:ss a","Hms":"HH:mm:ss","hmsv":"h:mm:ss a v","Hmsv":"HH:mm:ss v","hmv":"h:mm a v","Hmv":"HH:mm v","M":"L","Md":"d/M","MEd":"E، d/M","MMM":"LLL","MMMd":"d MMM","MMMEd":"E، d MMM","MMMMd":"d MMMM","ms":"mm:ss","y":"y","yM":"M/y","yMd":"d/M/y","yMEd":"E، d/M/y","yMMM":"MMM y","yMMMd":"d MMM، y","yMMMEd":"E، d MMM، y","yMMMM":"MMMM y","EEEE، d MMMM، y":"EEEE، d MMMM، y","d MMMM، y":"d MMMM، y","d MMM، y":"d MMM، y","d/M/yy":"d/M/yy","h:mm:ss a zzzz":"h:mm:ss a zzzz","h:mm:ss a z":"h:mm:ss a z","h:mm:ss a":"h:mm:ss a","h:mm a":"h:mm a","EEEE، d MMMM، y h:mm:ss a zzzz":"EEEE، d MMMM، y h:mm:ss a zzzz","d MMMM، y h:mm:ss a zzzz":"d MMMM، y h:mm:ss a zzzz","d MMM، y h:mm:ss a zzzz":"d MMM، y h:mm:ss a zzzz","d/M/yy h:mm:ss a zzzz":"d/M/yy h:mm:ss a zzzz","d h:mm:ss a zzzz":"d h:mm:ss a zzzz","E h:mm:ss a zzzz":"ccc h:mm:ss a zzzz","Ed h:mm:ss a zzzz":"d E h:mm:ss a zzzz","Gy h:mm:ss a zzzz":"y G h:mm:ss a zzzz","GyMd h:mm:ss a zzzz":"d/M/y GGGGG h:mm:ss a zzzz","GyMMM h:mm:ss a zzzz":"MMM y G h:mm:ss a zzzz","GyMMMd h:mm:ss a zzzz":"d MMM، y G h:mm:ss a zzzz","GyMMMEd h:mm:ss a zzzz":"E، d MMM، y G h:mm:ss a zzzz","M h:mm:ss a zzzz":"L h:mm:ss a zzzz","Md h:mm:ss a zzzz":"d/M h:mm:ss a zzzz","MEd h:mm:ss a zzzz":"E، d/M h:mm:ss a zzzz","MMM h:mm:ss a zzzz":"LLL h:mm:ss a zzzz","MMMd h:mm:ss a zzzz":"d MMM h:mm:ss a zzzz","MMMEd h:mm:ss a zzzz":"E، d MMM h:mm:ss a zzzz","MMMMd h:mm:ss a zzzz":"d MMMM h:mm:ss a zzzz","y h:mm:ss a zzzz":"y h:mm:ss a zzzz","yM h:mm:ss a zzzz":"M/y h:mm:ss a zzzz","yMd h:mm:ss a zzzz":"d/M/y h:mm:ss a zzzz","yMEd h:mm:ss a zzzz":"E، d/M/y h:mm:ss a zzzz","yMMM h:mm:ss a zzzz":"MMM y h:mm:ss a zzzz","yMMMd h:mm:ss a zzzz":"d MMM، y h:mm:ss a zzzz","yMMMEd h:mm:ss a zzzz":"E، d MMM، y h:mm:ss a zzzz","yMMMM h:mm:ss a zzzz":"MMMM y h:mm:ss a zzzz","EEEE، d MMMM، y h:mm:ss a z":"EEEE، d MMMM، y h:mm:ss a z","d MMMM، y h:mm:ss a z":"d MMMM، y h:mm:ss a z","d MMM، y h:mm:ss a z":"d MMM، y h:mm:ss a z","d/M/yy h:mm:ss a z":"d/M/yy h:mm:ss a z","d h:mm:ss a z":"d h:mm:ss a z","E h:mm:ss a z":"ccc h:mm:ss a z","Ed h:mm:ss a z":"d E h:mm:ss a z","Gy h:mm:ss a z":"y G h:mm:ss a z","GyMd h:mm:ss a z":"d/M/y GGGGG h:mm:ss a z","GyMMM h:mm:ss a z":"MMM y G h:mm:ss a z","GyMMMd h:mm:ss a z":"d MMM، y G h:mm:ss a z","GyMMMEd h:mm:ss a z":"E، d MMM، y G h:mm:ss a z","M h:mm:ss a z":"L h:mm:ss a z","Md h:mm:ss a z":"d/M h:mm:ss a z","MEd h:mm:ss a z":"E، d/M h:mm:ss a z","MMM h:mm:ss a z":"LLL h:mm:ss a z","MMMd h:mm:ss a z":"d MMM h:mm:ss a z","MMMEd h:mm:ss a z":"E، d MMM h:mm:ss a z","MMMMd h:mm:ss a z":"d MMMM h:mm:ss a z","y h:mm:ss a z":"y h:mm:ss a z","yM h:mm:ss a z":"M/y h:mm:ss a z","yMd h:mm:ss a z":"d/M/y h:mm:ss a z","yMEd h:mm:ss a z":"E، d/M/y h:mm:ss a z","yMMM h:mm:ss a z":"MMM y h:mm:ss a z","yMMMd h:mm:ss a z":"d MMM، y h:mm:ss a z","yMMMEd h:mm:ss a z":"E، d MMM، y h:mm:ss a z","yMMMM h:mm:ss a z":"MMMM y h:mm:ss a z","EEEE، d MMMM، y h:mm:ss a":"EEEE، d MMMM، y h:mm:ss a","d MMMM، y h:mm:ss a":"d MMMM، y h:mm:ss a","d MMM، y h:mm:ss a":"d MMM، y h:mm:ss a","d/M/yy h:mm:ss a":"d/M/yy h:mm:ss a","d h:mm:ss a":"d h:mm:ss a","E h:mm:ss a":"ccc h:mm:ss a","Ed h:mm:ss a":"d E h:mm:ss a","Gy h:mm:ss a":"y G h:mm:ss a","GyMd h:mm:ss a":"d/M/y GGGGG h:mm:ss a","GyMMM h:mm:ss a":"MMM y G h:mm:ss a","GyMMMd h:mm:ss a":"d MMM، y G h:mm:ss a","GyMMMEd h:mm:ss a":"E، d MMM، y G h:mm:ss a","M h:mm:ss a":"L h:mm:ss a","Md h:mm:ss a":"d/M h:mm:ss a","MEd h:mm:ss a":"E، d/M h:mm:ss a","MMM h:mm:ss a":"LLL h:mm:ss a","MMMd h:mm:ss a":"d MMM h:mm:ss a","MMMEd h:mm:ss a":"E، d MMM h:mm:ss a","MMMMd h:mm:ss a":"d MMMM h:mm:ss a","y h:mm:ss a":"y h:mm:ss a","yM h:mm:ss a":"M/y h:mm:ss a","yMd h:mm:ss a":"d/M/y h:mm:ss a","yMEd h:mm:ss a":"E، d/M/y h:mm:ss a","yMMM h:mm:ss a":"MMM y h:mm:ss a","yMMMd h:mm:ss a":"d MMM، y h:mm:ss a","yMMMEd h:mm:ss a":"E، d MMM، y h:mm:ss a","yMMMM h:mm:ss a":"MMMM y h:mm:ss a","EEEE، d MMMM، y h:mm a":"EEEE، d MMMM، y h:mm a","d MMMM، y h:mm a":"d MMMM، y h:mm a","d MMM، y h:mm a":"d MMM، y h:mm a","d/M/yy h:mm a":"d/M/yy h:mm a","d h:mm a":"d h:mm a","E h:mm a":"ccc h:mm a","Ed h:mm a":"d E h:mm a","Gy h:mm a":"y G h:mm a","GyMd h:mm a":"d/M/y GGGGG h:mm a","GyMMM h:mm a":"MMM y G h:mm a","GyMMMd h:mm a":"d MMM، y G h:mm a","GyMMMEd h:mm a":"E، d MMM، y G h:mm a","M h:mm a":"L h:mm a","Md h:mm a":"d/M h:mm a","MEd h:mm a":"E، d/M h:mm a","MMM h:mm a":"LLL h:mm a","MMMd h:mm a":"d MMM h:mm a","MMMEd h:mm a":"E، d MMM h:mm a","MMMMd h:mm a":"d MMMM h:mm a","y h:mm a":"y h:mm a","yM h:mm a":"M/y h:mm a","yMd h:mm a":"d/M/y h:mm a","yMEd h:mm a":"E، d/M/y h:mm a","yMMM h:mm a":"MMM y h:mm a","yMMMd h:mm a":"d MMM، y h:mm a","yMMMEd h:mm a":"E، d MMM، y h:mm a","yMMMM h:mm a":"MMMM y h:mm a","EEEE، d MMMM، y Bh":"EEEE، d MMMM، y h B","d MMMM، y Bh":"d MMMM، y h B","d MMM، y Bh":"d MMM، y h B","d/M/yy Bh":"d/M/yy h B","d Bh":"d h B","E Bh":"ccc h B","Ed Bh":"d E h B","Gy Bh":"y G h B","GyMd Bh":"d/M/y GGGGG h B","GyMMM Bh":"MMM y G h B","GyMMMd Bh":"d MMM، y G h B","GyMMMEd Bh":"E، d MMM، y G h B","M Bh":"L h B","Md Bh":"d/M h B","MEd Bh":"E، d/M h B","MMM Bh":"LLL h B","MMMd Bh":"d MMM h B","MMMEd Bh":"E، d MMM h B","MMMMd Bh":"d MMMM h B","y Bh":"y h B","yM Bh":"M/y h B","yMd Bh":"d/M/y h B","yMEd Bh":"E، d/M/y h B","yMMM Bh":"MMM y h B","yMMMd Bh":"d MMM، y h B","yMMMEd Bh":"E، d MMM، y h B","yMMMM Bh":"MMMM y h B","EEEE، d MMMM، y Bhm":"EEEE، d MMMM، y h:mm B","d MMMM، y Bhm":"d MMMM، y h:mm B","d MMM، y Bhm":"d MMM، y h:mm B","d/M/yy Bhm":"d/M/yy h:mm B","d Bhm":"d h:mm B","E Bhm":"ccc h:mm B","Ed Bhm":"d E h:mm B","Gy Bhm":"y G h:mm B","GyMd Bhm":"d/M/y GGGGG h:mm B","GyMMM Bhm":"MMM y G h:mm B","GyMMMd Bhm":"d MMM، y G h:mm B","GyMMMEd Bhm":"E، d MMM، y G h:mm B","M Bhm":"L h:mm B","Md Bhm":"d/M h:mm B","MEd Bhm":"E، d/M h:mm B","MMM Bhm":"LLL h:mm B","MMMd Bhm":"d MMM h:mm B","MMMEd Bhm":"E، d MMM h:mm B","MMMMd Bhm":"d MMMM h:mm B","y Bhm":"y h:mm B","yM Bhm":"M/y h:mm B","yMd Bhm":"d/M/y h:mm B","yMEd Bhm":"E، d/M/y h:mm B","yMMM Bhm":"MMM y h:mm B","yMMMd Bhm":"d MMM، y h:mm B","yMMMEd Bhm":"E، d MMM، y h:mm B","yMMMM Bhm":"MMMM y h:mm B","EEEE، d MMMM، y Bhms":"EEEE، d MMMM، y h:mm:ss B","d MMMM، y Bhms":"d MMMM، y h:mm:ss B","d MMM، y Bhms":"d MMM، y h:mm:ss B","d/M/yy Bhms":"d/M/yy h:mm:ss B","d Bhms":"d h:mm:ss B","E Bhms":"ccc h:mm:ss B","Ed Bhms":"d E h:mm:ss B","Gy Bhms":"y G h:mm:ss B","GyMd Bhms":"d/M/y GGGGG h:mm:ss B","GyMMM Bhms":"MMM y G h:mm:ss B","GyMMMd Bhms":"d MMM، y G h:mm:ss B","GyMMMEd Bhms":"E، d MMM، y G h:mm:ss B","M Bhms":"L h:mm:ss B","Md Bhms":"d/M h:mm:ss B","MEd Bhms":"E، d/M h:mm:ss B","MMM Bhms":"LLL h:mm:ss B","MMMd Bhms":"d MMM h:mm:ss B","MMMEd Bhms":"E، d MMM h:mm:ss B","MMMMd Bhms":"d MMMM h:mm:ss B","y Bhms":"y h:mm:ss B","yM Bhms":"M/y h:mm:ss B","yMd Bhms":"d/M/y h:mm:ss B","yMEd Bhms":"E، d/M/y h:mm:ss B","yMMM Bhms":"MMM y h:mm:ss B","yMMMd Bhms":"d MMM، y h:mm:ss B","yMMMEd Bhms":"E، d MMM، y h:mm:ss B","yMMMM Bhms":"MMMM y h:mm:ss B","EEEE، d MMMM، y h":"EEEE، d MMMM، y h a","d MMMM، y h":"d MMMM، y h a","d MMM، y h":"d MMM، y h a","d/M/yy h":"d/M/yy h a","d h":"d h a","E h":"ccc h a","Ed h":"d E h a","Gy h":"y G h a","GyMd h":"d/M/y GGGGG h a","GyMMM h":"MMM y G h a","GyMMMd h":"d MMM، y G h a","GyMMMEd h":"E، d MMM، y G h a","M h":"L h a","Md h":"d/M h a","MEd h":"E، d/M h a","MMM h":"LLL h a","MMMd h":"d MMM h a","MMMEd h":"E، d MMM h a","MMMMd h":"d MMMM h a","y h":"y h a","yM h":"M/y h a","yMd h":"d/M/y h a","yMEd h":"E، d/M/y h a","yMMM h":"MMM y h a","yMMMd h":"d MMM، y h a","yMMMEd h":"E، d MMM، y h a","yMMMM h":"MMMM y h a","EEEE، d MMMM، y H":"EEEE، d MMMM، y HH","d MMMM، y H":"d MMMM، y HH","d MMM، y H":"d MMM، y HH","d/M/yy H":"d/M/yy HH","d H":"d HH","E H":"ccc HH","Ed H":"d E HH","Gy H":"y G HH","GyMd H":"d/M/y GGGGG HH","GyMMM H":"MMM y G HH","GyMMMd H":"d MMM، y G HH","GyMMMEd H":"E، d MMM، y G HH","M H":"L HH","Md H":"d/M HH","MEd H":"E، d/M HH","MMM H":"LLL HH","MMMd H":"d MMM HH","MMMEd H":"E، d MMM HH","MMMMd H":"d MMMM HH","y H":"y HH","yM H":"M/y HH","yMd H":"d/M/y HH","yMEd H":"E، d/M/y HH","yMMM H":"MMM y HH","yMMMd H":"d MMM، y HH","yMMMEd H":"E، d MMM، y HH","yMMMM H":"MMMM y HH","EEEE، d MMMM، y hm":"EEEE، d MMMM، y h:mm a","d MMMM، y hm":"d MMMM، y h:mm a","d MMM، y hm":"d MMM، y h:mm a","d/M/yy hm":"d/M/yy h:mm a","d hm":"d h:mm a","E hm":"ccc h:mm a","Ed hm":"d E h:mm a","Gy hm":"y G h:mm a","GyMd hm":"d/M/y GGGGG h:mm a","GyMMM hm":"MMM y G h:mm a","GyMMMd hm":"d MMM، y G h:mm a","GyMMMEd hm":"E، d MMM، y G h:mm a","M hm":"L h:mm a","Md hm":"d/M h:mm a","MEd hm":"E، d/M h:mm a","MMM hm":"LLL h:mm a","MMMd hm":"d MMM h:mm a","MMMEd hm":"E، d MMM h:mm a","MMMMd hm":"d MMMM h:mm a","y hm":"y h:mm a","yM hm":"M/y h:mm a","yMd hm":"d/M/y h:mm a","yMEd hm":"E، d/M/y h:mm a","yMMM hm":"MMM y h:mm a","yMMMd hm":"d MMM، y h:mm a","yMMMEd hm":"E، d MMM، y h:mm a","yMMMM hm":"MMMM y h:mm a","EEEE، d MMMM، y Hm":"EEEE، d MMMM، y HH:mm","d MMMM، y Hm":"d MMMM، y HH:mm","d MMM، y Hm":"d MMM، y HH:mm","d/M/yy Hm":"d/M/yy HH:mm","d Hm":"d HH:mm","E Hm":"ccc HH:mm","Ed Hm":"d E HH:mm","Gy Hm":"y G HH:mm","GyMd Hm":"d/M/y GGGGG HH:mm","GyMMM Hm":"MMM y G HH:mm","GyMMMd Hm":"d MMM، y G HH:mm","GyMMMEd Hm":"E، d MMM، y G HH:mm","M Hm":"L HH:mm","Md Hm":"d/M HH:mm","MEd Hm":"E، d/M HH:mm","MMM Hm":"LLL HH:mm","MMMd Hm":"d MMM HH:mm","MMMEd Hm":"E، d MMM HH:mm","MMMMd Hm":"d MMMM HH:mm","y Hm":"y HH:mm","yM Hm":"M/y HH:mm","yMd Hm":"d/M/y HH:mm","yMEd Hm":"E، d/M/y HH:mm","yMMM Hm":"MMM y HH:mm","yMMMd Hm":"d MMM، y HH:mm","yMMMEd Hm":"E، d MMM، y HH:mm","yMMMM Hm":"MMMM y HH:mm","EEEE، d MMMM، y hms":"EEEE، d MMMM، y h:mm:ss a","d MMMM، y hms":"d MMMM، y h:mm:ss a","d MMM، y hms":"d MMM، y h:mm:ss a","d/M/yy hms":"d/M/yy h:mm:ss a","d hms":"d h:mm:ss a","E hms":"ccc h:mm:ss a","Ed hms":"d E h:mm:ss a","Gy hms":"y G h:mm:ss a","GyMd hms":"d/M/y GGGGG h:mm:ss a","GyMMM hms":"MMM y G h:mm:ss a","GyMMMd hms":"d MMM، y G h:mm:ss a","GyMMMEd hms":"E، d MMM، y G h:mm:ss a","M hms":"L h:mm:ss a","Md hms":"d/M h:mm:ss a","MEd hms":"E، d/M h:mm:ss a","MMM hms":"LLL h:mm:ss a","MMMd hms":"d MMM h:mm:ss a","MMMEd hms":"E، d MMM h:mm:ss a","MMMMd hms":"d MMMM h:mm:ss a","y hms":"y h:mm:ss a","yM hms":"M/y h:mm:ss a","yMd hms":"d/M/y h:mm:ss a","yMEd hms":"E، d/M/y h:mm:ss a","yMMM hms":"MMM y h:mm:ss a","yMMMd hms":"d MMM، y h:mm:ss a","yMMMEd hms":"E، d MMM، y h:mm:ss a","yMMMM hms":"MMMM y h:mm:ss a","EEEE، d MMMM، y Hms":"EEEE، d MMMM، y HH:mm:ss","d MMMM، y Hms":"d MMMM، y HH:mm:ss","d MMM، y Hms":"d MMM، y HH:mm:ss","d/M/yy Hms":"d/M/yy HH:mm:ss","d Hms":"d HH:mm:ss","E Hms":"ccc HH:mm:ss","Ed Hms":"d E HH:mm:ss","Gy Hms":"y G HH:mm:ss","GyMd Hms":"d/M/y GGGGG HH:mm:ss","GyMMM Hms":"MMM y G HH:mm:ss","GyMMMd Hms":"d MMM، y G HH:mm:ss","GyMMMEd Hms":"E، d MMM، y G HH:mm:ss","M Hms":"L HH:mm:ss","Md Hms":"d/M HH:mm:ss","MEd Hms":"E، d/M HH:mm:ss","MMM Hms":"LLL HH:mm:ss","MMMd Hms":"d MMM HH:mm:ss","MMMEd Hms":"E، d MMM HH:mm:ss","MMMMd Hms":"d MMMM HH:mm:ss","y Hms":"y HH:mm:ss","yM Hms":"M/y HH:mm:ss","yMd Hms":"d/M/y HH:mm:ss","yMEd Hms":"E، d/M/y HH:mm:ss","yMMM Hms":"MMM y HH:mm:ss","yMMMd Hms":"d MMM، y HH:mm:ss","yMMMEd Hms":"E، d MMM، y HH:mm:ss","yMMMM Hms":"MMMM y HH:mm:ss","EEEE، d MMMM، y hmsv":"EEEE، d MMMM، y h:mm:ss a v","d MMMM، y hmsv":"d MMMM، y h:mm:ss a v","d MMM، y hmsv":"d MMM، y h:mm:ss a v","d/M/yy hmsv":"d/M/yy h:mm:ss a v","d hmsv":"d h:mm:ss a v","E hmsv":"ccc h:mm:ss a v","Ed hmsv":"d E h:mm:ss a v","Gy hmsv":"y G h:mm:ss a v","GyMd hmsv":"d/M/y GGGGG h:mm:ss a v","GyMMM hmsv":"MMM y G h:mm:ss a v","GyMMMd hmsv":"d MMM، y G h:mm:ss a v","GyMMMEd hmsv":"E، d MMM، y G h:mm:ss a v","M hmsv":"L h:mm:ss a v","Md hmsv":"d/M h:mm:ss a v","MEd hmsv":"E، d/M h:mm:ss a v","MMM hmsv":"LLL h:mm:ss a v","MMMd hmsv":"d MMM h:mm:ss a v","MMMEd hmsv":"E، d MMM h:mm:ss a v","MMMMd hmsv":"d MMMM h:mm:ss a v","y hmsv":"y h:mm:ss a v","yM hmsv":"M/y h:mm:ss a v","yMd hmsv":"d/M/y h:mm:ss a v","yMEd hmsv":"E، d/M/y h:mm:ss a v","yMMM hmsv":"MMM y h:mm:ss a v","yMMMd hmsv":"d MMM، y h:mm:ss a v","yMMMEd hmsv":"E، d MMM، y h:mm:ss a v","yMMMM hmsv":"MMMM y h:mm:ss a v","EEEE، d MMMM، y Hmsv":"EEEE، d MMMM، y HH:mm:ss v","d MMMM، y Hmsv":"d MMMM، y HH:mm:ss v","d MMM، y Hmsv":"d MMM، y HH:mm:ss v","d/M/yy Hmsv":"d/M/yy HH:mm:ss v","d Hmsv":"d HH:mm:ss v","E Hmsv":"ccc HH:mm:ss v","Ed Hmsv":"d E HH:mm:ss v","Gy Hmsv":"y G HH:mm:ss v","GyMd Hmsv":"d/M/y GGGGG HH:mm:ss v","GyMMM Hmsv":"MMM y G HH:mm:ss v","GyMMMd Hmsv":"d MMM، y G HH:mm:ss v","GyMMMEd Hmsv":"E، d MMM، y G HH:mm:ss v","M Hmsv":"L HH:mm:ss v","Md Hmsv":"d/M HH:mm:ss v","MEd Hmsv":"E، d/M HH:mm:ss v","MMM Hmsv":"LLL HH:mm:ss v","MMMd Hmsv":"d MMM HH:mm:ss v","MMMEd Hmsv":"E، d MMM HH:mm:ss v","MMMMd Hmsv":"d MMMM HH:mm:ss v","y Hmsv":"y HH:mm:ss v","yM Hmsv":"M/y HH:mm:ss v","yMd Hmsv":"d/M/y HH:mm:ss v","yMEd Hmsv":"E، d/M/y HH:mm:ss v","yMMM Hmsv":"MMM y HH:mm:ss v","yMMMd Hmsv":"d MMM، y HH:mm:ss v","yMMMEd Hmsv":"E، d MMM، y HH:mm:ss v","yMMMM Hmsv":"MMMM y HH:mm:ss v","EEEE، d MMMM، y hmv":"EEEE، d MMMM، y h:mm a v","d MMMM، y hmv":"d MMMM، y h:mm a v","d MMM، y hmv":"d MMM، y h:mm a v","d/M/yy hmv":"d/M/yy h:mm a v","d hmv":"d h:mm a v","E hmv":"ccc h:mm a v","Ed hmv":"d E h:mm a v","Gy hmv":"y G h:mm a v","GyMd hmv":"d/M/y GGGGG h:mm a v","GyMMM hmv":"MMM y G h:mm a v","GyMMMd hmv":"d MMM، y G h:mm a v","GyMMMEd hmv":"E، d MMM، y G h:mm a v","M hmv":"L h:mm a v","Md hmv":"d/M h:mm a v","MEd hmv":"E، d/M h:mm a v","MMM hmv":"LLL h:mm a v","MMMd hmv":"d MMM h:mm a v","MMMEd hmv":"E، d MMM h:mm a v","MMMMd hmv":"d MMMM h:mm a v","y hmv":"y h:mm a v","yM hmv":"M/y h:mm a v","yMd hmv":"d/M/y h:mm a v","yMEd hmv":"E، d/M/y h:mm a v","yMMM hmv":"MMM y h:mm a v","yMMMd hmv":"d MMM، y h:mm a v","yMMMEd hmv":"E، d MMM، y h:mm a v","yMMMM hmv":"MMMM y h:mm a v","EEEE، d MMMM، y Hmv":"EEEE، d MMMM، y HH:mm v","d MMMM، y Hmv":"d MMMM، y HH:mm v","d MMM، y Hmv":"d MMM، y HH:mm v","d/M/yy Hmv":"d/M/yy HH:mm v","d Hmv":"d HH:mm v","E Hmv":"ccc HH:mm v","Ed Hmv":"d E HH:mm v","Gy Hmv":"y G HH:mm v","GyMd Hmv":"d/M/y GGGGG HH:mm v","GyMMM Hmv":"MMM y G HH:mm v","GyMMMd Hmv":"d MMM، y G HH:mm v","GyMMMEd Hmv":"E، d MMM، y G HH:mm v","M Hmv":"L HH:mm v","Md Hmv":"d/M HH:mm v","MEd Hmv":"E، d/M HH:mm v","MMM Hmv":"LLL HH:mm v","MMMd Hmv":"d MMM HH:mm v","MMMEd Hmv":"E، d MMM HH:mm v","MMMMd Hmv":"d MMMM HH:mm v","y Hmv":"y HH:mm v","yM Hmv":"M/y HH:mm v","yMd Hmv":"d/M/y HH:mm v","yMEd Hmv":"E، d/M/y HH:mm v","yMMM Hmv":"MMM y HH:mm v","yMMMd Hmv":"d MMM، y HH:mm v","yMMMEd Hmv":"E، d MMM، y HH:mm v","yMMMM Hmv":"MMMM y HH:mm v","EEEE، d MMMM، y ms":"EEEE، d MMMM، y mm:ss","d MMMM، y ms":"d MMMM، y mm:ss","d MMM، y ms":"d MMM، y mm:ss","d/M/yy ms":"d/M/yy mm:ss","d ms":"d mm:ss","E ms":"ccc mm:ss","Ed ms":"d E mm:ss","Gy ms":"y G mm:ss","GyMd ms":"d/M/y GGGGG mm:ss","GyMMM ms":"MMM y G mm:ss","GyMMMd ms":"d MMM، y G mm:ss","GyMMMEd ms":"E، d MMM، y G mm:ss","M ms":"L mm:ss","Md ms":"d/M mm:ss","MEd ms":"E، d/M mm:ss","MMM ms":"LLL mm:ss","MMMd ms":"d MMM mm:ss","MMMEd ms":"E، d MMM mm:ss","MMMMd ms":"d MMMM mm:ss","y ms":"y mm:ss","yM ms":"M/y mm:ss","yMd ms":"d/M/y mm:ss","yMEd ms":"E، d/M/y mm:ss","yMMM ms":"MMM y mm:ss","yMMMd ms":"d MMM، y mm:ss","yMMMEd ms":"E، d MMM، y mm:ss","yMMMM ms":"MMMM y mm:ss"}},"intervalFormats":{"intervalFormatFallback":"{0} – {1}","Bh":{"B":"h B – h B","h":"h – h B"},"Bhm":{"B":"h:mm B – h:mm B","h":"h:mm – h:mm B","m":"h:mm – h:mm B"},"d":{"d":"d–d"},"Gy":{"G":"y G – y G","y":"y – y G"},"GyM":{"G":"M/y GGGGG – M/y GGGGG","M":"M/y – M/y GGGGG","y":"M/y – M/y GGGGG"},"GyMd":{"d":"M/d/y – M/d/y GGGGG","G":"M/d/y GGGGG – M/d/y GGGGG","M":"M/d/y – M/d/y GGGGG","y":"M/d/y – M/d/y GGGGG"},"GyMEd":{"d":"E, M/d/y – E, M/d/y GGGGG","G":"E, M/d/y GGGGG – E, M/d/y GGGGG","M":"E, M/d/y – E, M/d/y GGGGG","y":"E, M/d/y – E, M/d/y GGGGG"},"GyMMM":{"G":"MMM y G – MMM y G","M":"MMM – MMM y G","y":"MMM y – MMM y G"},"GyMMMd":{"d":"MMM d – d, y G","G":"MMM d, y G – MMM d, y G","M":"MMM d – MMM d, y G","y":"MMM d, y – MMM d, y G"},"GyMMMEd":{"d":"E, MMM d – E, MMM d, y G","G":"E, MMM d, y G – E, MMM d, y G","M":"E, MMM d – E, MMM d, y G","y":"E, MMM d, y – E, MMM d, y G"},"h":{"a":"h a – h a","h":"h–h a"},"H":{"H":"HH–HH"},"hm":{"a":"h:mm a – h:mm a","h":"h:mm–h:mm a","m":"h:mm–h:mm a"},"Hm":{"H":"HH:mm–HH:mm","m":"HH:mm–HH:mm"},"hmv":{"a":"h:mm a – h:mm a v","h":"h:mm–h:mm a v","m":"h:mm–h:mm a v"},"Hmv":{"H":"HH:mm–HH:mm v","m":"HH:mm–HH:mm v"},"hv":{"a":"h a – h a v","h":"h–h a v"},"Hv":{"H":"HH–HH v"},"M":{"M":"M–M"},"Md":{"d":"d/M – d/M","M":"d/M – d/M"},"MEd":{"d":"E، d/M – E، d/M","M":"E، d/M – E، d/M"},"MMM":{"M":"MMM–MMM"},"MMMd":{"d":"d–d MMM","M":"d MMM – d MMM"},"MMMEd":{"d":"E، d MMM – E، d MMM","M":"E، d MMM – E، d MMM"},"y":{"y":"y–y"},"yM":{"M":"M/y – M/y","y":"M/y – M/y"},"yMd":{"d":"d/M/y – d/M/y","M":"d/M/y – d/M/y","y":"d/M/y – d/M/y"},"yMEd":{"d":"E، d/M/y – E، d/M/y","M":"E، d/M/y – E، d/M/y","y":"E، d/M/y – E، d/M/y"},"yMMM":{"M":"MMM–MMM y","y":"MMM y – MMM y"},"yMMMd":{"d":"d–d MMM y","M":"d MMM – d MMM، y","y":"d MMM، y – d MMM، y"},"yMMMEd":{"d":"E، d MMM – E، d MMM، y","M":"E، d MMM – E، d MMM، y","y":"E، d MMM، y – E، d MMM، y"},"yMMMM":{"M":"MMMM–MMMM y","y":"MMMM y – MMMM y"}},"hourCycle":"h12","nu":["latn"],"ca":["gregory","islamic","islamicc","islamic-tbla"],"hc":["h12","","h23"]},"locale":"ur"}