{"data":{"patterns":{"locale":"{0} ({1})"},"types":{"calendar":{"long":{"buddhist":"будистки календар","chinese":"китайски календар","coptic":"коптски календар","dangi":"корейски календар","ethiopic":"етиопски календар","ethiopic-amete-alem":"етиопски календар Амит Алем","gregorian":"григориански календар","hebrew":"еврейски календар","indian":"Индийски граждански календар","islamic":"ислямски календар","islamic-civil":"ислямски цивилен календар","islamic-umalqura":"ислямски календар (Ум ал-Кура)","iso8601":"календар съгласно ISO 8601","japanese":"японски календар","persian":"персийски календар","roc":"календар на Република Китай"},"narrow":{},"short":{}},"currency":{"long":{"ADP":"Андорска песета","AED":"Дирхам на Обединените арабски емирства","AFA":"Афганистански афган (1927–2002)","AFN":"Афганистански афган","ALL":"Албански лек","AMD":"Арменски драм","ANG":"Антилски гулден","AOA":"Анголска кванза","AOK":"Анголска кванца (1977–1990)","AON":"Анголска нова кванца (1990–2000)","AOR":"Анголска нова кванца (1995–1999)","ARA":"Аржентински австрал","ARP":"Аржентинско песо (1983–1985)","ARS":"Аржентинско песо","ATS":"Австрийски шилинг","AUD":"Австралийски долар","AWG":"Арубски флорин","AZM":"Азербайджански манат (1993–2006)","AZN":"Азербайджански манат","BAD":"Босна и Херцеговина-динар","BAM":"Босненска конвертируема марка","BBD":"Барбадоски долар","BDT":"Бангладешка така","BEC":"Белгийски франк (конвертируем)","BEF":"Белгийски франк","BEL":"Белгийски франк (финансов)","BGL":"Български конвертируем лев (1962–1999)","BGN":"Български лев","BHD":"Бахрейнски динар","BIF":"Бурундийски франк","BMD":"Бермудски долар","BND":"Брунейски долар","BOB":"Боливийско боливиано","BOP":"Боливийско песо","BOV":"Боливийски мвдол","BRB":"Бразилско ново крузейро (1967–1986)","BRC":"Бразилско крозадо","BRE":"Бразилско крузейро (1990–1993)","BRL":"Бразилски реал","BRN":"Бразилско ново крозадо","BRR":"Бразилско крузейро","BSD":"Бахамски долар","BTN":"Бутански нгултрум","BUK":"Бирмански киат","BWP":"Ботсванска пула","BYB":"Беларуска нова рубла (1994–1999)","BYN":"Беларуска рубла","BYR":"Беларуска рубла (2000–2016)","BZD":"Белизийски долар","CAD":"Канадски долар","CDF":"Конгоански франк","CHE":"WIR евро","CHF":"Швейцарски франк","CHW":"WIR франк","CLF":"Условна разчетна единица на Чили","CLP":"Чилийско песо","CNH":"Китайски юан (офшорен)","CNY":"Китайски юан","COP":"Колумбийско песо","COU":"Колумбийска единица на реалната стойност","CRC":"Костарикански колон","CSD":"Стар сръбски динар","CSK":"Чехословашка конвертируема крона","CUC":"Кубинско конвертируемо песо","CUP":"Кубинско песо","CVE":"Ескудо на Кабо Верде","CYP":"Кипърска лира","CZK":"Чешка крона","DDM":"Източногерманска марка","DEM":"Германска марка","DJF":"Джибутски франк","DKK":"Датска крона","DOP":"Доминиканско песо","DZD":"Алжирски динар","ECS":"Еквадорско сукре","ECV":"Еквадорска банкова единица","EEK":"Естонска крона","EGP":"Египетска лира","ERN":"Еритрейска накфа","ESP":"Испанска песета","ETB":"Етиопски бир","EUR":"Евро","FIM":"Финландска марка","FJD":"Фиджийски долар","FKP":"Фолкландска лира","FRF":"Френски франк","GBP":"Британска лира","GEK":"Грузински купон","GEL":"Грузински лари","GHC":"Ганайско седи (1979–2007)","GHS":"Ганайско седи","GIP":"Гибралтарска лира","GMD":"Гамбийско даласи","GNF":"Гвинейски франк","GNS":"Гвинейска сили","GQE":"Екваториално гвинейско еквеле","GRD":"Гръцка драхма","GTQ":"Гватемалски кетцал","GWE":"Ескудо от Португалска Гвинея","GWP":"Гвинея-Бисау песо","GYD":"Гаянски долар","HKD":"Хонконгски долар","HNL":"Хондураска лемпира","HRD":"Хърватски динар","HRK":"Хърватска куна","HTG":"Хаитски гурд","HUF":"Унгарски форинт","IDR":"Индонезийска рупия","IEP":"Ирландска лира","ILP":"Израелска лира","ILS":"Израелски нов шекел","INR":"Индийска рупия","IQD":"Иракски динар","IRR":"Ирански риал","ISK":"Исландска крона","ITL":"Италианска лира","JMD":"Ямайски долар","JOD":"Йордански динар","JPY":"Японска йена","KES":"Кенийски шилинг","KGS":"Киргизстански сом","KHR":"Камбоджански риел","KMF":"Коморски франк","KPW":"Севернокорейски вон","KRW":"Южнокорейски вон","KWD":"Кувейтски динар","KYD":"Кайманов долар","KZT":"Казахстанско тенге","LAK":"Лаоски кип","LBP":"Ливанска лира","LKR":"Шриланкска рупия","LRD":"Либерийски долар","LSL":"Лесотско лоти","LTL":"Литовски литас","LTT":"Литовски талон","LUF":"Люксембургски франк","LVL":"Латвийски лат","LVR":"Латвийска рубла","LYD":"Либийски динар","MAD":"Марокански дирхам","MAF":"Марокански франк","MDL":"Молдовска лея","MGA":"Малгашко ариари","MGF":"Малгашки франк - Мадагаскар","MKD":"Македонски денар","MLF":"Малийски франк","MMK":"Мианмарски киат","MNT":"Монголски тугрик","MOP":"Патака на Макао","MRO":"Мавританска угия (1973–2017)","MRU":"Мавританска угия","MTL":"Малтийска лира","MUR":"Маврицийска рупия","MVR":"Малдивска руфия","MWK":"Малавийска куача","MXN":"Мексиканско песо","MXP":"Мексиканско сребърно песо (1861–1992)","MXV":"Мексиканска конвертируема единица (UDI)","MYR":"Малайзийски рингит","MZE":"Мозамбикско ескудо","MZM":"Мозамбикски метикал (1980–2006)","MZN":"Мозамбикски метикал","NAD":"Намибийски долар","NGN":"Нигерийска найра","NIC":"Никарагуанска кордоба (1988–1991)","NIO":"Никарагуанска кордоба","NLG":"Холандски гулден","NOK":"Норвежка крона","NPR":"Непалска рупия","NZD":"Новозеландски долар","OMR":"Омански риал","PAB":"Панамска балбоа","PEI":"Перуанско инти","PEN":"Перуански сол","PES":"Перуански сол (1863–1965)","PGK":"Папуа-новогвинейска кина","PHP":"Филипинско песо","PKR":"Пакистанска рупия","PLN":"Полска злота","PLZ":"Полска злота (1950–1995)","PTE":"Португалско ескудо","PYG":"Парагвайско гуарани","QAR":"Катарски риал","RHD":"Родезийски долар","ROL":"Стара румънска лея","RON":"Румънска лея","RSD":"Сръбски динар","RUB":"Руска рубла","RUR":"Руска рубла (1991–1998)","RWF":"Руандски франк","SAR":"саудитски риал","SBD":"Долар на Соломоновите острови","SCR":"Сейшелска рупия","SDD":"Судански динар","SDG":"Суданска лира","SEK":"Шведска крона","SGD":"Сингапурски долар","SHP":"Лира на Света Елена","SIT":"Словенски толар","SKK":"Словашка крона","SLL":"Сиералеонско леоне","SOS":"Сомалийски шилинг","SRD":"Суринамски долар","SRG":"Суринамски гилдер","SSP":"Южносуданска лира","STD":"Добра на Сао Томе и Принсипи (1977–2017)","STN":"Добра на Сао Томе и Принсипи","SUR":"Съветска рубла","SVC":"Салвадорски колон","SYP":"Сирийска лира","SZL":"Свазилендски лилангени","THB":"Тайландски бат","TJR":"Таджикистанска рубла","TJS":"Таджикистански сомони","TMM":"Туркменистански манат","TMT":"Туркменски манат","TND":"Тунизийски динар","TOP":"Тонганска паанга","TPE":"Тиморско ескудо","TRL":"Турска лира (1922–2005)","TRY":"Турска лира","TTD":"Долар на Тринидад и Тобаго","TWD":"Тайвански долар","TZS":"Танзанийски шилинг","UAH":"Украинска гривня","UAK":"Украински карбованец","UGS":"Угандийски шилинг (1966–1987)","UGX":"Угандски шилинг","USD":"Щатски долар","USN":"","USS":"","UYI":"Уругвайско песо (индекс на инфлацията)","UYP":"Уругвайско песо (1975–1993)","UYU":"Уругвайско песо","UZS":"Узбекски сум","VEB":"Венецуелски боливар (1871–2008)","VEF":"Венецуелски боливар","VES":"Венецуелски боливар (VES)","VND":"Виетнамски донг","VUV":"Вануатско вату","WST":"Самоанска тала","XAF":"Централноафрикански франк","XAG":"Сребро","XAU":"Злато","XBA":"Европейска съставна единица","XBB":"Европейска валутна единица","XBC":"Европейска единица по сметка (XBC)","XBD":"Европейска единица по сметка (XBD)","XCD":"Източнокарибски долар","XDR":"Специални права на тираж","XEU":"Еку на ЕИО","XFO":"Френски златен франк","XOF":"Западноафрикански франк","XPD":"Паладий","XPF":"CFP франк","XPT":"Платина","XTS":"Код резервиран за целите на тестване","XXX":"Непозната валута","YDD":"Йеменски динар","YER":"Йеменски риал","YUD":"Югославски твърд динар","YUM":"Югославски динар","YUN":"Югославски конвертируем динар","ZAL":"Южноафрикански ранд (финансов)","ZAR":"Южноафрикански ранд","ZMK":"Замбийска квача (1968–2012)","ZMW":"Замбийска куача","ZRN":"Заирско ново зайре","ZRZ":"Заирско зайре","ZWD":"Зимбабвийски долар","ZWL":"Зимбабвийски долар (2009)"},"narrow":{},"short":{}},"dateTimeField":{"long":{"day":"ден","dayOfYear":"ден от годината","dayperiod":"пр.об./сл.об.","era":"ера","hour":"час","minute":"минута","month":"месец","quarter":"тримесечие","second":"секунда","timeZoneName":"часова зона","weekOfMonth":"седмица от месеца","weekOfYear":"седмица","weekday":"ден от седмицата","weekdayOfMonth":"работен ден от месеца","year":"година"},"narrow":{"day":"д","dayOfYear":"ден от г.","dayperiod":"пр.об./сл.об.","era":"ера","hour":"ч","minute":"мин","month":"мес.","quarter":"трим.","second":"сек","timeZoneName":"час. зона","weekOfMonth":"седм. от мес.","weekOfYear":"седм.","weekday":"ден от седм.","weekdayOfMonth":"раб. ден от мес.","year":"г."},"short":{"day":"д","dayOfYear":"ден от г.","dayperiod":"пр.об./сл.об.","era":"ера","hour":"ч","minute":"мин","month":"мес.","quarter":"трим.","second":"сек","timeZoneName":"час. зона","weekOfMonth":"седм. от мес.","weekOfYear":"седм.","weekday":"ден от седм.","weekdayOfMonth":"раб. ден от мес.","year":"год."}},"language":{"dialect":{"long":{"aa":"афарски","ab":"абхазки","ace":"ачешки","ach":"аколи","ada":"адангме","ady":"адигейски","ae":"авестски","af":"африканс","afh":"африхили","agq":"агем","ain":"айну","ak":"акан","akk":"акадски","ale":"алеутски","alt":"южноалтайски","am":"амхарски","an":"арагонски","ang":"староанглийски","ann":"оболо","anp":"ангика","ar":"арабски","ar-001":"съвременен стандартен арабски","arc":"арамейски","arn":"мапуче","arp":"арапахо","ars":"найди арабски","arw":"аравак","as":"асамски","asa":"асу","ast":"астурски","atj":"атикамеку","av":"аварски","awa":"авади","ay":"аймара","az":"азербайджански","ba":"башкирски","bal":"балучи","ban":"балийски","bas":"баса","be":"беларуски","bej":"бея","bem":"бемба","bez":"бена","bg":"български","bgn":"западен балочи","bho":"боджпури","bi":"бислама","bik":"биколски","bin":"бини","bla":"сиксика","bm":"бамбара","bn":"бенгалски","bo":"тибетски","br":"бретонски","bra":"брадж","brx":"бодо","bs":"босненски","bua":"бурятски","bug":"бугински","byn":"биленски","ca":"каталонски","cad":"каддо","car":"карибски","cay":"каюга","cch":"атсам","ccp":"чакма","ce":"чеченски","ceb":"себуански","cgg":"чига","ch":"чаморо","chb":"чибча","chg":"чагатай","chk":"чуук","chm":"марийски","chn":"жаргон чинуук","cho":"чокто","chp":"чипеуански","chr":"черокски","chy":"шайенски","ckb":"кюрдски (централен)","clc":"чилкотин","co":"корсикански","cop":"коптски","cr":"крии","crg":"мичиф","crh":"кримскотатарски","crj":"югоизточен крий","crk":"плейнс крий","crl":"североизточен крий","crm":"муус крее","crr":"каролински алгонкин","crs":"сеселва, креолски френски","cs":"чешки","csb":"кашубски","csw":"суампи крий","cu":"църковнославянски","cv":"чувашки","cy":"уелски","da":"датски","dak":"дакотски","dar":"даргински","dav":"таита","de":"немски","del":"делауер","den":"слейви","dgr":"догриб","din":"динка","dje":"зарма","doi":"догри","dsb":"долнолужишки","dua":"дуала","dum":"средновековен холандски","dv":"дивехи","dyo":"диола-фони","dyu":"диула","dz":"дзонгкха","dzg":"дазага","ebu":"ембу","ee":"еве","efi":"ефик","egy":"древноегипетски","eka":"екажук","el":"гръцки","elx":"еламитски","en":"английски","en-AU":"австралийски английски","en-CA":"канадски английски","en-GB":"британски английски","en-US":"американски английски","enm":"средновековен английски","eo":"есперанто","es":"испански","et":"естонски","eu":"баски","ewo":"евондо","fa":"персийски","fa-AF":"дари","fan":"фанг","fat":"фанти","ff":"фула","fi":"фински","fil":"филипински","fj":"фиджийски","fo":"фарьорски","fon":"фон","fr":"френски","frc":"каджунски френски","frm":"средновековен френски","fro":"старофренски","frr":"северен фризийски","frs":"източнофризийски","fur":"фриулски","fy":"западнофризийски","ga":"ирландски","gaa":"га","gag":"гагаузки","gay":"гайо","gba":"гбая","gd":"шотландски келтски","gez":"гииз","gil":"гилбертски","gl":"галисийски","gmh":"средновисоконемски","gn":"гуарани","goh":"старовисоконемски","gon":"гонди","gor":"горонтало","got":"готически","grb":"гребо","grc":"древногръцки","gsw":"швейцарски немски","gu":"гуджарати","guz":"гусии","gv":"манкски","gwi":"гвичин","ha":"хауса","hai":"хайда","haw":"хавайски","hax":"южен хайда","he":"иврит","hi":"хинди","hil":"хилигайнон","hit":"хитски","hmn":"хмонг","ho":"хири моту","hr":"хърватски","hsb":"горнолужишки","ht":"хаитянски креолски","hu":"унгарски","hup":"хупа","hur":"халкомелем","hy":"арменски","hz":"хереро","ia":"интерлингва","iba":"ибан","ibb":"ибибио","id":"индонезийски","ie":"оксидентал","ig":"игбо","ii":"съчуански йи","ik":"инупиак","ikt":"западноканадски инуктитут","ilo":"илоко","inh":"ингушетски","io":"идо","is":"исландски","it":"италиански","iu":"инуктитут","ja":"японски","jbo":"ложбан","jgo":"нгомба","jmc":"мачаме","jpr":"юдео-персийски","jrb":"юдео-арабски","jv":"явански","ka":"грузински","kaa":"каракалпашки","kab":"кабилски","kac":"качински","kaj":"жжу","kam":"камба","kaw":"кави","kbd":"кабардски","kcg":"туап","kde":"маконде","kea":"кабовердиански","kfo":"коро","kg":"конгоански","kgp":"кайнганг","kha":"кхаси","kho":"котски","khq":"койра чиини","ki":"кикую","kj":"кваняма","kk":"казахски","kkj":"како","kl":"гренландски","kln":"календжин","km":"кхмерски","kmb":"кимбунду","kn":"каннада","ko":"корейски","koi":"коми-пермякски","kok":"конкани","kos":"косраен","kpe":"кпеле","kr":"канури","krc":"карачай-балкарски","krl":"карелски","kru":"курук","ks":"кашмирски","ksb":"шамбала","ksf":"бафия","ksh":"кьолнски","ku":"кюрдски","kum":"кумикски","kut":"кутенай","kv":"коми","kw":"корнуолски","kwk":"куак’уала","ky":"киргизки","la":"латински","lad":"ладино","lag":"ланги","lah":"лахнда","lam":"ламба","lb":"люксембургски","lez":"лезгински","lg":"ганда","li":"лимбургски","lil":"лилоует","lkt":"лакота","lmo":"ломбардски","ln":"лингала","lo":"лаоски","lol":"монго","lou":"луизиански креолски","loz":"лози","lrc":"северен лури","lsm":"саамски","lt":"литовски","lu":"луба-катанга","lua":"луба-лулуа","lui":"луисеньо","lun":"лунда","luo":"луо","lus":"мизо","luy":"лухя","lv":"латвийски","mad":"мадурски","mag":"магахи","mai":"майтхили","mak":"макасар","man":"мандинго","mas":"масайски","mdf":"мокша","mdr":"мандар","men":"менде","mer":"меру","mfe":"морисиен","mg":"малгашки","mga":"средновековен ирландски","mgh":"макуа мето","mgo":"мета","mh":"маршалезе","mi":"маорски","mic":"микмак","min":"минангкабау","mk":"македонски","ml":"малаялам","mn":"монголски","mnc":"манджурски","mni":"манипурски","moe":"инну-аймун","moh":"мохоук","mos":"моси","mr":"марати","ms":"малайски","mt":"малтийски","mua":"мунданг","mul":"многоезични","mus":"мускогски","mwl":"мирандийски","mwr":"марвари","my":"бирмански","myv":"ерзиа","mzn":"мазандерански","na":"науру","nap":"неаполитански","naq":"нама","nb":"норвежки (букмол)","nd":"северен ндебеле","nds":"долнонемски","nds-NL":"долносаксонски","ne":"непалски","new":"неварски","ng":"ндонга","nia":"ниас","niu":"ниуеан","nl":"нидерландски","nl-BE":"фламандски","nmg":"квасио","nn":"норвежки (нюношк)","nnh":"нгиембун","no":"норвежки","nog":"ногаи","non":"старонорвежки","nqo":"нко","nr":"южен ндебеле","nso":"северен сото","nus":"нуер","nv":"навахо","nwc":"класически невари","ny":"нянджа","nym":"ниамвези","nyn":"нянколе","nyo":"нуоро","nzi":"нзима","oc":"окситански","oj":"оджибва","ojb":"северозападен оджибве","ojc":"централен оджибва","ojs":"оджи крий","ojw":"западен оджибва","oka":"оканаган","om":"оромо","or":"ория","os":"осетински","osa":"осейджи","ota":"отомански турски","pa":"пенджабски","pag":"пангасинан","pal":"пахлави","pam":"пампанга","pap":"папиаменто","pau":"палауан","pcm":"нигерийски пиджин","peo":"староперсийски","phn":"финикийски","pi":"пали","pis":"пиджин","pl":"полски","pon":"понапеан","pqm":"малисеет-пасамакуоди","prg":"пруски","pro":"старопровансалски","ps":"пущу","pt":"португалски","qu":"кечуа","quc":"киче","raj":"раджастански","rap":"рапа нуи","rar":"раротонга","rhg":"рохинга","rm":"реторомански","rn":"рунди","ro":"румънски","ro-MD":"молдовски","rof":"ромбо","rom":"ромски","ru":"руски","rup":"арумънски","rw":"киняруанда","rwk":"рва","sa":"санскрит","sad":"сандаве","sah":"саха","sam":"самаритански арамейски","saq":"самбуру","sas":"сасак","sat":"сантали","sba":"нгамбай","sbp":"сангу","sc":"сардински","scn":"сицилиански","sco":"шотландски","sd":"синдхи","sdh":"южнокюрдски","se":"северносаамски","seh":"сена","sel":"селкуп","ses":"койраборо сени","sg":"санго","sga":"староирландски","sh":"сърбохърватски","shi":"ташелхит","shn":"шан","si":"синхалски","sid":"сидамо","sk":"словашки","sl":"словенски","slh":"южен лашутсийд","sm":"самоански","sma":"южносаамски","smj":"луле-саамски","smn":"инари-саамски","sms":"сколт-саамски","sn":"шона","snk":"сонинке","so":"сомалийски","sog":"согдийски","sq":"албански","sr":"сръбски","srn":"сранан тонго","srr":"серер","ss":"свати","ssy":"сахо","st":"сото","str":"стрейтс салиш","su":"сундански","suk":"сукума","sus":"сусу","sux":"шумерски","sv":"шведски","sw":"суахили","sw-CD":"конгоански суахили","swb":"коморски","syc":"класически сирийски","syr":"сирийски","ta":"тамилски","tce":"южен тучоне","te":"телугу","tem":"темне","teo":"тесо","ter":"терено","tet":"тетум","tg":"таджикски","tgx":"тагиш","th":"тайски","tht":"талтан","ti":"тигриня","tig":"тигре","tiv":"тив","tk":"туркменски","tkl":"токелайски","tl":"тагалог","tlh":"клингонски","tli":"тлингит","tmh":"тамашек","tn":"тсвана","to":"тонгански","tog":"нианса тонга","tok":"токи пона","tpi":"ток писин","tr":"турски","trv":"тароко","ts":"цонга","tsi":"цимшиански","tt":"татарски","ttm":"северен тучоне","tum":"тумбука","tvl":"тувалуански","tw":"туи","twq":"тасавак","ty":"таитянски","tyv":"тувински","tzm":"централноатласки тамазигт","udm":"удмуртски","ug":"уйгурски","uga":"угаритски","uk":"украински","umb":"умбунду","und":"непознат език","ur":"урду","uz":"узбекски","vai":"ваи","ve":"венда","vi":"виетнамски","vo":"волапюк","vot":"вотик","vun":"вунджо","wa":"валонски","wae":"валзерски немски","wal":"валамо","war":"варай","was":"уашо","wbp":"валпири","wo":"волоф","wuu":"ву китайски","xal":"калмик","xh":"кхоса","xog":"сога","yao":"яо","yap":"япезе","yav":"янгбен","ybb":"йемба","yi":"идиш","yo":"йоруба","yrl":"ненгату","yue":"кантонски","za":"зуанг","zap":"запотек","zbl":"блис символи","zen":"зенага","zgh":"стандартен марокански тамазигт","zh":"китайски","zh-Hans":"китайски (опростен)","zh-Hant":"китайски (традиционен)","zu":"зулуски","zun":"зуни","zxx":"без лингвистично съдържание","zza":"заза"},"narrow":{},"short":{"az":"азерски","en-GB":"английски (UK)","en-US":"английски (US)"}},"standard":{"long":{"aa":"афарски","ab":"абхазки","ace":"ачешки","ach":"аколи","ada":"адангме","ady":"адигейски","ae":"авестски","af":"африканс","afh":"африхили","agq":"агем","ain":"айну","ak":"акан","akk":"акадски","ale":"алеутски","alt":"южноалтайски","am":"амхарски","an":"арагонски","ang":"староанглийски","ann":"оболо","anp":"ангика","ar":"арабски","ar-001":"арабски (свят)","arc":"арамейски","arn":"мапуче","arp":"арапахо","ars":"найди арабски","arw":"аравак","as":"асамски","asa":"асу","ast":"астурски","atj":"атикамеку","av":"аварски","awa":"авади","ay":"аймара","az":"азербайджански","ba":"башкирски","bal":"балучи","ban":"балийски","bas":"баса","be":"беларуски","bej":"бея","bem":"бемба","bez":"бена","bg":"български","bgn":"западен балочи","bho":"боджпури","bi":"бислама","bik":"биколски","bin":"бини","bla":"сиксика","bm":"бамбара","bn":"бенгалски","bo":"тибетски","br":"бретонски","bra":"брадж","brx":"бодо","bs":"босненски","bua":"бурятски","bug":"бугински","byn":"биленски","ca":"каталонски","cad":"каддо","car":"карибски","cay":"каюга","cch":"атсам","ccp":"чакма","ce":"чеченски","ceb":"себуански","cgg":"чига","ch":"чаморо","chb":"чибча","chg":"чагатай","chk":"чуук","chm":"марийски","chn":"жаргон чинуук","cho":"чокто","chp":"чипеуански","chr":"черокски","chy":"шайенски","ckb":"кюрдски (централен)","clc":"чилкотин","co":"корсикански","cop":"коптски","cr":"крии","crg":"мичиф","crh":"кримскотатарски","crj":"югоизточен крий","crk":"плейнс крий","crl":"североизточен крий","crm":"муус крее","crr":"каролински алгонкин","crs":"сеселва, креолски френски","cs":"чешки","csb":"кашубски","csw":"суампи крий","cu":"църковнославянски","cv":"чувашки","cy":"уелски","da":"датски","dak":"дакотски","dar":"даргински","dav":"таита","de":"немски","del":"делауер","den":"слейви","dgr":"догриб","din":"динка","dje":"зарма","doi":"догри","dsb":"долнолужишки","dua":"дуала","dum":"средновековен холандски","dv":"дивехи","dyo":"диола-фони","dyu":"диула","dz":"дзонгкха","dzg":"дазага","ebu":"ембу","ee":"еве","efi":"ефик","egy":"древноегипетски","eka":"екажук","el":"гръцки","elx":"еламитски","en":"английски","en-AU":"английски (Австралия)","en-CA":"английски (Канада)","en-GB":"английски (Обединеното кралство)","en-US":"английски (Съединени щати)","enm":"средновековен английски","eo":"есперанто","es":"испански","et":"естонски","eu":"баски","ewo":"евондо","fa":"персийски","fa-AF":"персийски (Афганистан)","fan":"фанг","fat":"фанти","ff":"фула","fi":"фински","fil":"филипински","fj":"фиджийски","fo":"фарьорски","fon":"фон","fr":"френски","frc":"каджунски френски","frm":"средновековен френски","fro":"старофренски","frr":"северен фризийски","frs":"източнофризийски","fur":"фриулски","fy":"западнофризийски","ga":"ирландски","gaa":"га","gag":"гагаузки","gay":"гайо","gba":"гбая","gd":"шотландски келтски","gez":"гииз","gil":"гилбертски","gl":"галисийски","gmh":"средновисоконемски","gn":"гуарани","goh":"старовисоконемски","gon":"гонди","gor":"горонтало","got":"готически","grb":"гребо","grc":"древногръцки","gsw":"швейцарски немски","gu":"гуджарати","guz":"гусии","gv":"манкски","gwi":"гвичин","ha":"хауса","hai":"хайда","haw":"хавайски","hax":"южен хайда","he":"иврит","hi":"хинди","hil":"хилигайнон","hit":"хитски","hmn":"хмонг","ho":"хири моту","hr":"хърватски","hsb":"горнолужишки","ht":"хаитянски креолски","hu":"унгарски","hup":"хупа","hur":"халкомелем","hy":"арменски","hz":"хереро","ia":"интерлингва","iba":"ибан","ibb":"ибибио","id":"индонезийски","ie":"оксидентал","ig":"игбо","ii":"съчуански йи","ik":"инупиак","ikt":"западноканадски инуктитут","ilo":"илоко","inh":"ингушетски","io":"идо","is":"исландски","it":"италиански","iu":"инуктитут","ja":"японски","jbo":"ложбан","jgo":"нгомба","jmc":"мачаме","jpr":"юдео-персийски","jrb":"юдео-арабски","jv":"явански","ka":"грузински","kaa":"каракалпашки","kab":"кабилски","kac":"качински","kaj":"жжу","kam":"камба","kaw":"кави","kbd":"кабардски","kcg":"туап","kde":"маконде","kea":"кабовердиански","kfo":"коро","kg":"конгоански","kgp":"кайнганг","kha":"кхаси","kho":"котски","khq":"койра чиини","ki":"кикую","kj":"кваняма","kk":"казахски","kkj":"како","kl":"гренландски","kln":"календжин","km":"кхмерски","kmb":"кимбунду","kn":"каннада","ko":"корейски","koi":"коми-пермякски","kok":"конкани","kos":"косраен","kpe":"кпеле","kr":"канури","krc":"карачай-балкарски","krl":"карелски","kru":"курук","ks":"кашмирски","ksb":"шамбала","ksf":"бафия","ksh":"кьолнски","ku":"кюрдски","kum":"кумикски","kut":"кутенай","kv":"коми","kw":"корнуолски","kwk":"куак’уала","ky":"киргизки","la":"латински","lad":"ладино","lag":"ланги","lah":"лахнда","lam":"ламба","lb":"люксембургски","lez":"лезгински","lg":"ганда","li":"лимбургски","lil":"лилоует","lkt":"лакота","lmo":"ломбардски","ln":"лингала","lo":"лаоски","lol":"монго","lou":"луизиански креолски","loz":"лози","lrc":"северен лури","lsm":"саамски","lt":"литовски","lu":"луба-катанга","lua":"луба-лулуа","lui":"луисеньо","lun":"лунда","luo":"луо","lus":"мизо","luy":"лухя","lv":"латвийски","mad":"мадурски","mag":"магахи","mai":"майтхили","mak":"макасар","man":"мандинго","mas":"масайски","mdf":"мокша","mdr":"мандар","men":"менде","mer":"меру","mfe":"морисиен","mg":"малгашки","mga":"средновековен ирландски","mgh":"макуа мето","mgo":"мета","mh":"маршалезе","mi":"маорски","mic":"микмак","min":"минангкабау","mk":"македонски","ml":"малаялам","mn":"монголски","mnc":"манджурски","mni":"манипурски","moe":"инну-аймун","moh":"мохоук","mos":"моси","mr":"марати","ms":"малайски","mt":"малтийски","mua":"мунданг","mul":"многоезични","mus":"мускогски","mwl":"мирандийски","mwr":"марвари","my":"бирмански","myv":"ерзиа","mzn":"мазандерански","na":"науру","nap":"неаполитански","naq":"нама","nb":"норвежки (букмол)","nd":"северен ндебеле","nds":"долнонемски","nds-NL":"долнонемски (Нидерландия)","ne":"непалски","new":"неварски","ng":"ндонга","nia":"ниас","niu":"ниуеан","nl":"нидерландски","nl-BE":"нидерландски (Белгия)","nmg":"квасио","nn":"норвежки (нюношк)","nnh":"нгиембун","no":"норвежки","nog":"ногаи","non":"старонорвежки","nqo":"нко","nr":"южен ндебеле","nso":"северен сото","nus":"нуер","nv":"навахо","nwc":"класически невари","ny":"нянджа","nym":"ниамвези","nyn":"нянколе","nyo":"нуоро","nzi":"нзима","oc":"окситански","oj":"оджибва","ojb":"северозападен оджибве","ojc":"централен оджибва","ojs":"оджи крий","ojw":"западен оджибва","oka":"оканаган","om":"оромо","or":"ория","os":"осетински","osa":"осейджи","ota":"отомански турски","pa":"пенджабски","pag":"пангасинан","pal":"пахлави","pam":"пампанга","pap":"папиаменто","pau":"палауан","pcm":"нигерийски пиджин","peo":"староперсийски","phn":"финикийски","pi":"пали","pis":"пиджин","pl":"полски","pon":"понапеан","pqm":"малисеет-пасамакуоди","prg":"пруски","pro":"старопровансалски","ps":"пущу","pt":"португалски","qu":"кечуа","quc":"киче","raj":"раджастански","rap":"рапа нуи","rar":"раротонга","rhg":"рохинга","rm":"реторомански","rn":"рунди","ro":"румънски","ro-MD":"румънски (Молдова)","rof":"ромбо","rom":"ромски","ru":"руски","rup":"арумънски","rw":"киняруанда","rwk":"рва","sa":"санскрит","sad":"сандаве","sah":"саха","sam":"самаритански арамейски","saq":"самбуру","sas":"сасак","sat":"сантали","sba":"нгамбай","sbp":"сангу","sc":"сардински","scn":"сицилиански","sco":"шотландски","sd":"синдхи","sdh":"южнокюрдски","se":"северносаамски","seh":"сена","sel":"селкуп","ses":"койраборо сени","sg":"санго","sga":"староирландски","sh":"сърбохърватски","shi":"ташелхит","shn":"шан","si":"синхалски","sid":"сидамо","sk":"словашки","sl":"словенски","slh":"южен лашутсийд","sm":"самоански","sma":"южносаамски","smj":"луле-саамски","smn":"инари-саамски","sms":"сколт-саамски","sn":"шона","snk":"сонинке","so":"сомалийски","sog":"согдийски","sq":"албански","sr":"сръбски","srn":"сранан тонго","srr":"серер","ss":"свати","ssy":"сахо","st":"сото","str":"стрейтс салиш","su":"сундански","suk":"сукума","sus":"сусу","sux":"шумерски","sv":"шведски","sw":"суахили","sw-CD":"суахили (Конго (Киншаса))","swb":"коморски","syc":"класически сирийски","syr":"сирийски","ta":"тамилски","tce":"южен тучоне","te":"телугу","tem":"темне","teo":"тесо","ter":"терено","tet":"тетум","tg":"таджикски","tgx":"тагиш","th":"тайски","tht":"талтан","ti":"тигриня","tig":"тигре","tiv":"тив","tk":"туркменски","tkl":"токелайски","tl":"тагалог","tlh":"клингонски","tli":"тлингит","tmh":"тамашек","tn":"тсвана","to":"тонгански","tog":"нианса тонга","tok":"токи пона","tpi":"ток писин","tr":"турски","trv":"тароко","ts":"цонга","tsi":"цимшиански","tt":"татарски","ttm":"северен тучоне","tum":"тумбука","tvl":"тувалуански","tw":"туи","twq":"тасавак","ty":"таитянски","tyv":"тувински","tzm":"централноатласки тамазигт","udm":"удмуртски","ug":"уйгурски","uga":"угаритски","uk":"украински","umb":"умбунду","und":"непознат език","ur":"урду","uz":"узбекски","vai":"ваи","ve":"венда","vi":"виетнамски","vo":"волапюк","vot":"вотик","vun":"вунджо","wa":"валонски","wae":"валзерски немски","wal":"валамо","war":"варай","was":"уашо","wbp":"валпири","wo":"волоф","wuu":"ву китайски","xal":"калмик","xh":"кхоса","xog":"сога","yao":"яо","yap":"япезе","yav":"янгбен","ybb":"йемба","yi":"идиш","yo":"йоруба","yrl":"ненгату","yue":"кантонски","za":"зуанг","zap":"запотек","zbl":"блис символи","zen":"зенага","zgh":"стандартен марокански тамазигт","zh":"китайски","zh-Hans":"китайски (опростен)","zh-Hant":"китайски (традиционен)","zu":"зулуски","zun":"зуни","zxx":"без лингвистично съдържание","zza":"заза"},"narrow":{},"short":{"az":"азерски","en-GB":"английски (Обединеното кралство)","en-US":"английски (САЩ)"}}},"region":{"long":{"142":"Азия","143":"Централна Азия","145":"Западна Азия","150":"Европа","151":"Източна Европа","154":"Северна Европа","155":"Западна Европа","202":"Субсахарска Африка","419":"Латинска Америка","001":"свят","002":"Африка","003":"Северноамерикански континент","005":"Южна Америка","009":"Океания","011":"Западна Афирка","013":"Централна Америка","014":"Източна Африка","015":"Северна Африка","017":"Централна Африка","018":"Южноафрикански регион","019":"Америка","021":"Северна Америка","029":"Карибски регион","030":"Източна Азия","034":"Южна Азия","035":"Югоизточна Азия","039":"Южна Европа","053":"Австралазия","054":"Меланезия","057":"Микронезийски регион","061":"Полинезия","AC":"остров Възнесение","AD":"Андора","AE":"Обединени арабски емирства","AF":"Афганистан","AG":"Антигуа и Барбуда","AI":"Ангуила","AL":"Албания","AM":"Армения","AO":"Ангола","AQ":"Антарктика","AR":"Аржентина","AS":"Американска Самоа","AT":"Австрия","AU":"Австралия","AW":"Аруба","AX":"Оландски острови","AZ":"Азербайджан","BA":"Босна и Херцеговина","BB":"Барбадос","BD":"Бангладеш","BE":"Белгия","BF":"Буркина Фасо","BG":"България","BH":"Бахрейн","BI":"Бурунди","BJ":"Бенин","BL":"Сен Бартелеми","BM":"Бермудски острови","BN":"Бруней Даруссалам","BO":"Боливия","BQ":"Карибска Нидерландия","BR":"Бразилия","BS":"Бахамски острови","BT":"Бутан","BV":"остров Буве","BW":"Ботсвана","BY":"Беларус","BZ":"Белиз","CA":"Канада","CC":"Кокосови острови (острови Кийлинг)","CD":"Конго (Киншаса)","CF":"Централноафриканска република","CG":"Конго (Бразавил)","CH":"Швейцария","CI":"Кот д’Ивоар","CK":"острови Кук","CL":"Чили","CM":"Камерун","CN":"Китай","CO":"Колумбия","CP":"остров Клипертон","CR":"Коста Рика","CU":"Куба","CV":"Кабо Верде","CW":"Кюрасао","CX":"остров Рождество","CY":"Кипър","CZ":"Чехия","DE":"Германия","DG":"Диего Гарсия","DJ":"Джибути","DK":"Дания","DM":"Доминика","DO":"Доминиканска република","DZ":"Алжир","EA":"Сеута и Мелия","EC":"Еквадор","EE":"Естония","EG":"Египет","EH":"Западна Сахара","ER":"Еритрея","ES":"Испания","ET":"Етиопия","EU":"Европейски съюз","EZ":"еврозона","FI":"Финландия","FJ":"Фиджи","FK":"Фолкландски острови","FM":"Микронезия","FO":"Фарьорски острови","FR":"Франция","GA":"Габон","GB":"Обединеното кралство","GD":"Гренада","GE":"Грузия","GF":"Френска Гвиана","GG":"Гърнзи","GH":"Гана","GI":"Гибралтар","GL":"Гренландия","GM":"Гамбия","GN":"Гвинея","GP":"Гваделупа","GQ":"Екваториална Гвинея","GR":"Гърция","GS":"Южна Джорджия и Южни Сандвичеви острови","GT":"Гватемала","GU":"Гуам","GW":"Гвинея-Бисау","GY":"Гаяна","HK":"Хонконг, САР на Китай","HM":"острови Хърд и Макдоналд","HN":"Хондурас","HR":"Хърватия","HT":"Хаити","HU":"Унгария","IC":"Канарски острови","ID":"Индонезия","IE":"Ирландия","IL":"Израел","IM":"остров Ман","IN":"Индия","IO":"Британска територия в Индийския океан","IQ":"Ирак","IR":"Иран","IS":"Исландия","IT":"Италия","JE":"Джърси","JM":"Ямайка","JO":"Йордания","JP":"Япония","KE":"Кения","KG":"Киргизстан","KH":"Камбоджа","KI":"Кирибати","KM":"Коморски острови","KN":"Сейнт Китс и Невис","KP":"Северна Корея","KR":"Южна Корея","KW":"Кувейт","KY":"Кайманови острови","KZ":"Казахстан","LA":"Лаос","LB":"Ливан","LC":"Сейнт Лусия","LI":"Лихтенщайн","LK":"Шри Ланка","LR":"Либерия","LS":"Лесото","LT":"Литва","LU":"Люксембург","LV":"Латвия","LY":"Либия","MA":"Мароко","MC":"Монако","MD":"Молдова","ME":"Черна гора","MF":"Сен Мартен","MG":"Мадагаскар","MH":"Маршалови острови","MK":"Северна Македония","ML":"Мали","MM":"Мианмар (Бирма)","MN":"Монголия","MO":"Макао, САР на Китай","MP":"Северни Мариански острови","MQ":"Мартиника","MR":"Мавритания","MS":"Монтсерат","MT":"Малта","MU":"Мавриций","MV":"Малдиви","MW":"Малави","MX":"Мексико","MY":"Малайзия","MZ":"Мозамбик","NA":"Намибия","NC":"Нова Каледония","NE":"Нигер","NF":"остров Норфолк","NG":"Нигерия","NI":"Никарагуа","NL":"Нидерландия","NO":"Норвегия","NP":"Непал","NR":"Науру","NU":"Ниуе","NZ":"Нова Зеландия","OM":"Оман","PA":"Панама","PE":"Перу","PF":"Френска Полинезия","PG":"Папуа-Нова Гвинея","PH":"Филипини","PK":"Пакистан","PL":"Полша","PM":"Сен Пиер и Микелон","PN":"Острови Питкерн","PR":"Пуерто Рико","PS":"Палестински територии","PT":"Португалия","PW":"Палау","PY":"Парагвай","QA":"Катар","QO":"Отдалечени острови на Океания","RE":"Реюнион","RO":"Румъния","RS":"Сърбия","RU":"Русия","RW":"Руанда","SA":"Саудитска Арабия","SB":"Соломонови острови","SC":"Сейшели","SD":"Судан","SE":"Швеция","SG":"Сингапур","SH":"Света Елена","SI":"Словения","SJ":"Свалбард и Ян Майен","SK":"Словакия","SL":"Сиера Леоне","SM":"Сан Марино","SN":"Сенегал","SO":"Сомалия","SR":"Суринам","SS":"Южен Судан","ST":"Сао Томе и Принсипи","SV":"Салвадор","SX":"Синт Мартен","SY":"Сирия","SZ":"Есватини","TA":"Тристан да Куня","TC":"острови Търкс и Кайкос","TD":"Чад","TF":"Френски южни територии","TG":"Того","TH":"Тайланд","TJ":"Таджикистан","TK":"Токелау","TL":"Тимор Лесте","TM":"Туркменистан","TN":"Тунис","TO":"Тонга","TR":"Турция","TT":"Тринидад и Тобаго","TV":"Тувалу","TW":"Тайван","TZ":"Танзания","UA":"Украйна","UG":"Уганда","UM":"Отдалечени острови на САЩ","UN":"Организация на обединените нации","US":"Съединени щати","UY":"Уругвай","UZ":"Узбекистан","VA":"Ватикан","VC":"Сейнт Винсънт и Гренадини","VE":"Венецуела","VG":"Британски Вирджински острови","VI":"Американски Вирджински острови","VN":"Виетнам","VU":"Вануату","WF":"Уолис и Футуна","WS":"Самоа","XA":"Псевдоакценти","XB":"Псевдодвупосочни","XK":"Косово","YE":"Йемен","YT":"Майот","ZA":"Южна Африка","ZM":"Замбия","ZW":"Зимбабве","ZZ":"непознат регион"},"narrow":{},"short":{"GB":"Обединеното кралство","HK":"Хонконг","MO":"Макао","PS":"Палестина","US":"САЩ"}},"script":{"long":{"Adlm":"адлам","Arab":"арабска","Aran":"aранска","Armi":"Арамейска","Armn":"арменска","Avst":"Авестанска","Bali":"Балийски","Batk":"Батакска","Beng":"бенгалска","Blis":"Блис символи","Bopo":"бопомофо","Brah":"Брахми","Brai":"брайлова","Bugi":"Бугинска","Buhd":"Бухид","Cakm":"чакма","Cans":"унифицирани символи на канадски аборигени","Cari":"Карийска","Cham":"Хамитска","Cher":"чероки","Cirt":"Кирт","Copt":"Коптска","Cprt":"Кипърска","Cyrl":"кирилица","Deva":"деванагари","Dsrt":"Дезерет","Egyd":"Египетско демотично писмо","Egyh":"Египетско йератично писмо","Egyp":"Египетски йероглифи","Ethi":"етиопска","Geok":"Грузинска хуцури","Geor":"грузинска","Glag":"Глаголическа","Goth":"Готическа","Grek":"гръцка","Gujr":"гуджарати","Guru":"гурмукхи","Hanb":"ханб","Hang":"хангъл","Hani":"хан","Hano":"Хануну","Hans":"опростена","Hant":"традиционна","Hebr":"иврит","Hira":"хирагана","Hmng":"Пахау хмонг","Hrkt":"японска сричкова","Hung":"Староунгарска","Inds":"Харапска","Ital":"Древно италийска","Jamo":"джамо","Java":"Яванска","Jpan":"японска","Kali":"Кая Ли","Kana":"катакана","Khar":"Кхароштхи","Khmr":"кхмерска","Knda":"каннада","Kore":"корейска","Kthi":"Кайтхи","Lana":"Ланна","Laoo":"лаоска","Latf":"Латинска фрактура","Latg":"Галска латинска","Latn":"латиница","Lepc":"Лепча","Limb":"Лимбу","Lina":"Линейна А","Linb":"Линейна Б","Lyci":"Лицийска","Lydi":"Лидийска","Mand":"Мандаринска","Mani":"Манихейска","Maya":"Йероглифи на Маите","Mero":"Мероитска","Mlym":"малаялам","Mong":"монголска","Moon":"Мун","Mtei":"манипури","Mymr":"бирманска","Nkoo":"Н’Ко","Ogam":"Огамическа","Olck":"Ол Чики","Orkh":"Орхоно-енисейска","Orya":"ория","Osma":"Османска","Perm":"Древно пермска","Phag":"Фагс-па","Phlv":"Пахлавска","Phnx":"Финикийска","Plrd":"Писменост Полард","Rohg":"харифи","Roro":"Ронго-ронго","Runr":"Руническа","Samr":"Самаританска","Sara":"Сарати","Saur":"Саураштра","Sinh":"синхалска","Sund":"сунданска","Sylo":"Силоти Нагри","Syrc":"сирийска","Syre":"Сирийска естрангело","Syrj":"Западна сирийска","Syrn":"Източна сирийска","Tagb":"Тагбанва","Tale":"Тай Ле","Talu":"Нова Тай Ле","Taml":"тамилска","Telu":"телугу","Tfng":"тифинаг","Tglg":"Тагалог","Thaa":"таана","Thai":"тайска","Tibt":"тибетска","Ugar":"Угаритска","Vaii":"вайска","Visp":"Видима реч","Xpeo":"Староперсийска","Xsux":"Шумеро-акадски клинопис","Yiii":"Йи","Zmth":"математически символи","Zsye":"емоджи","Zsym":"символи","Zxxx":"без писменост","Zyyy":"обща","Zzzz":"непозната писменост"},"narrow":{},"short":{}}}},"locale":"bg"}