{"data":{"patterns":{"locale":"{0} ({1})"},"types":{"calendar":{"long":{"buddhist":"calendari budista","chinese":"calendari xinès","coptic":"calendari copte","dangi":"calendari dangi","ethiopic":"calendari etíop","ethiopic-amete-alem":"calendari etíop amete-alem","gregorian":"calendari gregorià","hebrew":"calendari hebreu","indian":"calendari hindú","islamic":"calendari islàmic","islamic-civil":"calendari civil islàmic","islamic-umalqura":"calendari islàmic (Umm al-Qura)","iso8601":"calendari ISO-8601","japanese":"calendari japonès","persian":"calendari persa","roc":"calendari de la República de Xina"},"narrow":{},"short":{}},"currency":{"long":{"ADP":"pesseta andorrana","AED":"dírham dels Emirats Àrabs Units","AFA":"afgani afganès (1927–2002)","AFN":"afgani afganès","ALK":"lek albanès (1946–1965)","ALL":"lek","AMD":"dram","ANG":"florí de les Antilles Neerlandeses","AOA":"kwanza angolès","AOK":"kwanza angolès (1977–1991)","AON":"nou kwanza angolès (1990–2000)","AOR":"kwanza angolès reajustat (1995–1999)","ARA":"austral argentí","ARL":"peso ley argentí (1970–1983)","ARM":"peso argentí (1981–1970)","ARP":"peso argentí (1983–1985)","ARS":"peso argentí","ATS":"xíling austríac","AUD":"dòlar australià","AWG":"florí d’Aruba","AZM":"manat azerbaidjanès (1993–2006)","AZN":"manat azerbaidjanès","BAD":"dinar de Bòsnia i Hercegovina (1992–1994)","BAM":"marc convertible de Bòsnia i Hercegovina","BAN":"nou dinar de Bòsnia i Hercegovina (1994–1997)","BBD":"dòlar de Barbados","BDT":"taka","BEC":"franc belga (convertible)","BEF":"franc belga","BEL":"franc belga (financer)","BGL":"lev fort búlgar","BGM":"lev socialista búlgar","BGN":"lev","BGO":"lev búlgar (1879–1952)","BHD":"dinar de Bahrain","BIF":"franc de Burundi","BMD":"dòlar de les Bermudes","BND":"dòlar de Brunei","BOB":"bolivià","BOL":"boliviano bolivià (1863–1963)","BOP":"peso bolivià","BOV":"MVDOL bolivià","BRB":"cruzeiro novo brasiler (1967–1986)","BRC":"cruzado brasiler","BRE":"cruzeiro brasiler (1990–1993)","BRL":"real brasiler","BRN":"cruzado novo brasiler","BRR":"cruzeiro brasiler","BRZ":"antic cruzeiro brasiler","BSD":"dòlar de les Bahames","BTN":"ngultrum de Bhutan","BUK":"kyat birmà","BWP":"pula de Botswana","BYB":"nou ruble bielorús (1994–1999)","BYN":"ruble bielorús","BYR":"ruble bielorús (2000–2016)","BZD":"dòlar de Belize","CAD":"dòlar canadenc","CDF":"franc congolès","CHE":"euro WIR","CHF":"franc suís","CHW":"franc WIR","CLE":"escut xilè","CLF":"unidad de fomento xilena","CLP":"peso xilè","CNH":"iuan xinès extracontinental","CNX":"","CNY":"iuan","COP":"peso colombià","COU":"unidad de valor real colombiana","CRC":"colon costa-riqueny","CSD":"dinar serbi antic","CSK":"corona forta txecoslovaca","CUC":"peso convertible cubà","CUP":"peso cubà","CVE":"escut de Cap Verd","CYP":"lliura xipriota","CZK":"corona txeca","DDM":"marc de l’Alemanya Oriental","DEM":"marc alemany","DJF":"franc de Djibouti","DKK":"corona danesa","DOP":"peso dominicà","DZD":"dinar algerià","ECS":"sucre equatorià","ECV":"unidad de valor constante (UVC) equatoriana","EEK":"corona estoniana","EGP":"lliura egípcia","ERN":"nakfa eritreu","ESA":"pesseta espanyola (compte A)","ESB":"pesseta espanyola (compte convertible)","ESP":"pesseta espanyola","ETB":"birr etíop","EUR":"euro","FIM":"marc finlandès","FJD":"dòlar fijià","FKP":"lliura de les illes Malvines","FRF":"franc francès","GBP":"lliura esterlina","GEK":"cupó de lari georgià","GEL":"lari","GHC":"cedi ghanès (1979–2007)","GHS":"cedi ghanès","GIP":"lliura de Gibraltar","GMD":"dalasi gambià","GNF":"franc guineà","GNS":"syli guineà","GQE":"ekwele de Guinea Equatorial","GRD":"dracma grega","GTQ":"quetzal","GWE":"escut de la Guinea Portuguesa","GWP":"peso de Guinea Bissau","GYD":"dòlar de Guyana","HKD":"dòlar de Hong Kong","HNL":"lempira","HRD":"dinar croat","HRK":"kuna","HTG":"gourde","HUF":"fòrint","IDR":"rupia indonèsia","IEP":"lliura irlandesa","ILP":"lliura israeliana","ILR":"xéquel israelià","ILS":"nou xéquel israelià","INR":"rupia índia","IQD":"dinar iraquià","IRR":"rial iranià","ISJ":"corona islandesa antiga","ISK":"corona islandesa","ITL":"lira italiana","JMD":"dòlar jamaicà","JOD":"dinar jordà","JPY":"ien","KES":"xíling kenyà","KGS":"som kirguís","KHR":"riel cambodjà","KMF":"franc de les Comores","KPW":"won nord-coreà","KRH":"hwan sud-coreà (1953–1962)","KRO":"antic won sud-coreà","KRW":"won sud-coreà","KWD":"dinar kuwaitià","KYD":"dòlar de les illes Caiman","KZT":"tenge","LAK":"kip laosià","LBP":"lliura libanesa","LKR":"rupia de Sri Lanka","LRD":"dòlar liberià","LSL":"loti","LTL":"litas lituà","LTT":"talonas lituà","LUC":"franc convertible luxemburguès","LUF":"franc luxemburguès","LUL":"franc financer luxemburguès","LVL":"lats letó","LVR":"ruble letó","LYD":"dinar libi","MAD":"dírham marroquí","MAF":"franc marroquí","MCF":"franc monegasc","MDC":"cupó moldau","MDL":"leu moldau","MGA":"ariary malgaix","MGF":"franc malgaix","MKD":"dinar macedoni","MKN":"denar macedoni (1992–1993)","MLF":"franc malià","MMK":"kyat de Myanmar","MNT":"tögrög mongol","MOP":"pataca de Macau","MRO":"ouguiya maurità (1973–2017)","MRU":"ouguiya maurità","MTL":"lira maltesa","MTP":"lliura maltesa","MUR":"rupia mauriciana","MVR":"rupia de les Maldives","MWK":"kwacha malawià","MXN":"peso mexicà","MXP":"peso de plata mexicà (1861–1992)","MXV":"unidad de inversión (UDI) mexicana","MYR":"ringgit","MZE":"escut moçambiquès","MZM":"antic metical moçambiquès","MZN":"metical moçambiquès","NAD":"dòlar namibià","NGN":"naira nigerià","NIC":"córdoba nicaragüenca","NIO":"córdoba nicaragüenc","NLG":"florí neerlandès","NOK":"corona noruega","NPR":"rupia nepalesa","NZD":"dòlar neozelandès","OMR":"rial omanita","PAB":"balboa","PEI":"inti peruà","PEN":"sol","PES":"sol peruà (1863–1965)","PGK":"kina","PHP":"peso filipí","PKR":"rupia pakistanesa","PLN":"zloty","PLZ":"zloty polonès (1950–1995)","PTE":"escut portuguès","PYG":"guaraní","QAR":"rial de Qatar","RHD":"dòlar rhodesià","ROL":"antic leu romanès","RON":"leu romanès","RSD":"dinar serbi","RUB":"ruble","RUR":"ruble rus (1991–1998)","RWF":"franc de Ruanda","SAR":"rial saudita","SBD":"dòlar de les illes Salomó","SCR":"rupia de les Seychelles","SDD":"dinar sudanès","SDG":"lliura sudanesa","SDP":"antiga lliura sudanesa","SEK":"corona sueca","SGD":"dòlar de Singapur","SHP":"lliura de Santa Helena","SIT":"tolar eslovè","SKK":"corona eslovaca","SLL":"leone de Sierra Leone","SOS":"xíling somali","SRD":"dòlar de Surinam","SRG":"florí de Surinam","SSP":"lliura del Sudan del Sud","STD":"dobra de São Tomé i Príncipe (1977–2017)","STN":"dobra de São Tomé i Príncipe","SUR":"ruble soviètic","SVC":"colon salvadorenc","SYP":"lliura siriana","SZL":"lilangeni swazi","THB":"baht","TJR":"ruble tadjik","TJS":"somoni tadjik","TMM":"manat turcman (1993–2009)","TMT":"manat turcman","TND":"dinar tunisià","TOP":"pa‘anga tongà","TPE":"escut de Timor","TRL":"lira turca (1922–2005)","TRY":"lira turca","TTD":"dòlar de Trinitat i Tobago","TWD":"nou dòlar de Taiwan","TZS":"xíling tanzà","UAH":"hrívnia","UAK":"karbóvanets ucraïnès","UGS":"xíling ugandès (1966–1987)","UGX":"xíling ugandès","USD":"dòlar dels Estats Units","USN":"dòlar dels Estats Units (dia següent)","USS":"dòlar dels Estats Units (mateix dia)","UYI":"peso uruguaià en unitats indexades","UYP":"peso uruguaià (1975–1993)","UYU":"peso uruguaià","UZS":"som uzbek","VEB":"bolívar veneçolà (1871–2008)","VEF":"bolívar veneçolà (2008–2018)","VES":"bolívar veneçolà","VND":"dong vietnamita","VNN":"dong vietnamita (1978–1985)","VUV":"vatu de Vanuatu","WST":"tala samoà","XAF":"franc CFA BEAC","XAG":"plata","XAU":"or","XBA":"unitat compensatòria europea","XBB":"unitat monetària europea","XBC":"unitat de compte europea (XBC)","XBD":"unitat de compte europea (XBD)","XCD":"dòlar del Carib Oriental","XDR":"drets especials de gir","XEU":"unitat de moneda europea","XFO":"franc or francès","XFU":"franc UIC francès","XOF":"franc CFA BCEAO","XPD":"pal·ladi","XPF":"franc CFP","XPT":"platí","XRE":"fons RINET","XTS":"codi reservat per a proves","XXX":"moneda desconeguda","YDD":"dinar iemenita","YER":"rial iemenita","YUD":"dinar fort iugoslau","YUM":"nou dinar iugoslau","YUN":"dinar convertible iugoslau","YUR":"dinar iugoslau reformat (1992–1993)","ZAL":"rand sud-africà (financer)","ZAR":"rand sud-africà","ZMK":"kwacha zambià (1968–2012)","ZMW":"kwacha zambià","ZRN":"nou zaire zairès","ZRZ":"zaire zairès","ZWD":"dòlar zimbabuès (1980–2008)","ZWL":"dòlar zimbabuès (2009)","ZWR":"dòlar zimbabuès (2008)"},"narrow":{},"short":{}},"dateTimeField":{"long":{"day":"dia","dayOfYear":"dia de l’any","dayperiod":"a. m./p. m.","era":"era","hour":"hora","minute":"minut","month":"mes","quarter":"trimestre","second":"segon","timeZoneName":"fus horari","weekOfMonth":"setmana del mes","weekOfYear":"setmana","weekday":"dia de la setmana","weekdayOfMonth":"dia de la setmana del mes","year":"any"},"narrow":{"day":"dia","dayOfYear":"dia de l’any","dayperiod":"a. m./p. m.","era":"era","hour":"h","minute":"min","month":"mes","quarter":"trim.","second":"s","timeZoneName":"fus horari","weekOfMonth":"setm. del mes","weekOfYear":"setm.","weekday":"dia de la setm.","weekdayOfMonth":"dia de la setm. del mes","year":"any"},"short":{"day":"dia","dayOfYear":"dia de l’any","dayperiod":"a. m./p. m.","era":"era","hour":"h","minute":"min","month":"mes","quarter":"trim.","second":"s","timeZoneName":"fus horari","weekOfMonth":"setm. del mes","weekOfYear":"setm.","weekday":"dia de la setm.","weekdayOfMonth":"dia de la setm. del mes","year":"any"}},"language":{"dialect":{"long":{"aa":"àfar","ab":"abkhaz","ace":"atjeh","ach":"acoli","ada":"adangme","ady":"adigué","ae":"avèstic","af":"afrikaans","afh":"afrihili","agq":"aghem","ain":"ainu","ak":"àkan","akk":"accadi","akz":"alabama","ale":"aleuta","aln":"albanès geg","alt":"altaic meridional","am":"amhàric","an":"aragonès","ang":"anglès antic","ann":"obolo","anp":"angika","ar":"àrab","ar-001":"àrab estàndard modern","arc":"arameu","arn":"mapudungu","aro":"araona","arp":"arapaho","ars":"àrab najdi","arw":"arauac","arz":"àrab egipci","as":"assamès","asa":"pare","ase":"llengua de signes americana","ast":"asturià","atj":"atacama","av":"àvar","awa":"awadhi","ay":"aimara","az":"azerbaidjanès","ba":"baixkir","bal":"balutxi","ban":"balinès","bar":"bavarès","bas":"basa","bax":"bamum","bbj":"ghomala","be":"belarús","bej":"beja","bem":"bemba","bez":"bena","bfd":"bafut","bfq":"badaga","bg":"búlgar","bgn":"balutxi occidental","bho":"bhojpuri","bi":"bislama","bik":"bicol","bin":"edo","bkm":"kom","bla":"blackfoot","bm":"bambara","bn":"bengalí","bo":"tibetà","br":"bretó","bra":"braj","brh":"brahui","brx":"bodo","bs":"bosnià","bss":"akoose","bua":"buriat","bug":"bugui","bum":"bulu","byn":"bilin","byv":"medumba","ca":"català","cad":"caddo","car":"carib","cay":"cayuga","cch":"atsam","ccp":"chakma","ce":"txetxè","ceb":"cebuà","cgg":"chiga","ch":"chamorro","chb":"txibtxa","chg":"txagatai","chk":"chuuk","chm":"mari","chn":"pidgin chinook","cho":"choctaw","chp":"chipewyan","chr":"cherokee","chy":"xeiene","ckb":"kurd central","clc":"chilcotin","co":"cors","cop":"copte","cr":"cree","crg":"michif","crh":"tàtar de Crimea","crj":"cree sud-oriental","crk":"cree de la plana","crl":"cree nord-oriental","crm":"moose cree","crr":"algonquí de Carolina","crs":"francès crioll de les Seychelles","cs":"txec","csb":"caixubi","csw":"swampy cree","cu":"eslau eclesiàstic","cv":"txuvaix","cy":"gal·lès","da":"danès","dak":"dakota","dar":"darguà","dav":"taita","de":"alemany","de-AT":"alemany austríac","de-CH":"alemany estàndard suís","del":"delaware","den":"slavi","dgr":"dogrib","din":"dinka","dje":"zarma","doi":"dogri","dsb":"baix sòrab","dua":"douala","dum":"neerlandès mitjà","dv":"divehi","dyo":"diola","dyu":"jula","dz":"dzongka","dzg":"dazaga","ebu":"embu","ee":"ewe","efi":"efik","egl":"emilià","egy":"egipci antic","eka":"ekajuk","el":"grec","elx":"elamita","en":"anglès","en-AU":"anglès australià","en-CA":"anglès canadenc","en-GB":"anglès britànic","en-US":"anglès americà","enm":"anglès mitjà","eo":"esperanto","es":"espanyol","es-419":"espanyol hispanoamericà","es-ES":"espanyol europeu","es-MX":"espanyol de Mèxic","et":"estonià","eu":"basc","ewo":"ewondo","ext":"extremeny","fa":"persa","fa-AF":"dari","fan":"fang","fat":"fanti","ff":"ful","fi":"finès","fil":"filipí","fj":"fijià","fo":"feroès","fon":"fon","fr":"francès","fr-CA":"francès canadenc","fr-CH":"francès suís","frc":"francès cajun","frm":"francès mitjà","fro":"francès antic","frr":"frisó septentrional","frs":"frisó oriental","fur":"friülà","fy":"frisó occidental","ga":"irlandès","gaa":"ga","gag":"gagaús","gan":"xinès gan","gay":"gayo","gba":"gbaya","gd":"gaèlic escocès","gez":"gueez","gil":"gilbertès","gl":"gallec","glk":"gilaki","gmh":"alt alemany mitjà","gn":"guaraní","goh":"alt alemany antic","gom":"concani de Goa","gon":"gondi","gor":"gorontalo","got":"gòtic","grb":"grebo","grc":"grec antic","gsw":"alemany suís","gu":"gujarati","guc":"wayú","guz":"gusí","gv":"manx","gwi":"gwich’in","ha":"haussa","hai":"haida","hak":"xinès hakka","haw":"hawaià","hax":"haida meridional","he":"hebreu","hi":"hindi","hif":"hindi de Fiji","hil":"híligaynon","hit":"hitita","hmn":"hmong","ho":"hiri motu","hr":"croat","hsb":"alt sòrab","hsn":"xinès xiang","ht":"crioll d’Haití","hu":"hongarès","hup":"hupa","hur":"halkomelem","hy":"armeni","hz":"herero","ia":"interlingua","iba":"iban","ibb":"ibibio","id":"indonesi","ie":"interlingue","ig":"igbo","ii":"yi sichuan","ik":"inupiak","ikt":"inuktitut occidental canadenc","ilo":"ilocano","inh":"ingúix","io":"ido","is":"islandès","it":"italià","iu":"inuktitut","ja":"japonès","jam":"crioll anglès de Jamaica","jbo":"lojban","jgo":"ngomba","jmc":"machame","jpr":"judeopersa","jrb":"judeoàrab","jv":"javanès","ka":"georgià","kaa":"karakalpak","kab":"cabilenc","kac":"katxin","kaj":"jju","kam":"kamba","kaw":"kawi","kbd":"kabardí","kbl":"kanembu","kcg":"tyap","kde":"makonde","kea":"crioll capverdià","ken":"kenyang","kfo":"koro","kg":"kongo","kgp":"kaingà","kha":"khasi","kho":"khotanès","khq":"koyra chiini","ki":"kikuiu","kj":"kuanyama","kk":"kazakh","kkj":"kako","kl":"groenlandès","kln":"kalenjin","km":"khmer","kmb":"kimbundu","kn":"kannada","ko":"coreà","koi":"komi-permiac","kok":"concani","kos":"kosraeà","kpe":"kpelle","kr":"kanuri","krc":"karatxai-balkar","kri":"krio","krl":"carelià","kru":"kurukh","ks":"caixmiri","ksb":"shambala","ksf":"bafia","ksh":"kölsch","ku":"kurd","kum":"kúmik","kut":"kutenai","kv":"komi","kw":"còrnic","kwk":"kwak’wala","ky":"kirguís","la":"llatí","lad":"judeocastellà","lag":"langi","lah":"panjabi occidental","lam":"lamba","lb":"luxemburguès","lez":"lesguià","lg":"ganda","li":"limburguès","lij":"lígur","lil":"lillooet","lkt":"lakota","lmo":"llombard","ln":"lingala","lo":"laosià","lol":"mongo","lou":"crioll francès de Louisiana","loz":"lozi","lrc":"luri septentrional","lsm":"saamia","lt":"lituà","lu":"luba katanga","lua":"luba-lulua","lui":"luisenyo","lun":"lunda","luo":"luo","lus":"mizo","luy":"luyia","lv":"letó","lzh":"xinès clàssic","lzz":"laz","mad":"madurès","maf":"mafa","mag":"magahi","mai":"maithili","mak":"makassar","man":"mandinga","mas":"massai","mde":"maba","mdf":"mordovià moksa","mdr":"mandar","men":"mende","mer":"meru","mfe":"mauricià","mg":"malgaix","mga":"gaèlic irlandès mitjà","mgh":"makhuwa-metto","mgo":"meta’","mh":"marshallès","mi":"maori","mic":"micmac","min":"minangkabau","mk":"macedoni","ml":"malaiàlam","mn":"mongol","mnc":"manxú","mni":"manipurí","moe":"innu-aimun","moh":"mohawk","mos":"moore","mr":"marathi","mrj":"mari occidental","ms":"malai","mt":"maltès","mua":"mundang","mul":"llengües vàries","mus":"creek","mwl":"mirandès","mwr":"marwari","my":"birmà","mye":"myene","myv":"mordovià erza","mzn":"mazanderani","na":"nauruà","nan":"xinès min del sud","nap":"napolità","naq":"nama","nb":"noruec bokmål","nd":"ndebele septentrional","nds":"baix alemany","nds-NL":"baix saxó","ne":"nepalès","new":"newari","ng":"ndonga","nia":"nias","niu":"niueà","nl":"neerlandès","nl-BE":"flamenc","nmg":"bissio","nn":"noruec nynorsk","nnh":"ngiemboon","no":"noruec","nog":"nogai","non":"nòrdic antic","nov":"novial","nqo":"n’Ko","nr":"ndebele meridional","nso":"sotho septentrional","nus":"nuer","nv":"navaho","nwc":"newari clàssic","ny":"nyanja","nym":"nyamwesi","nyn":"nyankole","nyo":"nyoro","nzi":"nzema","oc":"occità","oj":"ojibwa","ojb":"ojibwa septentrional","ojc":"ojibwa central","ojs":"oji-cree","ojw":"ojibwa occidental","oka":"okanagà","om":"oromo","or":"oriya","os":"osseta","osa":"osage","ota":"turc otomà","pa":"panjabi","pag":"pangasinan","pal":"pahlavi","pam":"pampanga","pap":"papiament","pau":"palauà","pcd":"picard","pcm":"pidgin de Nigèria","pdc":"alemany pennsilvanià","peo":"persa antic","pfl":"alemany palatí","phn":"fenici","pi":"pali","pis":"pidgin","pl":"polonès","pms":"piemontès","pnt":"pòntic","pon":"ponapeà","pqm":"maliseet-passamaquoddy","prg":"prussià","pro":"provençal antic","ps":"paixtu","pt":"portuguès","pt-BR":"portuguès del Brasil","pt-PT":"portuguès de Portugal","qu":"quítxua","quc":"k’iche’","raj":"rajasthani","rap":"rapanui","rar":"rarotongà","rgn":"romanyès","rhg":"rohingya","rm":"retoromànic","rn":"rundi","ro":"romanès","ro-MD":"moldau","rof":"rombo","rom":"romaní","ru":"rus","rup":"aromanès","rw":"ruandès","rwk":"rwo","sa":"sànscrit","sad":"sandawe","sah":"iacut","sam":"arameu samarità","saq":"samburu","sas":"sasak","sat":"santali","sba":"ngambay","sbp":"sangu","sc":"sard","scn":"sicilià","sco":"escocès","sd":"sindi","sdc":"sasserès","sdh":"kurd meridional","se":"sami septentrional","see":"seneca","seh":"sena","sel":"selkup","ses":"songhai oriental","sg":"sango","sga":"irlandès antic","sh":"serbocroat","shi":"taixelhit","shn":"xan","shu":"àrab txadià","si":"singalès","sid":"sidamo","sk":"eslovac","sl":"eslovè","slh":"lushootseed meridional","sm":"samoà","sma":"sami meridional","smj":"sami lule","smn":"sami d’Inari","sms":"sami skolt","sn":"shona","snk":"soninke","so":"somali","sog":"sogdià","sq":"albanès","sr":"serbi","srn":"sranan","srr":"serer","ss":"swazi","ssy":"saho","st":"sotho meridional","str":"straits salish","su":"sondanès","suk":"sukuma","sus":"susú","sux":"sumeri","sv":"suec","sw":"suahili","sw-CD":"suahili del Congo","swb":"comorià","syc":"siríac clàssic","syr":"siríac","szl":"silesià","ta":"tàmil","tce":"tutxone meridional","te":"telugu","tem":"temne","teo":"teso","ter":"terena","tet":"tètum","tg":"tadjik","tgx":"tagish","th":"tai","tht":"tahltà","ti":"tigrinya","tig":"tigre","tiv":"tiv","tk":"turcman","tkl":"tokelauès","tkr":"tsakhur","tl":"tagal","tlh":"klingonià","tli":"tlingit","tly":"talix","tmh":"amazic","tn":"setswana","to":"tongalès","tog":"tonga","tok":"toki pona","tpi":"tok pisin","tr":"turc","trv":"taroko","ts":"tsonga","tsi":"tsimshià","tt":"tàtar","ttm":"tutxone septentrional","ttt":"tat meridional","tum":"tumbuka","tvl":"tuvaluà","tw":"twi","twq":"tasawaq","ty":"tahitià","tyv":"tuvinià","tzm":"amazic del Marroc central","udm":"udmurt","ug":"uigur","uga":"ugarític","uk":"ucraïnès","umb":"umbundu","und":"idioma desconegut","ur":"urdú","uz":"uzbek","vai":"vai","ve":"venda","vec":"vènet","vep":"vepse","vi":"vietnamita","vls":"flamenc occidental","vo":"volapük","vot":"vòtic","vun":"vunjo","wa":"való","wae":"walser","wal":"wolaita","war":"waray","was":"washo","wbp":"warlpiri","wo":"wòlof","wuu":"xinès wu","xal":"calmuc","xh":"xosa","xmf":"mingrelià","xog":"soga","yao":"yao","yap":"yapeà","yav":"yangben","ybb":"yemba","yi":"ídix","yo":"ioruba","yrl":"nheengatú","yue":"cantonès","za":"zhuang","zap":"zapoteca","zbl":"símbols Bliss","zea":"zelandès","zen":"zenaga","zgh":"amazic estàndard marroquí","zh":"xinès","zh-Hans":"xinès simplificat","zh-Hant":"xinès tradicional","zu":"zulu","zun":"zuni","zxx":"sense contingut lingüístic","zza":"zaza"},"narrow":{},"short":{"az":"àzeri","en-GB":"anglès (GB)","en-US":"anglès (EUA)"}},"standard":{"long":{"aa":"àfar","ab":"abkhaz","ace":"atjeh","ach":"acoli","ada":"adangme","ady":"adigué","ae":"avèstic","af":"afrikaans","afh":"afrihili","agq":"aghem","ain":"ainu","ak":"àkan","akk":"accadi","akz":"alabama","ale":"aleuta","aln":"albanès geg","alt":"altaic meridional","am":"amhàric","an":"aragonès","ang":"anglès antic","ann":"obolo","anp":"angika","ar":"àrab","ar-001":"àrab (Món)","arc":"arameu","arn":"mapudungu","aro":"araona","arp":"arapaho","ars":"àrab najdi","arw":"arauac","arz":"àrab egipci","as":"assamès","asa":"pare","ase":"llengua de signes americana","ast":"asturià","atj":"atacama","av":"àvar","awa":"awadhi","ay":"aimara","az":"azerbaidjanès","ba":"baixkir","bal":"balutxi","ban":"balinès","bar":"bavarès","bas":"basa","bax":"bamum","bbj":"ghomala","be":"belarús","bej":"beja","bem":"bemba","bez":"bena","bfd":"bafut","bfq":"badaga","bg":"búlgar","bgn":"balutxi occidental","bho":"bhojpuri","bi":"bislama","bik":"bicol","bin":"edo","bkm":"kom","bla":"blackfoot","bm":"bambara","bn":"bengalí","bo":"tibetà","br":"bretó","bra":"braj","brh":"brahui","brx":"bodo","bs":"bosnià","bss":"akoose","bua":"buriat","bug":"bugui","bum":"bulu","byn":"bilin","byv":"medumba","ca":"català","cad":"caddo","car":"carib","cay":"cayuga","cch":"atsam","ccp":"chakma","ce":"txetxè","ceb":"cebuà","cgg":"chiga","ch":"chamorro","chb":"txibtxa","chg":"txagatai","chk":"chuuk","chm":"mari","chn":"pidgin chinook","cho":"choctaw","chp":"chipewyan","chr":"cherokee","chy":"xeiene","ckb":"kurd central","clc":"chilcotin","co":"cors","cop":"copte","cr":"cree","crg":"michif","crh":"tàtar de Crimea","crj":"cree sud-oriental","crk":"cree de la plana","crl":"cree nord-oriental","crm":"moose cree","crr":"algonquí de Carolina","crs":"francès crioll de les Seychelles","cs":"txec","csb":"caixubi","csw":"swampy cree","cu":"eslau eclesiàstic","cv":"txuvaix","cy":"gal·lès","da":"danès","dak":"dakota","dar":"darguà","dav":"taita","de":"alemany","de-AT":"alemany (Àustria)","de-CH":"alemany (Suïssa)","del":"delaware","den":"slavi","dgr":"dogrib","din":"dinka","dje":"zarma","doi":"dogri","dsb":"baix sòrab","dua":"douala","dum":"neerlandès mitjà","dv":"divehi","dyo":"diola","dyu":"jula","dz":"dzongka","dzg":"dazaga","ebu":"embu","ee":"ewe","efi":"efik","egl":"emilià","egy":"egipci antic","eka":"ekajuk","el":"grec","elx":"elamita","en":"anglès","en-AU":"anglès (Austràlia)","en-CA":"anglès (Canadà)","en-GB":"anglès (Regne Unit)","en-US":"anglès (Estats Units)","enm":"anglès mitjà","eo":"esperanto","es":"espanyol","es-419":"espanyol (Amèrica Llatina)","es-ES":"espanyol (Espanya)","es-MX":"espanyol (Mèxic)","et":"estonià","eu":"basc","ewo":"ewondo","ext":"extremeny","fa":"persa","fa-AF":"persa (Afganistan)","fan":"fang","fat":"fanti","ff":"ful","fi":"finès","fil":"filipí","fj":"fijià","fo":"feroès","fon":"fon","fr":"francès","fr-CA":"francès (Canadà)","fr-CH":"francès (Suïssa)","frc":"francès cajun","frm":"francès mitjà","fro":"francès antic","frr":"frisó septentrional","frs":"frisó oriental","fur":"friülà","fy":"frisó occidental","ga":"irlandès","gaa":"ga","gag":"gagaús","gan":"xinès gan","gay":"gayo","gba":"gbaya","gd":"gaèlic escocès","gez":"gueez","gil":"gilbertès","gl":"gallec","glk":"gilaki","gmh":"alt alemany mitjà","gn":"guaraní","goh":"alt alemany antic","gom":"concani de Goa","gon":"gondi","gor":"gorontalo","got":"gòtic","grb":"grebo","grc":"grec antic","gsw":"alemany suís","gu":"gujarati","guc":"wayú","guz":"gusí","gv":"manx","gwi":"gwich’in","ha":"haussa","hai":"haida","hak":"xinès hakka","haw":"hawaià","hax":"haida meridional","he":"hebreu","hi":"hindi","hif":"hindi de Fiji","hil":"híligaynon","hit":"hitita","hmn":"hmong","ho":"hiri motu","hr":"croat","hsb":"alt sòrab","hsn":"xinès xiang","ht":"crioll d’Haití","hu":"hongarès","hup":"hupa","hur":"halkomelem","hy":"armeni","hz":"herero","ia":"interlingua","iba":"iban","ibb":"ibibio","id":"indonesi","ie":"interlingue","ig":"igbo","ii":"yi sichuan","ik":"inupiak","ikt":"inuktitut occidental canadenc","ilo":"ilocano","inh":"ingúix","io":"ido","is":"islandès","it":"italià","iu":"inuktitut","ja":"japonès","jam":"crioll anglès de Jamaica","jbo":"lojban","jgo":"ngomba","jmc":"machame","jpr":"judeopersa","jrb":"judeoàrab","jv":"javanès","ka":"georgià","kaa":"karakalpak","kab":"cabilenc","kac":"katxin","kaj":"jju","kam":"kamba","kaw":"kawi","kbd":"kabardí","kbl":"kanembu","kcg":"tyap","kde":"makonde","kea":"crioll capverdià","ken":"kenyang","kfo":"koro","kg":"kongo","kgp":"kaingà","kha":"khasi","kho":"khotanès","khq":"koyra chiini","ki":"kikuiu","kj":"kuanyama","kk":"kazakh","kkj":"kako","kl":"groenlandès","kln":"kalenjin","km":"khmer","kmb":"kimbundu","kn":"kannada","ko":"coreà","koi":"komi-permiac","kok":"concani","kos":"kosraeà","kpe":"kpelle","kr":"kanuri","krc":"karatxai-balkar","kri":"krio","krl":"carelià","kru":"kurukh","ks":"caixmiri","ksb":"shambala","ksf":"bafia","ksh":"kölsch","ku":"kurd","kum":"kúmik","kut":"kutenai","kv":"komi","kw":"còrnic","kwk":"kwak’wala","ky":"kirguís","la":"llatí","lad":"judeocastellà","lag":"langi","lah":"panjabi occidental","lam":"lamba","lb":"luxemburguès","lez":"lesguià","lg":"ganda","li":"limburguès","lij":"lígur","lil":"lillooet","lkt":"lakota","lmo":"llombard","ln":"lingala","lo":"laosià","lol":"mongo","lou":"crioll francès de Louisiana","loz":"lozi","lrc":"luri septentrional","lsm":"saamia","lt":"lituà","lu":"luba katanga","lua":"luba-lulua","lui":"luisenyo","lun":"lunda","luo":"luo","lus":"mizo","luy":"luyia","lv":"letó","lzh":"xinès clàssic","lzz":"laz","mad":"madurès","maf":"mafa","mag":"magahi","mai":"maithili","mak":"makassar","man":"mandinga","mas":"massai","mde":"maba","mdf":"mordovià moksa","mdr":"mandar","men":"mende","mer":"meru","mfe":"mauricià","mg":"malgaix","mga":"gaèlic irlandès mitjà","mgh":"makhuwa-metto","mgo":"meta’","mh":"marshallès","mi":"maori","mic":"micmac","min":"minangkabau","mk":"macedoni","ml":"malaiàlam","mn":"mongol","mnc":"manxú","mni":"manipurí","moe":"innu-aimun","moh":"mohawk","mos":"moore","mr":"marathi","mrj":"mari occidental","ms":"malai","mt":"maltès","mua":"mundang","mul":"llengües vàries","mus":"creek","mwl":"mirandès","mwr":"marwari","my":"birmà","mye":"myene","myv":"mordovià erza","mzn":"mazanderani","na":"nauruà","nan":"xinès min del sud","nap":"napolità","naq":"nama","nb":"noruec bokmål","nd":"ndebele septentrional","nds":"baix alemany","nds-NL":"baix alemany (Països Baixos)","ne":"nepalès","new":"newari","ng":"ndonga","nia":"nias","niu":"niueà","nl":"neerlandès","nl-BE":"neerlandès (Bèlgica)","nmg":"bissio","nn":"noruec nynorsk","nnh":"ngiemboon","no":"noruec","nog":"nogai","non":"nòrdic antic","nov":"novial","nqo":"n’Ko","nr":"ndebele meridional","nso":"sotho septentrional","nus":"nuer","nv":"navaho","nwc":"newari clàssic","ny":"nyanja","nym":"nyamwesi","nyn":"nyankole","nyo":"nyoro","nzi":"nzema","oc":"occità","oj":"ojibwa","ojb":"ojibwa septentrional","ojc":"ojibwa central","ojs":"oji-cree","ojw":"ojibwa occidental","oka":"okanagà","om":"oromo","or":"oriya","os":"osseta","osa":"osage","ota":"turc otomà","pa":"panjabi","pag":"pangasinan","pal":"pahlavi","pam":"pampanga","pap":"papiament","pau":"palauà","pcd":"picard","pcm":"pidgin de Nigèria","pdc":"alemany pennsilvanià","peo":"persa antic","pfl":"alemany palatí","phn":"fenici","pi":"pali","pis":"pidgin","pl":"polonès","pms":"piemontès","pnt":"pòntic","pon":"ponapeà","pqm":"maliseet-passamaquoddy","prg":"prussià","pro":"provençal antic","ps":"paixtu","pt":"portuguès","pt-BR":"portuguès (Brasil)","pt-PT":"portuguès (Portugal)","qu":"quítxua","quc":"k’iche’","raj":"rajasthani","rap":"rapanui","rar":"rarotongà","rgn":"romanyès","rhg":"rohingya","rm":"retoromànic","rn":"rundi","ro":"romanès","ro-MD":"romanès (Moldàvia)","rof":"rombo","rom":"romaní","ru":"rus","rup":"aromanès","rw":"ruandès","rwk":"rwo","sa":"sànscrit","sad":"sandawe","sah":"iacut","sam":"arameu samarità","saq":"samburu","sas":"sasak","sat":"santali","sba":"ngambay","sbp":"sangu","sc":"sard","scn":"sicilià","sco":"escocès","sd":"sindi","sdc":"sasserès","sdh":"kurd meridional","se":"sami septentrional","see":"seneca","seh":"sena","sel":"selkup","ses":"songhai oriental","sg":"sango","sga":"irlandès antic","sh":"serbocroat","shi":"taixelhit","shn":"xan","shu":"àrab txadià","si":"singalès","sid":"sidamo","sk":"eslovac","sl":"eslovè","slh":"lushootseed meridional","sm":"samoà","sma":"sami meridional","smj":"sami lule","smn":"sami d’Inari","sms":"sami skolt","sn":"shona","snk":"soninke","so":"somali","sog":"sogdià","sq":"albanès","sr":"serbi","srn":"sranan","srr":"serer","ss":"swazi","ssy":"saho","st":"sotho meridional","str":"straits salish","su":"sondanès","suk":"sukuma","sus":"susú","sux":"sumeri","sv":"suec","sw":"suahili","sw-CD":"suahili (Congo - Kinshasa)","swb":"comorià","syc":"siríac clàssic","syr":"siríac","szl":"silesià","ta":"tàmil","tce":"tutxone meridional","te":"telugu","tem":"temne","teo":"teso","ter":"terena","tet":"tètum","tg":"tadjik","tgx":"tagish","th":"tai","tht":"tahltà","ti":"tigrinya","tig":"tigre","tiv":"tiv","tk":"turcman","tkl":"tokelauès","tkr":"tsakhur","tl":"tagal","tlh":"klingonià","tli":"tlingit","tly":"talix","tmh":"amazic","tn":"setswana","to":"tongalès","tog":"tonga","tok":"toki pona","tpi":"tok pisin","tr":"turc","trv":"taroko","ts":"tsonga","tsi":"tsimshià","tt":"tàtar","ttm":"tutxone septentrional","ttt":"tat meridional","tum":"tumbuka","tvl":"tuvaluà","tw":"twi","twq":"tasawaq","ty":"tahitià","tyv":"tuvinià","tzm":"amazic del Marroc central","udm":"udmurt","ug":"uigur","uga":"ugarític","uk":"ucraïnès","umb":"umbundu","und":"idioma desconegut","ur":"urdú","uz":"uzbek","vai":"vai","ve":"venda","vec":"vènet","vep":"vepse","vi":"vietnamita","vls":"flamenc occidental","vo":"volapük","vot":"vòtic","vun":"vunjo","wa":"való","wae":"walser","wal":"wolaita","war":"waray","was":"washo","wbp":"warlpiri","wo":"wòlof","wuu":"xinès wu","xal":"calmuc","xh":"xosa","xmf":"mingrelià","xog":"soga","yao":"yao","yap":"yapeà","yav":"yangben","ybb":"yemba","yi":"ídix","yo":"ioruba","yrl":"nheengatú","yue":"cantonès","za":"zhuang","zap":"zapoteca","zbl":"símbols Bliss","zea":"zelandès","zen":"zenaga","zgh":"amazic estàndard marroquí","zh":"xinès","zh-Hans":"xinès simplificat","zh-Hant":"xinès tradicional","zu":"zulu","zun":"zuni","zxx":"sense contingut lingüístic","zza":"zaza"},"narrow":{},"short":{"az":"àzeri","en-GB":"anglès (RU)","en-US":"anglès (EUA)"}}},"region":{"long":{"142":"Àsia","143":"Àsia central","145":"Àsia occidental","150":"Europa","151":"Europa oriental","154":"Europa septentrional","155":"Europa occidental","202":"Àfrica subsahariana","419":"Amèrica Llatina","001":"Món","002":"Àfrica","003":"Amèrica del Nord","005":"Amèrica del Sud","009":"Oceania","011":"Àfrica occidental","013":"Amèrica Central","014":"Àfrica oriental","015":"Àfrica septentrional","017":"Àfrica central","018":"Àfrica meridional","019":"Amèrica","021":"Amèrica septentrional","029":"Carib","030":"Àsia oriental","034":"Àsia meridional","035":"Àsia sud-oriental","039":"Europa meridional","053":"Australàsia","054":"Melanèsia","057":"Regió de la Micronèsia","061":"Polinèsia","AC":"Illa de l’Ascensió","AD":"Andorra","AE":"Emirats Àrabs Units","AF":"Afganistan","AG":"Antigua i Barbuda","AI":"Anguilla","AL":"Albània","AM":"Armènia","AO":"Angola","AQ":"Antàrtida","AR":"Argentina","AS":"Samoa Nord-americana","AT":"Àustria","AU":"Austràlia","AW":"Aruba","AX":"Illes Åland","AZ":"Azerbaidjan","BA":"Bòsnia i Hercegovina","BB":"Barbados","BD":"Bangladesh","BE":"Bèlgica","BF":"Burkina Faso","BG":"Bulgària","BH":"Bahrain","BI":"Burundi","BJ":"Benín","BL":"Saint-Barthélemy","BM":"Bermudes","BN":"Brunei","BO":"Bolívia","BQ":"Carib Neerlandès","BR":"Brasil","BS":"Bahames","BT":"Bhutan","BV":"Bouvet","BW":"Botswana","BY":"Belarús","BZ":"Belize","CA":"Canadà","CC":"Illes Cocos","CD":"Congo - Kinshasa","CF":"República Centreafricana","CG":"Congo - Brazzaville","CH":"Suïssa","CI":"Côte d’Ivoire","CK":"Illes Cook","CL":"Xile","CM":"Camerun","CN":"Xina","CO":"Colòmbia","CP":"Illa Clipperton","CR":"Costa Rica","CU":"Cuba","CV":"Cap Verd","CW":"Curaçao","CX":"Illa Christmas","CY":"Xipre","CZ":"Txèquia","DE":"Alemanya","DG":"Diego Garcia","DJ":"Djibouti","DK":"Dinamarca","DM":"Dominica","DO":"República Dominicana","DZ":"Algèria","EA":"Ceuta i Melilla","EC":"Equador","EE":"Estònia","EG":"Egipte","EH":"Sàhara Occidental","ER":"Eritrea","ES":"Espanya","ET":"Etiòpia","EU":"Unió Europea","EZ":"zona euro","FI":"Finlàndia","FJ":"Fiji","FK":"Illes Malvines","FM":"Micronèsia","FO":"Illes Fèroe","FR":"França","GA":"Gabon","GB":"Regne Unit","GD":"Grenada","GE":"Geòrgia","GF":"Guaiana Francesa","GG":"Guernsey","GH":"Ghana","GI":"Gibraltar","GL":"Groenlàndia","GM":"Gàmbia","GN":"Guinea","GP":"Guadalupe","GQ":"Guinea Equatorial","GR":"Grècia","GS":"Illes Geòrgia del Sud i Sandwich del Sud","GT":"Guatemala","GU":"Guam","GW":"Guinea Bissau","GY":"Guyana","HK":"Hong Kong (RAE Xina)","HM":"Illa Heard i Illes McDonald","HN":"Hondures","HR":"Croàcia","HT":"Haití","HU":"Hongria","IC":"Illes Canàries","ID":"Indonèsia","IE":"Irlanda","IL":"Israel","IM":"Illa de Man","IN":"Índia","IO":"Territori Britànic de l’Oceà Índic","IQ":"Iraq","IR":"Iran","IS":"Islàndia","IT":"Itàlia","JE":"Jersey","JM":"Jamaica","JO":"Jordània","JP":"Japó","KE":"Kenya","KG":"Kirguizstan","KH":"Cambodja","KI":"Kiribati","KM":"Comores","KN":"Saint Kitts i Nevis","KP":"Corea del Nord","KR":"Corea del Sud","KW":"Kuwait","KY":"Illes Caiman","KZ":"Kazakhstan","LA":"Laos","LB":"Líban","LC":"Saint Lucia","LI":"Liechtenstein","LK":"Sri Lanka","LR":"Libèria","LS":"Lesotho","LT":"Lituània","LU":"Luxemburg","LV":"Letònia","LY":"Líbia","MA":"Marroc","MC":"Mònaco","MD":"Moldàvia","ME":"Montenegro","MF":"Saint Martin","MG":"Madagascar","MH":"Illes Marshall","MK":"Macedònia del Nord","ML":"Mali","MM":"Myanmar (Birmània)","MN":"Mongòlia","MO":"Macau (RAE Xina)","MP":"Illes Mariannes Septentrionals","MQ":"Martinica","MR":"Mauritània","MS":"Montserrat","MT":"Malta","MU":"Maurici","MV":"Maldives","MW":"Malawi","MX":"Mèxic","MY":"Malàisia","MZ":"Moçambic","NA":"Namíbia","NC":"Nova Caledònia","NE":"Níger","NF":"Norfolk","NG":"Nigèria","NI":"Nicaragua","NL":"Països Baixos","NO":"Noruega","NP":"Nepal","NR":"Nauru","NU":"Niue","NZ":"Nova Zelanda","OM":"Oman","PA":"Panamà","PE":"Perú","PF":"Polinèsia Francesa","PG":"Papua Nova Guinea","PH":"Filipines","PK":"Pakistan","PL":"Polònia","PM":"Saint-Pierre-et-Miquelon","PN":"Illes Pitcairn","PR":"Puerto Rico","PS":"Territoris palestins","PT":"Portugal","PW":"Palau","PY":"Paraguai","QA":"Qatar","QO":"Territoris allunyats d’Oceania","RE":"Illa de la Reunió","RO":"Romania","RS":"Sèrbia","RU":"Rússia","RW":"Ruanda","SA":"Aràbia Saudita","SB":"Illes Salomó","SC":"Seychelles","SD":"Sudan","SE":"Suècia","SG":"Singapur","SH":"Santa Helena","SI":"Eslovènia","SJ":"Svalbard i Jan Mayen","SK":"Eslovàquia","SL":"Sierra Leone","SM":"San Marino","SN":"Senegal","SO":"Somàlia","SR":"Surinam","SS":"Sudan del Sud","ST":"São Tomé i Príncipe","SV":"El Salvador","SX":"Sint Maarten","SY":"Síria","SZ":"Eswatini","TA":"Tristan da Cunha","TC":"Illes Turks i Caicos","TD":"Txad","TF":"Territoris Australs Francesos","TG":"Togo","TH":"Tailàndia","TJ":"Tadjikistan","TK":"Tokelau","TL":"Timor-Leste","TM":"Turkmenistan","TN":"Tunísia","TO":"Tonga","TR":"Turquia","TT":"Trinitat i Tobago","TV":"Tuvalu","TW":"Taiwan","TZ":"Tanzània","UA":"Ucraïna","UG":"Uganda","UM":"Illes Perifèriques Menors dels EUA","UN":"Nacions Unides","US":"Estats Units","UY":"Uruguai","UZ":"Uzbekistan","VA":"Ciutat del Vaticà","VC":"Saint Vincent i les Grenadines","VE":"Veneçuela","VG":"Illes Verges britàniques","VI":"Illes Verges nord-americanes","VN":"Vietnam","VU":"Vanuatu","WF":"Wallis i Futuna","WS":"Samoa","XA":"pseudoaccents","XB":"pseudobidi","XK":"Kosovo","YE":"Iemen","YT":"Mayotte","ZA":"República de Sud-àfrica","ZM":"Zàmbia","ZW":"Zimbàbue","ZZ":"regió desconeguda"},"narrow":{},"short":{"GB":"RU","HK":"Hong Kong","MO":"Macau","PS":"Palestina","UN":"ONU","US":"EUA"}},"script":{"long":{"Adlm":"adlam","Afak":"afaka","Aghb":"albanès caucàsic","Ahom":"ahom","Arab":"àrab","Aran":"nasta’liq","Armi":"arameu imperial","Armn":"armeni","Avst":"avèstic","Bali":"balinès","Bamu":"bamum","Bass":"bassa vah","Batk":"batak","Beng":"bengalí","Bhks":"bhaiksuki","Blis":"símbols Bliss","Bopo":"bopomofo","Brah":"brahmi","Brai":"braille","Bugi":"buginès","Buhd":"buhid","Cakm":"chakma","Cans":"sil·labari aborigen canadenc unificat","Cari":"carià","Cham":"cham","Cher":"cherokee","Cirt":"cirth","Copt":"copte","Cprt":"xipriota","Cyrl":"ciríl·lic","Cyrs":"ciríl·lic de l’antic eslau eclesiàstic","Deva":"devanagari","Dsrt":"deseret","Dupl":"taquigrafia Duployé","Egyd":"demòtic egipci","Egyh":"hieràtic egipci","Egyp":"jeroglífic egipci","Elba":"elbasan","Ethi":"etiòpic","Geok":"georgià hucuri","Geor":"georgià","Glag":"glagolític","Goth":"gòtic","Gran":"grantha","Grek":"grec","Gujr":"gujarati","Guru":"gurmukhi","Hanb":"han amb bopomofo","Hang":"hangul","Hani":"han","Hano":"hanunoo","Hans":"simplificat","Hant":"tradicional","Hebr":"hebreu","Hira":"hiragana","Hluw":"jeroglífic anatoli","Hmng":"pahawh hmong","Hrkt":"sil·labaris japonesos","Hung":"hongarès antic","Inds":"escriptura de la vall de l’Indus","Ital":"cursiva antiga","Jamo":"jamo","Java":"javanès","Jpan":"japonès","Jurc":"jürchen","Kali":"kayah li","Kana":"katakana","Khar":"kharosthi","Khmr":"khmer","Khoj":"khoja","Knda":"kannada","Kore":"coreà","Kpel":"kpelle","Kthi":"kaithi","Lana":"lanna","Laoo":"lao","Latf":"llatí fraktur","Latg":"llatí gaèlic","Latn":"llatí","Lepc":"lepcha","Limb":"limbu","Lina":"lineal A","Linb":"lineal B","Lisu":"lisu","Loma":"loma","Lyci":"lici","Lydi":"lidi","Mahj":"mahajani","Mand":"mandaic","Mani":"maniqueu","Maya":"jeroglífics maies","Mend":"mende","Merc":"cursiva meroítica","Mero":"meroític","Mlym":"malaiàlam","Modi":"modi","Mong":"mongol","Moon":"moon","Mroo":"mro","Mtei":"manipuri","Mult":"multani","Mymr":"birmà","Narb":"antic nord-aràbic","Nbat":"nabateu","Newa":"newar","Nkgb":"geba","Nkoo":"n’Ko","Nshu":"nü shu","Ogam":"ogham","Olck":"santali","Orkh":"orkhon","Orya":"oriya","Osge":"osage","Osma":"osmanya","Palm":"palmirè","Pauc":"Pau Cin Hau","Perm":"antic pèrmic","Phag":"phagspa","Phli":"pahlavi inscripcional","Phlp":"psalter pahlavi","Phlv":"pahlavi","Phnx":"fenici","Plrd":"pollard miao","Prti":"parthià inscripcional","Qaag":"zawgyi","Rjng":"rejang","Rohg":"hanifi","Roro":"rongo-rongo","Runr":"rúnic","Samr":"samarità","Sara":"sarati","Sarb":"sud-aràbic antic","Saur":"saurashtra","Sgnw":"escriptura de signes","Shaw":"shavià","Shrd":"shrada","Sidd":"siddham","Sind":"devangari","Sinh":"singalès","Sora":"sora sompeng","Sund":"sundanès","Sylo":"syloti nagri","Syrc":"siríac","Syre":"siríac estrangelo","Syrj":"siríac occidental","Syrn":"siríac oriental","Tagb":"tagbanwa","Takr":"takri","Tale":"tai le","Talu":"nou tai lue","Taml":"tàmil","Tang":"tangut","Tavt":"tai viet","Telu":"telugu","Teng":"tengwar","Tfng":"tifinag","Tglg":"tagàlog","Thaa":"thaana","Thai":"tailandès","Tibt":"tibetà","Tirh":"tirhut","Ugar":"ugarític","Vaii":"vai","Visp":"llenguatge visible","Wara":"varang kshiti","Wole":"woleai","Xpeo":"persa antic","Xsux":"cuneïforme sumeri-accadi","Yiii":"yi","Zinh":"heretat","Zmth":"notació matemàtica","Zsye":"emoji","Zsym":"símbols","Zxxx":"sense escriptura","Zyyy":"comú","Zzzz":"escriptura desconeguda"},"narrow":{},"short":{}}}},"locale":"ca"}