{"data":{"patterns":{"locale":"{0} ({1})"},"types":{"calendar":{"long":{"buddhist":"calendario budista","chinese":"calendario chino","coptic":"calendario cóptico","dangi":"calendario dangi","ethiopic":"calendario etíope","ethiopic-amete-alem":"calendario etíope Amete Alem","gregorian":"calendario gregoriano","hebrew":"calendario hebreo","indian":"calendario nacional hindú","islamic":"calendario islámico","islamic-civil":"calendario islámico tabular","islamic-umalqura":"calendario islámico Umm al-Qura","iso8601":"calendario ISO-8601","japanese":"calendario japonés","persian":"calendario persa","roc":"calendario de la República de China"},"narrow":{},"short":{}},"currency":{"long":{"ADP":"peseta andorrana","AED":"dírham de los Emiratos Árabes Unidos","AFA":"afgani (1927–2002)","AFN":"afgani","ALL":"lek","AMD":"dram","ANG":"florín antillano","AOA":"kuanza","AOK":"kwanza angoleño (1977–1990)","AON":"nuevo kwanza angoleño (1990–2000)","AOR":"kwanza reajustado angoleño (1995–1999)","ARA":"austral argentino","ARP":"peso argentino (1983–1985)","ARS":"peso argentino","ATS":"chelín austriaco","AUD":"dólar australiano","AWG":"florín arubeño","AZM":"manat azerí (1993–2006)","AZN":"manat azerbaiyano","BAD":"dinar bosnio","BAM":"marco convertible de Bosnia y Herzegovina","BBD":"dólar barbadense","BDT":"taka","BEC":"franco belga (convertible)","BEF":"franco belga","BEL":"franco belga (financiero)","BGL":"lev fuerte búlgaro","BGN":"leva búlgara","BHD":"dinar bareiní","BIF":"franco burundés","BMD":"dólar bermudeño","BND":"dólar bruneano","BOB":"boliviano","BOP":"peso boliviano","BOV":"MVDOL boliviano","BRB":"nuevo cruceiro brasileño (1967–1986)","BRC":"cruzado brasileño","BRE":"cruceiro brasileño (1990–1993)","BRL":"real brasileño","BRN":"nuevo cruzado brasileño","BRR":"cruceiro brasileño","BSD":"dólar bahameño","BTN":"gultrum","BUK":"kyat birmano","BWP":"pula","BYB":"nuevo rublo bielorruso (1994–1999)","BYN":"rublo bielorruso","BYR":"rublo bielorruso (2000–2016)","BZD":"dólar beliceño","CAD":"dólar canadiense","CDF":"franco congoleño","CHE":"euro WIR","CHF":"franco suizo","CHW":"franco WIR","CLF":"unidad de fomento chilena","CLP":"peso chileno","CNH":"yuan chino (extracontinental)","CNY":"yuan","COP":"peso colombiano","COU":"unidad de valor real colombiana","CRC":"colón costarricense","CSD":"antiguo dinar serbio","CSK":"corona fuerte checoslovaca","CUC":"peso cubano convertible","CUP":"peso cubano","CVE":"escudo de Cabo Verde","CYP":"libra chipriota","CZK":"corona checa","DDM":"ostmark de Alemania del Este","DEM":"marco alemán","DJF":"franco yibutiano","DKK":"corona danesa","DOP":"peso dominicano","DZD":"dinar argelino","ECS":"sucre ecuatoriano","ECV":"unidad de valor constante (UVC) ecuatoriana","EEK":"corona estonia","EGP":"libra egipcia","ERN":"nakfa","ESA":"peseta española (cuenta A)","ESB":"peseta española (cuenta convertible)","ESP":"peseta española","ETB":"bir","EUR":"euro","FIM":"marco finlandés","FJD":"dólar fiyiano","FKP":"libra malvinense","FRF":"franco francés","GBP":"libra esterlina","GEK":"kupon larit georgiano","GEL":"lari","GHC":"cedi ghanés (1979–2007)","GHS":"cedi","GIP":"libra gibraltareña","GMD":"dalasi","GNF":"franco guineano","GNS":"syli guineano","GQE":"ekuele de Guinea Ecuatorial","GRD":"dracma griego","GTQ":"quetzal guatemalteco","GWE":"escudo de Guinea Portuguesa","GWP":"peso de Guinea-Bissáu","GYD":"dólar guyanés","HKD":"dólar hongkonés","HNL":"lempira hondureño","HRD":"dinar croata","HRK":"kuna","HTG":"gurde haitiano","HUF":"forinto húngaro","IDR":"rupia indonesia","IEP":"libra irlandesa","ILP":"libra israelí","ILS":"nuevo séquel israelí","INR":"rupia india","IQD":"dinar iraquí","IRR":"rial iraní","ISK":"corona islandesa","ITL":"lira italiana","JMD":"dólar jamaicano","JOD":"dinar jordano","JPY":"yen","KES":"chelín keniano","KGS":"som","KHR":"riel","KMF":"franco comorense","KPW":"won norcoreano","KRW":"won surcoreano","KWD":"dinar kuwaití","KYD":"dólar de las Islas Caimán","KZT":"tengue kazajo","LAK":"kip","LBP":"libra libanesa","LKR":"rupia esrilanquesa","LRD":"dólar liberiano","LSL":"loti lesotense","LTL":"litas lituano","LTT":"talonas lituano","LUC":"franco convertible luxemburgués","LUF":"franco luxemburgués","LUL":"franco financiero luxemburgués","LVL":"lats letón","LVR":"rublo letón","LYD":"dinar libio","MAD":"dírham marroquí","MAF":"franco marroquí","MDL":"leu moldavo","MGA":"ariari","MGF":"franco malgache","MKD":"dinar macedonio","MLF":"franco malí","MMK":"kiat","MNT":"tugrik","MOP":"pataca de Macao","MRO":"uguiya (1973–2017)","MRU":"uguiya","MTL":"lira maltesa","MTP":"libra maltesa","MUR":"rupia mauriciana","MVR":"rufiya","MWK":"kuacha malauí","MXN":"peso mexicano","MXP":"peso de plata mexicano (1861–1992)","MXV":"unidad de inversión (UDI) mexicana","MYR":"ringit","MZE":"escudo mozambiqueño","MZM":"antiguo metical mozambiqueño","MZN":"metical","NAD":"dólar namibio","NGN":"naira","NIC":"córdoba nicaragüense (1988–1991)","NIO":"córdoba oro","NLG":"florín neerlandés","NOK":"corona noruega","NPR":"rupia nepalí","NZD":"dólar neozelandés","OMR":"rial omaní","PAB":"balboa panameño","PEI":"inti peruano","PEN":"sol peruano","PES":"sol peruano (1863–1965)","PGK":"kina","PHP":"peso filipino","PKR":"rupia pakistaní","PLN":"esloti","PLZ":"zloty polaco (1950–1995)","PTE":"escudo portugués","PYG":"guaraní paraguayo","QAR":"rial catarí","RHD":"dólar rodesiano","ROL":"antiguo leu rumano","RON":"leu rumano","RSD":"dinar serbio","RUB":"rublo ruso","RUR":"rublo ruso (1991–1998)","RWF":"franco ruandés","SAR":"rial saudí","SBD":"dólar salomonense","SCR":"rupia seychellense","SDD":"dinar sudanés","SDG":"libra sudanesa","SDP":"libra sudanesa antigua","SEK":"corona sueca","SGD":"dólar singapurense","SHP":"libra de Santa Elena","SIT":"tólar esloveno","SKK":"corona eslovaca","SLL":"leona","SOS":"chelín somalí","SRD":"dólar surinamés","SRG":"florín surinamés","SSP":"libra sursudanesa","STD":"dobra (1977–2017)","STN":"dobra","SUR":"rublo soviético","SVC":"colón salvadoreño","SYP":"libra siria","SZL":"lilangeni","THB":"bat","TJR":"rublo tayiko","TJS":"somoni tayiko","TMM":"manat turcomano (1993–2009)","TMT":"manat turcomano","TND":"dinar tunecino","TOP":"paanga","TPE":"escudo timorense","TRL":"lira turca (1922–2005)","TRY":"lira turca","TTD":"dólar de Trinidad y Tobago","TWD":"nuevo dólar taiwanés","TZS":"chelín tanzano","UAH":"grivna","UAK":"karbovanet ucraniano","UGS":"chelín ugandés (1966–1987)","UGX":"chelín ugandés","USD":"dólar estadounidense","USN":"dólar estadounidense (día siguiente)","USS":"dólar estadounidense (mismo día)","UYI":"peso uruguayo en unidades indexadas","UYP":"peso uruguayo (1975–1993)","UYU":"peso uruguayo","UYW":"unidad previsional uruguayo","UZS":"sum","VEB":"bolívar venezolano (1871–2008)","VEF":"bolívar venezolano (2008–2018)","VES":"bolívar venezolano","VND":"dong","VUV":"vatu","WST":"tala","XAF":"franco CFA de África Central","XAG":"plata","XAU":"oro","XBA":"unidad compuesta europea","XBB":"unidad monetaria europea","XBC":"unidad de cuenta europea (XBC)","XBD":"unidad de cuenta europea (XBD)","XCD":"dólar del Caribe Oriental","XDR":"derechos especiales de giro","XEU":"unidad de moneda europea","XFO":"franco oro francés","XFU":"franco UIC francés","XOF":"franco CFA de África Occidental","XPD":"paladio","XPF":"franco CFP","XPT":"platino","XRE":"fondos RINET","XTS":"código reservado para pruebas","XXX":"moneda desconocida","YDD":"dinar yemení","YER":"rial yemení","YUD":"dinar fuerte yugoslavo","YUM":"super dinar yugoslavo","YUN":"dinar convertible yugoslavo","ZAL":"rand sudafricano (financiero)","ZAR":"rand","ZMK":"kwacha zambiano (1968–2012)","ZMW":"kuacha zambiano","ZRN":"nuevo zaire zaireño","ZRZ":"zaire zaireño","ZWD":"dólar de Zimbabue","ZWL":"dólar zimbabuense"},"narrow":{},"short":{}},"dateTimeField":{"long":{"day":"día","dayOfYear":"día del año","dayperiod":"a. m./p. m.","era":"era","hour":"hora","minute":"minuto","month":"mes","quarter":"trimestre","second":"segundo","timeZoneName":"zona horaria","weekOfMonth":"semana del mes","weekOfYear":"semana","weekday":"día de la semana","weekdayOfMonth":"día de la semana del mes","year":"año"},"narrow":{"day":"d","dayOfYear":"día del a","dayperiod":"a. m./p. m.","era":"era","hour":"h","minute":"min","month":"m","quarter":"trim.","second":"s","timeZoneName":"zona","weekOfMonth":"sem. de mes","weekOfYear":"sem.","weekday":"día de sem.","weekdayOfMonth":"día de sem. de mes","year":"a"},"short":{"day":"d","dayOfYear":"día del a","dayperiod":"a. m./p. m.","era":"era","hour":"h","minute":"min","month":"m","quarter":"trim.","second":"s","timeZoneName":"zona","weekOfMonth":"sem. de mes","weekOfYear":"sem.","weekday":"día de sem.","weekdayOfMonth":"día de sem. de mes","year":"a"}},"language":{"dialect":{"long":{"aa":"afar","ab":"abjasio","ace":"achenés","ach":"acoli","ada":"adangme","ady":"adigué","ae":"avéstico","af":"afrikáans","afh":"afrihili","agq":"aghem","ain":"ainu","ak":"akan","akk":"acadio","ale":"aleutiano","alt":"altái meridional","am":"amárico","an":"aragonés","ang":"inglés antiguo","ann":"obolo","anp":"angika","ar":"árabe","ar-001":"árabe estándar moderno","arc":"arameo","arn":"mapuche","arp":"arapaho","ars":"árabe najdí","arw":"arahuaco","as":"asamés","asa":"asu","ast":"asturiano","atj":"atikamekw","av":"avar","awa":"avadhi","ay":"aimara","az":"azerbaiyano","ba":"baskir","bal":"baluchi","ban":"balinés","bas":"basaa","bax":"bamún","bbj":"ghomala","be":"bielorruso","bej":"beja","bem":"bemba","bez":"bena","bfd":"bafut","bg":"búlgaro","bgn":"baluchi occidental","bho":"bhoyapurí","bi":"bislama","bik":"bicol","bin":"bini","bkm":"kom","bla":"siksika","bm":"bambara","bn":"bengalí","bo":"tibetano","br":"bretón","bra":"braj","brx":"bodo","bs":"bosnio","bss":"akoose","bua":"buriato","bug":"buginés","bum":"bulu","byn":"blin","byv":"medumba","ca":"catalán","cad":"caddo","car":"caribe","cay":"cayuga","cch":"atsam","ccp":"chakma","ce":"checheno","ceb":"cebuano","cgg":"chiga","ch":"chamorro","chb":"chibcha","chg":"chagatái","chk":"trukés","chm":"marí","chn":"jerga chinuk","cho":"choctaw","chp":"chipewyan","chr":"cheroqui","chy":"cheyene","ckb":"kurdo sorani","clc":"chilcotin","co":"corso","cop":"copto","cr":"cree","crg":"michif","crh":"tártaro de Crimea","crj":"cree suroriental","crk":"cree de las llanuras","crl":"cree nororiental","crm":"cree moose","crr":"algonquino de Carolina","crs":"criollo seychelense","cs":"checo","csb":"casubio","csw":"cree de los pantanos","cu":"eslavo eclesiástico","cv":"chuvasio","cy":"galés","da":"danés","dak":"dakota","dar":"dargva","dav":"taita","de":"alemán","de-AT":"alemán austríaco","de-CH":"alto alemán suizo","del":"delaware","den":"slave","dgr":"dogrib","din":"dinka","dje":"zarma","doi":"dogri","dsb":"bajo sorbio","dua":"duala","dum":"neerlandés medio","dv":"divehi","dyo":"jola-fonyi","dyu":"diula","dz":"dzongkha","dzg":"dazaga","ebu":"embu","ee":"ewé","efi":"efik","egy":"egipcio antiguo","eka":"ekajuk","el":"griego","elx":"elamita","en":"inglés","en-AU":"inglés australiano","en-CA":"inglés canadiense","en-GB":"inglés británico","en-US":"inglés estadounidense","enm":"inglés medio","eo":"esperanto","es":"español","es-419":"español latinoamericano","es-ES":"español de España","es-MX":"español de México","et":"estonio","eu":"euskera","ewo":"ewondo","fa":"persa","fa-AF":"darí","fan":"fang","fat":"fanti","ff":"fula","fi":"finés","fil":"filipino","fj":"fiyiano","fo":"feroés","fon":"fon","fr":"francés","fr-CA":"francés canadiense","fr-CH":"francés suizo","frc":"francés cajún","frm":"francés medio","fro":"francés antiguo","frr":"frisón septentrional","frs":"frisón oriental","fur":"friulano","fy":"frisón occidental","ga":"irlandés","gaa":"ga","gag":"gagauzo","gan":"chino gan","gay":"gayo","gba":"gbaya","gd":"gaélico escocés","gez":"geez","gil":"gilbertés","gl":"gallego","gmh":"alto alemán medio","gn":"guaraní","goh":"alto alemán antiguo","gon":"gondi","gor":"gorontalo","got":"gótico","grb":"grebo","grc":"griego antiguo","gsw":"alemán suizo","gu":"guyaratí","guz":"gusii","gv":"manés","gwi":"kutchin","ha":"hausa","hai":"haida","hak":"chino hakka","haw":"hawaiano","hax":"haida meridional","he":"hebreo","hi":"hindi","hil":"hiligaynon","hit":"hitita","hmn":"hmong","ho":"hiri motu","hr":"croata","hsb":"alto sorbio","hsn":"chino xiang","ht":"criollo haitiano","hu":"húngaro","hup":"hupa","hur":"halkomelem","hy":"armenio","hz":"herero","ia":"interlingua","iba":"iban","ibb":"ibibio","id":"indonesio","ie":"interlingue","ig":"igbo","ii":"yi de Sichuán","ik":"inupiaq","ikt":"inuit del oeste de Canadá","ilo":"ilocano","inh":"ingush","io":"ido","is":"islandés","it":"italiano","iu":"inuktitut","ja":"japonés","jbo":"lojban","jgo":"ngomba","jmc":"machame","jpr":"judeo-persa","jrb":"judeo-árabe","jv":"javanés","ka":"georgiano","kaa":"karakalpako","kab":"cabila","kac":"kachin","kaj":"jju","kam":"kamba","kaw":"kawi","kbd":"kabardiano","kbl":"kanembu","kcg":"tyap","kde":"makonde","kea":"criollo caboverdiano","kfo":"koro","kg":"kongo","kgp":"káingang","kha":"khasi","kho":"kotanés","khq":"koyra chiini","ki":"kikuyu","kj":"kuanyama","kk":"kazajo","kkj":"kako","kl":"groenlandés","kln":"kalenjin","km":"jemer","kmb":"kimbundu","kn":"canarés","ko":"coreano","koi":"komi permio","kok":"konkaní","kos":"kosraeano","kpe":"kpelle","kr":"kanuri","krc":"karachay-balkar","krl":"carelio","kru":"kurukh","ks":"cachemir","ksb":"shambala","ksf":"bafia","ksh":"kölsch","ku":"kurdo","kum":"kumyk","kut":"kutenai","kv":"komi","kw":"córnico","kwk":"kwakʼwala","ky":"kirguís","la":"latín","lad":"ladino","lag":"langi","lah":"lahnda","lam":"lamba","lb":"luxemburgués","lez":"lezgiano","lg":"ganda","li":"limburgués","lil":"lillooet","lkt":"lakota","lmo":"lombardo","ln":"lingala","lo":"lao","lol":"mongo","lou":"criollo de Luisiana","loz":"lozi","lrc":"lorí septentrional","lsm":"samia","lt":"lituano","lu":"luba-katanga","lua":"luba-lulua","lui":"luiseño","lun":"lunda","luo":"luo","lus":"mizo","luy":"luyia","lv":"letón","mad":"madurés","maf":"mafa","mag":"magahi","mai":"maithili","mak":"macasar","man":"mandingo","mas":"masái","mde":"maba","mdf":"moksha","mdr":"mandar","men":"mende","mer":"meru","mfe":"criollo mauriciano","mg":"malgache","mga":"irlandés medio","mgh":"makhuwa-meetto","mgo":"meta’","mh":"marshalés","mi":"maorí","mic":"micmac","min":"minangkabau","mk":"macedonio","ml":"malayálam","mn":"mongol","mnc":"manchú","mni":"manipurí","moe":"innu-aimun","moh":"mohawk","mos":"mossi","mr":"maratí","ms":"malayo","mt":"maltés","mua":"mundang","mul":"varios idiomas","mus":"creek","mwl":"mirandés","mwr":"marwari","my":"birmano","mye":"myene","myv":"erzya","mzn":"mazandaraní","na":"nauruano","nan":"chino min nan","nap":"napolitano","naq":"nama","nb":"noruego bokmal","nd":"ndebele septentrional","nds":"bajo alemán","nds-NL":"bajo sajón","ne":"nepalí","new":"nevarí","ng":"ndonga","nia":"nias","niu":"niueano","nl":"neerlandés","nl-BE":"flamenco","nmg":"kwasio","nn":"noruego nynorsk","nnh":"ngiemboon","no":"noruego","nog":"nogai","non":"nórdico antiguo","nqo":"n’ko","nr":"ndebele meridional","nso":"sotho septentrional","nus":"nuer","nv":"navajo","nwc":"newari clásico","ny":"nyanja","nym":"nyamwezi","nyn":"nyankole","nyo":"nyoro","nzi":"nzima","oc":"occitano","oj":"ojibwa","ojb":"ojibwa noroccidental","ojc":"ojibwa central","ojs":"oji-cree","ojw":"ojibwa occidental","oka":"okanagan","om":"oromo","or":"oriya","os":"osético","osa":"osage","ota":"turco otomano","pa":"punyabí","pag":"pangasinán","pal":"pahlavi","pam":"pampanga","pap":"papiamento","pau":"palauano","pcm":"pidgin de Nigeria","peo":"persa antiguo","phn":"fenicio","pi":"pali","pis":"pidgin salomonense","pl":"polaco","pon":"pohnpeiano","pqm":"maliseet-passamaquoddy","prg":"prusiano","pro":"provenzal antiguo","ps":"pastún","pt":"portugués","pt-BR":"portugués de Brasil","pt-PT":"portugués de Portugal","qu":"quechua","quc":"quiché","raj":"rajasthani","rap":"rapanui","rar":"rarotongano","rhg":"rohinyá","rm":"romanche","rn":"kirundi","ro":"rumano","ro-MD":"moldavo","rof":"rombo","rom":"romaní","ru":"ruso","rup":"arrumano","rw":"kinyarwanda","rwk":"rwa","sa":"sánscrito","sad":"sandawe","sah":"sakha","sam":"arameo samaritano","saq":"samburu","sas":"sasak","sat":"santali","sba":"ngambay","sbp":"sangu","sc":"sardo","scn":"siciliano","sco":"escocés","sd":"sindi","sdh":"kurdo meridional","se":"sami septentrional","see":"seneca","seh":"sena","sel":"selkup","ses":"koyraboro senni","sg":"sango","sga":"irlandés antiguo","sh":"serbocroata","shi":"tashelhit","shn":"shan","shu":"árabe chadiano","si":"cingalés","sid":"sidamo","sk":"eslovaco","sl":"esloveno","slh":"lushootseed meridional","sm":"samoano","sma":"sami meridional","smj":"sami lule","smn":"sami inari","sms":"sami skolt","sn":"shona","snk":"soninké","so":"somalí","sog":"sogdiano","sq":"albanés","sr":"serbio","srn":"sranan tongo","srr":"serer","ss":"suazi","ssy":"saho","st":"sotho meridional","str":"salish de los estrechos","su":"sundanés","suk":"sukuma","sus":"susu","sux":"sumerio","sv":"sueco","sw":"suajili","sw-CD":"suajili del Congo","swb":"comorense","syc":"siríaco clásico","syr":"siriaco","ta":"tamil","tce":"tutchone meridional","te":"telugu","tem":"temne","teo":"teso","ter":"tereno","tet":"tetún","tg":"tayiko","tgx":"tagish","th":"tailandés","tht":"tahltan","ti":"tigriña","tig":"tigré","tiv":"tiv","tk":"turcomano","tkl":"tokelauano","tl":"tagalo","tlh":"klingon","tli":"tlingit","tmh":"tamashek","tn":"setsuana","to":"tongano","tog":"tonga del Nyasa","tok":"toki pona","tpi":"tok pisin","tr":"turco","trv":"taroko","ts":"tsonga","tsi":"tsimshiano","tt":"tártaro","ttm":"tutchone septentrional","tum":"tumbuka","tvl":"tuvaluano","tw":"twi","twq":"tasawaq","ty":"tahitiano","tyv":"tuviniano","tzm":"tamazight del Atlas Central","udm":"udmurt","ug":"uigur","uga":"ugarítico","uk":"ucraniano","umb":"umbundu","und":"lengua desconocida","ur":"urdu","uz":"uzbeko","vai":"vai","ve":"venda","vi":"vietnamita","vo":"volapük","vot":"vótico","vun":"vunjo","wa":"valón","wae":"walser","wal":"wolayta","war":"waray","was":"washo","wbp":"warlpiri","wo":"wólof","wuu":"chino wu","xal":"kalmyk","xh":"xhosa","xog":"soga","yao":"yao","yap":"yapés","yav":"yangben","ybb":"yemba","yi":"yidis","yo":"yoruba","yrl":"ñe’engatú","yue":"cantonés","za":"zhuang","zap":"zapoteco","zbl":"símbolos Bliss","zen":"zenaga","zgh":"tamazight estándar marroquí","zh":"chino","zh-Hans":"chino simplificado","zh-Hant":"chino tradicional","zu":"zulú","zun":"zuñi","zxx":"sin contenido lingüístico","zza":"zazaki"},"narrow":{},"short":{"az":"azerí","en-GB":"inglés (RU)","en-US":"inglés (EE. UU.)"}},"standard":{"long":{"aa":"afar","ab":"abjasio","ace":"achenés","ach":"acoli","ada":"adangme","ady":"adigué","ae":"avéstico","af":"afrikáans","afh":"afrihili","agq":"aghem","ain":"ainu","ak":"akan","akk":"acadio","ale":"aleutiano","alt":"altái meridional","am":"amárico","an":"aragonés","ang":"inglés antiguo","ann":"obolo","anp":"angika","ar":"árabe","ar-001":"árabe (Mundo)","arc":"arameo","arn":"mapuche","arp":"arapaho","ars":"árabe najdí","arw":"arahuaco","as":"asamés","asa":"asu","ast":"asturiano","atj":"atikamekw","av":"avar","awa":"avadhi","ay":"aimara","az":"azerbaiyano","ba":"baskir","bal":"baluchi","ban":"balinés","bas":"basaa","bax":"bamún","bbj":"ghomala","be":"bielorruso","bej":"beja","bem":"bemba","bez":"bena","bfd":"bafut","bg":"búlgaro","bgn":"baluchi occidental","bho":"bhoyapurí","bi":"bislama","bik":"bicol","bin":"bini","bkm":"kom","bla":"siksika","bm":"bambara","bn":"bengalí","bo":"tibetano","br":"bretón","bra":"braj","brx":"bodo","bs":"bosnio","bss":"akoose","bua":"buriato","bug":"buginés","bum":"bulu","byn":"blin","byv":"medumba","ca":"catalán","cad":"caddo","car":"caribe","cay":"cayuga","cch":"atsam","ccp":"chakma","ce":"checheno","ceb":"cebuano","cgg":"chiga","ch":"chamorro","chb":"chibcha","chg":"chagatái","chk":"trukés","chm":"marí","chn":"jerga chinuk","cho":"choctaw","chp":"chipewyan","chr":"cheroqui","chy":"cheyene","ckb":"kurdo sorani","clc":"chilcotin","co":"corso","cop":"copto","cr":"cree","crg":"michif","crh":"tártaro de Crimea","crj":"cree suroriental","crk":"cree de las llanuras","crl":"cree nororiental","crm":"cree moose","crr":"algonquino de Carolina","crs":"criollo seychelense","cs":"checo","csb":"casubio","csw":"cree de los pantanos","cu":"eslavo eclesiástico","cv":"chuvasio","cy":"galés","da":"danés","dak":"dakota","dar":"dargva","dav":"taita","de":"alemán","de-AT":"alemán (Austria)","de-CH":"alemán (Suiza)","del":"delaware","den":"slave","dgr":"dogrib","din":"dinka","dje":"zarma","doi":"dogri","dsb":"bajo sorbio","dua":"duala","dum":"neerlandés medio","dv":"divehi","dyo":"jola-fonyi","dyu":"diula","dz":"dzongkha","dzg":"dazaga","ebu":"embu","ee":"ewé","efi":"efik","egy":"egipcio antiguo","eka":"ekajuk","el":"griego","elx":"elamita","en":"inglés","en-AU":"inglés (Australia)","en-CA":"inglés (Canadá)","en-GB":"inglés (Reino Unido)","en-US":"inglés (Estados Unidos)","enm":"inglés medio","eo":"esperanto","es":"español","es-419":"español (Latinoamérica)","es-ES":"español (España)","es-MX":"español (México)","et":"estonio","eu":"euskera","ewo":"ewondo","fa":"persa","fa-AF":"persa (Afganistán)","fan":"fang","fat":"fanti","ff":"fula","fi":"finés","fil":"filipino","fj":"fiyiano","fo":"feroés","fon":"fon","fr":"francés","fr-CA":"francés (Canadá)","fr-CH":"francés (Suiza)","frc":"francés cajún","frm":"francés medio","fro":"francés antiguo","frr":"frisón septentrional","frs":"frisón oriental","fur":"friulano","fy":"frisón occidental","ga":"irlandés","gaa":"ga","gag":"gagauzo","gan":"chino gan","gay":"gayo","gba":"gbaya","gd":"gaélico escocés","gez":"geez","gil":"gilbertés","gl":"gallego","gmh":"alto alemán medio","gn":"guaraní","goh":"alto alemán antiguo","gon":"gondi","gor":"gorontalo","got":"gótico","grb":"grebo","grc":"griego antiguo","gsw":"alemán suizo","gu":"guyaratí","guz":"gusii","gv":"manés","gwi":"kutchin","ha":"hausa","hai":"haida","hak":"chino hakka","haw":"hawaiano","hax":"haida meridional","he":"hebreo","hi":"hindi","hil":"hiligaynon","hit":"hitita","hmn":"hmong","ho":"hiri motu","hr":"croata","hsb":"alto sorbio","hsn":"chino xiang","ht":"criollo haitiano","hu":"húngaro","hup":"hupa","hur":"halkomelem","hy":"armenio","hz":"herero","ia":"interlingua","iba":"iban","ibb":"ibibio","id":"indonesio","ie":"interlingue","ig":"igbo","ii":"yi de Sichuán","ik":"inupiaq","ikt":"inuit del oeste de Canadá","ilo":"ilocano","inh":"ingush","io":"ido","is":"islandés","it":"italiano","iu":"inuktitut","ja":"japonés","jbo":"lojban","jgo":"ngomba","jmc":"machame","jpr":"judeo-persa","jrb":"judeo-árabe","jv":"javanés","ka":"georgiano","kaa":"karakalpako","kab":"cabila","kac":"kachin","kaj":"jju","kam":"kamba","kaw":"kawi","kbd":"kabardiano","kbl":"kanembu","kcg":"tyap","kde":"makonde","kea":"criollo caboverdiano","kfo":"koro","kg":"kongo","kgp":"káingang","kha":"khasi","kho":"kotanés","khq":"koyra chiini","ki":"kikuyu","kj":"kuanyama","kk":"kazajo","kkj":"kako","kl":"groenlandés","kln":"kalenjin","km":"jemer","kmb":"kimbundu","kn":"canarés","ko":"coreano","koi":"komi permio","kok":"konkaní","kos":"kosraeano","kpe":"kpelle","kr":"kanuri","krc":"karachay-balkar","krl":"carelio","kru":"kurukh","ks":"cachemir","ksb":"shambala","ksf":"bafia","ksh":"kölsch","ku":"kurdo","kum":"kumyk","kut":"kutenai","kv":"komi","kw":"córnico","kwk":"kwakʼwala","ky":"kirguís","la":"latín","lad":"ladino","lag":"langi","lah":"lahnda","lam":"lamba","lb":"luxemburgués","lez":"lezgiano","lg":"ganda","li":"limburgués","lil":"lillooet","lkt":"lakota","lmo":"lombardo","ln":"lingala","lo":"lao","lol":"mongo","lou":"criollo de Luisiana","loz":"lozi","lrc":"lorí septentrional","lsm":"samia","lt":"lituano","lu":"luba-katanga","lua":"luba-lulua","lui":"luiseño","lun":"lunda","luo":"luo","lus":"mizo","luy":"luyia","lv":"letón","mad":"madurés","maf":"mafa","mag":"magahi","mai":"maithili","mak":"macasar","man":"mandingo","mas":"masái","mde":"maba","mdf":"moksha","mdr":"mandar","men":"mende","mer":"meru","mfe":"criollo mauriciano","mg":"malgache","mga":"irlandés medio","mgh":"makhuwa-meetto","mgo":"meta’","mh":"marshalés","mi":"maorí","mic":"micmac","min":"minangkabau","mk":"macedonio","ml":"malayálam","mn":"mongol","mnc":"manchú","mni":"manipurí","moe":"innu-aimun","moh":"mohawk","mos":"mossi","mr":"maratí","ms":"malayo","mt":"maltés","mua":"mundang","mul":"varios idiomas","mus":"creek","mwl":"mirandés","mwr":"marwari","my":"birmano","mye":"myene","myv":"erzya","mzn":"mazandaraní","na":"nauruano","nan":"chino min nan","nap":"napolitano","naq":"nama","nb":"noruego bokmal","nd":"ndebele septentrional","nds":"bajo alemán","nds-NL":"bajo alemán (Países Bajos)","ne":"nepalí","new":"nevarí","ng":"ndonga","nia":"nias","niu":"niueano","nl":"neerlandés","nl-BE":"neerlandés (Bélgica)","nmg":"kwasio","nn":"noruego nynorsk","nnh":"ngiemboon","no":"noruego","nog":"nogai","non":"nórdico antiguo","nqo":"n’ko","nr":"ndebele meridional","nso":"sotho septentrional","nus":"nuer","nv":"navajo","nwc":"newari clásico","ny":"nyanja","nym":"nyamwezi","nyn":"nyankole","nyo":"nyoro","nzi":"nzima","oc":"occitano","oj":"ojibwa","ojb":"ojibwa noroccidental","ojc":"ojibwa central","ojs":"oji-cree","ojw":"ojibwa occidental","oka":"okanagan","om":"oromo","or":"oriya","os":"osético","osa":"osage","ota":"turco otomano","pa":"punyabí","pag":"pangasinán","pal":"pahlavi","pam":"pampanga","pap":"papiamento","pau":"palauano","pcm":"pidgin de Nigeria","peo":"persa antiguo","phn":"fenicio","pi":"pali","pis":"pidgin salomonense","pl":"polaco","pon":"pohnpeiano","pqm":"maliseet-passamaquoddy","prg":"prusiano","pro":"provenzal antiguo","ps":"pastún","pt":"portugués","pt-BR":"portugués (Brasil)","pt-PT":"portugués (Portugal)","qu":"quechua","quc":"quiché","raj":"rajasthani","rap":"rapanui","rar":"rarotongano","rhg":"rohinyá","rm":"romanche","rn":"kirundi","ro":"rumano","ro-MD":"rumano (Moldavia)","rof":"rombo","rom":"romaní","ru":"ruso","rup":"arrumano","rw":"kinyarwanda","rwk":"rwa","sa":"sánscrito","sad":"sandawe","sah":"sakha","sam":"arameo samaritano","saq":"samburu","sas":"sasak","sat":"santali","sba":"ngambay","sbp":"sangu","sc":"sardo","scn":"siciliano","sco":"escocés","sd":"sindi","sdh":"kurdo meridional","se":"sami septentrional","see":"seneca","seh":"sena","sel":"selkup","ses":"koyraboro senni","sg":"sango","sga":"irlandés antiguo","sh":"serbocroata","shi":"tashelhit","shn":"shan","shu":"árabe chadiano","si":"cingalés","sid":"sidamo","sk":"eslovaco","sl":"esloveno","slh":"lushootseed meridional","sm":"samoano","sma":"sami meridional","smj":"sami lule","smn":"sami inari","sms":"sami skolt","sn":"shona","snk":"soninké","so":"somalí","sog":"sogdiano","sq":"albanés","sr":"serbio","srn":"sranan tongo","srr":"serer","ss":"suazi","ssy":"saho","st":"sotho meridional","str":"salish de los estrechos","su":"sundanés","suk":"sukuma","sus":"susu","sux":"sumerio","sv":"sueco","sw":"suajili","sw-CD":"suajili (República Democrática del Congo)","swb":"comorense","syc":"siríaco clásico","syr":"siriaco","ta":"tamil","tce":"tutchone meridional","te":"telugu","tem":"temne","teo":"teso","ter":"tereno","tet":"tetún","tg":"tayiko","tgx":"tagish","th":"tailandés","tht":"tahltan","ti":"tigriña","tig":"tigré","tiv":"tiv","tk":"turcomano","tkl":"tokelauano","tl":"tagalo","tlh":"klingon","tli":"tlingit","tmh":"tamashek","tn":"setsuana","to":"tongano","tog":"tonga del Nyasa","tok":"toki pona","tpi":"tok pisin","tr":"turco","trv":"taroko","ts":"tsonga","tsi":"tsimshiano","tt":"tártaro","ttm":"tutchone septentrional","tum":"tumbuka","tvl":"tuvaluano","tw":"twi","twq":"tasawaq","ty":"tahitiano","tyv":"tuviniano","tzm":"tamazight del Atlas Central","udm":"udmurt","ug":"uigur","uga":"ugarítico","uk":"ucraniano","umb":"umbundu","und":"lengua desconocida","ur":"urdu","uz":"uzbeko","vai":"vai","ve":"venda","vi":"vietnamita","vo":"volapük","vot":"vótico","vun":"vunjo","wa":"valón","wae":"walser","wal":"wolayta","war":"waray","was":"washo","wbp":"warlpiri","wo":"wólof","wuu":"chino wu","xal":"kalmyk","xh":"xhosa","xog":"soga","yao":"yao","yap":"yapés","yav":"yangben","ybb":"yemba","yi":"yidis","yo":"yoruba","yrl":"ñe’engatú","yue":"cantonés","za":"zhuang","zap":"zapoteco","zbl":"símbolos Bliss","zen":"zenaga","zgh":"tamazight estándar marroquí","zh":"chino","zh-Hans":"chino simplificado","zh-Hant":"chino tradicional","zu":"zulú","zun":"zuñi","zxx":"sin contenido lingüístico","zza":"zazaki"},"narrow":{},"short":{"az":"azerí","en-GB":"inglés (RU)","en-US":"inglés (EE. UU.)"}}},"region":{"long":{"142":"Asia","143":"Asia central","145":"Asia occidental","150":"Europa","151":"Europa oriental","154":"Europa septentrional","155":"Europa occidental","202":"África subsahariana","419":"Latinoamérica","001":"Mundo","002":"África","003":"América del Norte","005":"Sudamérica","009":"Oceanía","011":"África occidental","013":"Centroamérica","014":"África oriental","015":"África septentrional","017":"África central","018":"África meridional","019":"América","021":"Norteamérica","029":"Caribe","030":"Asia oriental","034":"Asia meridional","035":"Sudeste asiático","039":"Europa meridional","053":"Australasia","054":"Melanesia","057":"Región de Micronesia","061":"Polinesia","AC":"Isla de la Ascensión","AD":"Andorra","AE":"Emiratos Árabes Unidos","AF":"Afganistán","AG":"Antigua y Barbuda","AI":"Anguila","AL":"Albania","AM":"Armenia","AO":"Angola","AQ":"Antártida","AR":"Argentina","AS":"Samoa Americana","AT":"Austria","AU":"Australia","AW":"Aruba","AX":"Islas Aland","AZ":"Azerbaiyán","BA":"Bosnia y Herzegovina","BB":"Barbados","BD":"Bangladés","BE":"Bélgica","BF":"Burkina Faso","BG":"Bulgaria","BH":"Baréin","BI":"Burundi","BJ":"Benín","BL":"San Bartolomé","BM":"Bermudas","BN":"Brunéi","BO":"Bolivia","BQ":"Caribe neerlandés","BR":"Brasil","BS":"Bahamas","BT":"Bután","BV":"Isla Bouvet","BW":"Botsuana","BY":"Bielorrusia","BZ":"Belice","CA":"Canadá","CC":"Islas Cocos","CD":"República Democrática del Congo","CF":"República Centroafricana","CG":"Congo","CH":"Suiza","CI":"Côte d’Ivoire","CK":"Islas Cook","CL":"Chile","CM":"Camerún","CN":"China","CO":"Colombia","CP":"Isla Clipperton","CR":"Costa Rica","CU":"Cuba","CV":"Cabo Verde","CW":"Curazao","CX":"Isla de Navidad","CY":"Chipre","CZ":"Chequia","DE":"Alemania","DG":"Diego García","DJ":"Yibuti","DK":"Dinamarca","DM":"Dominica","DO":"República Dominicana","DZ":"Argelia","EA":"Ceuta y Melilla","EC":"Ecuador","EE":"Estonia","EG":"Egipto","EH":"Sáhara Occidental","ER":"Eritrea","ES":"España","ET":"Etiopía","EU":"Unión Europea","EZ":"zona del euro","FI":"Finlandia","FJ":"Fiyi","FK":"Islas Malvinas","FM":"Micronesia","FO":"Islas Feroe","FR":"Francia","GA":"Gabón","GB":"Reino Unido","GD":"Granada","GE":"Georgia","GF":"Guayana Francesa","GG":"Guernesey","GH":"Ghana","GI":"Gibraltar","GL":"Groenlandia","GM":"Gambia","GN":"Guinea","GP":"Guadalupe","GQ":"Guinea Ecuatorial","GR":"Grecia","GS":"Islas Georgia del Sur y Sandwich del Sur","GT":"Guatemala","GU":"Guam","GW":"Guinea-Bisáu","GY":"Guyana","HK":"RAE de Hong Kong (China)","HM":"Islas Heard y McDonald","HN":"Honduras","HR":"Croacia","HT":"Haití","HU":"Hungría","IC":"Canarias","ID":"Indonesia","IE":"Irlanda","IL":"Israel","IM":"Isla de Man","IN":"India","IO":"Territorio Británico del Océano Índico","IQ":"Irak","IR":"Irán","IS":"Islandia","IT":"Italia","JE":"Jersey","JM":"Jamaica","JO":"Jordania","JP":"Japón","KE":"Kenia","KG":"Kirguistán","KH":"Camboya","KI":"Kiribati","KM":"Comoras","KN":"San Cristóbal y Nieves","KP":"Corea del Norte","KR":"Corea del Sur","KW":"Kuwait","KY":"Islas Caimán","KZ":"Kazajistán","LA":"Laos","LB":"Líbano","LC":"Santa Lucía","LI":"Liechtenstein","LK":"Sri Lanka","LR":"Liberia","LS":"Lesoto","LT":"Lituania","LU":"Luxemburgo","LV":"Letonia","LY":"Libia","MA":"Marruecos","MC":"Mónaco","MD":"Moldavia","ME":"Montenegro","MF":"San Martín","MG":"Madagascar","MH":"Islas Marshall","MK":"Macedonia del Norte","ML":"Mali","MM":"Myanmar (Birmania)","MN":"Mongolia","MO":"RAE de Macao (China)","MP":"Islas Marianas del Norte","MQ":"Martinica","MR":"Mauritania","MS":"Montserrat","MT":"Malta","MU":"Mauricio","MV":"Maldivas","MW":"Malaui","MX":"México","MY":"Malasia","MZ":"Mozambique","NA":"Namibia","NC":"Nueva Caledonia","NE":"Níger","NF":"Isla Norfolk","NG":"Nigeria","NI":"Nicaragua","NL":"Países Bajos","NO":"Noruega","NP":"Nepal","NR":"Nauru","NU":"Niue","NZ":"Nueva Zelanda","OM":"Omán","PA":"Panamá","PE":"Perú","PF":"Polinesia Francesa","PG":"Papúa Nueva Guinea","PH":"Filipinas","PK":"Pakistán","PL":"Polonia","PM":"San Pedro y Miquelón","PN":"Islas Pitcairn","PR":"Puerto Rico","PS":"Territorios Palestinos","PT":"Portugal","PW":"Palaos","PY":"Paraguay","QA":"Catar","QO":"Territorios alejados de Oceanía","RE":"Reunión","RO":"Rumanía","RS":"Serbia","RU":"Rusia","RW":"Ruanda","SA":"Arabia Saudí","SB":"Islas Salomón","SC":"Seychelles","SD":"Sudán","SE":"Suecia","SG":"Singapur","SH":"Santa Elena","SI":"Eslovenia","SJ":"Svalbard y Jan Mayen","SK":"Eslovaquia","SL":"Sierra Leona","SM":"San Marino","SN":"Senegal","SO":"Somalia","SR":"Surinam","SS":"Sudán del Sur","ST":"Santo Tomé y Príncipe","SV":"El Salvador","SX":"Sint Maarten","SY":"Siria","SZ":"Esuatini","TA":"Tristán de Acuña","TC":"Islas Turcas y Caicos","TD":"Chad","TF":"Territorios Australes Franceses","TG":"Togo","TH":"Tailandia","TJ":"Tayikistán","TK":"Tokelau","TL":"Timor-Leste","TM":"Turkmenistán","TN":"Túnez","TO":"Tonga","TR":"Turquía","TT":"Trinidad y Tobago","TV":"Tuvalu","TW":"Taiwán","TZ":"Tanzania","UA":"Ucrania","UG":"Uganda","UM":"Islas menores alejadas de EE. UU.","UN":"Naciones Unidas","US":"Estados Unidos","UY":"Uruguay","UZ":"Uzbekistán","VA":"Ciudad del Vaticano","VC":"San Vicente y las Granadinas","VE":"Venezuela","VG":"Islas Vírgenes Británicas","VI":"Islas Vírgenes de EE. UU.","VN":"Vietnam","VU":"Vanuatu","WF":"Wallis y Futuna","WS":"Samoa","XA":"Pseudoacentos","XB":"Pseudobidi","XK":"Kosovo","YE":"Yemen","YT":"Mayotte","ZA":"Sudáfrica","ZM":"Zambia","ZW":"Zimbabue","ZZ":"Región desconocida"},"narrow":{},"short":{"GB":"RU","HK":"Hong Kong","MO":"Macao","PS":"Palestina","US":"EE. UU."}},"script":{"long":{"Adlm":"ádlam","Arab":"árabe","Aran":"nastaliq","Armn":"armenio","Avst":"avéstico","Bali":"balinés","Batk":"batak","Beng":"bengalí","Blis":"símbolos blis","Bopo":"bopomofo","Brah":"brahmi","Brai":"braille","Bugi":"buginés","Buhd":"buhid","Cakm":"chakma","Cans":"silabarios aborígenes canadienses unificados","Cari":"cario","Cham":"cham","Cher":"cheroqui","Cirt":"cirth","Copt":"copto","Cprt":"chipriota","Cyrl":"cirílico","Cyrs":"cirílico del antiguo eslavo eclesiástico","Deva":"devanagari","Dsrt":"deseret","Egyd":"egipcio demótico","Egyh":"egipcio hierático","Egyp":"jeroglíficos egipcios","Ethi":"etiópico","Geok":"georgiano eclesiástico","Geor":"georgiano","Glag":"glagolítico","Goth":"gótico","Grek":"griego","Gujr":"guyaratí","Guru":"gurmuji","Hanb":"han con bopomofo","Hang":"hangul","Hani":"han","Hano":"hanunoo","Hans":"simplificado","Hant":"tradicional","Hebr":"hebreo","Hira":"hiragana","Hmng":"pahawh hmong","Hrkt":"silabarios japoneses","Hung":"húngaro antiguo","Inds":"Indio (harappan)","Ital":"antigua bastardilla","Jamo":"jamo","Java":"javanés","Jpan":"japonés","Kali":"kayah li","Kana":"katakana","Khar":"kharosthi","Khmr":"jemer","Knda":"canarés","Kore":"coreano","Lana":"lanna","Laoo":"laosiano","Latf":"latino fraktur","Latg":"latino gaélico","Latn":"latino","Lepc":"lepcha","Limb":"limbu","Lina":"lineal A","Linb":"lineal B","Lyci":"licio","Lydi":"lidio","Mand":"mandeo","Maya":"jeroglíficos mayas","Mero":"meroítico","Mlym":"malayálam","Mong":"mongol","Moon":"moon","Mtei":"meitei","Mymr":"birmano","Nkoo":"n’ko","Ogam":"ogham","Olck":"ol chiki","Orkh":"orkhon","Orya":"oriya","Osma":"osmaniya","Perm":"permiano antiguo","Phag":"phags-pa","Phnx":"fenicio","Plrd":"Pollard Miao","Qaag":"zawgyi","Rjng":"rejang","Rohg":"hanifi","Roro":"rongo-rongo","Runr":"rúnico","Sara":"sarati","Saur":"saurashtra","Sgnw":"SignWriting","Shaw":"shaviano","Sinh":"cingalés","Sund":"sundanés","Sylo":"syloti nagri","Syrc":"siriaco","Syre":"siriaco estrangelo","Syrj":"siriaco occidental","Syrn":"siriaco oriental","Tagb":"tagbanúa","Tale":"tai le","Talu":"nuevo tai lue","Taml":"tamil","Telu":"telugu","Teng":"tengwar","Tfng":"tifinagh","Tglg":"tagalo","Thaa":"thaana","Thai":"tailandés","Tibt":"tibetano","Ugar":"ugarítico","Vaii":"vai","Visp":"lenguaje visible","Xpeo":"persa antiguo","Xsux":"cuneiforme sumerio-acadio","Yiii":"yi","Zinh":"heredado","Zmth":"notación matemática","Zsye":"emojis","Zsym":"símbolos","Zxxx":"no escrito","Zyyy":"común","Zzzz":"alfabeto desconocido"},"narrow":{},"short":{}}}},"locale":"es"}