{"data":{"patterns":{"locale":"{0} ({1})"},"types":{"calendar":{"long":{"buddhist":"budistlik kalender","chinese":"Hiina kalender","coptic":"kopti kalender","dangi":"dangi kalender","ethiopic":"Etioopia kalender","ethiopic-amete-alem":"Etioopia amete alemi kalender","gregorian":"Gregoriuse kalender","hebrew":"juudi kalender","indian":"India rahvuslik kalender","islamic":"islamikalender","islamic-civil":"islami ilmalik kalender","islamic-rgsa":"islamikalender (Saudi Araabia, vaatluspõhine)","islamic-tbla":"islamikalender (tabulaarne, astronoomiline ajastu)","islamic-umalqura":"islamikalender (Umm al-Qura)","iso8601":"ISO-8601 kalender","japanese":"Jaapani kalender","persian":"Pärsia kalender","roc":"Hiina Vabariigi kalender"},"narrow":{},"short":{}},"currency":{"long":{"ADP":"Andorra peseeta","AED":"Araabia Ühendemiraatide dirhem","AFA":"Afganistani afgaani (1927–2002)","AFN":"Afganistani afgaani","ALK":"Albaania lekk (1946–1965)","ALL":"Albaania lekk","AMD":"Armeenia dramm","ANG":"Hollandi Antillide kulden","AOA":"Angola kvanza","AOK":"Angola kvanza (1977–1990)","AON":"Angola kvanza (1990–2000)","AOR":"Angola reformitud kvanza, 1995–1999","ARA":"Argentina austral","ARM":"Argentina peeso (1881–1970)","ARP":"Argentina peeso (1983–1985)","ARS":"Argentina peeso","ATS":"Austria šilling","AUD":"Austraalia dollar","AWG":"Aruba kulden","AZM":"Aserbaidžaani manat (1993–2006)","AZN":"Aserbaidžaani manat","BAD":"Bosnia ja Hertsegoviina dinaar (1992–1994)","BAM":"Bosnia ja Hertsegoviina konverteeritav mark","BAN":"Bosnia ja Hertsegoviina uus dinaar (1994–1997)","BBD":"Barbadose dollar","BDT":"Bangladeshi taka","BEC":"Belgia konverteeritav frank","BEF":"Belgia frank","BEL":"Belgia arveldusfrank","BGL":"Bulgaaria püsiv leev","BGN":"Bulgaaria leev","BGO":"Bulgaaria leev (1879–1952)","BHD":"Bahreini dinaar","BIF":"Burundi frank","BMD":"Bermuda dollar","BND":"Brunei dollar","BOB":"Boliivia boliviaano","BOL":"Boliivia boliviaano (1863–1963)","BOP":"Boliivia peeso","BRB":"Brasiilia uus kruseiro (1967–1986)","BRC":"Brasiilia krusado","BRE":"Brasiilia kruseiro (1990–1993)","BRL":"Brasiilia reaal","BRR":"Brasiilia kruseiro (1993–1994)","BRZ":"Brasiilia kruseiro (1942–1967)","BSD":"Bahama dollar","BTN":"Bhutani ngultrum","BUK":"Birma kjatt","BWP":"Botswana pula","BYB":"Valgevene uus rubla (1994–1999)","BYN":"Valgevene rubla","BYR":"Valgevene rubla (2000–2016)","BZD":"Belize’i dollar","CAD":"Kanada dollar","CDF":"Kongo frank","CHF":"Šveitsi frank","CLE":"Tšiili eskuudo","CLP":"Tšiili peeso","CNH":"Hiina jüaan (välismaine turg)","CNY":"Hiina jüaan","COP":"Colombia peeso","CRC":"Costa Rica koloon","CSD":"Serbia dinaar (2002–2006)","CUC":"Kuuba konverteeritav peeso","CUP":"Kuuba peeso","CVE":"Cabo Verde eskuudo","CYP":"Küprose nael","CZK":"Tšehhi kroon","DDM":"Ida-Saksa mark","DEM":"Saksa mark","DJF":"Djibouti frank","DKK":"Taani kroon","DOP":"Dominikaani peeso","DZD":"Alžeeria dinaar","ECS":"Ecuadori sukre","EEK":"Eesti kroon","EGP":"Egiptuse nael","ERN":"Eritrea nakfa","ESP":"Hispaania peseeta","ETB":"Etioopia birr","EUR":"euro","FIM":"Soome mark","FJD":"Fidži dollar","FKP":"Falklandi saarte nael","FRF":"Prantsuse frank","GBP":"Suurbritannia naelsterling","GEL":"Gruusia lari","GHC":"Ghana sedi (1979–2007)","GHS":"Ghana sedi","GIP":"Gibraltari nael","GMD":"Gambia dalasi","GNF":"Guinea frank","GNS":"Guinea syli","GRD":"Kreeka drahm","GTQ":"Guatemala ketsaal","GWE":"Portugali Guinea eskuudo","GWP":"Guinea-Bissau peeso","GYD":"Guyana dollar","HKD":"Hongkongi dollar","HNL":"Hondurase lempiira","HRD":"Horvaatia dinaar","HRK":"Horvaatia kuna","HTG":"Haiti gurd","HUF":"Ungari forint","IDR":"Indoneesia ruupia","IEP":"Iiri nael","ILP":"Iisraeli nael","ILR":"Iisraeli seekel (1980–1985)","ILS":"Iisraeli uus seekel","INR":"India ruupia","IQD":"Iraagi dinaar","IRR":"Iraani riaal","ISJ":"Islandi kroon (1918–1981)","ISK":"Islandi kroon","ITL":"Itaalia liir","JMD":"Jamaica dollar","JOD":"Jordaania dinaar","JPY":"Jaapani jeen","KES":"Keenia šilling","KGS":"Kõrgõzstani somm","KHR":"Kambodža riaal","KMF":"Komoori frank","KPW":"Põhja-Korea vonn","KRO":"Lõuna-Korea vonn (1945–1953)","KRW":"Lõuna-Korea vonn","KWD":"Kuveidi dinaar","KYD":"Kaimanisaarte dollar","KZT":"Kasahstani tenge","LAK":"Laose kiip","LBP":"Liibanoni nael","LKR":"Sri Lanka ruupia","LRD":"Libeeria dollar","LSL":"Lesotho loti","LTL":"Leedu litt","LUC":"Luksemburgi konverteeritav frank","LUF":"Luksemburgi frank","LVL":"Läti latt","LVR":"Läti rubla","LYD":"Liibüa dinaar","MAD":"Maroko dirhem","MAF":"Maroko frank","MCF":"Monaco frank","MDL":"Moldova leu","MGA":"Madagaskari ariari","MGF":"Madagaskari frank","MKD":"Makedoonia dinaar","MKN":"Makedoonia dinaar (1992–1993)","MLF":"Mali frank","MMK":"Myanmari kjatt","MNT":"Mongoolia tugrik","MOP":"Macau pataaka","MRO":"Mauritaania ugia (1973–2017)","MRU":"Mauritaania ugia","MTL":"Malta liir","MTP":"Malta nael","MUR":"Mauritiuse ruupia","MVP":"Maldiivi ruupia (1947–1981)","MVR":"Maldiivi ruupia","MWK":"Malawi kvatša","MXN":"Mehhiko peeso","MXP":"Mehhiko peeso (1861–1992)","MYR":"Malaisia ringgit","MZE":"Mosambiigi eskuudo","MZM":"Mosambiigi metikal (1980–2006)","MZN":"Mosambiigi metikal","NAD":"Namiibia dollar","NGN":"Nigeeria naira","NIC":"Nicaragua kordoba (1988–1991)","NIO":"Nicaragua kordoba","NLG":"Hollandi kulden","NOK":"Norra kroon","NPR":"Nepali ruupia","NZD":"Uus-Meremaa dollar","OMR":"Omaani riaal","PAB":"Panama balboa","PEI":"Peruu inti","PEN":"Peruu soll","PES":"Peruu soll (1863–1965)","PGK":"Paapua Uus-Guinea kina","PHP":"Filipiini peeso","PKR":"Pakistani ruupia","PLN":"Poola zlott","PLZ":"Poola zlott (1950–1995)","PTE":"Portugali eskuudo","PYG":"Paraguay guaranii","QAR":"Katari riaal","RHD":"Rodeesia dollar","ROL":"Rumeenia leu (1952–2006)","RON":"Rumeenia leu","RSD":"Serbia dinaar","RUB":"Venemaa rubla","RUR":"Venemaa rubla (1991–1998)","RWF":"Rwanda frank","SAR":"Saudi Araabia riaal","SBD":"Saalomoni Saarte dollar","SCR":"Seišelli ruupia","SDD":"Sudaani dinaar (1992–2007)","SDG":"Sudaani nael","SDP":"Sudaani nael (1957–1998)","SEK":"Rootsi kroon","SGD":"Singapuri dollar","SHP":"Saint Helena nael","SIT":"Sloveenia tolar","SKK":"Slovaki kroon","SLL":"Sierra Leone leoone","SOS":"Somaalia šilling","SRD":"Suriname dollar","SRG":"Suriname kulden","SSP":"Lõuna-Sudaani nael","STD":"São Tomé ja Príncipe dobra (1977–2017)","STN":"São Tomé ja Príncipe dobra","SUR":"NSVL-i rubla","SVC":"El Salvadori koloon","SYP":"Süüria nael","SZL":"Svaasimaa lilangeni","THB":"Tai baat","TJR":"Tadžikistani rubla","TJS":"Tadžikistani somoni","TMM":"Türkmenistani manat (1993–2009)","TMT":"Türkmenistani manat","TND":"Tuneesia dinaar","TOP":"Tonga pa’anga","TPE":"Timori eskuudo","TRL":"Türgi liir (1922–2005)","TRY":"Türgi liir","TTD":"Trinidadi ja Tobago dollar","TWD":"uus Taiwani dollar","TZS":"Tansaania šilling","UAH":"Ukraina grivna","UAK":"Ukraina karbovanets","UGS":"Uganda šilling (1966–1987)","UGX":"Uganda šilling","USD":"USA dollar","USN":"USA järgmise päeva dollar","USS":"USA sama päeva dollar","UYP":"Uruguay peeso (1975–1993)","UYU":"Uruguay peeso","UZS":"Usbekistani somm","VEB":"Venezuela boliivar (1871–2008)","VEF":"Venezuela boliivar (2008–2018)","VES":"Venezuela boliivar","VND":"Vietnami dong","VNN":"Vietnami dong (1978–1985)","VUV":"Vanuatu vatu","WST":"Samoa taala","XAF":"Kesk-Aafrika CFA frank","XAG":"hõbe","XAU":"kuld","XBA":"EURCO","XBB":"Euroopa rahaühik","XBC":"Euroopa rahaline arvestusühik (XBC)","XBD":"Euroopa rahaline arvestusühik (XBD)","XCD":"Ida-Kariibi dollar","XDR":"Rahvusvahelise Valuutafondi arvestusühik","XEU":"eküü","XFO":"Prantsuse kuldfrank","XFU":"Prantsuse UIC-frank","XOF":"Lääne-Aafrika CFA frank","XPD":"pallaadium","XPF":"CFP frank","XPT":"plaatina","XTS":"vääringute testkood","XXX":"määramata rahaühik","YDD":"Jeemeni dinaar","YER":"Jeemeni riaal","YUM":"Jugoslaavia uus dinaar (1994–2002)","YUN":"Jugoslaavia konverteeritav dinaar (1990–1992)","ZAR":"Lõuna-Aafrika rand","ZMK":"Sambia kvatša (1968–2012)","ZMW":"Sambia kvatša","ZRZ":"Sairi zaire","ZWD":"Zimbabwe dollar (1980–2008)","ZWL":"Zimbabwe dollar (2009)","ZWR":"Zimbabwe dollar (2008)"},"narrow":{},"short":{}},"dateTimeField":{"long":{"day":"päev","dayOfYear":"aasta päev","dayperiod":"enne/pärast lõunat","era":"ajastu","hour":"tund","minute":"minut","month":"kuu","quarter":"kvartal","second":"sekund","timeZoneName":"ajavöönd","weekOfMonth":"kuu nädal","weekOfYear":"nädal","weekday":"nädalapäev","weekdayOfMonth":"kuu nädalapäev","year":"aasta"},"narrow":{"day":"p","dayOfYear":"aasta p","dayperiod":"enne/pärast lõunat","era":"ajastu","hour":"t","minute":"min","month":"k","quarter":"kv","second":"s","timeZoneName":"vöönd","weekOfMonth":"kuu näd","weekOfYear":"näd","weekday":"nädalap.","weekdayOfMonth":"kuu nädalap.","year":"a"},"short":{"day":"p","dayOfYear":"aasta p","dayperiod":"enne/pärast lõunat","era":"ajastu","hour":"t","minute":"min","month":"k","quarter":"kv","second":"sek","timeZoneName":"vöönd","weekOfMonth":"kuu näd","weekOfYear":"näd","weekday":"nädalap.","weekdayOfMonth":"kuu nädalap.","year":"a"}},"language":{"dialect":{"long":{"aa":"afari","ab":"abhaasi","ace":"atšehi","ach":"atšoli","ada":"adangme","ady":"adõgee","ae":"avesta","aeb":"Tuneesia araabia","af":"afrikaani","afh":"afrihili","agq":"aghemi","ain":"ainu","ak":"akani","akk":"akadi","akz":"alabama","ale":"aleuudi","aln":"geegi","alt":"altai","am":"amhara","an":"aragoni","ang":"vanainglise","ann":"obolo","anp":"angika","ar":"araabia","ar-001":"tänapäeva araabia kirjakeel","arc":"aramea","arn":"mapudunguni","aro":"araona","arp":"arapaho","arq":"Alžeeria araabia","ars":"Najdi araabia","arw":"aravaki","ary":"Maroko araabia","arz":"Egiptuse araabia","as":"assami","asa":"asu","ase":"Ameerika viipekeel","ast":"astuuria","atj":"atikameki","av":"avaari","awa":"avadhi","ay":"aimara","az":"aserbaidžaani","ba":"baškiiri","bal":"belutši","ban":"bali","bar":"baieri","bas":"basaa","bax":"bamuni","bbc":"bataki","bbj":"ghomala","be":"valgevene","bej":"bedža","bem":"bemba","bew":"betavi","bez":"bena","bfd":"bafuti","bfq":"badaga","bg":"bulgaaria","bgn":"läänebelutši","bho":"bhodžpuri","bi":"bislama","bik":"bikoli","bin":"edo","bjn":"bandžari","bkm":"komi (Aafrika)","bla":"mustjalaindiaani","bm":"bambara","bn":"bengali","bo":"tiibeti","bpy":"bišnuprija","bqi":"bahtiari","br":"bretooni","bra":"bradži","brh":"brahui","brx":"bodo","bs":"bosnia","bss":"akoose","bua":"burjaadi","bug":"bugi","bum":"bulu","byn":"bilini","byv":"medumba","ca":"katalaani","cad":"kado","car":"kariibi","cay":"kajuka","cch":"aitšami","ccp":"tšaakma","ce":"tšetšeeni","ceb":"sebu","cgg":"tšiga","ch":"tšamorro","chb":"tšibtša","chg":"tšagatai","chk":"tšuugi","chm":"mari","chn":"tšinuki žargoon","cho":"tšokto","chp":"tšipevai","chr":"tšerokii","chy":"šaieeni","ckb":"sorani","clc":"tšilkotini","co":"korsika","cop":"kopti","cps":"kapisnoni","cr":"krii","crg":"michifi","crh":"krimmitatari","crj":"lõuna-idakrii","crk":"tasandikukrii","crl":"põhja-idakrii","crm":"põdrakrii","crr":"Carolina algonkini","crs":"seišelli","cs":"tšehhi","csb":"kašuubi","csw":"sookrii","cu":"kirikuslaavi","cv":"tšuvaši","cy":"kõmri","da":"taani","dak":"siuu","dar":"dargi","dav":"davida","de":"saksa","de-AT":"Austria saksa","de-CH":"Šveitsi ülemsaksa","del":"delavari","den":"sleivi","dgr":"dogribi","din":"dinka","dje":"zarma","doi":"dogri","dsb":"alamsorbi","dtp":"keskdusuni","dua":"duala","dum":"keskhollandi","dv":"maldiivi","dyo":"fonji","dyu":"djula","dz":"dzongkha","dzg":"daza","ebu":"embu","ee":"eve","efi":"efiki","egl":"emiilia","egy":"egiptuse","eka":"ekadžuki","el":"kreeka","elx":"eelami","en":"inglise","en-AU":"Austraalia inglise","en-CA":"Kanada inglise","en-GB":"Briti inglise","en-US":"Ameerika inglise","enm":"keskinglise","eo":"esperanto","es":"hispaania","es-419":"Ladina-Ameerika hispaania","es-ES":"Euroopa hispaania","es-MX":"Mehhiko hispaania","esu":"keskjupiki","et":"eesti","eu":"baski","ewo":"evondo","ext":"estremenju","fa":"pärsia","fa-AF":"dari","fan":"fangi","fat":"fanti","ff":"fula","fi":"soome","fil":"filipiini","fit":"meä","fj":"fidži","fo":"fääri","fon":"foni","fr":"prantsuse","fr-CA":"Kanada prantsuse","fr-CH":"Šveitsi prantsuse","frc":"cajun’i","frm":"keskprantsuse","fro":"vanaprantsuse","frp":"frankoprovansi","frr":"põhjafriisi","frs":"idafriisi","fur":"friuuli","fy":"läänefriisi","ga":"iiri","gaa":"gaa","gag":"gagauusi","gan":"kani","gay":"gajo","gba":"gbaja","gd":"gaeli","gez":"etioopia","gil":"kiribati","gl":"galeegi","glk":"gilaki","gmh":"keskülemsaksa","gn":"guaranii","goh":"vanaülemsaksa","gon":"gondi","gor":"gorontalo","got":"gooti","grb":"grebo","grc":"vanakreeka","gsw":"šveitsisaksa","gu":"gudžarati","guc":"vajuu","gur":"farefare","guz":"gusii","gv":"mänksi","gwi":"gvitšini","ha":"hausa","hai":"haida","hak":"hakka","haw":"havai","hax":"lõunahaida","he":"heebrea","hi":"hindi","hif":"Fidži hindi","hil":"hiligainoni","hit":"heti","hmn":"hmongi","ho":"hirimotu","hr":"horvaadi","hsb":"ülemsorbi","hsn":"sjangi","ht":"haiti","hu":"ungari","hup":"hupa","hur":"halkomelemi","hy":"armeenia","hz":"herero","ia":"interlingua","iba":"ibani","ibb":"ibibio","id":"indoneesia","ie":"interlingue","ig":"ibo","ii":"nuosu","ik":"injupiaki","ikt":"Lääne-Kanada inuktituti","ilo":"iloko","inh":"inguši","io":"ido","is":"islandi","it":"itaalia","iu":"inuktituti","izh":"isuri","ja":"jaapani","jam":"Jamaica kreoolkeel","jbo":"ložban","jgo":"ngomba","jmc":"matšame","jpr":"juudipärsia","jrb":"juudiaraabia","jut":"jüüti","jv":"jaava","ka":"gruusia","kaa":"karakalpaki","kab":"kabiili","kac":"katšini","kaj":"jju","kam":"kamba","kaw":"kaavi","kbd":"kabardi-tšerkessi","kbl":"kanembu","kcg":"tjapi","kde":"makonde","kea":"kabuverdianu","kfo":"koro","kg":"kongo","kgp":"kaingangi","kha":"khasi","kho":"saka","khq":"koyra chiini","khw":"khovari","ki":"kikuju","kiu":"kõrmandžki","kj":"kvanjama","kk":"kasahhi","kkj":"kako","kl":"grööni","kln":"kalendžini","km":"khmeeri","kmb":"mbundu","kn":"kannada","ko":"korea","koi":"permikomi","kok":"konkani","kos":"kosrae","kpe":"kpelle","kr":"kanuri","krc":"karatšai-balkaari","kri":"krio","krj":"kinaraia","krl":"karjala","kru":"kuruhhi","ks":"kašmiiri","ksb":"šambala","ksf":"bafia","ksh":"kölni","ku":"kurdi","kum":"kumõki","kut":"kutenai","kv":"komi","kw":"korni","kwk":"kvakvala","ky":"kirgiisi","la":"ladina","lad":"ladiino","lag":"langi","lah":"lahnda","lam":"lamba","lb":"letseburgi","lez":"lesgi","lg":"ganda","li":"limburgi","lij":"liguuri","lil":"lillueti","liv":"liivi","lkt":"lakota","lmo":"lombardi","ln":"lingala","lo":"lao","lol":"mongo","lou":"Louisiana kreoolkeel","loz":"lozi","lrc":"põhjaluri","lsm":"samia","lt":"leedu","ltg":"latgali","lu":"Katanga luba","lua":"lulua","lui":"luisenjo","lun":"lunda","luo":"luo","lus":"lušei","luy":"luhja","lv":"läti","lzh":"klassikaline hiina","lzz":"lazi","mad":"madura","maf":"mafa","mag":"magahi","mai":"maithili","mak":"makassari","man":"malinke","mas":"masai","mde":"maba","mdf":"mokša","mdr":"mandari","men":"mende","mer":"meru","mfe":"Mauritiuse kreoolkeel","mg":"malagassi","mga":"keskiiri","mgh":"makhuwa-meetto","mgo":"meta","mh":"maršalli","mi":"maoori","mic":"mikmaki","min":"minangkabau","mk":"makedoonia","ml":"malajalami","mn":"mongoli","mnc":"mandžu","mni":"manipuri","moe":"innu","moh":"mohoogi","mos":"more","mr":"marathi","mrj":"mäemari","ms":"malai","mt":"malta","mua":"mundangi","mul":"mitu keelt","mus":"maskogi","mwl":"miranda","mwr":"marvari","mwv":"mentavei","my":"birma","mye":"mjene","myv":"ersa","mzn":"mazandaraani","na":"nauru","nan":"lõunamini","nap":"napoli","naq":"nama","nb":"norra bokmål","nd":"põhjandebele","nds":"alamsaksa","nds-NL":"Hollandi alamsaksa","ne":"nepali","new":"nevari","ng":"ndonga","nia":"niasi","niu":"niue","njo":"ao","nl":"hollandi","nl-BE":"flaami","nmg":"kwasio","nn":"uusnorra","nnh":"ngiembooni","no":"norra","nog":"nogai","non":"vanapõhja","nov":"noviaal","nqo":"nkoo","nr":"lõunandebele","nso":"põhjasotho","nus":"nueri","nv":"navaho","nwc":"vananevari","ny":"njandža","nym":"njamvesi","nyn":"njankole","nyo":"njoro","nzi":"nzima","oc":"oksitaani","oj":"odžibvei","ojb":"loodeodžibvei","ojc":"keskodžibvei","ojs":"Severni odžibvei","ojw":"lääneodžibvei","oka":"okanagani","om":"oromo","or":"oria","os":"osseedi","osa":"oseidži","ota":"osmanitürgi","pa":"pandžabi","pag":"pangasinani","pal":"pahlavi","pam":"pampanga","pap":"papiamento","pau":"belau","pcd":"pikardi","pcm":"Nigeeria pidžinkeel","pdc":"Pennsylvania saksa","pdt":"mennoniidisaksa","peo":"vanapärsia","pfl":"Pfalzi","phn":"foiniikia","pi":"paali","pis":"pijini","pl":"poola","pms":"piemonte","pnt":"pontose","pon":"poonpei","pqm":"passamakodi","prg":"preisi","pro":"vanaprovansi","ps":"puštu","pt":"portugali","pt-BR":"Brasiilia portugali","pt-PT":"Euroopa portugali","qu":"ketšua","quc":"kitše","raj":"radžastani","rap":"rapanui","rar":"rarotonga","rgn":"romanja","rhg":"rohingja","rif":"riifi","rm":"romanši","rn":"rundi","ro":"rumeenia","ro-MD":"moldova","rof":"rombo","rom":"mustlaskeel","rtm":"rotuma","ru":"vene","rue":"russiini","rug":"roviana","rup":"aromuuni","rw":"ruanda","rwk":"rvaa","sa":"sanskriti","sad":"sandave","sah":"jakuudi","sam":"Samaaria aramea","saq":"samburu","sas":"sasaki","sat":"santali","saz":"sauraštra","sba":"ngambai","sbp":"sangu","sc":"sardi","scn":"sitsiilia","sco":"šoti","sd":"sindhi","sdh":"lõunakurdi","se":"põhjasaami","see":"seneka","seh":"sena","sei":"seri","sel":"sölkupi","ses":"koyraboro senni","sg":"sango","sga":"vanaiiri","sgs":"žemaidi","sh":"serbia-horvaadi","shi":"šilha","shn":"šani","shu":"Tšaadi araabia","si":"singali","sid":"sidamo","sk":"slovaki","sl":"sloveeni","slh":"Lõuna-Puget-Soundi sališi","sli":"alamsileesia","sly":"selajari","sm":"samoa","sma":"lõunasaami","smj":"Lule saami","smn":"Inari saami","sms":"koltasaami","sn":"šona","snk":"soninke","so":"somaali","sog":"sogdi","sq":"albaania","sr":"serbia","srn":"sranani","srr":"sereri","ss":"svaasi","ssy":"saho","st":"lõunasotho","stq":"saterfriisi","str":"väinasališi","su":"sunda","suk":"sukuma","sus":"susu","sux":"sumeri","sv":"rootsi","sw":"suahiili","sw-CD":"Kongo suahiili","swb":"komoori","syc":"vanasüüria","syr":"süüria","szl":"sileesia","ta":"tamili","tce":"lõunatutšoni","tcy":"tulu","te":"telugu","tem":"temne","teo":"teso","ter":"tereno","tet":"tetumi","tg":"tadžiki","tgx":"tagishi","th":"tai","tht":"tahltani","ti":"tigrinja","tig":"tigree","tiv":"tivi","tk":"türkmeeni","tkl":"tokelau","tkr":"tsahhi","tl":"tagalogi","tlh":"klingoni","tli":"tlingiti","tly":"talõši","tmh":"tamašeki","tn":"tsvana","to":"tonga","tog":"tšitonga","tok":"toki pona","tpi":"uusmelaneesia","tr":"türgi","tru":"turojo","trv":"taroko","ts":"tsonga","tsd":"tsakoonia","tsi":"tsimši","tt":"tatari","ttm":"põhjatutšoni","ttt":"lõunataadi","tum":"tumbuka","tvl":"tuvalu","tw":"tvii","twq":"taswaqi","ty":"tahiti","tyv":"tõva","tzm":"tamasikti","udm":"udmurdi","ug":"uiguuri","uga":"ugariti","uk":"ukraina","umb":"umbundu","und":"määramata keel","ur":"urdu","uz":"usbeki","vai":"vai","ve":"venda","vec":"veneti","vep":"vepsa","vi":"vietnami","vls":"lääneflaami","vmf":"Maini frangi","vo":"volapüki","vot":"vadja","vro":"võru","vun":"vundžo","wa":"vallooni","wae":"valsi","wal":"volaita","war":"varai","was":"vašo","wbp":"varlpiri","wo":"volofi","wuu":"uu","xal":"kalmõki","xh":"koosa","xmf":"megreli","xog":"soga","yao":"jao","yap":"japi","yav":"yangbeni","ybb":"jemba","yi":"jidiši","yo":"joruba","yrl":"njengatu","yue":"kantoni","za":"tšuangi","zap":"sapoteegi","zbl":"Blissi sümbolid","zea":"zeelandi","zen":"zenaga","zgh":"tamasikti (Maroko)","zh":"hiina","zh-Hans":"lihtsustatud hiina","zh-Hant":"traditsiooniline hiina","zu":"suulu","zun":"sunji","zxx":"mittekeeleline","zza":"zaza"},"narrow":{},"short":{"az":"aseri","en-GB":"Briti inglise","en-US":"USA inglise"}},"standard":{"long":{"aa":"afari","ab":"abhaasi","ace":"atšehi","ach":"atšoli","ada":"adangme","ady":"adõgee","ae":"avesta","aeb":"Tuneesia araabia","af":"afrikaani","afh":"afrihili","agq":"aghemi","ain":"ainu","ak":"akani","akk":"akadi","akz":"alabama","ale":"aleuudi","aln":"geegi","alt":"altai","am":"amhara","an":"aragoni","ang":"vanainglise","ann":"obolo","anp":"angika","ar":"araabia","ar-001":"araabia (maailm)","arc":"aramea","arn":"mapudunguni","aro":"araona","arp":"arapaho","arq":"Alžeeria araabia","ars":"Najdi araabia","arw":"aravaki","ary":"Maroko araabia","arz":"Egiptuse araabia","as":"assami","asa":"asu","ase":"Ameerika viipekeel","ast":"astuuria","atj":"atikameki","av":"avaari","awa":"avadhi","ay":"aimara","az":"aserbaidžaani","ba":"baškiiri","bal":"belutši","ban":"bali","bar":"baieri","bas":"basaa","bax":"bamuni","bbc":"bataki","bbj":"ghomala","be":"valgevene","bej":"bedža","bem":"bemba","bew":"betavi","bez":"bena","bfd":"bafuti","bfq":"badaga","bg":"bulgaaria","bgn":"läänebelutši","bho":"bhodžpuri","bi":"bislama","bik":"bikoli","bin":"edo","bjn":"bandžari","bkm":"komi (Aafrika)","bla":"mustjalaindiaani","bm":"bambara","bn":"bengali","bo":"tiibeti","bpy":"bišnuprija","bqi":"bahtiari","br":"bretooni","bra":"bradži","brh":"brahui","brx":"bodo","bs":"bosnia","bss":"akoose","bua":"burjaadi","bug":"bugi","bum":"bulu","byn":"bilini","byv":"medumba","ca":"katalaani","cad":"kado","car":"kariibi","cay":"kajuka","cch":"aitšami","ccp":"tšaakma","ce":"tšetšeeni","ceb":"sebu","cgg":"tšiga","ch":"tšamorro","chb":"tšibtša","chg":"tšagatai","chk":"tšuugi","chm":"mari","chn":"tšinuki žargoon","cho":"tšokto","chp":"tšipevai","chr":"tšerokii","chy":"šaieeni","ckb":"sorani","clc":"tšilkotini","co":"korsika","cop":"kopti","cps":"kapisnoni","cr":"krii","crg":"michifi","crh":"krimmitatari","crj":"lõuna-idakrii","crk":"tasandikukrii","crl":"põhja-idakrii","crm":"põdrakrii","crr":"Carolina algonkini","crs":"seišelli","cs":"tšehhi","csb":"kašuubi","csw":"sookrii","cu":"kirikuslaavi","cv":"tšuvaši","cy":"kõmri","da":"taani","dak":"siuu","dar":"dargi","dav":"davida","de":"saksa","de-AT":"saksa (Austria)","de-CH":"saksa (Šveits)","del":"delavari","den":"sleivi","dgr":"dogribi","din":"dinka","dje":"zarma","doi":"dogri","dsb":"alamsorbi","dtp":"keskdusuni","dua":"duala","dum":"keskhollandi","dv":"maldiivi","dyo":"fonji","dyu":"djula","dz":"dzongkha","dzg":"daza","ebu":"embu","ee":"eve","efi":"efiki","egl":"emiilia","egy":"egiptuse","eka":"ekadžuki","el":"kreeka","elx":"eelami","en":"inglise","en-AU":"inglise (Austraalia)","en-CA":"inglise (Kanada)","en-GB":"inglise (Ühendkuningriik)","en-US":"inglise (Ameerika Ühendriigid)","enm":"keskinglise","eo":"esperanto","es":"hispaania","es-419":"hispaania (Ladina-Ameerika)","es-ES":"hispaania (Hispaania)","es-MX":"hispaania (Mehhiko)","esu":"keskjupiki","et":"eesti","eu":"baski","ewo":"evondo","ext":"estremenju","fa":"pärsia","fa-AF":"pärsia (Afganistan)","fan":"fangi","fat":"fanti","ff":"fula","fi":"soome","fil":"filipiini","fit":"meä","fj":"fidži","fo":"fääri","fon":"foni","fr":"prantsuse","fr-CA":"prantsuse (Kanada)","fr-CH":"prantsuse (Šveits)","frc":"cajun’i","frm":"keskprantsuse","fro":"vanaprantsuse","frp":"frankoprovansi","frr":"põhjafriisi","frs":"idafriisi","fur":"friuuli","fy":"läänefriisi","ga":"iiri","gaa":"gaa","gag":"gagauusi","gan":"kani","gay":"gajo","gba":"gbaja","gd":"gaeli","gez":"etioopia","gil":"kiribati","gl":"galeegi","glk":"gilaki","gmh":"keskülemsaksa","gn":"guaranii","goh":"vanaülemsaksa","gon":"gondi","gor":"gorontalo","got":"gooti","grb":"grebo","grc":"vanakreeka","gsw":"šveitsisaksa","gu":"gudžarati","guc":"vajuu","gur":"farefare","guz":"gusii","gv":"mänksi","gwi":"gvitšini","ha":"hausa","hai":"haida","hak":"hakka","haw":"havai","hax":"lõunahaida","he":"heebrea","hi":"hindi","hif":"Fidži hindi","hil":"hiligainoni","hit":"heti","hmn":"hmongi","ho":"hirimotu","hr":"horvaadi","hsb":"ülemsorbi","hsn":"sjangi","ht":"haiti","hu":"ungari","hup":"hupa","hur":"halkomelemi","hy":"armeenia","hz":"herero","ia":"interlingua","iba":"ibani","ibb":"ibibio","id":"indoneesia","ie":"interlingue","ig":"ibo","ii":"nuosu","ik":"injupiaki","ikt":"Lääne-Kanada inuktituti","ilo":"iloko","inh":"inguši","io":"ido","is":"islandi","it":"itaalia","iu":"inuktituti","izh":"isuri","ja":"jaapani","jam":"Jamaica kreoolkeel","jbo":"ložban","jgo":"ngomba","jmc":"matšame","jpr":"juudipärsia","jrb":"juudiaraabia","jut":"jüüti","jv":"jaava","ka":"gruusia","kaa":"karakalpaki","kab":"kabiili","kac":"katšini","kaj":"jju","kam":"kamba","kaw":"kaavi","kbd":"kabardi-tšerkessi","kbl":"kanembu","kcg":"tjapi","kde":"makonde","kea":"kabuverdianu","kfo":"koro","kg":"kongo","kgp":"kaingangi","kha":"khasi","kho":"saka","khq":"koyra chiini","khw":"khovari","ki":"kikuju","kiu":"kõrmandžki","kj":"kvanjama","kk":"kasahhi","kkj":"kako","kl":"grööni","kln":"kalendžini","km":"khmeeri","kmb":"mbundu","kn":"kannada","ko":"korea","koi":"permikomi","kok":"konkani","kos":"kosrae","kpe":"kpelle","kr":"kanuri","krc":"karatšai-balkaari","kri":"krio","krj":"kinaraia","krl":"karjala","kru":"kuruhhi","ks":"kašmiiri","ksb":"šambala","ksf":"bafia","ksh":"kölni","ku":"kurdi","kum":"kumõki","kut":"kutenai","kv":"komi","kw":"korni","kwk":"kvakvala","ky":"kirgiisi","la":"ladina","lad":"ladiino","lag":"langi","lah":"lahnda","lam":"lamba","lb":"letseburgi","lez":"lesgi","lg":"ganda","li":"limburgi","lij":"liguuri","lil":"lillueti","liv":"liivi","lkt":"lakota","lmo":"lombardi","ln":"lingala","lo":"lao","lol":"mongo","lou":"Louisiana kreoolkeel","loz":"lozi","lrc":"põhjaluri","lsm":"samia","lt":"leedu","ltg":"latgali","lu":"Katanga luba","lua":"lulua","lui":"luisenjo","lun":"lunda","luo":"luo","lus":"lušei","luy":"luhja","lv":"läti","lzh":"klassikaline hiina","lzz":"lazi","mad":"madura","maf":"mafa","mag":"magahi","mai":"maithili","mak":"makassari","man":"malinke","mas":"masai","mde":"maba","mdf":"mokša","mdr":"mandari","men":"mende","mer":"meru","mfe":"Mauritiuse kreoolkeel","mg":"malagassi","mga":"keskiiri","mgh":"makhuwa-meetto","mgo":"meta","mh":"maršalli","mi":"maoori","mic":"mikmaki","min":"minangkabau","mk":"makedoonia","ml":"malajalami","mn":"mongoli","mnc":"mandžu","mni":"manipuri","moe":"innu","moh":"mohoogi","mos":"more","mr":"marathi","mrj":"mäemari","ms":"malai","mt":"malta","mua":"mundangi","mul":"mitu keelt","mus":"maskogi","mwl":"miranda","mwr":"marvari","mwv":"mentavei","my":"birma","mye":"mjene","myv":"ersa","mzn":"mazandaraani","na":"nauru","nan":"lõunamini","nap":"napoli","naq":"nama","nb":"norra bokmål","nd":"põhjandebele","nds":"alamsaksa","nds-NL":"alamsaksa (Holland)","ne":"nepali","new":"nevari","ng":"ndonga","nia":"niasi","niu":"niue","njo":"ao","nl":"hollandi","nl-BE":"hollandi (Belgia)","nmg":"kwasio","nn":"uusnorra","nnh":"ngiembooni","no":"norra","nog":"nogai","non":"vanapõhja","nov":"noviaal","nqo":"nkoo","nr":"lõunandebele","nso":"põhjasotho","nus":"nueri","nv":"navaho","nwc":"vananevari","ny":"njandža","nym":"njamvesi","nyn":"njankole","nyo":"njoro","nzi":"nzima","oc":"oksitaani","oj":"odžibvei","ojb":"loodeodžibvei","ojc":"keskodžibvei","ojs":"Severni odžibvei","ojw":"lääneodžibvei","oka":"okanagani","om":"oromo","or":"oria","os":"osseedi","osa":"oseidži","ota":"osmanitürgi","pa":"pandžabi","pag":"pangasinani","pal":"pahlavi","pam":"pampanga","pap":"papiamento","pau":"belau","pcd":"pikardi","pcm":"Nigeeria pidžinkeel","pdc":"Pennsylvania saksa","pdt":"mennoniidisaksa","peo":"vanapärsia","pfl":"Pfalzi","phn":"foiniikia","pi":"paali","pis":"pijini","pl":"poola","pms":"piemonte","pnt":"pontose","pon":"poonpei","pqm":"passamakodi","prg":"preisi","pro":"vanaprovansi","ps":"puštu","pt":"portugali","pt-BR":"portugali (Brasiilia)","pt-PT":"portugali (Portugal)","qu":"ketšua","quc":"kitše","raj":"radžastani","rap":"rapanui","rar":"rarotonga","rgn":"romanja","rhg":"rohingja","rif":"riifi","rm":"romanši","rn":"rundi","ro":"rumeenia","ro-MD":"rumeenia (Moldova)","rof":"rombo","rom":"mustlaskeel","rtm":"rotuma","ru":"vene","rue":"russiini","rug":"roviana","rup":"aromuuni","rw":"ruanda","rwk":"rvaa","sa":"sanskriti","sad":"sandave","sah":"jakuudi","sam":"Samaaria aramea","saq":"samburu","sas":"sasaki","sat":"santali","saz":"sauraštra","sba":"ngambai","sbp":"sangu","sc":"sardi","scn":"sitsiilia","sco":"šoti","sd":"sindhi","sdh":"lõunakurdi","se":"põhjasaami","see":"seneka","seh":"sena","sei":"seri","sel":"sölkupi","ses":"koyraboro senni","sg":"sango","sga":"vanaiiri","sgs":"žemaidi","sh":"serbia-horvaadi","shi":"šilha","shn":"šani","shu":"Tšaadi araabia","si":"singali","sid":"sidamo","sk":"slovaki","sl":"sloveeni","slh":"Lõuna-Puget-Soundi sališi","sli":"alamsileesia","sly":"selajari","sm":"samoa","sma":"lõunasaami","smj":"Lule saami","smn":"Inari saami","sms":"koltasaami","sn":"šona","snk":"soninke","so":"somaali","sog":"sogdi","sq":"albaania","sr":"serbia","srn":"sranani","srr":"sereri","ss":"svaasi","ssy":"saho","st":"lõunasotho","stq":"saterfriisi","str":"väinasališi","su":"sunda","suk":"sukuma","sus":"susu","sux":"sumeri","sv":"rootsi","sw":"suahiili","sw-CD":"suahiili (Kongo DV)","swb":"komoori","syc":"vanasüüria","syr":"süüria","szl":"sileesia","ta":"tamili","tce":"lõunatutšoni","tcy":"tulu","te":"telugu","tem":"temne","teo":"teso","ter":"tereno","tet":"tetumi","tg":"tadžiki","tgx":"tagishi","th":"tai","tht":"tahltani","ti":"tigrinja","tig":"tigree","tiv":"tivi","tk":"türkmeeni","tkl":"tokelau","tkr":"tsahhi","tl":"tagalogi","tlh":"klingoni","tli":"tlingiti","tly":"talõši","tmh":"tamašeki","tn":"tsvana","to":"tonga","tog":"tšitonga","tok":"toki pona","tpi":"uusmelaneesia","tr":"türgi","tru":"turojo","trv":"taroko","ts":"tsonga","tsd":"tsakoonia","tsi":"tsimši","tt":"tatari","ttm":"põhjatutšoni","ttt":"lõunataadi","tum":"tumbuka","tvl":"tuvalu","tw":"tvii","twq":"taswaqi","ty":"tahiti","tyv":"tõva","tzm":"tamasikti","udm":"udmurdi","ug":"uiguuri","uga":"ugariti","uk":"ukraina","umb":"umbundu","und":"määramata keel","ur":"urdu","uz":"usbeki","vai":"vai","ve":"venda","vec":"veneti","vep":"vepsa","vi":"vietnami","vls":"lääneflaami","vmf":"Maini frangi","vo":"volapüki","vot":"vadja","vro":"võru","vun":"vundžo","wa":"vallooni","wae":"valsi","wal":"volaita","war":"varai","was":"vašo","wbp":"varlpiri","wo":"volofi","wuu":"uu","xal":"kalmõki","xh":"koosa","xmf":"megreli","xog":"soga","yao":"jao","yap":"japi","yav":"yangbeni","ybb":"jemba","yi":"jidiši","yo":"joruba","yrl":"njengatu","yue":"kantoni","za":"tšuangi","zap":"sapoteegi","zbl":"Blissi sümbolid","zea":"zeelandi","zen":"zenaga","zgh":"tamasikti (Maroko)","zh":"hiina","zh-Hans":"lihtsustatud hiina","zh-Hant":"traditsiooniline hiina","zu":"suulu","zun":"sunji","zxx":"mittekeeleline","zza":"zaza"},"narrow":{},"short":{"az":"aseri","en-GB":"inglise (ÜK)","en-US":"inglise (USA)"}}},"region":{"long":{"142":"Aasia","143":"Kesk-Aasia","145":"Lääne-Aasia","150":"Euroopa","151":"Ida-Euroopa","154":"Põhja-Euroopa","155":"Lääne-Euroopa","202":"Sahara-tagune Aafrika","419":"Ladina-Ameerika","001":"maailm","002":"Aafrika","003":"Põhja-Ameerika","005":"Lõuna-Ameerika","009":"Okeaania","011":"Lääne-Aafrika","013":"Kesk-Ameerika","014":"Ida-Aafrika","015":"Põhja-Aafrika","017":"Kesk-Aafrika","018":"Lõuna-Aafrika","019":"Ameerika","021":"Ameerika põhjaosa","029":"Kariibi piirkond","030":"Ida-Aasia","034":"Lõuna-Aasia","035":"Kagu-Aasia","039":"Lõuna-Euroopa","053":"Australaasia","054":"Melaneesia","057":"Mikroneesia (piirkond)","061":"Polüneesia","AC":"Ascensioni saar","AD":"Andorra","AE":"Araabia Ühendemiraadid","AF":"Afganistan","AG":"Antigua ja Barbuda","AI":"Anguilla","AL":"Albaania","AM":"Armeenia","AO":"Angola","AQ":"Antarktika","AR":"Argentina","AS":"Ameerika Samoa","AT":"Austria","AU":"Austraalia","AW":"Aruba","AX":"Ahvenamaa","AZ":"Aserbaidžaan","BA":"Bosnia ja Hertsegoviina","BB":"Barbados","BD":"Bangladesh","BE":"Belgia","BF":"Burkina Faso","BG":"Bulgaaria","BH":"Bahrein","BI":"Burundi","BJ":"Benin","BL":"Saint-Barthélemy","BM":"Bermuda","BN":"Brunei","BO":"Boliivia","BQ":"Hollandi Kariibi mere saared","BR":"Brasiilia","BS":"Bahama","BT":"Bhutan","BV":"Bouvet’ saar","BW":"Botswana","BY":"Valgevene","BZ":"Belize","CA":"Kanada","CC":"Kookossaared","CD":"Kongo DV","CF":"Kesk-Aafrika Vabariik","CG":"Kongo Vabariik","CH":"Šveits","CI":"Côte d’Ivoire","CK":"Cooki saared","CL":"Tšiili","CM":"Kamerun","CN":"Hiina","CO":"Colombia","CP":"Clippertoni saar","CR":"Costa Rica","CU":"Kuuba","CV":"Roheneemesaared","CW":"Curaçao","CX":"Jõulusaar","CY":"Küpros","CZ":"Tšehhi","DE":"Saksamaa","DG":"Diego Garcia","DJ":"Djibouti","DK":"Taani","DM":"Dominica","DO":"Dominikaani Vabariik","DZ":"Alžeeria","EA":"Ceuta ja Melilla","EC":"Ecuador","EE":"Eesti","EG":"Egiptus","EH":"Lääne-Sahara","ER":"Eritrea","ES":"Hispaania","ET":"Etioopia","EU":"Euroopa Liit","EZ":"euroala","FI":"Soome","FJ":"Fidži","FK":"Falklandi saared","FM":"Mikroneesia","FO":"Fääri saared","FR":"Prantsusmaa","GA":"Gabon","GB":"Ühendkuningriik","GD":"Grenada","GE":"Gruusia","GF":"Prantsuse Guajaana","GG":"Guernsey","GH":"Ghana","GI":"Gibraltar","GL":"Gröönimaa","GM":"Gambia","GN":"Guinea","GP":"Guadeloupe","GQ":"Ekvatoriaal-Guinea","GR":"Kreeka","GS":"Lõuna-Georgia ja Lõuna-Sandwichi saared","GT":"Guatemala","GU":"Guam","GW":"Guinea-Bissau","GY":"Guyana","HK":"Hongkongi erihalduspiirkond","HM":"Heardi ja McDonaldi saared","HN":"Honduras","HR":"Horvaatia","HT":"Haiti","HU":"Ungari","IC":"Kanaari saared","ID":"Indoneesia","IE":"Iirimaa","IL":"Iisrael","IM":"Mani saar","IN":"India","IO":"Briti India ookeani ala","IQ":"Iraak","IR":"Iraan","IS":"Island","IT":"Itaalia","JE":"Jersey","JM":"Jamaica","JO":"Jordaania","JP":"Jaapan","KE":"Keenia","KG":"Kõrgõzstan","KH":"Kambodža","KI":"Kiribati","KM":"Komoorid","KN":"Saint Kitts ja Nevis","KP":"Põhja-Korea","KR":"Lõuna-Korea","KW":"Kuveit","KY":"Kaimanisaared","KZ":"Kasahstan","LA":"Laos","LB":"Liibanon","LC":"Saint Lucia","LI":"Liechtenstein","LK":"Sri Lanka","LR":"Libeeria","LS":"Lesotho","LT":"Leedu","LU":"Luksemburg","LV":"Läti","LY":"Liibüa","MA":"Maroko","MC":"Monaco","MD":"Moldova","ME":"Montenegro","MF":"Saint-Martin","MG":"Madagaskar","MH":"Marshalli Saared","MK":"Põhja-Makedoonia","ML":"Mali","MM":"Myanmar (Birma)","MN":"Mongoolia","MO":"Macau erihalduspiirkond","MP":"Põhja-Mariaanid","MQ":"Martinique","MR":"Mauritaania","MS":"Montserrat","MT":"Malta","MU":"Mauritius","MV":"Maldiivid","MW":"Malawi","MX":"Mehhiko","MY":"Malaisia","MZ":"Mosambiik","NA":"Namiibia","NC":"Uus-Kaledoonia","NE":"Niger","NF":"Norfolk","NG":"Nigeeria","NI":"Nicaragua","NL":"Holland","NO":"Norra","NP":"Nepal","NR":"Nauru","NU":"Niue","NZ":"Uus-Meremaa","OM":"Omaan","PA":"Panama","PE":"Peruu","PF":"Prantsuse Polüneesia","PG":"Paapua Uus-Guinea","PH":"Filipiinid","PK":"Pakistan","PL":"Poola","PM":"Saint-Pierre ja Miquelon","PN":"Pitcairni saared","PR":"Puerto Rico","PS":"Palestiina alad","PT":"Portugal","PW":"Belau","PY":"Paraguay","QA":"Katar","QO":"Okeaania hajasaared","RE":"Réunion","RO":"Rumeenia","RS":"Serbia","RU":"Venemaa","RW":"Rwanda","SA":"Saudi Araabia","SB":"Saalomoni Saared","SC":"Seišellid","SD":"Sudaan","SE":"Rootsi","SG":"Singapur","SH":"Saint Helena","SI":"Sloveenia","SJ":"Svalbard ja Jan Mayen","SK":"Slovakkia","SL":"Sierra Leone","SM":"San Marino","SN":"Senegal","SO":"Somaalia","SR":"Suriname","SS":"Lõuna-Sudaan","ST":"São Tomé ja Príncipe","SV":"El Salvador","SX":"Sint Maarten","SY":"Süüria","SZ":"Svaasimaa","TA":"Tristan da Cunha","TC":"Turks ja Caicos","TD":"Tšaad","TF":"Prantsuse Lõunaalad","TG":"Togo","TH":"Tai","TJ":"Tadžikistan","TK":"Tokelau","TL":"Ida-Timor","TM":"Türkmenistan","TN":"Tuneesia","TO":"Tonga","TR":"Türgi","TT":"Trinidad ja Tobago","TV":"Tuvalu","TW":"Taiwan","TZ":"Tansaania","UA":"Ukraina","UG":"Uganda","UM":"Ühendriikide hajasaared","UN":"Ühinenud Rahvaste Organisatsioon","US":"Ameerika Ühendriigid","UY":"Uruguay","UZ":"Usbekistan","VA":"Vatikan","VC":"Saint Vincent ja Grenadiinid","VE":"Venezuela","VG":"Briti Neitsisaared","VI":"USA Neitsisaared","VN":"Vietnam","VU":"Vanuatu","WF":"Wallis ja Futuna","WS":"Samoa","XA":"pseudo-aktsent","XB":"pseudo-Bidi","XK":"Kosovo","YE":"Jeemen","YT":"Mayotte","ZA":"Lõuna-Aafrika Vabariik","ZM":"Sambia","ZW":"Zimbabwe","ZZ":"tundmatu piirkond"},"narrow":{},"short":{"GB":"ÜK","HK":"Hongkong","MO":"Macau","PS":"Palestiina","UN":"ÜRO","US":"USA"}},"script":{"long":{"Adlm":"adlami","Afak":"afaka","Aghb":"albaani","Ahom":"ahomi","Arab":"araabia","Aran":"nastaliik","Armi":"vanaaramea","Armn":"armeenia","Avst":"avesta","Bali":"bali","Bamu":"bamumi","Bass":"bassa","Batk":"bataki","Beng":"bengali","Blis":"Blissi sümbolid","Bopo":"bopomofo","Brah":"braahmi","Brai":"punktkiri","Bugi":"bugi","Buhd":"buhidi","Cakm":"tšaakma","Cans":"Kanada põlisrahvaste ühtlustatud silpkiri","Cari":"kaaria","Cham":"tšaami","Cher":"tšerokii","Chrs":"horezmi","Cirt":"Cirthi","Copt":"kopti","Cpmn":"Küprose minose","Cprt":"Küprose silpkiri","Cyrl":"kirillitsa","Cyrs":"kürilliline kirikuslaavi","Deva":"devanaagari","Diak":"divehi","Dsrt":"desereti","Dupl":"Duployé kiirkiri","Egyd":"egiptuse demootiline","Egyh":"egiptuse hieraatiline","Egyp":"egiptuse hieroglüüfkiri","Elba":"Elbasani","Ethi":"etioopia","Geok":"hutsuri","Geor":"gruusia","Glag":"glagoolitsa","Gong":"Gūnjāla gondi","Gonm":"Masarami gondi","Goth":"gooti","Gran":"grantha","Grek":"kreeka","Gujr":"gudžarati","Guru":"gurmukhi","Hanb":"hanbi","Hang":"korea","Hani":"hani","Hano":"hanunoo","Hans":"lihtsustatud","Hant":"traditsiooniline","Hatr":"Hatra","Hebr":"heebrea","Hira":"hiragana","Hluw":"Anatoolia hieroglüüfkiri","Hmng":"phahau-hmongi kiri","Hrkt":"jaapani silpkirjad","Hung":"vanaungari","Inds":"Induse","Ital":"vanaitali","Jamo":"jamo","Java":"jaava","Jpan":"jaapani","Jurc":"tšurtšeni","Kali":"kaja-lii","Kana":"katakana","Khar":"kharoshthi","Khmr":"khmeeri","Khoj":"hodžki","Kits":"kitani väike kiri","Knda":"kannada","Kore":"korea segakiri","Kpel":"kpelle","Kthi":"kaithi","Lana":"tai-thami","Laoo":"lao","Latf":"ladina fraktuurkiri","Latg":"ladina gaeli","Latn":"ladina","Lepc":"leptša","Limb":"limbu","Lina":"lineaarkiri A","Linb":"lineaarkiri B","Lisu":"lisu","Loma":"loma","Lyci":"lüükia","Lydi":"lüüdia","Mahj":"mahaadžani","Maka":"makassari","Mand":"mandea","Mani":"mani","Maya":"maaja hieroglüüfkiri","Mend":"mende","Merc":"meroe kursiivkiri","Mero":"meroe","Mlym":"malajalami","Modi":"modi","Mong":"mongoli","Moon":"Mooni","Mroo":"mruu","Mtei":"meitei","Mult":"Multani","Mymr":"birma","Narb":"Põhja-Araabia","Nbat":"Nabatea","Newa":"nevari","Nkgb":"nasi","Nkoo":"nkoo","Nshu":"nüšu","Ogam":"ogam","Olck":"santali","Orkh":"Orhoni","Orya":"oria","Osge":"oseidži","Osma":"osmani","Ougr":"vanauiguuri","Palm":"Palmyra","Perm":"vanapermi","Phag":"phakpa","Phli":"pahlavi raidkiri","Phlp":"pahlavi psalmikiri","Phlv":"pahlavi raamatukiri","Phnx":"foiniikia","Plrd":"Pollardi miao","Prti":"partia raidkiri","Rjng":"redžangi","Rohg":"rohingja","Roro":"rongorongo","Runr":"ruunikiri","Samr":"Samaaria","Sara":"sarati","Sarb":"Lõuna-Araabia","Saur":"sauraštra","Sgnw":"viipekiri","Shaw":"Shaw’ kiri","Shrd":"šaarada","Sidd":"siddhami","Sind":"hudavadi","Sinh":"singali","Sogd":"sogdi","Sogo":"vanasogdi","Sora":"sora","Soyo":"sojombo","Sund":"sunda","Sylo":"siloti","Syrc":"süüria","Syre":"süüria estrangelo","Syrj":"läänesüüria","Syrn":"idasüüria","Tagb":"tagbanva","Takr":"taakri","Tale":"tai-löö","Talu":"uus tai-lõõ","Taml":"tamili","Tang":"tanguudi","Tavt":"tai-vieti","Telu":"telugu","Teng":"Tengwari","Tfng":"tifinagi","Tglg":"tagalogi","Thaa":"taana","Thai":"tai","Tibt":"tiibeti","Tirh":"tirhuta","Tnsa":"tase","Toto":"toto","Ugar":"ugariti","Vaii":"vai","Visp":"nähtava kõne","Vith":"Vithkuqi","Wara":"hoo","Wcho":"vantšo","Wole":"voleai","Xpeo":"vanapärsia","Xsux":"sumeri-akadi kiilkiri","Yiii":"jii","Zanb":"Dzanabadzari ruutkiri","Zinh":"päritud","Zmth":"matemaatiline tähistus","Zsye":"emoji","Zsym":"sümbolid","Zxxx":"kirjakeeleta","Zyyy":"üldine","Zzzz":"määramata kiri"},"narrow":{},"short":{}}}},"locale":"et"}