{"data":{"patterns":{"locale":"{0} ({1})"},"types":{"calendar":{"long":{"buddhist":"Egutegi budista","chinese":"Txinatar egutegia","coptic":"Egutegi koptoa","dangi":"Dangi egutegia","ethiopic":"Egutegi etiopiarra","ethiopic-amete-alem":"Amete Alem egutegi etiopiarra","gregorian":"Egutegi gregoriarra","hebrew":"Hebrear egutegia","indian":"Indiar egutegia","islamic":"Islamiar egutegia","islamic-civil":"Islamiar egutegia (taula-formakoa, garai zibilekoa)","islamic-rgsa":"Islamiar egutegia (Saudi Arabia, ikuspegiak)","islamic-tbla":"Islamiar egutegia (taula-formakoa, gai astronomikokoa)","islamic-umalqura":"Islamiar egutegia (Umm al-Qura)","iso8601":"ISO-8601 egutegia","japanese":"Japoniar egutegia","persian":"Egutegi persiarra","roc":"Minguo egutegia"},"narrow":{},"short":{}},"currency":{"long":{"ADP":"pezeta andorratarra","AED":"Arabiar Emirerri Batuetako dirhama","AFA":"afghani afgandarra (1927–2002)","AFN":"afgani afganiarra","ALK":"lek albaniarra (1946–1965)","ALL":"lek albaniarra","AMD":"dram armeniarra","ANG":"florin antillarra","AOA":"kwanza angolarra","AOK":"kwanza angolarra (1977–1991)","AON":"kwanza angolar berria (1990–2000)","AOR":"kwanza angolar birdoitua (1995–1999)","ARA":"austral argentinarra","ARL":"peso ley argentinarra (1970–1983)","ARM":"peso argentinarra (1981–1970)","ARP":"peso argentinarra (1983–1985)","ARS":"peso argentinarra","ATS":"txelin austriarra","AUD":"dolar australiarra","AWG":"florin arubarra","AZM":"manat azerbaijandarra (1993–2006)","AZN":"manat azerbaijandarra","BAD":"dinar bosnia-herzegovinarra (1992–1994)","BAM":"marko bihurgarri bosniarra","BAN":"dinar bosnia-herzegovinar berria (1994–1997)","BBD":"dolar barbadostarra","BDT":"taka bangladeshtarra","BEC":"franko belgikarra (bihurgarria)","BEF":"franko belgikarra","BEL":"franko belgikarra (finantzarioa)","BGL":"Lev bulgariar indartsua","BGM":"Lev bulgariar sozialista","BGN":"lev bulgariarra","BGO":"Lev bulgariarra (1879–1952)","BHD":"dinar bahraindarra","BIF":"franko burundiarra","BMD":"dolar bermudarra","BND":"dolar bruneitarra","BOB":"boliviano boliviarra","BOL":"boliviano boliviarra (1863–1963)","BOP":"peso boliviarra","BOV":"mvdol boliviarra","BRB":"cruzeiro brasildar berria (1967–1986)","BRC":"cruzado brasildarra (1986–1989)","BRE":"cruzeiro brasildarra (1990–1993)","BRL":"erreal brasildarra","BRN":"cruzado brasildar berria (1989–1990)","BRR":"cruzeiro brasildar berria (1993–1994)","BRZ":"cruzeiro brasildarra (1942–1967)","BSD":"dolar bahamarra","BTN":"ngultrum bhutandarra","BUK":"kyat birmaniarra","BWP":"pula botswanarra","BYB":"errublo bielorrusiarra (1994–1999)","BYN":"errublo bielorrusiarra","BYR":"Bielorrusiako errubloa (2000–2016)","BZD":"dolar belizetarra","CAD":"dolar kanadarra","CDF":"franko kongoarra","CHE":"WIR euroa","CHF":"franko suitzarra","CHW":"WIR frankoa","CLE":"ezkutu txiletarra","CLF":"kontu-unitate txiletarra (UF)","CLP":"peso txiletarra","CNH":"yuan txinatarra (itsasoz haraindikoa)","CNX":"Txinako Herri Bankuaren dolarra","CNY":"yuan txinatarra","COP":"peso kolonbiarra","COU":"erreal kolonbiarraren balio-unitatea","CRC":"colon costarricarra","CSD":"dinar serbiarra (2002–2006)","CSK":"Txekoslovakiako koroa indartsua","CUC":"peso bihurgarri kubatarra","CUP":"peso kubatarra","CVE":"ezkutu caboverdetarra","CYP":"libera zipretarra","CZK":"koroa txekiarra","DDM":"Ekialdeko Alemaniako markoa","DEM":"marko alemana","DJF":"franko djibutiarra","DKK":"koroa danimarkarra","DOP":"peso dominikarra","DZD":"dinar aljeriarra","ECS":"sukre ekuadortarra","ECV":"balio-unitate konstante ekuadortarra","EEK":"kroon estoniarra","EGP":"libera egiptoarra","ERN":"nakfa eritrearra","ESA":"pezeta espainiarra (A kontua)","ESB":"pezeta espainiarra (kontu bihurgarria)","ESP":"pezeta espainiarra","ETB":"birr etiopiarra","EUR":"euroa","FIM":"markka finlandiarra","FJD":"dolar fijiarra","FKP":"libera falklandarra","FRF":"libera frantsesa","GBP":"libera esterlina","GEK":"kupon larit georgiarra","GEL":"lari georgiarra","GHC":"cedi ghanatarra (1979–2007)","GHS":"cedi ghanatarra","GIP":"libera gibraltartarra","GMD":"dalasi gambiarra","GNF":"franko ginearra","GNS":"syli ginearra","GQE":"ekwele ekuatoreginearra","GRD":"drakma greziarra","GTQ":"ketzal guatemalarra","GWE":"Gineako ezkutu portugesa","GWP":"peso gineabissautarra","GYD":"dolar guyanarra","HKD":"dolar hongkongtarra","HNL":"lempira hodurastarra","HRD":"dinar kroaziarra","HRK":"kuna kroaziarra","HTG":"gourde haitiarra","HUF":"forint hungariarra","IDR":"errupia indonesiarra","IEP":"libera irlandarra","ILP":"libera israeldarra","ILR":"shekel israeldarra (1980–1985)","ILS":"shekel israeldar berria","INR":"errupia indiarra","IQD":"dinar irakiarra","IRR":"rial irandarra","ISJ":"koroa islandiarra (1918–1981)","ISK":"koroa islandiarra","ITL":"lira italiarra","JMD":"dolar jamaikarra","JOD":"dinar jordaniarra","JPY":"yen japoniarra","KES":"txelin kenyarra","KGS":"som kirgizistandarra","KHR":"riel kanbodiarra","KMF":"franko komoretarra","KPW":"won iparkorearra","KRH":"hwan hegokorearra (1953–1962)","KRO":"won hegokorearra (1945–1953)","KRW":"won hegokorearra","KWD":"dinar kuwaitarra","KYD":"dolar kaimandarra","KZT":"tenge kazakhstandarra","LAK":"kip laostarra","LBP":"libera libanoarra","LKR":"errupia srilankarra","LRD":"dolar liberiarra","LSL":"loti lesothoarra","LTL":"Lituaniako litasa","LTT":"Lituaniako talonasa","LUC":"Luxenburgoko franko bihurgarria","LUF":"Luxenburgoko frankoa","LUL":"Luxenburgoko finantza-frankoa","LVL":"Letoniako latsa","LVR":"Letoniako errubloa","LYD":"dinar libiarra","MAD":"dirham marokoarra","MAF":"franko marokoarra","MCF":"Monakoko frankoa","MDC":"kupoi moldaviarra","MDL":"leu moldaviarra","MGA":"ariary madagaskartarra","MGF":"franko malagasiarra","MKD":"dinar mazedoniarra","MKN":"dinar mazedoniarra (1992–1993)","MLF":"franko maliarra","MMK":"kyat myanmartarra","MNT":"tugrik mongoliarra","MOP":"pataca macauarra","MRO":"Mauritaniako ouguiya (1973–2017)","MRU":"uguiya mauritaniarra","MTL":"lira maltarra","MTP":"libera maltar","MUR":"errupia mauriziarra","MVP":"errupia maldivarra (1947–1981)","MVR":"rufiyaa maldivarra","MWK":"kwacha malawiarra","MXN":"peso mexikarra","MXP":"Zilar-peso amerikarra (1861–1992)","MXV":"Inbertsio-unitate mexikarra","MYR":"ringgit malaysiarra","MZE":"ezkutu mozambiketarra","MZM":"metikal mozambiketarra","MZN":"metical mozambiketarra","NAD":"dolar namibiarra","NGN":"naira nigeriarra","NIC":"kordoba nikaraguar (1988–1991)","NIO":"cordoba nikaraguarra","NLG":"gilder herbeheretarra","NOK":"koroa norvegiarra","NPR":"errupia nepaldarra","NZD":"dolar zeelandaberritarra","OMR":"rial omandarra","PAB":"balboa panamarra","PEI":"inti perutarra","PEN":"sol perutarra","PES":"sol perutarra (1863–1965)","PGK":"kina gineaberriarra","PHP":"peso filipinarra","PKR":"errupia pakistandarra","PLN":"zloty poloniarra","PLZ":"zloty poloniarra (1950–1995)","PTE":"ezkutu portugesa","PYG":"guarani paraguaitarra","QAR":"riyal qatartarra","RHD":"dolar rhodesiarra","ROL":"leu errumaniarra (1952–2006)","RON":"leu errumaniarra","RSD":"dinar serbiarra","RUB":"errublo errusiarra","RUR":"errublo errusiarra (1991–1998)","RWF":"franko ruandarra","SAR":"riyal saudiarabiarra","SBD":"dolar salomondarra","SCR":"errupia seychelletarra","SDD":"dinar sudandarra (1992–2007)","SDG":"libera sudandarra","SDP":"libera sudandarra (1957–1998)","SEK":"koroa suediarra","SGD":"dolar singapurtarra","SHP":"Santa Helenako libera","SIT":"tolar esloveniarra","SKK":"koroa eslovakiarra","SLE":"leone sierraleonar berria","SLL":"leone sierraleonarra","SOS":"txelin somaliarra","SRD":"dolar surinamdarra","SRG":"gilder surinamdarra","SSP":"libera hegosudandarra","STD":"Sao Tomeko eta Principeko dobra (1977–2017)","STN":"dobra saotometarra","SUR":"errublo sovietarra","SVC":"kolon salvadortarra","SYP":"libera siriarra","SZL":"lilangeni swazilandiarra","THB":"baht thailandiarra","TJR":"errublo tajikistandarra","TJS":"somoni tajikistandarra","TMM":"manat turkmenistandarra (1993–2009)","TMT":"manat turkmenistandarra","TND":"dinar tunisiarra","TOP":"paʻanga tongatarra","TPE":"ezkutu timortarra","TRL":"lira turkiarra (1922–2005)","TRY":"lira turkiarra","TTD":"dolar trinitatearra","TWD":"dolar taiwandar berria","TZS":"txelin tanzaniarra","UAH":"hryvnia ukrainarra","UAK":"karbovanets ukrainarra","UGS":"txelin ugandarra (1966–1987)","UGX":"txelin ugandarra","USD":"dolar estatubatuarra","USN":"dolar estatubatuar (Hurrengo eguna)","USS":"dolar estatubatuar (Egun berean)","UYI":"peso uruguaitarra (unitate indexatuak)","UYP":"peso uruguaitarra (1975–1993)","UYU":"peso uruguaitarra","UYW":"soldata nominalaren indize-unitate uruguaitarra","UZS":"sum uzbekistandarra","VEB":"Venezuelako bolivarra (1871–2008)","VED":"bolivar subiraua","VEF":"Venezuelako bolivarra (2008–2018)","VES":"bolivar venezuelarra","VND":"dong vietnamdarra","VNN":"dong vietnamdar (1978–1985)","VUV":"vatu vanuatuarra","WST":"tala samoarra","XAF":"Afrika erdialdeko CFA frankoa","XAG":"zilarra","XAU":"urrea","XBA":"Europako unitate konposatua","XBB":"Europako moneta-unitatea","XBC":"Europako kontu-unitatea (XBC)","XBD":"Europako kontu-unitatea (XBD)","XCD":"dolar ekikaribearra","XDR":"igorpen-eskubide berezia","XEU":"Europako dibisa-unitatea","XFO":"urrezko libera frantsesa","XFU":"UIC libera frantsesa","XOF":"Afrika mendebaldeko CFA frankoa","XPD":"paladioa","XPF":"CFP frankoa","XPT":"platinozko troy ontza","XRE":"RINET funtsak","XSU":"sucrea","XTS":"aztertzeko dibisa-unitatea","XUA":"ADB kontu-unitatea","XXX":"moneta ezezaguna","YDD":"dinar yemendarra","YER":"rial yemendarra","YUD":"dinar yugoslaviar indartsua (1966–1990)","YUM":"dinar yugoslaviar berria (1994–2002)","YUN":"dinar yugoslaviar bihurgarria (1990–1992)","YUR":"dinar yugoslaviar erreformatua (1992–1993)","ZAL":"rand hegoafrikarra (finantzarioa)","ZAR":"rand hegoafrikarra","ZMK":"Zambiako kwacha (1968–2012)","ZMW":"kwacha zambiarra","ZRN":"zaire berri zairetarra (1993–1998)","ZRZ":"zaire zairetarra (1971–1993)","ZWD":"dolar zimbabwetarra (1980–2008)","ZWL":"dolar zimbabwetarra (2009)","ZWR":"dolar zimbabwetarra (2008)"},"narrow":{},"short":{}},"dateTimeField":{"long":{"day":"eguna","dayOfYear":"urteko #. eguna","dayperiod":"AM/PM","era":"aroa","hour":"ordua","minute":"minutua","month":"hilabetea","quarter":"hiruhilekoa","second":"segundoa","timeZoneName":"ordu-zona","weekOfMonth":"hileko #. astea","weekOfYear":"astea","weekday":"asteguna","weekdayOfMonth":"hileko #. asteguna","year":"urtea"},"narrow":{"day":"eg.","dayOfYear":"urteko #. eguna","dayperiod":"AM/PM","era":"aroa","hour":"h","minute":"min","month":"hil.","quarter":"hiruhil.","second":"s","timeZoneName":"ordu-zona","weekOfMonth":"hileko #. astea","weekOfYear":"ast.","weekday":"asteguna","weekdayOfMonth":"hileko #. asteguna","year":"urtea"},"short":{"day":"eg.","dayOfYear":"urteko #. eguna","dayperiod":"AM/PM","era":"aroa","hour":"h","minute":"min","month":"hil.","quarter":"hiruhil.","second":"s","timeZoneName":"ordu-zona","weekOfMonth":"hileko #. astea","weekOfYear":"ast.","weekday":"asteguna","weekdayOfMonth":"hileko #. asteguna","year":"urtea"}},"language":{"dialect":{"long":{"aa":"afarera","ab":"abkhaziera","ace":"acehnera","ach":"acholiera","ada":"adangmera","ady":"adigera","af":"afrikaansa","agq":"aghemera","ain":"ainuera","ak":"akanera","ale":"aleutera","alt":"hegoaldeko altaiera","am":"amharera","an":"aragoiera","ann":"oboloera","anp":"angikera","ar":"arabiera","ar-001":"arabiera moderno estandarra","arn":"mapudunguna","arp":"arapahoera","ars":"Najdeko arabiera","as":"assamera","asa":"asua","ast":"asturiera","atj":"atikamekwera","av":"avarera","awa":"awadhiera","ay":"aimara","az":"azerbaijanera","ba":"baxkirera","ban":"baliera","bas":"basaa","be":"bielorrusiera","bem":"bembera","bez":"benera","bg":"bulgariera","bho":"bhojpurera","bi":"bislama","bin":"edoera","bla":"siksikera","bm":"bambarera","bn":"bengalera","bo":"tibetera","br":"bretoiera","brx":"bodoera","bs":"bosniera","bug":"buginera","byn":"bilenera","ca":"katalana","cay":"cayugera","ccp":"chakmera","ce":"txetxenera","ceb":"cebuanoera","cgg":"chiga","ch":"txamorroera","chk":"chuukera","chm":"mariera","cho":"txoktawera","chp":"chipewyera","chr":"txerokiera","chy":"txeienera","ckb":"erdialdeko kurduera","clc":"chilcotinera","co":"korsikera","crg":"metisera","crj":"hego-ekialdeko creera","crk":"lautadetako creera","crl":"ipar-ekialdeko creera","crm":"Mooseko creera","crr":"Carolinako algonkinera","crs":"Seychelleetako kreolera","cs":"txekiera","csw":"zingiretako creera","cu":"elizako eslaviera","cv":"txuvaxera","cy":"galesa","da":"daniera","dak":"dakotera","dar":"darginera","dav":"taitera","de":"alemana","de-AT":"Austriako alemana","de-CH":"Suitzako aleman garaia","dgr":"dogribera","dje":"zarma","doi":"dogria","dsb":"behe-sorabiera","dua":"dualera","dv":"dhivehia","dyo":"fonyi jolera","dz":"dzongkha","dzg":"dazaera","ebu":"embuera","ee":"eweera","efi":"efikera","eka":"ekajuka","el":"greziera","en":"ingelesa","en-AU":"Australiako ingelesa","en-CA":"Kanadako ingelesa","en-GB":"Britainia Handiko ingelesa","en-US":"ingeles amerikarra","eo":"esperantoa","es":"espainiera","es-419":"Latinoamerikako espainiera","es-ES":"espainiera (Europa)","es-MX":"Mexikoko espainiera","et":"estoniera","eu":"euskara","ewo":"ewondoa","fa":"persiera","fa-AF":"daria","ff":"fula","fi":"finlandiera","fil":"filipinera","fj":"fijiera","fo":"faroera","fon":"fonera","fr":"frantsesa","fr-CA":"Kanadako frantsesa","fr-CH":"Suitzako frantsesa","frc":"cajun frantsesa","frr":"iparraldeko frisiera","fur":"friulera","fy":"frisiera","ga":"irlandera","gaa":"gaera","gag":"gagauzera","gd":"Eskoziako gaelikoa","gez":"ge’eza","gil":"kiribatiera","gl":"galiziera","gn":"guaraniera","gor":"gorontaloera","gsw":"Suitzako alemana","gu":"gujaratera","guz":"gusiiera","gv":"manxera","gwi":"gwich’inera","ha":"hausa","hai":"haidera","haw":"hawaiiera","hax":"hegoaldeko haidera","he":"hebreera","hi":"hindia","hil":"hiligaynonera","hmn":"hmonga","hr":"kroaziera","hsb":"goi-sorabiera","ht":"Haitiko kreolera","hu":"hungariera","hup":"hupera","hur":"halkomelema","hy":"armeniera","hz":"hereroera","ia":"interlingua","iba":"ibanera","ibb":"ibibioera","id":"indonesiera","ie":"interlingue","ig":"igboera","ii":"Sichuango yiera","ikt":"Kanada mendebaldeko inuitera","ilo":"ilocanoera","inh":"ingushera","io":"idoa","is":"islandiera","it":"italiera","iu":"inuitera","ja":"japoniera","jbo":"lojbana","jgo":"ngomba","jmc":"machamea","jv":"javera","ka":"georgiera","kab":"kabiliera","kac":"jingphoera","kaj":"jjua","kam":"kambera","kbd":"kabardiera","kcg":"tyapa","kde":"makondeera","kea":"Cabo Verdeko kreolera","kfo":"koroa","kg":"kikongoa","kgp":"kaingangera","kha":"khasiera","khq":"koyra chiinia","ki":"kikuyuera","kj":"kuanyama","kk":"kazakhera","kkj":"kakoa","kl":"groenlandiera","kln":"kalenjinera","km":"khemerera","kmb":"kimbundua","kn":"kannada","ko":"koreera","koi":"komi-permyakera","kok":"konkanera","kpe":"kpelleera","kr":"kanuriera","krc":"karachayera-balkarera","krl":"kareliera","kru":"kurukhera","ks":"kaxmirera","ksb":"shambalera","ksf":"bafiera","ksh":"koloniera","ku":"kurduera","kum":"kumykera","kv":"komiera","kw":"kornubiera","kwk":"kwakwala","ky":"kirgizera","la":"latina","lad":"ladinoa","lag":"langiera","lb":"luxenburgera","lez":"lezginera","lg":"luganda","li":"limburgera","lij":"liguriera","lil":"lillooetera","lkt":"lakotera","ln":"lingala","lo":"laosera","lou":"Louisianako kreolera","loz":"loziera","lrc":"iparraldeko lurera","lsm":"saamia","lt":"lituaniera","lu":"Katangako lubera","lua":"Kasai mendebaldeko lubera","lun":"lundera","luo":"luoera","lus":"mizoera","luy":"luhyera","lv":"letoniera","mad":"madurera","mag":"magadhera","mai":"maithilia","mak":"makassarera","mas":"masaiera","mdf":"mokxera","men":"mendeera","mer":"meruera","mfe":"Mauritaniako kreolera","mg":"malgaxea","mgh":"makhuwa-meettoera","mgo":"metaʼera","mh":"marshallera","mi":"maoriera","mic":"mikmakera","min":"minangkabauera","mk":"mazedoniera","ml":"malabarera","mn":"mongoliera","mni":"manipurera","moe":"innuera","moh":"mohawkera","mos":"mossiera","mr":"marathera","ms":"malaysiera","mt":"maltera","mua":"mudangera","mul":"zenbait hizkuntza","mus":"muscogeera","mwl":"mirandesa","my":"birmaniera","myv":"erziera","mzn":"mazandarandera","na":"nauruera","nap":"napoliera","naq":"namera","nb":"bokmål (norvegiera)","nd":"iparraldeko ndebeleera","nds":"behe-alemana","nds-NL":"behe-saxoiera","ne":"nepalera","new":"newarera","ng":"ndonga","nia":"niasera","niu":"niueera","nl":"nederlandera","nl-BE":"flandriera","nmg":"kwasiera","nn":"nynorsk (norvegiera)","nnh":"ngiemboonera","no":"norvegiera","nog":"nogaiera","nqo":"n’koera","nr":"hegoaldeko ndebelera","nso":"pediera","nus":"nuerera","nv":"navajoera","ny":"chewera","nyn":"nkoreera","oc":"okzitaniera","ojb":"ipar-mendebaldeko ojibwa","ojc":"erdialdeko ojibwa","ojs":"oji-creera","ojw":"mendebaldeko ojibwa","oka":"okanaganera","om":"oromoera","or":"oriya","os":"osetiera","pa":"punjabera","pag":"pangasinanera","pam":"pampangera","pap":"papiamentoa","pau":"palauera","pcm":"Nigeriako pidgina","pis":"pijina","pl":"poloniera","pqm":"maliseet-passamaquoddyera","prg":"prusiera","ps":"paxtunera","pt":"portugesa","pt-BR":"Brasilgo portugesa","pt-PT":"Europako portugesa","qu":"kitxua","quc":"quicheera","rap":"rapanuia","rar":"rarotongera","rhg":"rohingyera","rm":"erretorromaniera","rn":"rundiera","ro":"errumaniera","ro-MD":"moldaviera","rof":"romboa","ru":"errusiera","rup":"aromaniera","rw":"kinyaruanda","rwk":"rwera","sa":"sanskritoa","sad":"sandaweera","sah":"sakhera","saq":"samburuera","sat":"santalera","sba":"ngambayera","sbp":"sanguera","sc":"sardiniera","scn":"siziliera","sco":"eskoziera","sd":"sindhia","se":"iparraldeko samiera","seh":"senera","ses":"koyraboro sennia","sg":"sangoa","sh":"serbokroaziera","shi":"tachelhita","shn":"shanera","si":"sinhala","sk":"eslovakiera","sl":"esloveniera","slh":"lushootseeda","sm":"samoera","sma":"hegoaldeko samiera","smj":"Luleko samiera","smn":"Inariko samiera","sms":"skolten samiera","sn":"shonera","snk":"soninkera","so":"somaliera","sq":"albaniera","sr":"serbiera","srn":"srananera","ss":"swatiera","ssy":"sahoa","st":"hegoaldeko sothoera","str":"itsasarteetako salishera","su":"sundanera","suk":"sukumera","sv":"suediera","sw":"swahilia","sw-CD":"Kongoko swahilia","swb":"komoreera","syr":"asiriera","ta":"tamilera","tce":"hegoaldeko tutchoneera","te":"telugua","tem":"temnea","teo":"tesoera","tet":"tetuma","tg":"tajikera","tgx":"tagishera","th":"thailandiera","tht":"tahltanera","ti":"tigrinyera","tig":"tigrea","tk":"turkmenera","tl":"tagaloa","tlh":"klingonera","tli":"tlingitera","tn":"tswanera","to":"tongera","tok":"toki pona","tpi":"tok pisin","tr":"turkiera","trv":"tarokoa","ts":"tsongera","tt":"tatarera","ttm":"iparraldeko tutchoneera","tum":"tumbukera","tvl":"tuvaluera","tw":"twia","twq":"tasawaqa","ty":"tahitiera","tyv":"tuvera","tzm":"Erdialdeko Atlaseko amazigera","udm":"udmurtera","ug":"uigurrera","uk":"ukrainera","umb":"umbundua","und":"hizkuntza ezezaguna","ur":"urdua","uz":"uzbekera","vai":"vaiera","ve":"vendera","vec":"veneziera","vi":"vietnamera","vo":"volapük","vun":"vunjoa","wa":"waloiera","wae":"walserera","wal":"welayta","war":"samerera","wo":"wolofera","wuu":"wu txinera","xal":"kalmykera","xh":"xhosera","xog":"sogera","yav":"yangbenera","ybb":"yemba","yi":"yiddisha","yo":"jorubera","yrl":"nheengatua","yue":"kantonera","zgh":"amazigera estandarra","zh":"txinera","zh-Hans":"txinera sinplifikatua","zh-Hant":"txinera tradizionala","zu":"zuluera","zun":"zuñia","zxx":"ez dago eduki linguistikorik","zza":"zazera"},"narrow":{},"short":{"az":"azerbaijanera","en-GB":"Erresuma Batuko ingelesa","en-US":"AEBko ingelesa"}},"standard":{"long":{"aa":"afarera","ab":"abkhaziera","ace":"acehnera","ach":"acholiera","ada":"adangmera","ady":"adigera","af":"afrikaansa","agq":"aghemera","ain":"ainuera","ak":"akanera","ale":"aleutera","alt":"hegoaldeko altaiera","am":"amharera","an":"aragoiera","ann":"oboloera","anp":"angikera","ar":"arabiera","ar-001":"arabiera (Mundua)","arn":"mapudunguna","arp":"arapahoera","ars":"Najdeko arabiera","as":"assamera","asa":"asua","ast":"asturiera","atj":"atikamekwera","av":"avarera","awa":"awadhiera","ay":"aimara","az":"azerbaijanera","ba":"baxkirera","ban":"baliera","bas":"basaa","be":"bielorrusiera","bem":"bembera","bez":"benera","bg":"bulgariera","bho":"bhojpurera","bi":"bislama","bin":"edoera","bla":"siksikera","bm":"bambarera","bn":"bengalera","bo":"tibetera","br":"bretoiera","brx":"bodoera","bs":"bosniera","bug":"buginera","byn":"bilenera","ca":"katalana","cay":"cayugera","ccp":"chakmera","ce":"txetxenera","ceb":"cebuanoera","cgg":"chiga","ch":"txamorroera","chk":"chuukera","chm":"mariera","cho":"txoktawera","chp":"chipewyera","chr":"txerokiera","chy":"txeienera","ckb":"erdialdeko kurduera","clc":"chilcotinera","co":"korsikera","crg":"metisera","crj":"hego-ekialdeko creera","crk":"lautadetako creera","crl":"ipar-ekialdeko creera","crm":"Mooseko creera","crr":"Carolinako algonkinera","crs":"Seychelleetako kreolera","cs":"txekiera","csw":"zingiretako creera","cu":"elizako eslaviera","cv":"txuvaxera","cy":"galesa","da":"daniera","dak":"dakotera","dar":"darginera","dav":"taitera","de":"alemana","de-AT":"alemana (Austria)","de-CH":"alemana (Suitza)","dgr":"dogribera","dje":"zarma","doi":"dogria","dsb":"behe-sorabiera","dua":"dualera","dv":"dhivehia","dyo":"fonyi jolera","dz":"dzongkha","dzg":"dazaera","ebu":"embuera","ee":"eweera","efi":"efikera","eka":"ekajuka","el":"greziera","en":"ingelesa","en-AU":"ingelesa (Australia)","en-CA":"ingelesa (Kanada)","en-GB":"ingelesa (Erresuma Batua)","en-US":"ingelesa (Ameriketako Estatu Batuak)","eo":"esperantoa","es":"espainiera","es-419":"espainiera (Latinoamerika)","es-ES":"espainiera (Espainia)","es-MX":"espainiera (Mexiko)","et":"estoniera","eu":"euskara","ewo":"ewondoa","fa":"persiera","fa-AF":"persiera (Afganistan)","ff":"fula","fi":"finlandiera","fil":"filipinera","fj":"fijiera","fo":"faroera","fon":"fonera","fr":"frantsesa","fr-CA":"frantsesa (Kanada)","fr-CH":"frantsesa (Suitza)","frc":"cajun frantsesa","frr":"iparraldeko frisiera","fur":"friulera","fy":"frisiera","ga":"irlandera","gaa":"gaera","gag":"gagauzera","gd":"Eskoziako gaelikoa","gez":"ge’eza","gil":"kiribatiera","gl":"galiziera","gn":"guaraniera","gor":"gorontaloera","gsw":"Suitzako alemana","gu":"gujaratera","guz":"gusiiera","gv":"manxera","gwi":"gwich’inera","ha":"hausa","hai":"haidera","haw":"hawaiiera","hax":"hegoaldeko haidera","he":"hebreera","hi":"hindia","hil":"hiligaynonera","hmn":"hmonga","hr":"kroaziera","hsb":"goi-sorabiera","ht":"Haitiko kreolera","hu":"hungariera","hup":"hupera","hur":"halkomelema","hy":"armeniera","hz":"hereroera","ia":"interlingua","iba":"ibanera","ibb":"ibibioera","id":"indonesiera","ie":"interlingue","ig":"igboera","ii":"Sichuango yiera","ikt":"Kanada mendebaldeko inuitera","ilo":"ilocanoera","inh":"ingushera","io":"idoa","is":"islandiera","it":"italiera","iu":"inuitera","ja":"japoniera","jbo":"lojbana","jgo":"ngomba","jmc":"machamea","jv":"javera","ka":"georgiera","kab":"kabiliera","kac":"jingphoera","kaj":"jjua","kam":"kambera","kbd":"kabardiera","kcg":"tyapa","kde":"makondeera","kea":"Cabo Verdeko kreolera","kfo":"koroa","kg":"kikongoa","kgp":"kaingangera","kha":"khasiera","khq":"koyra chiinia","ki":"kikuyuera","kj":"kuanyama","kk":"kazakhera","kkj":"kakoa","kl":"groenlandiera","kln":"kalenjinera","km":"khemerera","kmb":"kimbundua","kn":"kannada","ko":"koreera","koi":"komi-permyakera","kok":"konkanera","kpe":"kpelleera","kr":"kanuriera","krc":"karachayera-balkarera","krl":"kareliera","kru":"kurukhera","ks":"kaxmirera","ksb":"shambalera","ksf":"bafiera","ksh":"koloniera","ku":"kurduera","kum":"kumykera","kv":"komiera","kw":"kornubiera","kwk":"kwakwala","ky":"kirgizera","la":"latina","lad":"ladinoa","lag":"langiera","lb":"luxenburgera","lez":"lezginera","lg":"luganda","li":"limburgera","lij":"liguriera","lil":"lillooetera","lkt":"lakotera","ln":"lingala","lo":"laosera","lou":"Louisianako kreolera","loz":"loziera","lrc":"iparraldeko lurera","lsm":"saamia","lt":"lituaniera","lu":"Katangako lubera","lua":"Kasai mendebaldeko lubera","lun":"lundera","luo":"luoera","lus":"mizoera","luy":"luhyera","lv":"letoniera","mad":"madurera","mag":"magadhera","mai":"maithilia","mak":"makassarera","mas":"masaiera","mdf":"mokxera","men":"mendeera","mer":"meruera","mfe":"Mauritaniako kreolera","mg":"malgaxea","mgh":"makhuwa-meettoera","mgo":"metaʼera","mh":"marshallera","mi":"maoriera","mic":"mikmakera","min":"minangkabauera","mk":"mazedoniera","ml":"malabarera","mn":"mongoliera","mni":"manipurera","moe":"innuera","moh":"mohawkera","mos":"mossiera","mr":"marathera","ms":"malaysiera","mt":"maltera","mua":"mudangera","mul":"zenbait hizkuntza","mus":"muscogeera","mwl":"mirandesa","my":"birmaniera","myv":"erziera","mzn":"mazandarandera","na":"nauruera","nap":"napoliera","naq":"namera","nb":"bokmål (norvegiera)","nd":"iparraldeko ndebeleera","nds":"behe-alemana","nds-NL":"behe-alemana (Herbehereak)","ne":"nepalera","new":"newarera","ng":"ndonga","nia":"niasera","niu":"niueera","nl":"nederlandera","nl-BE":"nederlandera (Belgika)","nmg":"kwasiera","nn":"nynorsk (norvegiera)","nnh":"ngiemboonera","no":"norvegiera","nog":"nogaiera","nqo":"n’koera","nr":"hegoaldeko ndebelera","nso":"pediera","nus":"nuerera","nv":"navajoera","ny":"chewera","nyn":"nkoreera","oc":"okzitaniera","ojb":"ipar-mendebaldeko ojibwa","ojc":"erdialdeko ojibwa","ojs":"oji-creera","ojw":"mendebaldeko ojibwa","oka":"okanaganera","om":"oromoera","or":"oriya","os":"osetiera","pa":"punjabera","pag":"pangasinanera","pam":"pampangera","pap":"papiamentoa","pau":"palauera","pcm":"Nigeriako pidgina","pis":"pijina","pl":"poloniera","pqm":"maliseet-passamaquoddyera","prg":"prusiera","ps":"paxtunera","pt":"portugesa","pt-BR":"portugesa (Brasil)","pt-PT":"portugesa (Portugal)","qu":"kitxua","quc":"quicheera","rap":"rapanuia","rar":"rarotongera","rhg":"rohingyera","rm":"erretorromaniera","rn":"rundiera","ro":"errumaniera","ro-MD":"errumaniera (Moldavia)","rof":"romboa","ru":"errusiera","rup":"aromaniera","rw":"kinyaruanda","rwk":"rwera","sa":"sanskritoa","sad":"sandaweera","sah":"sakhera","saq":"samburuera","sat":"santalera","sba":"ngambayera","sbp":"sanguera","sc":"sardiniera","scn":"siziliera","sco":"eskoziera","sd":"sindhia","se":"iparraldeko samiera","seh":"senera","ses":"koyraboro sennia","sg":"sangoa","sh":"serbokroaziera","shi":"tachelhita","shn":"shanera","si":"sinhala","sk":"eslovakiera","sl":"esloveniera","slh":"lushootseeda","sm":"samoera","sma":"hegoaldeko samiera","smj":"Luleko samiera","smn":"Inariko samiera","sms":"skolten samiera","sn":"shonera","snk":"soninkera","so":"somaliera","sq":"albaniera","sr":"serbiera","srn":"srananera","ss":"swatiera","ssy":"sahoa","st":"hegoaldeko sothoera","str":"itsasarteetako salishera","su":"sundanera","suk":"sukumera","sv":"suediera","sw":"swahilia","sw-CD":"swahilia (Kongoko Errepublika Demokratikoa)","swb":"komoreera","syr":"asiriera","ta":"tamilera","tce":"hegoaldeko tutchoneera","te":"telugua","tem":"temnea","teo":"tesoera","tet":"tetuma","tg":"tajikera","tgx":"tagishera","th":"thailandiera","tht":"tahltanera","ti":"tigrinyera","tig":"tigrea","tk":"turkmenera","tl":"tagaloa","tlh":"klingonera","tli":"tlingitera","tn":"tswanera","to":"tongera","tok":"toki pona","tpi":"tok pisin","tr":"turkiera","trv":"tarokoa","ts":"tsongera","tt":"tatarera","ttm":"iparraldeko tutchoneera","tum":"tumbukera","tvl":"tuvaluera","tw":"twia","twq":"tasawaqa","ty":"tahitiera","tyv":"tuvera","tzm":"Erdialdeko Atlaseko amazigera","udm":"udmurtera","ug":"uigurrera","uk":"ukrainera","umb":"umbundua","und":"hizkuntza ezezaguna","ur":"urdua","uz":"uzbekera","vai":"vaiera","ve":"vendera","vec":"veneziera","vi":"vietnamera","vo":"volapük","vun":"vunjoa","wa":"waloiera","wae":"walserera","wal":"welayta","war":"samerera","wo":"wolofera","wuu":"wu txinera","xal":"kalmykera","xh":"xhosera","xog":"sogera","yav":"yangbenera","ybb":"yemba","yi":"yiddisha","yo":"jorubera","yrl":"nheengatua","yue":"kantonera","zgh":"amazigera estandarra","zh":"txinera","zh-Hans":"txinera sinplifikatua","zh-Hant":"txinera tradizionala","zu":"zuluera","zun":"zuñia","zxx":"ez dago eduki linguistikorik","zza":"zazera"},"narrow":{},"short":{"az":"azerbaijanera","en-GB":"ingelesa (EB)","en-US":"ingelesa (AEB)"}}},"region":{"long":{"142":"Asia","143":"Erdialdeko Asia","145":"Mendebaldeko Asia","150":"Europa","151":"Ekialdeko Europa","154":"Ipar Europa","155":"Mendebaldeko Europa","202":"Saharaz hegoaldeko Afrika","419":"Latinoamerika","001":"Mundua","002":"Afrika","003":"Ipar Amerika","005":"Hego Amerika","009":"Ozeania","011":"Mendebaldeko Afrika","013":"Erdialdeko Amerika","014":"Ekialdeko Afrika","015":"Ipar Afrika","017":"Erdialdeko Afrika","018":"Hegoaldeko Afrika","019":"Amerika","021":"Amerikako iparraldea","029":"Karibea","030":"Ekialdeko Asia","034":"Hego Asia","035":"Hego-ekialdeko Asia","039":"Hego Europa","053":"Australasia","054":"Melanesia","057":"Mikronesia eskualdea","061":"Polinesia","AC":"Ascension uhartea","AD":"Andorra","AE":"Arabiar Emirerri Batuak","AF":"Afganistan","AG":"Antigua eta Barbuda","AI":"Aingira","AL":"Albania","AM":"Armenia","AO":"Angola","AQ":"Antartika","AR":"Argentina","AS":"Samoa Estatubatuarra","AT":"Austria","AU":"Australia","AW":"Aruba","AX":"Åland","AZ":"Azerbaijan","BA":"Bosnia-Herzegovina","BB":"Barbados","BD":"Bangladesh","BE":"Belgika","BF":"Burkina Faso","BG":"Bulgaria","BH":"Bahrain","BI":"Burundi","BJ":"Benin","BL":"Saint Barthélemy","BM":"Bermuda","BN":"Brunei","BO":"Bolivia","BQ":"Karibeko Herbehereak","BR":"Brasil","BS":"Bahamak","BT":"Bhutan","BV":"Bouvet uhartea","BW":"Botswana","BY":"Bielorrusia","BZ":"Belize","CA":"Kanada","CC":"Cocos (Keeling) uharteak","CD":"Kongoko Errepublika Demokratikoa","CF":"Afrika Erdiko Errepublika","CG":"Kongo","CH":"Suitza","CI":"Boli Kosta","CK":"Cook uharteak","CL":"Txile","CM":"Kamerun","CN":"Txina","CO":"Kolonbia","CP":"Clipperton uhartea","CR":"Costa Rica","CU":"Kuba","CV":"Cabo Verde","CW":"Curaçao","CX":"Christmas uhartea","CY":"Zipre","CZ":"Txekia","DE":"Alemania","DG":"Diego García","DJ":"Djibuti","DK":"Danimarka","DM":"Dominika","DO":"Dominikar Errepublika","DZ":"Aljeria","EA":"Ceuta eta Melilla","EC":"Ekuador","EE":"Estonia","EG":"Egipto","EH":"Mendebaldeko Sahara","ER":"Eritrea","ES":"Espainia","ET":"Etiopia","EU":"Europar Batasuna","EZ":"Eurogunea","FI":"Finlandia","FJ":"Fiji","FK":"Falklandak","FM":"Mikronesia","FO":"Faroe uharteak","FR":"Frantzia","GA":"Gabon","GB":"Erresuma Batua","GD":"Grenada","GE":"Georgia","GF":"Guyana Frantsesa","GG":"Guernesey","GH":"Ghana","GI":"Gibraltar","GL":"Groenlandia","GM":"Gambia","GN":"Ginea","GP":"Guadalupe","GQ":"Ekuatore Ginea","GR":"Grezia","GS":"Hegoaldeko Georgia eta Hegoaldeko Sandwich uharteak","GT":"Guatemala","GU":"Guam","GW":"Ginea Bissau","GY":"Guyana","HK":"Hong Kong Txinako AEB","HM":"Heard eta McDonald uharteak","HN":"Honduras","HR":"Kroazia","HT":"Haiti","HU":"Hungaria","IC":"Kanariak","ID":"Indonesia","IE":"Irlanda","IL":"Israel","IM":"Man uhartea","IN":"India","IO":"Indiako Ozeanoko lurralde britainiarra","IQ":"Irak","IR":"Iran","IS":"Islandia","IT":"Italia","JE":"Jersey","JM":"Jamaika","JO":"Jordania","JP":"Japonia","KE":"Kenya","KG":"Kirgizistan","KH":"Kanbodia","KI":"Kiribati","KM":"Komoreak","KN":"Saint Kitts eta Nevis","KP":"Ipar Korea","KR":"Hego Korea","KW":"Kuwait","KY":"Kaiman uharteak","KZ":"Kazakhstan","LA":"Laos","LB":"Libano","LC":"Santa Luzia","LI":"Liechtenstein","LK":"Sri Lanka","LR":"Liberia","LS":"Lesotho","LT":"Lituania","LU":"Luxenburgo","LV":"Letonia","LY":"Libia","MA":"Maroko","MC":"Monako","MD":"Moldavia","ME":"Montenegro","MF":"San Martin","MG":"Madagaskar","MH":"Marshall Uharteak","MK":"Ipar Mazedonia","ML":"Mali","MM":"Myanmar (Birmania)","MN":"Mongolia","MO":"Macau Txinako AEB","MP":"Ipar Mariana uharteak","MQ":"Martinika","MR":"Mauritania","MS":"Montserrat","MT":"Malta","MU":"Maurizio","MV":"Maldivak","MW":"Malawi","MX":"Mexiko","MY":"Malaysia","MZ":"Mozambike","NA":"Namibia","NC":"Kaledonia Berria","NE":"Niger","NF":"Norfolk uhartea","NG":"Nigeria","NI":"Nikaragua","NL":"Herbehereak","NO":"Norvegia","NP":"Nepal","NR":"Nauru","NU":"Niue","NZ":"Zeelanda Berria","OM":"Oman","PA":"Panama","PE":"Peru","PF":"Polinesia Frantsesa","PG":"Papua Ginea Berria","PH":"Filipinak","PK":"Pakistan","PL":"Polonia","PM":"Saint-Pierre eta Mikelune","PN":"Pitcairn uharteak","PR":"Puerto Rico","PS":"Palestinar Lurralde Okupatuak","PT":"Portugal","PW":"Palau","PY":"Paraguai","QA":"Qatar","QO":"Mugaz kanpoko Ozeania","RE":"Reunion","RO":"Errumania","RS":"Serbia","RU":"Errusia","RW":"Ruanda","SA":"Saudi Arabia","SB":"Salomon Uharteak","SC":"Seychelleak","SD":"Sudan","SE":"Suedia","SG":"Singapur","SH":"Santa Helena","SI":"Eslovenia","SJ":"Svalbard eta Jan Mayen uharteak","SK":"Eslovakia","SL":"Sierra Leona","SM":"San Marino","SN":"Senegal","SO":"Somalia","SR":"Surinam","SS":"Hego Sudan","ST":"Sao Tome eta Principe","SV":"El Salvador","SX":"Sint Maarten","SY":"Siria","SZ":"Swazilandia","TA":"Tristan da Cunha","TC":"Turk eta Caico uharteak","TD":"Txad","TF":"Hegoaldeko lurralde frantsesak","TG":"Togo","TH":"Thailandia","TJ":"Tajikistan","TK":"Tokelau","TL":"Ekialdeko Timor","TM":"Turkmenistan","TN":"Tunisia","TO":"Tonga","TR":"Turkia","TT":"Trinidad eta Tobago","TV":"Tuvalu","TW":"Taiwan","TZ":"Tanzania","UA":"Ukraina","UG":"Uganda","UM":"Ameriketako Estatu Batuetako Kanpoaldeko Uharte Txikiak","UN":"Nazio Batuak","US":"Ameriketako Estatu Batuak","UY":"Uruguai","UZ":"Uzbekistan","VA":"Vatikano Hiria","VC":"Saint Vincent eta Grenadinak","VE":"Venezuela","VG":"Birjina uharte britainiarrak","VI":"Birjina uharte amerikarrak","VN":"Vietnam","VU":"Vanuatu","WF":"Wallis eta Futuna","WS":"Samoa","XA":"Sasiazentuak","XB":"Pseudobidia","XK":"Kosovo","YE":"Yemen","YT":"Mayotte","ZA":"Hegoafrika","ZM":"Zambia","ZW":"Zimbabwe","ZZ":"Eskualde ezezaguna"},"narrow":{},"short":{"GB":"EB","HK":"Hong Kong","MO":"Macau","PS":"Palestina","US":"AEB"}},"script":{"long":{"Adlm":"adlam","Aghb":"Kaukasoko albaniera","Ahom":"ahomera","Arab":"arabiarra","Aran":"nastaliq","Armi":"aramiera inperiarra","Armn":"armeniarra","Avst":"avestera","Bali":"baliera","Bamu":"bamum","Bass":"bassa vah","Batk":"batak","Beng":"bengalarra","Bhks":"bhaiksuki","Bopo":"bopomofoa","Brah":"brahmiera","Brai":"braillea","Bugi":"buginera","Buhd":"buhid","Cakm":"txakma","Cans":"Kanadiako aborigenen silabiko bateratua","Cari":"kariera","Cham":"txamera","Cher":"txerokiera","Chrs":"korasmiera","Copt":"koptikera","Cpmn":"zipro-minoera","Cprt":"ziprera","Cyrl":"zirilikoa","Deva":"devanagaria","Diak":"dives akuru","Dogr":"dogrera","Dsrt":"deseret","Dupl":"duployiar takigrafia","Egyp":"egiptoar hieroglifikoak","Elba":"elbasanera","Elym":"elimaikera","Ethi":"etiopiarra","Geor":"georgiarra","Glag":"glagolitikera","Gong":"gunjala gondi","Gonm":"masaram gondiera","Goth":"gotikoa","Gran":"grantha","Grek":"grekoa","Gujr":"gujaratarra","Guru":"gurmukhia","Hanb":"hänera","Hang":"hangula","Hani":"idazkera txinatarra","Hano":"hanunuera","Hans":"sinplifikatua","Hant":"tradizionala","Hatr":"hatreoera","Hebr":"hebrearra","Hira":"hiragana","Hluw":"hieroglifiko anatoliarrak","Hmng":"pahawh hmongera","Hmnp":"nyiakeng puachue hmong","Hrkt":"silabario japoniarrak","Hung":"hungariera zaharra","Ital":"italiera zaharra","Jamo":"jamo-bihurketa","Java":"javaniera","Jpan":"japoniarra","Kali":"kayah li","Kana":"katakana","Kawi":"kawi","Khar":"kharoshthi","Khmr":"khemerarra","Khoj":"khojkiera","Kits":"khitanerako script txikiak","Knda":"kanadarra","Kore":"korearra","Kthi":"kaithiera","Lana":"lannera","Laoo":"laosarra","Latn":"latinoa","Lepc":"leptxa","Limb":"linbuera","Lina":"A linearra","Linb":"B linearra","Lisu":"fraserera","Lyci":"liziera","Lydi":"lidiera","Mahj":"mahajaniera","Maka":"makasarrera","Mand":"mandaera","Mani":"manikeoa","Marc":"martxenera","Medf":"medefaidrinera","Mend":"mende","Merc":"meroitiar etzana","Mero":"meroitirra","Mlym":"malayalamarra","Modi":"modiera","Mong":"mongoliarra","Mroo":"mroera","Mtei":"meitei mayekera","Mult":"multaniera","Mymr":"birmaniarra","Nagm":"nag mundariera","Nand":"nandinagariera","Narb":"iparraldeko arabiera zaharra","Nbat":"nabatera","Newa":"newaera","Nkoo":"n’ko","Nshu":"nushuera","Ogam":"oghamera","Olck":"ol txikiera","Orkh":"orkhonera","Orya":"oriyarra","Osge":"osagera","Osma":"osmaiera","Ougr":"uigurrera zaharra","Palm":"palmiera","Pauc":"pau cin hau","Perm":"permiera zaharra","Phag":"phags-pa","Phli":"pahlavi inskripzioak","Phlp":"Pahlavi salmo-liburua","Phnx":"feniziera","Plrd":"polardera fonetikoa","Prti":"Partiera inskripzioak","Qaag":"zauagiera","Rjng":"Rejang","Rohg":"hanifiera","Runr":"errunikoa","Samr":"samariera","Sarb":"hegoaldeko arabiera zaharra","Saur":"saurashtra","Sgnw":"zeinu-idazketa","Shaw":"shaviera","Shrd":"sharada","Sidd":"siddham","Sind":"khudawadi","Sinh":"sinhala","Sogd":"sogdiera","Sogo":"sogdiera zaharra","Sora":"sora sompeng","Soyo":"soyomboera","Sund":"sudanera","Sylo":"syloti nagriera","Syrc":"siriera","Tagb":"tagbanwa","Takr":"takriera","Tale":"tai le","Talu":"tai lue berria","Taml":"tamilarra","Tang":"tangutera","Tavt":"tai viet","Telu":"teluguarra","Tfng":"tifinagera","Tglg":"tagaloa","Thaa":"thaana","Thai":"thailandiarra","Tibt":"tibetarra","Tirh":"tirhuta","Tnsa":"tangsa","Toto":"totoera","Ugar":"ugaritiera","Vaii":"vaiera","Vith":"vithkuqi","Wara":"varang kshiti","Wcho":"wanchoera","Xpeo":"pertsiera zaharra","Xsux":"sumero-akadiera kuneiformea","Yezi":"yezidiera","Yiii":"yiera","Zanb":"zanabazar koadroa","Zinh":"heredatua","Zmth":"matematikako notazioa","Zsye":"emotikonoa","Zsym":"ikurrak","Zxxx":"idatzi gabea","Zyyy":"ohikoa","Zzzz":"idazkera ezezaguna"},"narrow":{},"short":{}}}},"locale":"eu"}