{"data":{"patterns":{"locale":"{0} ({1})"},"types":{"calendar":{"long":{"buddhist":"buddhalainen kalenteri","chinese":"kiinalainen kalenteri","coptic":"koptilainen kalenteri","dangi":"dangilainen kalenteri","ethiopic":"etiopialainen kalenteri","ethiopic-amete-alem":"etiopialainen amete alem -kalenteri","gregorian":"gregoriaaninen kalenteri","hebrew":"juutalainen kalenteri","indian":"intialainen kalenteri","islamic":"islamilainen kalenteri","islamic-civil":"islamilainen siviilikalenteri, perjantai-epookki","islamic-rgsa":"islamilainen saudiarabialainen kalenteri","islamic-tbla":"islamilainen matemaattinen kalenteri, torstai-epookki","islamic-umalqura":"islamilainen Umm al-Qura -kalenteri","iso8601":"ISO 8601 -kalenteri","japanese":"japanilainen kalenteri","persian":"persialainen kalenteri","roc":"Kiinan tasavallan kalenteri"},"narrow":{},"short":{}},"currency":{"long":{"ADP":"Andorran peseta","AED":"Arabiemiirikuntien dirhami","AFA":"Afganistanin afgaani (1927–2002)","AFN":"Afganistanin afgaani","ALK":"Albanian lek (1946–1965)","ALL":"Albanian lek","AMD":"Armenian dram","ANG":"Alankomaiden Antillien guldeni","AOA":"Angolan kwanza","AOK":"Angolan kwanza (1977–1991)","AON":"Angolan uusi kwanza (1990–2000)","AOR":"Angolan kwanza reajustado (1995–1999)","ARA":"Argentiinan austral","ARL":"Argentiinan ley-peso (1970–1983)","ARM":"Argentiinan peso (1881–1970)","ARP":"Argentiinan peso (1983–1985)","ARS":"Argentiinan peso","ATS":"Itävallan šillinki","AUD":"Australian dollari","AWG":"Aruban floriini","AZM":"Azerbaidžanin manat (1993–2006)","AZN":"Azerbaidžanin manat","BAD":"Bosnia-Hertsegovinan dinaari (1992–1994)","BAM":"Bosnia-Hertsegovinan vaihdettava markka","BAN":"Bosnia-Hertsegovinan uusi dinaari (1994–1997)","BBD":"Barbadosin dollari","BDT":"Bangladeshin taka","BEC":"Belgian vaihdettava frangi","BEF":"Belgian frangi","BEL":"Belgian rahoitusfrangi","BGL":"Bulgarian kova lev","BGM":"Bulgarian sosialistinen lev","BGN":"Bulgarian lev","BGO":"Bulgarian lev (1879–1952)","BHD":"Bahrainin dinaari","BIF":"Burundin frangi","BMD":"Bermudan dollari","BND":"Brunein dollari","BOB":"Bolivian boliviano","BOL":"Bolivian boliviano (1863–1963)","BOP":"Bolivian peso","BOV":"Bolivian mvdol","BRB":"Brasilian uusi cruzeiro (1967–1986)","BRC":"Brasilian cruzado (1986–1989)","BRE":"Brasilian cruzeiro (1990–1993)","BRL":"Brasilian real","BRN":"Brasilian uusi cruzado (1989–1990)","BRR":"Brasilian cruzeiro (1993–1994)","BRZ":"Brasilian cruzeiro (1942–1967)","BSD":"Bahaman dollari","BTN":"Bhutanin ngultrum","BUK":"Burman kyat","BWP":"Botswanan pula","BYB":"Valko-Venäjän uusi rupla (1994–1999)","BYN":"Valko-Venäjän rupla","BYR":"Valko-Venäjän rupla (2000–2016)","BZD":"Belizen dollari","CAD":"Kanadan dollari","CDF":"Kongon frangi","CHE":"Sveitsin WIR-euro","CHF":"Sveitsin frangi","CHW":"Sveitsin WIR-frangi","CLE":"Chilen escudo","CLF":"Chilen unidades de fomento","CLP":"Chilen peso","CNH":"Kiinan juan (offshore)","CNX":"Kiinan kansanpankin dollari","CNY":"Kiinan juan","COP":"Kolumbian peso","COU":"Kolumbian unidad de valor real","CRC":"Costa Rican colón","CSD":"Serbian dinaari (2002–2006)","CSK":"Tšekkoslovakian kova koruna","CUC":"Kuuban vaihdettava peso","CUP":"Kuuban peso","CVE":"Kap Verden escudo","CYP":"Kyproksen punta","CZK":"Tšekin koruna","DDM":"Itä-Saksan markka","DEM":"Saksan markka","DJF":"Djiboutin frangi","DKK":"Tanskan kruunu","DOP":"Dominikaanisen tasavallan peso","DZD":"Algerian dinaari","ECS":"Ecuadorin sucre","ECV":"Ecuadorin UVC","EEK":"Viron kruunu","EGP":"Egyptin punta","ERN":"Eritrean nakfa","ESA":"Espanjan peseta (A-tili)","ESB":"Espanjan peseta (vaihdettava tili)","ESP":"Espanjan peseta","ETB":"Etiopian birr","EUR":"euro","FIM":"Suomen markka","FJD":"Fidžin dollari","FKP":"Falklandinsaarten punta","FRF":"Ranskan frangi","GBP":"Englannin punta","GEK":"Georgian kuponkilari","GEL":"Georgian lari","GHC":"Ghanan cedi (1979–2007)","GHS":"Ghanan cedi","GIP":"Gibraltarin punta","GMD":"Gambian dalasi","GNF":"Guinean frangi","GNS":"Guinean syli","GQE":"Päiväntasaajan Guinean ekwele","GRD":"Kreikan drakma","GTQ":"Guatemalan quetzal","GWE":"Portugalin Guinean escudo","GWP":"Guinea-Bissaun peso","GYD":"Guyanan dollari","HKD":"Hongkongin dollari","HNL":"Hondurasin lempira","HRD":"Kroatian dinaari","HRK":"Kroatian kuna","HTG":"Haitin gourde","HUF":"Unkarin forintti","IDR":"Indonesian rupia","IEP":"Irlannin punta","ILP":"Israelin punta","ILR":"Israelin sekeli (1980–1985)","ILS":"Israelin uusi sekeli","INR":"Intian rupia","IQD":"Irakin dinaari","IRR":"Iranin rial","ISJ":"Islannin kruunu (1918–1981)","ISK":"Islannin kruunu","ITL":"Italian liira","JMD":"Jamaikan dollari","JOD":"Jordanian dinaari","JPY":"Japanin jeni","KES":"Kenian šillinki","KGS":"Kirgisian som","KHR":"Kambodžan riel","KMF":"Komorien frangi","KPW":"Pohjois-Korean won","KRH":"Etelä-Korean hwan (1953–1962)","KRO":"Etelä-Korean won (1945–1953)","KRW":"Etelä-Korean won","KWD":"Kuwaitin dinaari","KYD":"Caymansaarten dollari","KZT":"Kazakstanin tenge","LAK":"Laosin kip","LBP":"Libanonin punta","LKR":"Sri Lankan rupia","LRD":"Liberian dollari","LSL":"Lesothon loti","LTL":"Liettuan liti","LTT":"Liettuan talonas","LUC":"Luxemburgin vaihdettava frangi","LUF":"Luxemburgin frangi","LUL":"Luxemburgin rahoitusfrangi","LVL":"Latvian lati","LVR":"Latvian rupla","LYD":"Libyan dinaari","MAD":"Marokon dirhami","MAF":"Marokon frangi","MCF":"Monacon frangi","MDC":"Moldovan kuponkileu","MDL":"Moldovan leu","MGA":"Madagaskarin ariary","MGF":"Madagaskarin frangi","MKD":"Makedonian denaari","MKN":"Makedonian dinaari (1992–1993)","MLF":"Malin frangi","MMK":"Myanmarin kyat","MNT":"Mongolian tugrik","MOP":"Macaon pataca","MRO":"Mauritanian ouguiya (1973–2017)","MRU":"Mauritanian ouguiya","MTL":"Maltan liira","MTP":"Maltan punta","MUR":"Mauritiuksen rupia","MVP":"Malediivien rupia (1947–1981)","MVR":"Malediivien rufiyaa","MWK":"Malawin kwacha","MXN":"Meksikon peso","MXP":"Meksikon hopeapeso (1861–1992)","MXV":"Meksikon UDI","MYR":"Malesian ringgit","MZE":"Mosambikin escudo","MZM":"Mosambikin metical (1980–2006)","MZN":"Mosambikin metical","NAD":"Namibian dollari","NGN":"Nigerian naira","NIC":"Nicaraguan córdoba (1988–1991)","NIO":"Nicaraguan córdoba","NLG":"Alankomaiden guldeni","NOK":"Norjan kruunu","NPR":"Nepalin rupia","NZD":"Uuden-Seelannin dollari","OMR":"Omanin rial","PAB":"Panaman balboa","PEI":"Perun inti","PEN":"Perun sol","PES":"Perun sol (1863–1965)","PGK":"Papua-Uuden-Guinean kina","PHP":"Filippiinien peso","PKR":"Pakistanin rupia","PLN":"Puolan złoty","PLZ":"Puolan złoty (1950–1995)","PTE":"Portugalin escudo","PYG":"Paraguayn guarani","QAR":"Qatarin rial","RHD":"Rhodesian dollari","ROL":"Romanian leu (1952–2006)","RON":"Romanian leu","RSD":"Serbian dinaari","RUB":"Venäjän rupla","RUR":"Venäjän rupla (1991–1998)","RWF":"Ruandan frangi","SAR":"Saudi-Arabian rial","SBD":"Salomonsaarten dollari","SCR":"Seychellien rupia","SDD":"Sudanin dinaari (1992–2007)","SDG":"Sudanin punta","SDP":"Sudanin punta (1957–1998)","SEK":"Ruotsin kruunu","SGD":"Singaporen dollari","SHP":"Saint Helenan punta","SIT":"Slovenian tolar","SKK":"Slovakian koruna","SLE":"Sierra Leonen leone","SLL":"Sierra Leonen leone (1964—2022)","SOS":"Somalian šillinki","SRD":"Surinamen dollari","SRG":"Surinamen guldeni","SSP":"Etelä-Sudanin punta","STD":"São Tomén ja Príncipen dobra (1977–2017)","STN":"São Tomén ja Príncipen dobra","SUR":"Neuvostoliiton rupla","SVC":"El Salvadorin colón","SYP":"Syyrian punta","SZL":"Swazimaan lilangeni","THB":"Thaimaan baht","TJR":"Tadžikistanin rupla","TJS":"Tadžikistanin somoni","TMM":"Turkmenistanin manat (1993–2009)","TMT":"Turkmenistanin manat","TND":"Tunisian dinaari","TOP":"Tongan pa’anga","TPE":"Timorin escudo","TRL":"Turkin liira (1922–2005)","TRY":"Turkin liira","TTD":"Trinidadin ja Tobagon dollari","TWD":"Taiwanin uusi dollari","TZS":"Tansanian šillinki","UAH":"Ukrainan hryvnia","UAK":"Ukrainan karbovanetz","UGS":"Ugandan šillinki (1966–1987)","UGX":"Ugandan šillinki","USD":"Yhdysvaltain dollari","USN":"Yhdysvaltain dollari (seuraava päivä)","USS":"Yhdysvaltain dollari (sama päivä)","UYI":"Uruguayn peso en unidades indexadas","UYP":"Uruguayn peso (1975–1993)","UYU":"Uruguayn peso","UYW":"Uruguayn nimellinen palkkaindeksiyksikkö","UZS":"Uzbekistanin som","VEB":"Venezuelan bolívar (1871–2008)","VEF":"Venezuelan bolívar (2008–2018)","VES":"Venezuelan suvereeni bolívar","VND":"Vietnamin dong","VNN":"Vietnamin dong (1978–1985)","VUV":"Vanuatun vatu","WST":"Samoan tala","XAF":"CFA-frangi BEAC","XAG":"hopea","XAU":"kulta","XBA":"EURCO","XBB":"Euroopan rahayksikkö (EMU)","XBC":"EUA (XBC)","XBD":"EUA (XBD)","XCD":"Itä-Karibian dollari","XDR":"erityisnosto-oikeus (SDR)","XEU":"Euroopan valuuttayksikkö (ECU)","XFO":"Ranskan kultafrangi","XFU":"Ranskan UIC-frangi","XOF":"CFA-frangi BCEAO","XPD":"palladium","XPF":"CFP-frangi","XPT":"platina","XRE":"RINET-rahastot","XSU":"etelä-amerikkalaisen ALBA:n laskentayksikkö sucre","XTS":"testaustarkoitukseen varattu valuuttakoodi","XUA":"afrikkalainen AfDB-laskentayksikkö","XXX":"tuntematon rahayksikkö","YDD":"Jemenin dinaari","YER":"Jemenin rial","YUD":"Jugoslavian kova dinaari (1966–1990)","YUM":"Jugoslavian uusi dinaari (1994–2002)","YUN":"Jugoslavian vaihdettava dinaari (1990–1992)","YUR":"Jugoslavian uudistettu dinaari (1992–1993)","ZAL":"Etelä-Afrikan rahoitusrandi","ZAR":"Etelä-Afrikan randi","ZMK":"Sambian kwacha (1968–2012)","ZMW":"Sambian kwacha","ZRN":"Zairen uusi zaire (1993–1998)","ZRZ":"Zairen zaire (1971–1993)","ZWD":"Zimbabwen dollari (1980–2008)","ZWL":"Zimbabwen dollari (2009)","ZWR":"Zimbabwen dollari (2008)"},"narrow":{},"short":{}},"dateTimeField":{"long":{"day":"päivä","dayOfYear":"vuodenpäivä","dayperiod":"vuorokaudenaika","era":"aikakausi","hour":"tunti","minute":"minuutti","month":"kuukausi","quarter":"neljännesvuosi","second":"sekunti","timeZoneName":"aikavyöhyke","weekOfMonth":"kuukauden viikko","weekOfYear":"viikko","weekday":"viikonpäivä","weekdayOfMonth":"kuukauden viikonpäivä","year":"vuosi"},"narrow":{"day":"pv","dayOfYear":"vuodenpv","dayperiod":"vuorokaudenaika","era":"aikakausi","hour":"t","minute":"min","month":"kk","quarter":"nelj.","second":"s","timeZoneName":"aikavyöhyke","weekOfMonth":"kuukauden vk","weekOfYear":"vk","weekday":"viikonpäivä","weekdayOfMonth":"kuukauden vk päivä","year":"v"},"short":{"day":"pv","dayOfYear":"vuodenpv","dayperiod":"vuorokaudenaika","era":"aikakausi","hour":"t","minute":"min","month":"kk","quarter":"neljännes","second":"s","timeZoneName":"aikavyöhyke","weekOfMonth":"kuukauden vk","weekOfYear":"vk","weekday":"viikonpäivä","weekdayOfMonth":"kuukauden vk päivä","year":"v"}},"language":{"dialect":{"long":{"aa":"afar","ab":"abhaasi","ace":"atšeh","ach":"atšoli","ada":"adangme","ady":"adyge","ae":"avesta","aeb":"tunisianarabia","af":"afrikaans","afh":"afrihili","agq":"aghem","ain":"ainu","ajp":"urduni","ak":"akan","akk":"akkadi","akz":"alabama","ale":"aleutti","aln":"gegi","alt":"altai","am":"amhara","an":"aragonia","ang":"muinaisenglanti","ann":"obolo","anp":"angika","ar":"arabia","ar-001":"yleisarabia","arc":"valtakunnanaramea","arn":"mapudungun","aro":"araona","arp":"arapaho","arq":"algerianarabia","ars":"arabia – najd","arw":"arawak","ary":"marokonarabia","arz":"egyptinarabia","as":"assami","asa":"asu","ase":"amerikkalainen viittomakieli","ast":"asturia","atj":"atikamekw","av":"avaari","avk":"kotava","awa":"awadhi","ay":"aimara","az":"azeri","ba":"baškiiri","bal":"belutši","ban":"bali","bar":"baijeri","bas":"basaa","bax":"bamum","bbc":"batak-toba","bbj":"ghomala","be":"valkovenäjä","bej":"bedža","bem":"bemba","bew":"betawi","bez":"bena","bfd":"fut","bfq":"badaga","bg":"bulgaria","bgc":"haryanvi","bgn":"länsibelutši","bho":"bhodžpuri","bi":"bislama","bik":"bikol","bin":"bini","bjn":"banjar","bkm":"kom","bla":"siksika","bm":"bambara","bn":"bengali","bo":"tiibet","bpy":"bišnupria","bqi":"bahtiari","br":"bretoni","bra":"bradž","brh":"brahui","brx":"bodo","bs":"bosnia","bss":"koose","bua":"burjaatti","bug":"bugi","bum":"bulu","byn":"bilin","byv":"medumba","ca":"katalaani","cad":"caddo","car":"karibi","cay":"cayuga","cch":"atsam","ccp":"chakma","ce":"tšetšeeni","ceb":"cebuano","cgg":"kiga","ch":"tšamorro","chb":"tšibtša","chg":"tšagatai","chk":"chuuk","chm":"mari","chn":"chinook-jargon","cho":"choctaw","chp":"chipewyan","chr":"cherokee","chy":"cheyenne","ckb":"soranî","clc":"chilcotin","co":"korsika","cop":"kopti","cps":"capiznon","cr":"cree","crg":"michif","crh":"krimintataari","crj":"east cree (eteläinen)","crk":"plains cree","crl":"east cree (pohjoinen)","crm":"moose cree","crr":"pamlico","crs":"seychellienkreoli","cs":"tšekki","csb":"kašubi","csw":"swampy cree","cu":"kirkkoslaavi","cv":"tšuvassi","cy":"kymri","da":"tanska","dak":"dakota","dar":"dargi","dav":"taita","de":"saksa","de-AT":"itävallansaksa","de-CH":"sveitsinyläsaksa","del":"delaware","den":"slevi","dgr":"dogrib","din":"dinka","dje":"djerma","doi":"dogri","dsb":"alasorbi","dtp":"dusun","dua":"duala","dum":"keskihollanti","dv":"divehi","dyo":"jola-fonyi","dyu":"djula","dz":"dzongkha","dzg":"dazaga","ebu":"embu","ee":"ewe","efi":"efik","egl":"emilia","egy":"muinaisegypti","eka":"ekajuk","el":"kreikka","elx":"elami","en":"englanti","en-AU":"australianenglanti","en-CA":"kanadanenglanti","en-GB":"britannianenglanti","en-US":"amerikanenglanti","enm":"keskienglanti","eo":"esperanto","es":"espanja","es-419":"amerikanespanja","es-ES":"euroopanespanja","es-MX":"meksikonespanja","esu":"alaskanjupik","et":"viro","eu":"baski","ewo":"ewondo","ext":"extremadura","fa":"persia","fa-AF":"dari","fan":"fang","fat":"fanti","ff":"fulani","fi":"suomi","fil":"filipino","fit":"meänkieli","fj":"fidži","fo":"fääri","fon":"fon","fr":"ranska","fr-CA":"kanadanranska","fr-CH":"sveitsinranska","frc":"cajunranska","frm":"keskiranska","fro":"muinaisranska","frp":"arpitaani","frr":"pohjoisfriisi","frs":"itäfriisi","fur":"friuli","fy":"länsifriisi","ga":"iiri","gaa":"ga","gag":"gagauzi","gan":"gan-kiina","gay":"gajo","gba":"gbaja","gbz":"zoroastrialaisdari","gd":"gaeli","gez":"ge’ez","gil":"kiribati","gl":"galicia","glk":"gilaki","gmh":"keskiyläsaksa","gn":"guarani","goh":"muinaisyläsaksa","gom":"goankonkani","gon":"gondi","gor":"gorontalo","got":"gootti","grb":"grebo","grc":"muinaiskreikka","gsw":"sveitsinsaksa","gu":"gudžarati","guc":"wayuu","gur":"frafra","guz":"gusii","gv":"manksi","gwi":"gwitšin","ha":"hausa","hai":"haida","hak":"hakka-kiina","haw":"havaiji","hax":"haida (eteläinen)","he":"heprea","hi":"hindi","hif":"fidžinhindi","hil":"hiligaino","hit":"heetti","hmn":"hmong","ho":"hiri-motu","hr":"kroatia","hsb":"yläsorbi","hsn":"xiang-kiina","ht":"haiti","hu":"unkari","hup":"hupa","hur":"halkomelem","hy":"armenia","hz":"herero","ia":"interlingua","iba":"iban","ibb":"ibibio","id":"indonesia","ie":"interlingue","ig":"igbo","ii":"sichuanin-yi","ik":"inupiaq","ikt":"Länsi-Kanadan inuktitut","ilo":"iloko","inh":"inguuši","io":"ido","is":"islanti","it":"italia","iu":"inuktitut","izh":"inkeroinen","ja":"japani","jam":"jamaikankreolienglanti","jbo":"lojban","jgo":"ngomba","jmc":"machame","jpr":"juutalaispersia","jrb":"juutalaisarabia","jut":"juutti","jv":"jaava","ka":"georgia","kaa":"karakalpakki","kab":"kabyyli","kac":"katšin","kaj":"jju","kam":"kamba","kaw":"kavi","kbd":"kabardi","kbl":"kanembu","kcg":"tyap","kde":"makonde","kea":"kapverdenkreoli","ken":"kenyang","kfo":"norsunluurannikonkoro","kg":"kongo","kgp":"kaingang","kha":"khasi","kho":"khotani","khq":"koyra chiini","khw":"khowar","ki":"kikuju","kiu":"kirmanjki","kj":"kuanjama","kk":"kazakki","kkj":"kako","kl":"kalaallisut","kln":"kalenjin","km":"khmer","kmb":"kimbundu","kn":"kannada","ko":"korea","koi":"komipermjakki","kok":"konkani","kos":"kosrae","kpe":"kpelle","kr":"kanuri","krc":"karatšai-balkaari","kri":"krio","krj":"kinaray-a","krl":"karjala","kru":"kurukh","ks":"kašmiri","ksb":"shambala","ksf":"bafia","ksh":"kölsch","ku":"kurdi","kum":"kumykki","kut":"kutenai","kv":"komi","kw":"korni","kwk":"kwakʼwala","ky":"kirgiisi","la":"latina","lad":"ladino","lag":"lango","lah":"lahnda","lam":"lamba","lb":"luxemburg","lez":"lezgi","lfn":"lingua franca nova","lg":"ganda","li":"limburg","lij":"liguuri","lil":"lillooet","liv":"liivi","lkt":"lakota","lmo":"lombardi","ln":"lingala","lo":"lao","lol":"mongo","lou":"louisianankreoli","loz":"lozi","lrc":"pohjoisluri","lsm":"samia","lt":"liettua","ltg":"latgalli","lu":"katanganluba","lua":"luluanluba","lui":"luiseño","lun":"lunda","luo":"luo","lus":"lusai","luy":"luhya","lv":"latvia","lzh":"klassinen kiina","lzz":"lazi","mad":"madura","maf":"mafa","mag":"magahi","mai":"maithili","mak":"makassar","man":"mandingo","mas":"maasai","mde":"maba","mdf":"mokša","mdr":"mandar","men":"mende","mer":"meru","mfe":"morisyen","mg":"malagassi","mga":"keski-iiri","mgh":"makua-meetto","mgo":"meta’","mh":"marshall","mi":"maori","mic":"micmac","min":"minangkabau","mk":"makedonia","ml":"malajalam","mn":"mongoli","mnc":"mantšu","mni":"manipuri","moe":"innu-aimun","moh":"mohawk","mos":"mossi","mr":"marathi","mrj":"vuorimari","ms":"malaiji","mt":"malta","mua":"mundang","mul":"useita kieliä","mus":"creek","mwl":"mirandeesi","mwr":"marwari","mwv":"mentawai","my":"burma","mye":"myene","myv":"ersä","mzn":"mazandarani","na":"nauru","nan":"min nan -kiina","nap":"napoli","naq":"nama","nb":"norjan bokmål","nd":"pohjois-ndebele","nds":"alasaksa","nds-NL":"alankomaidenalasaksa","ne":"nepali","new":"newari","ng":"ndonga","nia":"nias","niu":"niue","njo":"ao naga","nl":"hollanti","nl-BE":"flaami","nmg":"kwasio","nn":"norjan nynorsk","nnh":"ngiemboon","no":"norja","nog":"nogai","non":"muinaisnorja","nov":"novial","nqo":"n’ko","nr":"etelä-ndebele","nso":"pohjoissotho","nus":"nuer","nv":"navajo","nwc":"klassinen newari","ny":"njandža","nym":"nyamwezi","nyn":"nyankole","nyo":"nyoro","nzi":"nzima","oc":"oksitaani","oj":"odžibwa","ojb":"luoteis-odžibwa","ojc":"keskiojibwa","ojs":"oji-cree","ojw":"länsi-odžibwa","oka":"okanagan","om":"oromo","or":"orija","os":"osseetti","osa":"osage","ota":"osmani","pa":"pandžabi","pag":"pangasinan","pal":"pahlavi","pam":"pampanga","pap":"papiamentu","pau":"palau","pcd":"picardi","pcm":"nigerianpidgin","pdc":"pennsylvaniansaksa","pdt":"plautdietsch","peo":"muinaispersia","pfl":"pfaltsi","phn":"foinikia","pi":"paali","pis":"pijin","pl":"puola","pms":"piemonte","pnt":"pontoksenkreikka","pon":"pohnpei","pqm":"maliseet-passamaquoddy","prg":"muinaispreussi","pro":"muinaisprovensaali","ps":"paštu","pt":"portugali","pt-BR":"brasilianportugali","pt-PT":"euroopanportugali","qu":"ketšua","quc":"kʼicheʼ","qug":"chimborazonylänköketšua","raj":"radžastani","rap":"rapanui","rar":"rarotonga","rgn":"romagnoli","rhg":"rohinga","rif":"tarifit","rm":"retoromaani","rn":"rundi","ro":"romania","ro-MD":"moldova","rof":"rombo","rom":"romani","rtm":"rotuma","ru":"venäjä","rue":"ruteeni","rug":"roviana","rup":"aromania","rw":"ruanda","rwk":"rwa","sa":"sanskrit","sad":"sandawe","sah":"jakuutti","sam":"samarianaramea","saq":"samburu","sas":"sasak","sat":"santali","saz":"sauraštri","sba":"ngambay","sbp":"sangu","sc":"sardi","scn":"sisilia","sco":"skotti","sd":"sindhi","sdc":"sassarinsardi","sdh":"eteläkurdi","se":"pohjoissaame","see":"seneca","seh":"sena","sei":"seri","sel":"selkuppi","ses":"koyraboro senni","sg":"sango","sga":"muinaisiiri","sgs":"samogiitti","sh":"serbokroaatti","shi":"tašelhit","shn":"shan","shu":"tšadinarabia","si":"sinhala","sid":"sidamo","sk":"slovakki","sl":"sloveeni","slh":"lushootseed (eteläinen)","sli":"sleesiansaksa","sly":"selayar","sm":"samoa","sma":"eteläsaame","smj":"luulajansaame","smn":"inarinsaame","sms":"koltansaame","sn":"šona","snk":"soninke","so":"somali","sog":"sogdi","sq":"albania","sr":"serbia","srn":"sranan","srr":"serer","ss":"swazi","ssy":"saho","st":"eteläsotho","stq":"saterlandinfriisi","str":"straits-salish","su":"sunda","suk":"sukuma","sus":"susu","sux":"sumeri","sv":"ruotsi","sw":"swahili","sw-CD":"kongonswahili","swb":"komori","syc":"muinaissyyria","syr":"syyria","szl":"sleesia","ta":"tamili","tce":"etelätutchone","tcy":"tulu","te":"telugu","tem":"temne","teo":"teso","ter":"tereno","tet":"tetum","tg":"tadžikki","tgx":"tagish","th":"thai","tht":"tahlta","ti":"tigrinja","tig":"tigre","tiv":"tiv","tk":"turkmeeni","tkl":"tokelau","tkr":"tsahuri","tl":"tagalog","tlh":"klingon","tli":"tlingit","tly":"tališi","tmh":"tamašek","tn":"tswana","to":"tonga","tog":"malawintonga","tok":"toki pona","tpi":"tok-pisin","tr":"turkki","tru":"turojo","trv":"taroko","ts":"tsonga","tsd":"tsakonia","tsi":"tsimši","tt":"tataari","ttm":"pohjoinen tutchone","ttt":"tati","tum":"tumbuka","tvl":"tuvalu","tw":"twi","twq":"tasawaq","ty":"tahiti","tyv":"tuva","tzm":"keskiatlaksentamazight","udm":"udmurtti","ug":"uiguuri","uga":"ugarit","uk":"ukraina","umb":"mbundu","und":"tuntematon kieli","ur":"urdu","uz":"uzbekki","vai":"vai","ve":"venda","vec":"venetsia","vep":"vepsä","vi":"vietnam","vls":"länsiflaami","vmf":"maininfrankki","vo":"volapük","vot":"vatja","vro":"võro","vun":"vunjo","wa":"valloni","wae":"walser","wal":"wolaitta","war":"waray","was":"washo","wbp":"warlpiri","wo":"wolof","wuu":"wu-kiina","xal":"kalmukki","xh":"xhosa","xmf":"mingreli","xog":"soga","yao":"jao","yap":"japi","yav":"yangben","ybb":"yemba","yi":"jiddiš","yo":"joruba","yrl":"ñeengatú","yue":"kantoninkiina","za":"zhuang","zap":"zapoteekki","zbl":"blisskieli","zea":"seelanti","zen":"zenaga","zgh":"vakioitu tamazight","zh":"kiina","zu":"zulu","zun":"zuni","zxx":"ei kielellistä sisältöä","zza":"zaza"},"narrow":{},"short":{"az":"azeri","en-GB":"englanti (Britannia)","en-US":"englanti (USA)"}},"standard":{"long":{"aa":"afar","ab":"abhaasi","ace":"atšeh","ach":"atšoli","ada":"adangme","ady":"adyge","ae":"avesta","aeb":"tunisianarabia","af":"afrikaans","afh":"afrihili","agq":"aghem","ain":"ainu","ajp":"urduni","ak":"akan","akk":"akkadi","akz":"alabama","ale":"aleutti","aln":"gegi","alt":"altai","am":"amhara","an":"aragonia","ang":"muinaisenglanti","ann":"obolo","anp":"angika","ar":"arabia","ar-001":"arabia (maailma)","arc":"valtakunnanaramea","arn":"mapudungun","aro":"araona","arp":"arapaho","arq":"algerianarabia","ars":"arabia – najd","arw":"arawak","ary":"marokonarabia","arz":"egyptinarabia","as":"assami","asa":"asu","ase":"amerikkalainen viittomakieli","ast":"asturia","atj":"atikamekw","av":"avaari","avk":"kotava","awa":"awadhi","ay":"aimara","az":"azeri","ba":"baškiiri","bal":"belutši","ban":"bali","bar":"baijeri","bas":"basaa","bax":"bamum","bbc":"batak-toba","bbj":"ghomala","be":"valkovenäjä","bej":"bedža","bem":"bemba","bew":"betawi","bez":"bena","bfd":"fut","bfq":"badaga","bg":"bulgaria","bgc":"haryanvi","bgn":"länsibelutši","bho":"bhodžpuri","bi":"bislama","bik":"bikol","bin":"bini","bjn":"banjar","bkm":"kom","bla":"siksika","bm":"bambara","bn":"bengali","bo":"tiibet","bpy":"bišnupria","bqi":"bahtiari","br":"bretoni","bra":"bradž","brh":"brahui","brx":"bodo","bs":"bosnia","bss":"koose","bua":"burjaatti","bug":"bugi","bum":"bulu","byn":"bilin","byv":"medumba","ca":"katalaani","cad":"caddo","car":"karibi","cay":"cayuga","cch":"atsam","ccp":"chakma","ce":"tšetšeeni","ceb":"cebuano","cgg":"kiga","ch":"tšamorro","chb":"tšibtša","chg":"tšagatai","chk":"chuuk","chm":"mari","chn":"chinook-jargon","cho":"choctaw","chp":"chipewyan","chr":"cherokee","chy":"cheyenne","ckb":"soranî","clc":"chilcotin","co":"korsika","cop":"kopti","cps":"capiznon","cr":"cree","crg":"michif","crh":"krimintataari","crj":"east cree (eteläinen)","crk":"plains cree","crl":"east cree (pohjoinen)","crm":"moose cree","crr":"pamlico","crs":"seychellienkreoli","cs":"tšekki","csb":"kašubi","csw":"swampy cree","cu":"kirkkoslaavi","cv":"tšuvassi","cy":"kymri","da":"tanska","dak":"dakota","dar":"dargi","dav":"taita","de":"saksa","de-AT":"saksa (Itävalta)","de-CH":"saksa (Sveitsi)","del":"delaware","den":"slevi","dgr":"dogrib","din":"dinka","dje":"djerma","doi":"dogri","dsb":"alasorbi","dtp":"dusun","dua":"duala","dum":"keskihollanti","dv":"divehi","dyo":"jola-fonyi","dyu":"djula","dz":"dzongkha","dzg":"dazaga","ebu":"embu","ee":"ewe","efi":"efik","egl":"emilia","egy":"muinaisegypti","eka":"ekajuk","el":"kreikka","elx":"elami","en":"englanti","en-AU":"englanti (Australia)","en-CA":"englanti (Kanada)","en-GB":"englanti (Iso-Britannia)","en-US":"englanti (Yhdysvallat)","enm":"keskienglanti","eo":"esperanto","es":"espanja","es-419":"espanja (Latinalainen Amerikka)","es-ES":"espanja (Espanja)","es-MX":"espanja (Meksiko)","esu":"alaskanjupik","et":"viro","eu":"baski","ewo":"ewondo","ext":"extremadura","fa":"persia","fa-AF":"persia (Afganistan)","fan":"fang","fat":"fanti","ff":"fulani","fi":"suomi","fil":"filipino","fit":"meänkieli","fj":"fidži","fo":"fääri","fon":"fon","fr":"ranska","fr-CA":"ranska (Kanada)","fr-CH":"ranska (Sveitsi)","frc":"cajunranska","frm":"keskiranska","fro":"muinaisranska","frp":"arpitaani","frr":"pohjoisfriisi","frs":"itäfriisi","fur":"friuli","fy":"länsifriisi","ga":"iiri","gaa":"ga","gag":"gagauzi","gan":"gan-kiina","gay":"gajo","gba":"gbaja","gbz":"zoroastrialaisdari","gd":"gaeli","gez":"ge’ez","gil":"kiribati","gl":"galicia","glk":"gilaki","gmh":"keskiyläsaksa","gn":"guarani","goh":"muinaisyläsaksa","gom":"goankonkani","gon":"gondi","gor":"gorontalo","got":"gootti","grb":"grebo","grc":"muinaiskreikka","gsw":"sveitsinsaksa","gu":"gudžarati","guc":"wayuu","gur":"frafra","guz":"gusii","gv":"manksi","gwi":"gwitšin","ha":"hausa","hai":"haida","hak":"hakka-kiina","haw":"havaiji","hax":"haida (eteläinen)","he":"heprea","hi":"hindi","hif":"fidžinhindi","hil":"hiligaino","hit":"heetti","hmn":"hmong","ho":"hiri-motu","hr":"kroatia","hsb":"yläsorbi","hsn":"xiang-kiina","ht":"haiti","hu":"unkari","hup":"hupa","hur":"halkomelem","hy":"armenia","hz":"herero","ia":"interlingua","iba":"iban","ibb":"ibibio","id":"indonesia","ie":"interlingue","ig":"igbo","ii":"sichuanin-yi","ik":"inupiaq","ikt":"Länsi-Kanadan inuktitut","ilo":"iloko","inh":"inguuši","io":"ido","is":"islanti","it":"italia","iu":"inuktitut","izh":"inkeroinen","ja":"japani","jam":"jamaikankreolienglanti","jbo":"lojban","jgo":"ngomba","jmc":"machame","jpr":"juutalaispersia","jrb":"juutalaisarabia","jut":"juutti","jv":"jaava","ka":"georgia","kaa":"karakalpakki","kab":"kabyyli","kac":"katšin","kaj":"jju","kam":"kamba","kaw":"kavi","kbd":"kabardi","kbl":"kanembu","kcg":"tyap","kde":"makonde","kea":"kapverdenkreoli","ken":"kenyang","kfo":"norsunluurannikonkoro","kg":"kongo","kgp":"kaingang","kha":"khasi","kho":"khotani","khq":"koyra chiini","khw":"khowar","ki":"kikuju","kiu":"kirmanjki","kj":"kuanjama","kk":"kazakki","kkj":"kako","kl":"kalaallisut","kln":"kalenjin","km":"khmer","kmb":"kimbundu","kn":"kannada","ko":"korea","koi":"komipermjakki","kok":"konkani","kos":"kosrae","kpe":"kpelle","kr":"kanuri","krc":"karatšai-balkaari","kri":"krio","krj":"kinaray-a","krl":"karjala","kru":"kurukh","ks":"kašmiri","ksb":"shambala","ksf":"bafia","ksh":"kölsch","ku":"kurdi","kum":"kumykki","kut":"kutenai","kv":"komi","kw":"korni","kwk":"kwakʼwala","ky":"kirgiisi","la":"latina","lad":"ladino","lag":"lango","lah":"lahnda","lam":"lamba","lb":"luxemburg","lez":"lezgi","lfn":"lingua franca nova","lg":"ganda","li":"limburg","lij":"liguuri","lil":"lillooet","liv":"liivi","lkt":"lakota","lmo":"lombardi","ln":"lingala","lo":"lao","lol":"mongo","lou":"louisianankreoli","loz":"lozi","lrc":"pohjoisluri","lsm":"samia","lt":"liettua","ltg":"latgalli","lu":"katanganluba","lua":"luluanluba","lui":"luiseño","lun":"lunda","luo":"luo","lus":"lusai","luy":"luhya","lv":"latvia","lzh":"klassinen kiina","lzz":"lazi","mad":"madura","maf":"mafa","mag":"magahi","mai":"maithili","mak":"makassar","man":"mandingo","mas":"maasai","mde":"maba","mdf":"mokša","mdr":"mandar","men":"mende","mer":"meru","mfe":"morisyen","mg":"malagassi","mga":"keski-iiri","mgh":"makua-meetto","mgo":"meta’","mh":"marshall","mi":"maori","mic":"micmac","min":"minangkabau","mk":"makedonia","ml":"malajalam","mn":"mongoli","mnc":"mantšu","mni":"manipuri","moe":"innu-aimun","moh":"mohawk","mos":"mossi","mr":"marathi","mrj":"vuorimari","ms":"malaiji","mt":"malta","mua":"mundang","mul":"useita kieliä","mus":"creek","mwl":"mirandeesi","mwr":"marwari","mwv":"mentawai","my":"burma","mye":"myene","myv":"ersä","mzn":"mazandarani","na":"nauru","nan":"min nan -kiina","nap":"napoli","naq":"nama","nb":"norjan bokmål","nd":"pohjois-ndebele","nds":"alasaksa","nds-NL":"alasaksa (Alankomaat)","ne":"nepali","new":"newari","ng":"ndonga","nia":"nias","niu":"niue","njo":"ao naga","nl":"hollanti","nl-BE":"hollanti (Belgia)","nmg":"kwasio","nn":"norjan nynorsk","nnh":"ngiemboon","no":"norja","nog":"nogai","non":"muinaisnorja","nov":"novial","nqo":"n’ko","nr":"etelä-ndebele","nso":"pohjoissotho","nus":"nuer","nv":"navajo","nwc":"klassinen newari","ny":"njandža","nym":"nyamwezi","nyn":"nyankole","nyo":"nyoro","nzi":"nzima","oc":"oksitaani","oj":"odžibwa","ojb":"luoteis-odžibwa","ojc":"keskiojibwa","ojs":"oji-cree","ojw":"länsi-odžibwa","oka":"okanagan","om":"oromo","or":"orija","os":"osseetti","osa":"osage","ota":"osmani","pa":"pandžabi","pag":"pangasinan","pal":"pahlavi","pam":"pampanga","pap":"papiamentu","pau":"palau","pcd":"picardi","pcm":"nigerianpidgin","pdc":"pennsylvaniansaksa","pdt":"plautdietsch","peo":"muinaispersia","pfl":"pfaltsi","phn":"foinikia","pi":"paali","pis":"pijin","pl":"puola","pms":"piemonte","pnt":"pontoksenkreikka","pon":"pohnpei","pqm":"maliseet-passamaquoddy","prg":"muinaispreussi","pro":"muinaisprovensaali","ps":"paštu","pt":"portugali","pt-BR":"portugali (Brasilia)","pt-PT":"portugali (Portugali)","qu":"ketšua","quc":"kʼicheʼ","qug":"chimborazonylänköketšua","raj":"radžastani","rap":"rapanui","rar":"rarotonga","rgn":"romagnoli","rhg":"rohinga","rif":"tarifit","rm":"retoromaani","rn":"rundi","ro":"romania","ro-MD":"romania (Moldova)","rof":"rombo","rom":"romani","rtm":"rotuma","ru":"venäjä","rue":"ruteeni","rug":"roviana","rup":"aromania","rw":"ruanda","rwk":"rwa","sa":"sanskrit","sad":"sandawe","sah":"jakuutti","sam":"samarianaramea","saq":"samburu","sas":"sasak","sat":"santali","saz":"sauraštri","sba":"ngambay","sbp":"sangu","sc":"sardi","scn":"sisilia","sco":"skotti","sd":"sindhi","sdc":"sassarinsardi","sdh":"eteläkurdi","se":"pohjoissaame","see":"seneca","seh":"sena","sei":"seri","sel":"selkuppi","ses":"koyraboro senni","sg":"sango","sga":"muinaisiiri","sgs":"samogiitti","sh":"serbokroaatti","shi":"tašelhit","shn":"shan","shu":"tšadinarabia","si":"sinhala","sid":"sidamo","sk":"slovakki","sl":"sloveeni","slh":"lushootseed (eteläinen)","sli":"sleesiansaksa","sly":"selayar","sm":"samoa","sma":"eteläsaame","smj":"luulajansaame","smn":"inarinsaame","sms":"koltansaame","sn":"šona","snk":"soninke","so":"somali","sog":"sogdi","sq":"albania","sr":"serbia","srn":"sranan","srr":"serer","ss":"swazi","ssy":"saho","st":"eteläsotho","stq":"saterlandinfriisi","str":"straits-salish","su":"sunda","suk":"sukuma","sus":"susu","sux":"sumeri","sv":"ruotsi","sw":"swahili","sw-CD":"swahili (Kongon demokraattinen tasavalta)","swb":"komori","syc":"muinaissyyria","syr":"syyria","szl":"sleesia","ta":"tamili","tce":"etelätutchone","tcy":"tulu","te":"telugu","tem":"temne","teo":"teso","ter":"tereno","tet":"tetum","tg":"tadžikki","tgx":"tagish","th":"thai","tht":"tahlta","ti":"tigrinja","tig":"tigre","tiv":"tiv","tk":"turkmeeni","tkl":"tokelau","tkr":"tsahuri","tl":"tagalog","tlh":"klingon","tli":"tlingit","tly":"tališi","tmh":"tamašek","tn":"tswana","to":"tonga","tog":"malawintonga","tok":"toki pona","tpi":"tok-pisin","tr":"turkki","tru":"turojo","trv":"taroko","ts":"tsonga","tsd":"tsakonia","tsi":"tsimši","tt":"tataari","ttm":"pohjoinen tutchone","ttt":"tati","tum":"tumbuka","tvl":"tuvalu","tw":"twi","twq":"tasawaq","ty":"tahiti","tyv":"tuva","tzm":"keskiatlaksentamazight","udm":"udmurtti","ug":"uiguuri","uga":"ugarit","uk":"ukraina","umb":"mbundu","und":"tuntematon kieli","ur":"urdu","uz":"uzbekki","vai":"vai","ve":"venda","vec":"venetsia","vep":"vepsä","vi":"vietnam","vls":"länsiflaami","vmf":"maininfrankki","vo":"volapük","vot":"vatja","vro":"võro","vun":"vunjo","wa":"valloni","wae":"walser","wal":"wolaitta","war":"waray","was":"washo","wbp":"warlpiri","wo":"wolof","wuu":"wu-kiina","xal":"kalmukki","xh":"xhosa","xmf":"mingreli","xog":"soga","yao":"jao","yap":"japi","yav":"yangben","ybb":"yemba","yi":"jiddiš","yo":"joruba","yrl":"ñeengatú","yue":"kantoninkiina","za":"zhuang","zap":"zapoteekki","zbl":"blisskieli","zea":"seelanti","zen":"zenaga","zgh":"vakioitu tamazight","zh":"kiina","zu":"zulu","zun":"zuni","zxx":"ei kielellistä sisältöä","zza":"zaza"},"narrow":{},"short":{"az":"azeri","en-GB":"englanti (Britannia)","en-US":"englanti (USA)"}}},"region":{"long":{"142":"Aasia","143":"Keski-Aasia","145":"Länsi-Aasia","150":"Eurooppa","151":"Itä-Eurooppa","154":"Pohjois-Eurooppa","155":"Länsi-Eurooppa","202":"Saharan eteläpuolinen Afrikka","419":"Latinalainen Amerikka","001":"maailma","002":"Afrikka","003":"Pohjois-Amerikka","005":"Etelä-Amerikka","009":"Oseania","011":"Länsi-Afrikka","013":"Väli-Amerikka","014":"Itä-Afrikka","015":"Pohjois-Afrikka","017":"Keski-Afrikka","018":"eteläinen Afrikka","019":"Amerikka","021":"pohjoinen Amerikka","029":"Karibia","030":"Itä-Aasia","034":"Etelä-Aasia","035":"Kaakkois-Aasia","039":"Etelä-Eurooppa","053":"Australaasia","054":"Melanesia","057":"Mikronesian alue","061":"Polynesia","AC":"Ascension-saari","AD":"Andorra","AE":"Arabiemiirikunnat","AF":"Afganistan","AG":"Antigua ja Barbuda","AI":"Anguilla","AL":"Albania","AM":"Armenia","AO":"Angola","AQ":"Antarktis","AR":"Argentiina","AS":"Amerikan Samoa","AT":"Itävalta","AU":"Australia","AW":"Aruba","AX":"Ahvenanmaa","AZ":"Azerbaidžan","BA":"Bosnia ja Hertsegovina","BB":"Barbados","BD":"Bangladesh","BE":"Belgia","BF":"Burkina Faso","BG":"Bulgaria","BH":"Bahrain","BI":"Burundi","BJ":"Benin","BL":"Saint-Barthélemy","BM":"Bermuda","BN":"Brunei","BO":"Bolivia","BQ":"Karibian Alankomaat","BR":"Brasilia","BS":"Bahama","BT":"Bhutan","BV":"Bouvet’nsaari","BW":"Botswana","BY":"Valko-Venäjä","BZ":"Belize","CA":"Kanada","CC":"Kookossaaret (Keelingsaaret)","CD":"Kongon demokraattinen tasavalta","CF":"Keski-Afrikan tasavalta","CG":"Kongon tasavalta","CH":"Sveitsi","CI":"Norsunluurannikko","CK":"Cookinsaaret","CL":"Chile","CM":"Kamerun","CN":"Kiina","CO":"Kolumbia","CP":"Clippertoninsaari","CR":"Costa Rica","CU":"Kuuba","CV":"Kap Verde","CW":"Curaçao","CX":"Joulusaari","CY":"Kypros","CZ":"Tšekki","DE":"Saksa","DG":"Diego Garcia","DJ":"Djibouti","DK":"Tanska","DM":"Dominica","DO":"Dominikaaninen tasavalta","DZ":"Algeria","EA":"Ceuta ja Melilla","EC":"Ecuador","EE":"Viro","EG":"Egypti","EH":"Länsi-Sahara","ER":"Eritrea","ES":"Espanja","ET":"Etiopia","EU":"Euroopan unioni","EZ":"euroalue","FI":"Suomi","FJ":"Fidži","FK":"Falklandinsaaret","FM":"Mikronesia","FO":"Färsaaret","FR":"Ranska","GA":"Gabon","GB":"Iso-Britannia","GD":"Grenada","GE":"Georgia","GF":"Ranskan Guayana","GG":"Guernsey","GH":"Ghana","GI":"Gibraltar","GL":"Grönlanti","GM":"Gambia","GN":"Guinea","GP":"Guadeloupe","GQ":"Päiväntasaajan Guinea","GR":"Kreikka","GS":"Etelä-Georgia ja Eteläiset Sandwichinsaaret","GT":"Guatemala","GU":"Guam","GW":"Guinea-Bissau","GY":"Guyana","HK":"Hongkong – Kiinan erityishallintoalue","HM":"Heard ja McDonaldinsaaret","HN":"Honduras","HR":"Kroatia","HT":"Haiti","HU":"Unkari","IC":"Kanariansaaret","ID":"Indonesia","IE":"Irlanti","IL":"Israel","IM":"Mansaari","IN":"Intia","IO":"Brittiläinen Intian valtameren alue","IQ":"Irak","IR":"Iran","IS":"Islanti","IT":"Italia","JE":"Jersey","JM":"Jamaika","JO":"Jordania","JP":"Japani","KE":"Kenia","KG":"Kirgisia","KH":"Kambodža","KI":"Kiribati","KM":"Komorit","KN":"Saint Kitts ja Nevis","KP":"Pohjois-Korea","KR":"Etelä-Korea","KW":"Kuwait","KY":"Caymansaaret","KZ":"Kazakstan","LA":"Laos","LB":"Libanon","LC":"Saint Lucia","LI":"Liechtenstein","LK":"Sri Lanka","LR":"Liberia","LS":"Lesotho","LT":"Liettua","LU":"Luxemburg","LV":"Latvia","LY":"Libya","MA":"Marokko","MC":"Monaco","MD":"Moldova","ME":"Montenegro","MF":"Saint-Martin","MG":"Madagaskar","MH":"Marshallinsaaret","MK":"Pohjois-Makedonia","ML":"Mali","MM":"Myanmar (Burma)","MN":"Mongolia","MO":"Macao – Kiinan erityishallintoalue","MP":"Pohjois-Mariaanit","MQ":"Martinique","MR":"Mauritania","MS":"Montserrat","MT":"Malta","MU":"Mauritius","MV":"Malediivit","MW":"Malawi","MX":"Meksiko","MY":"Malesia","MZ":"Mosambik","NA":"Namibia","NC":"Uusi-Kaledonia","NE":"Niger","NF":"Norfolkinsaari","NG":"Nigeria","NI":"Nicaragua","NL":"Alankomaat","NO":"Norja","NP":"Nepal","NR":"Nauru","NU":"Niue","NZ":"Uusi-Seelanti","OM":"Oman","PA":"Panama","PE":"Peru","PF":"Ranskan Polynesia","PG":"Papua-Uusi-Guinea","PH":"Filippiinit","PK":"Pakistan","PL":"Puola","PM":"Saint-Pierre ja Miquelon","PN":"Pitcairn","PR":"Puerto Rico","PS":"Palestiinalaisalue","PT":"Portugali","PW":"Palau","PY":"Paraguay","QA":"Qatar","QO":"Oseanian erillissaaret","RE":"Réunion","RO":"Romania","RS":"Serbia","RU":"Venäjä","RW":"Ruanda","SA":"Saudi-Arabia","SB":"Salomonsaaret","SC":"Seychellit","SD":"Sudan","SE":"Ruotsi","SG":"Singapore","SH":"Saint Helena","SI":"Slovenia","SJ":"Svalbard ja Jan Mayen","SK":"Slovakia","SL":"Sierra Leone","SM":"San Marino","SN":"Senegal","SO":"Somalia","SR":"Suriname","SS":"Etelä-Sudan","ST":"São Tomé ja Príncipe","SV":"El Salvador","SX":"Sint Maarten","SY":"Syyria","SZ":"Eswatini","TA":"Tristan da Cunha","TC":"Turks- ja Caicossaaret","TD":"Tšad","TF":"Ranskan eteläiset ja antarktiset alueet","TG":"Togo","TH":"Thaimaa","TJ":"Tadžikistan","TK":"Tokelau","TL":"Itä-Timor","TM":"Turkmenistan","TN":"Tunisia","TO":"Tonga","TR":"Turkki","TT":"Trinidad ja Tobago","TV":"Tuvalu","TW":"Taiwan","TZ":"Tansania","UA":"Ukraina","UG":"Uganda","UM":"Yhdysvaltain erillissaaret","UN":"Yhdistyneet kansakunnat","US":"Yhdysvallat","UY":"Uruguay","UZ":"Uzbekistan","VA":"Vatikaani","VC":"Saint Vincent ja Grenadiinit","VE":"Venezuela","VG":"Brittiläiset Neitsytsaaret","VI":"Yhdysvaltain Neitsytsaaret","VN":"Vietnam","VU":"Vanuatu","WF":"Wallis ja Futuna","WS":"Samoa","XA":"pseudoaksentit","XB":"kaksisuuntainen pseudo","XK":"Kosovo","YE":"Jemen","YT":"Mayotte","ZA":"Etelä-Afrikka","ZM":"Sambia","ZW":"Zimbabwe","ZZ":"tuntematon alue"},"narrow":{},"short":{"GB":"Britannia","HK":"Hongkong","MO":"Macao","PS":"Palestiina","UN":"YK","US":"USA"}},"script":{"long":{"Adlm":"fulanin adlam-aakkosto","Afak":"afaka","Aghb":"kaukasianalbanialainen","Ahom":"ahom","Arab":"arabialainen","Aran":"nastaliq","Armi":"valtakunnanaramealainen","Armn":"armenialainen","Avst":"avestalainen","Bali":"balilainen","Bamu":"bamum","Bass":"bassa","Batk":"batakilainen","Beng":"bengalilainen","Bhks":"sanskritin bhaiksuki-aakkosto","Blis":"bliss-symbolit","Bopo":"bopomofo","Brah":"brahmi","Brai":"braille-pistekirjoitus","Bugi":"bugilainen","Buhd":"buhidilainen","Cakm":"chakmalainen","Cans":"kanadalaisten alkuperäiskansojen yhtenäistetty tavukirjoitus","Cari":"kaarialainen","Cham":"tšamilainen","Cher":"cherokeelainen","Chrs":"horemzi","Cirt":"cirth","Copt":"koptilainen","Cpmn":"kypro-minolainen","Cprt":"muinaiskyproslainen","Cyrl":"kyrillinen","Cyrs":"kyrillinen muinaiskirkkoslaavimuunnelma","Deva":"devanagari","Diak":"dives akuru","Dogr":"dogri","Dsrt":"deseret","Dupl":"Duployén pikakirjoitus","Egyd":"egyptiläinen demoottinen","Egyh":"egyptiläinen hieraattinen","Egyp":"egyptiläiset hieroglyfit","Elba":"elbasanilainen","Elym":"elymealainen","Ethi":"etiopialainen","Geok":"muinaisgeorgialainen","Geor":"georgialainen","Glag":"glagoliittinen","Gong":"gondin gunjala","Gonm":"masaram-gondi","Goth":"goottilainen","Gran":"grantha","Grek":"kreikkalainen","Gujr":"gudžaratilainen","Guru":"gurmukhi","Hanb":"kiinan han ja bopomofo","Hang":"hangul","Hani":"kiinalainen han","Hano":"hanunoolainen","Hans":"yksinkertaistettu","Hant":"perinteinen","Hatr":"hatralainen","Hebr":"heprealainen","Hira":"hiragana","Hluw":"anatolialaiset hieroglyfit","Hmng":"pahawh hmong","Hmnp":"hmongin nyiakeng puachue","Hrkt":"japanin tavumerkistöt","Hung":"muinaisunkarilainen","Inds":"induslainen","Ital":"muinaisitalialainen","Jamo":"korean hangulin jamo-elementit","Java":"jaavalainen","Jpan":"japanilainen","Jurc":"džurtšen","Kali":"kayah li","Kana":"katakana","Kawi":"kawi","Khar":"kharosthi","Khmr":"khmeriläinen","Khoj":"khojki","Kits":"kitaanin pieni merkistö","Knda":"kannadalainen","Kore":"korealainen","Kpel":"kpelle","Kthi":"kaithi","Lana":"lanna","Laoo":"laolainen","Latf":"latinalainen fraktuuramuunnelma","Latg":"latinalainen gaelimuunnelma","Latn":"latinalainen","Lepc":"lepchalainen","Limb":"limbulainen","Lina":"lineaari-A","Linb":"lineaari-B","Lisu":"Fraserin aakkoset","Loma":"loma","Lyci":"lyykialainen","Lydi":"lyydialainen","Mahj":"mahajanilainen","Maka":"makassar","Mand":"mandealainen","Mani":"manikealainen","Marc":"tiibetiläinen marchan-kirjoitus","Maya":"maya-hieroglyfit","Medf":"medefaidrin","Mend":"mende","Merc":"meroiittinen kursiivikirjoitus","Mero":"meroiittinen","Mlym":"malajalamilainen","Modi":"modi-aakkoset","Mong":"mongolilainen","Moon":"moon-kohokirjoitus","Mroo":"mro","Mtei":"meitei","Mult":"multanilainen","Mymr":"burmalainen","Nagm":"Nagin mundariaakkoset","Nand":"nandinagari","Narb":"muinaispohjoisarabialainen","Nbat":"nabatealainen","Newa":"newarin newa-tavukirjoitus","Nkgb":"naxi geba","Nkoo":"n’ko","Nshu":"nüshu","Ogam":"ogam","Olck":"ol chiki","Orkh":"orkhon","Orya":"orijalainen","Osge":"osagen aakkosto","Osma":"osmanjalainen","Ougr":"vanha uiguurilainen","Palm":"palmyralainen","Pauc":"zotuallai","Perm":"muinaispermiläinen","Phag":"phags-pa","Phli":"piirtokirjoituspahlavilainen","Phlp":"psalttaripahlavilainen","Phlv":"kirjapahlavilainen","Phnx":"foinikialainen","Plrd":"Pollardin foneettinen","Prti":"piirtokirjoitusparthialainen","Qaag":"burmalainen zawgyi-toteutus","Rjng":"rejang","Rohg":"rohingalainen hanifi","Roro":"rongorongo","Runr":"riimukirjoitus","Samr":"samarianaramealainen","Sara":"sarati","Sarb":"muinaiseteläarabialainen","Saur":"saurashtra","Sgnw":"SignWriting","Shaw":"shaw’lainen","Shrd":"šarada","Sidd":"siddham-tavukirjoitus","Sind":"khudabadi","Sinh":"sinhalilainen","Sogd":"sogdialainen","Sogo":"muinaissogdialainen","Sora":"sorang sompeng","Soyo":"soyombo-kirjaimisto","Sund":"sundalainen","Sylo":"syloti nagri","Syrc":"syyrialainen","Syre":"syyrialainen estrangelo-muunnelma","Syrj":"syyrialainen läntinen muunnelma","Syrn":"syyrialainen itäinen muunnelma","Tagb":"tagbanwalainen","Takr":"takri","Tale":"tailelainen","Talu":"uusi tailuelainen","Taml":"tamililainen","Tang":"tangut","Tavt":"tai viet","Telu":"telugulainen","Teng":"tengwar","Tfng":"tifinagh","Tglg":"tagalogilainen","Thaa":"thaana","Thai":"thailainen","Tibt":"tiibetiläinen","Tirh":"tirhuta","Tnsa":"tangsa","Toto":"toto","Ugar":"ugaritilainen","Vaii":"vailainen","Visp":"näkyvä puhe","Vith":"vithkuqi","Wara":"varang kshiti","Wcho":"wancholainen","Wole":"woleai","Xpeo":"muinaispersialainen","Xsux":"sumerilais-akkadilainen nuolenpääkirjoitus","Yezi":"jesidi","Yiii":"yiläinen","Zanb":"zanabazar-neliökirjaimisto","Zinh":"peritty","Zmth":"matemaattinen","Zsye":"emoji-symbolit","Zsym":"symbolit","Zxxx":"kirjoittamaton","Zyyy":"määrittämätön","Zzzz":"tuntematon kirjoitusjärjestelmä"},"narrow":{},"short":{}}}},"locale":"fi"}