{"data":{"patterns":{"locale":"{0} ({1})"},"types":{"calendar":{"long":{"buddhist":"calendario budista","chinese":"calendario chinés","coptic":"calendario copto","dangi":"calendario dangi","ethiopic":"calendario etíope","ethiopic-amete-alem":"calendario etíope amete alem","gregorian":"calendario gregoriano","hebrew":"calendario hebreo","indian":"Calendario nacional indio","islamic":"calendario islámico","islamic-civil":"calendario islámico (tabular, época civil)","islamic-rgsa":"Calendario islámico (Arabia Saudita,","islamic-umalqura":"calendario islámico (Umm al-Qura)","iso8601":"calendario ISO-8601","japanese":"calendario xaponés","persian":"calendario persa","roc":"calendario Minguo"},"narrow":{},"short":{}},"currency":{"long":{"ADP":"peseta andorrana","AED":"dirham dos Emiratos Árabes Unidos","AFN":"afgani afgán","ALL":"lek albanés","AMD":"dram armenio","ANG":"florín das Antillas Neerlandesas","AOA":"kwanza angolano","ARP":"Peso arxentino (1983–1985)","ARS":"peso arxentino","AUD":"dólar australiano","AWG":"florín de Aruba","AZN":"manat acerbaixano","BAM":"marco convertible de Bosnia e Hercegovina","BBD":"dólar de Barbados","BDT":"taka de Bangladesh","BEC":"Franco belga (convertible)","BEF":"Franco belga","BEL":"Franco belga (financeiro)","BGN":"lev búlgaro","BHD":"dinar de Bahrain","BIF":"franco burundiano","BMD":"dólar bermudano","BND":"dólar de Brunei","BOB":"boliviano","BOP":"Peso boliviano","BOV":"MVDOL boliviano","BRB":"Cruzeiro novo brasileiro (1967–1986)","BRC":"Cruzado brasileiro","BRE":"Cruzeiro brasileiro (1990–1993)","BRL":"real brasileiro","BRN":"Cruzado novo brasileiro","BRR":"Cruzeiro brasileiro","BSD":"dólar bahamés","BTN":"ngultrum butanés","BWP":"pula botswaniano","BYN":"rublo belaruso","BYR":"Rublo bielorruso (2000–2016)","BZD":"dólar belizense","CAD":"dólar canadense","CDF":"franco congolés","CHF":"franco suízo","CLF":"Unidades de fomento chilenas","CLP":"peso chileno","CNH":"iuán chinés (extracontinental)","CNY":"iuán chinés","COP":"peso colombiano","CRC":"colón costarriqueño","CUC":"peso cubano convertible","CUP":"peso cubano","CVE":"escudo caboverdiano","CZK":"coroa checa","DEM":"Marco alemán","DJF":"franco djibutiano","DKK":"coroa dinamarquesa","DOP":"peso dominicano","DZD":"dinar alxeriano","ECS":"Sucre ecuatoriano","ECV":"Unidade de valor constante ecuatoriana","EGP":"libra exipcia","ERN":"nakfa eritreo","ESA":"Peseta española (conta A)","ESB":"Peseta española (conta convertible)","ESP":"Peseta española","ETB":"birr etíope","EUR":"euro","FJD":"dólar fixiano","FKP":"libra das Illas Malvinas","FRF":"Franco francés","GBP":"libra esterlina","GEL":"lari xeorxiano","GHS":"cedi ghanés","GIP":"libra xibraltareña","GMD":"dalasi gambiano","GNF":"franco guineano","GNS":"Syli guineano","GQE":"Ekwele guineana","GRD":"Dracma grego","GTQ":"quetzal guatemalteco","GYD":"dólar güianés","HKD":"dólar de Hong Kong","HNL":"lempira hondureño","HRK":"kuna croata","HTG":"gourde haitiana","HUF":"florín húngaro","IDR":"rupia indonesia","IEP":"Libra irlandesa","ILS":"novo shequel israelí","INR":"rupia india","IQD":"dinar iraquí","IRR":"rial iraniano","ISK":"coroa islandesa","ITL":"Lira italiana","JMD":"dólar xamaicano","JOD":"dinar xordano","JPY":"ien xaponés","KES":"xilin kenyano","KGS":"som kirguiz","KHR":"riel camboxano","KMF":"franco comoriano","KPW":"won norcoreano","KRW":"won surcoreano","KWD":"dinar kuwaití","KYD":"dólar das Illas Caimán","KZT":"tenge kazako","LAK":"kip laosiano","LBP":"libra libanesa","LKR":"rupia srilankesa","LRD":"dólar liberiano","LSL":"loti de Lesoto","LTL":"Litas lituana","LUC":"Franco convertible luxemburgués","LUF":"Franco luxemburgués","LUL":"Franco financeiro luxemburgués","LVL":"Lats letón","LYD":"dinar libio","MAD":"dirham marroquí","MAF":"Franco marroquí","MDL":"leu moldavo","MGA":"ariary malgaxe","MKD":"dinar macedonio","MMK":"kyat birmano","MNT":"tugrik mongol","MOP":"pataca macaense","MRO":"Ouguiya mauritano (1973–2017)","MRU":"ouguiya mauritano","MUR":"rupia mauriciana","MVR":"rupia maldivana","MWK":"kwacha de Malawi","MXN":"peso mexicano","MXP":"Peso de prata mexicano (1861–1992)","MXV":"Unidade de inversión mexicana","MYR":"ringgit malaio","MZN":"metical mozambicano","NAD":"dólar namibio","NGN":"naira nixeriano","NIC":"Córdoba nicaragüense","NIO":"córdoba nicaraguano","NLG":"Florín holandés","NOK":"coroa norueguesa","NPR":"rupia nepalesa","NZD":"dólar neozelandés","OMR":"rial omaní","PAB":"balboa panameño","PEI":"Inti peruano","PEN":"sol peruano","PES":"Sol peruano (1863–1965)","PGK":"kina de Papúa-Nova Guinea","PHP":"peso filipino","PKR":"rupia paquistaní","PLN":"zloty polaco","PTE":"Escudo portugués","PYG":"guaraní paraguaio","QAR":"rial qatarí","RON":"leu romanés","RSD":"dinar serbio","RUB":"rublo ruso","RUR":"Rublo ruso (1991–1998)","RWF":"franco ruandés","SAR":"rial saudita","SBD":"dólar das Illas Salomón","SCR":"rupia de Seychelles","SDG":"libra sudanesa","SEK":"coroa sueca","SGD":"dólar de Singapur","SHP":"libra de Santa Helena","SLL":"leone de Serra Leoa","SOS":"xilin somalí","SRD":"dólar surinamés","SSP":"libra sursudanesa","STD":"Dobra de São Tomé e Príncipe (1977–2017)","STN":"dobra de San Tomé e Príncipe","SUR":"Rublo soviético","SVC":"Colón salvadoreño","SYP":"libra siria","SZL":"lilangeni de Swazilandia","THB":"baht tailandés","TJS":"somoni taxiquistano","TMT":"manat turkmeno","TND":"dinar tunisiano","TOP":"paʻanga tongano","TRY":"lira turca","TTD":"dólar trinitense","TWD":"novo dólar taiwanés","TZS":"xilin tanzano","UAH":"hrivna ucraína","UGX":"xilin ugandés","USD":"dólar estadounidense","UYI":"Peso en unidades indexadas uruguaio","UYP":"Peso uruguaio (1975–1993)","UYU":"peso uruguaio","UZS":"som uzbeko","VEB":"Bolívar venezolano (1871–2008)","VEF":"Bolívar venezolano (2008–2018)","VES":"bolívar venezolano","VND":"dong vietnamita","VUV":"vatu vanuatiano","WST":"tala samoano","XAF":"franco CFA (BEAC)","XAG":"Prata","XAU":"Ouro","XCD":"dólar do Caribe Oriental","XOF":"franco CFA (BCEAO)","XPD":"Paladio","XPF":"franco CFP","XPT":"Platino","XXX":"moeda descoñecida","YER":"rial iemení","ZAR":"rand surafricano","ZMK":"Kwacha zambiano (1968–2012)","ZMW":"kwacha zambiano"},"narrow":{},"short":{}},"dateTimeField":{"long":{"day":"día","dayOfYear":"día do ano","dayperiod":"a.m./p.m.","era":"era","hour":"hora","minute":"minuto","month":"mes","quarter":"trimestre","second":"segundo","timeZoneName":"fuso horario","weekOfMonth":"semana do mes","weekOfYear":"semana","weekday":"día da semana","weekdayOfMonth":"semana do mes","year":"ano"},"narrow":{"day":"día","dayOfYear":"día do ano","dayperiod":"a.m./p.m.","era":"era","hour":"h","minute":"min","month":"mes","quarter":"trim.","second":"s","timeZoneName":"fuso","weekOfMonth":"sem. do mes","weekOfYear":"sem.","weekday":"día da sem.","weekdayOfMonth":"sem. do mes","year":"ano"},"short":{"day":"día","dayOfYear":"día do ano","dayperiod":"a.m./p.m.","era":"era","hour":"h","minute":"min","month":"mes","quarter":"trim.","second":"s","timeZoneName":"fuso","weekOfMonth":"sem. do mes","weekOfYear":"sem.","weekday":"día da sem.","weekdayOfMonth":"sem. do mes","year":"ano"}},"language":{"dialect":{"long":{"aa":"afar","ab":"abkhazo","ace":"achinés","ach":"acholí","ada":"adangme","ady":"adigueo","af":"afrikaans","agq":"aghem","ain":"ainu","ak":"akan","ale":"aleutiano","alt":"altai meridional","am":"amhárico","an":"aragonés","ann":"obolo","anp":"angika","ar":"árabe","ar-001":"árabe estándar moderno","arc":"arameo","arn":"mapuche","arp":"arapaho","ars":"árabe najdi","as":"assamés","asa":"asu","ast":"asturiano","atj":"atikamekw","av":"avar","awa":"awadhi","ay":"aimará","az":"acerbaixano","ba":"baxkir","ban":"balinés","bas":"basaa","be":"belaruso","bem":"bemba","bez":"bena","bg":"búlgaro","bgn":"baluchi occidental","bho":"bhojpuri","bi":"bislama","bin":"bini","bla":"siksiká","bm":"bambara","bn":"bengalí","bo":"tibetano","br":"bretón","brx":"bodo","bs":"bosníaco","bug":"buginés","byn":"blin","ca":"catalán","cay":"cayuga","ccp":"chakma","ce":"checheno","ceb":"cebuano","cgg":"kiga","ch":"chamorro","chk":"chuuk","chm":"mari","cho":"choctaw","chp":"chipewyan","chr":"cherokee","chy":"cheyenne","ckb":"kurdo central","clc":"chilcotin","co":"corso","crg":"michif","crj":"cree do sueste","crk":"cree das chairas","crl":"cree do nordeste","crm":"cree de Moose","crr":"algonquino de Carolina","crs":"seselwa (crioulo das Seychelles)","cs":"checo","csw":"cree dos pantanos","cu":"eslavo eclesiástico","cv":"chuvaxo","cy":"galés","da":"dinamarqués","dak":"dakota","dar":"dargwa","dav":"taita","de":"alemán","de-AT":"alemán austríaco","de-CH":"alto alemán suízo","dgr":"dogrib","dje":"zarma","doi":"dogri","dsb":"baixo sorbio","dua":"duala","dv":"divehi","dyo":"jola-fonyi","dz":"dzongkha","dzg":"dazaga","ebu":"embu","ee":"ewe","efi":"efik","egy":"exipcio antigo","eka":"ekajuk","el":"grego","en":"inglés","en-AU":"inglés australiano","en-CA":"inglés canadense","en-GB":"inglés británico","en-US":"inglés estadounidense","eo":"esperanto","es":"español","es-419":"español de América","es-ES":"español de España","es-MX":"español de México","et":"estoniano","eu":"éuscaro","ewo":"ewondo","fa":"persa","fa-AF":"dari","ff":"fula","fi":"finés","fil":"filipino","fj":"fixiano","fo":"feroés","fon":"fon","fr":"francés","fr-CA":"francés canadense","fr-CH":"francés suízo","frc":"francés cajun","frr":"frisón setentrional","fur":"friulano","fy":"frisón occidental","ga":"irlandés","gaa":"ga","gag":"gagauz","gd":"gaélico escocés","gez":"ge’ez","gil":"kiribatiano","gl":"galego","gn":"guaraní","gor":"gorontalo","grc":"grego antigo","gsw":"alemán suízo","gu":"guxarati","guz":"gusii","gv":"manx","gwi":"gwichʼin","ha":"hausa","hai":"haida","haw":"hawaiano","hax":"haida do sur","he":"hebreo","hi":"hindi","hi-Latn":"hindi (alfabeto latino)","hil":"hiligaynon","hmn":"hmong","hr":"croata","hsb":"alto sorbio","ht":"crioulo haitiano","hu":"húngaro","hup":"hupa","hur":"halkomelem","hy":"armenio","hz":"herero","ia":"interlingua","iba":"iban","ibb":"ibibio","id":"indonesio","ig":"igbo","ii":"yi sichuanés","ikt":"inuktitut canadense occidental","ilo":"ilocano","inh":"inguxo","io":"ido","is":"islandés","it":"italiano","iu":"inuktitut","ja":"xaponés","jbo":"lojban","jgo":"ngomba","jmc":"machame","jv":"xavanés","ka":"xeorxiano","kab":"cabila","kac":"kachin","kaj":"jju","kam":"kamba","kbd":"cabardiano","kcg":"tyap","kde":"makonde","kea":"caboverdiano","kfo":"koro","kg":"kongo","kgp":"caingangue","kha":"khasi","khq":"koyra chiini","ki":"kikuyu","kj":"kuanyama","kk":"kazako","kkj":"kako","kl":"groenlandés","kln":"kalenjin","km":"khmer","kmb":"kimbundu","kn":"kannará","ko":"coreano","koi":"komi permio","kok":"konkani","kpe":"kpelle","kr":"kanuri","krc":"carachaio-bálcara","krl":"carelio","kru":"kurukh","ks":"caxemirés","ksb":"shambala","ksf":"bafia","ksh":"kölsch","ku":"kurdo","kum":"kumyk","kv":"komi","kw":"córnico","kwk":"kwakiutl","ky":"kirguiz","la":"latín","lad":"ladino","lag":"langi","lb":"luxemburgués","lez":"lezguio","lg":"ganda","li":"limburgués","lil":"lillooet","lkt":"lakota","ln":"lingala","lo":"laosiano","lou":"crioulo de Luisiana","loz":"lozi","lrc":"luri setentrional","lsm":"saamia","lt":"lituano","lu":"luba-katanga","lua":"luba-lulua","lun":"lunda","luo":"luo","lus":"mizo","luy":"luyia","lv":"letón","mad":"madurés","mag":"magahi","mai":"maithili","mak":"makasar","mas":"masai","mdf":"moksha","men":"mende","mer":"meru","mfe":"crioulo mauriciano","mg":"malgaxe","mgh":"makhuwa-meetto","mgo":"meta’","mh":"marshalés","mi":"maorí","mic":"micmac","min":"minangkabau","mk":"macedonio","ml":"malabar","mn":"mongol","mni":"manipuri","moe":"innu-aimun","moh":"mohawk","mos":"mossi","mr":"marathi","ms":"malaio","mt":"maltés","mua":"mundang","mul":"varias linguas","mus":"creek","mwl":"mirandés","my":"birmano","myv":"erzya","mzn":"mazandaraní","na":"nauruano","nap":"napolitano","naq":"nama","nb":"noruegués bokmål","nd":"ndebele setentrional","nds":"baixo alemán","nds-NL":"baixo saxón","ne":"nepalí","new":"newari","ng":"ndonga","nia":"nias","niu":"niueano","nl":"neerlandés","nl-BE":"flamengo","nmg":"kwasio","nn":"noruegués nynorsk","nnh":"ngiemboon","no":"noruegués","nog":"nogai","nqo":"n’ko","nr":"ndebele meridional","nso":"sesotho do norte","nus":"nuer","nv":"navajo","ny":"chewa","nyn":"nyankole","oc":"occitano","ojb":"ojibwa do noroeste","ojc":"ojibwa","ojs":"oji-cree","ojw":"ojibwa do oeste","oka":"okanagan","om":"oromo","or":"odiá","os":"ossetio","pa":"panxabí","pag":"pangasinan","pam":"pampanga","pap":"papiamento","pau":"palauano","pcm":"pidgin nixeriano","pis":"pijin","pl":"polaco","pqm":"malecite-passamaquoddy","prg":"prusiano","ps":"paxto","pt":"portugués","pt-BR":"portugués do Brasil","pt-PT":"portugués de Portugal","qu":"quechua","quc":"quiché","rap":"rapanui","rar":"rarotongano","rhg":"rohingya","rm":"romanche","rn":"rundi","ro":"romanés","ro-MD":"moldavo","rof":"rombo","ru":"ruso","rup":"aromanés","rw":"kiñaruanda","rwk":"rwa","sa":"sánscrito","sad":"sandawe","sah":"iacuto","saq":"samburu","sat":"santali","sba":"ngambay","sbp":"sangu","sc":"sardo","scn":"siciliano","sco":"escocés","sd":"sindhi","sdh":"kurdo meridional","se":"saami setentrional","seh":"sena","ses":"koyraboro senni","sg":"sango","sh":"serbocroata","shi":"tachelhit","shn":"shan","si":"cingalés","sk":"eslovaco","sl":"esloveno","slh":"lushootseed do sur","sm":"samoano","sma":"saami meridional","smj":"saami de Lule","smn":"saami de Inari","sms":"saami skolt","sn":"shona","snk":"soninke","so":"somalí","sq":"albanés","sr":"serbio","srn":"sranan tongo","ss":"suazi","ssy":"saho","st":"sesotho","str":"salish dos estreitos","su":"sundanés","suk":"sukuma","sv":"sueco","sw":"suahili","sw-CD":"suahili congolés","swb":"comoriano","syr":"siríaco","ta":"támil","tce":"tutchone do sur","te":"telugu","tem":"temne","teo":"teso","tet":"tetun","tg":"taxico","tgx":"tagish","th":"tailandés","tht":"tahltan","ti":"tigriña","tig":"tigré","tk":"turkmeno","tl":"tagalo","tlh":"klingon","tli":"tlingit","tn":"tswana","to":"tongano","tok":"toki pona","tpi":"tok pisin","tr":"turco","trv":"taroko","ts":"tsonga","tt":"tártaro","ttm":"tutchone do norte","tum":"tumbuka","tvl":"tuvalés","tw":"twi","twq":"tasawaq","ty":"tahitiano","tyv":"tuvaniano","tzm":"tamazight de Marrocos central","udm":"udmurto","ug":"uigur","uk":"ucraíno","umb":"umbundu","und":"lingua descoñecida","ur":"urdú","uz":"uzbeko","vai":"vai","ve":"venda","vi":"vietnamita","vo":"volapuk","vun":"vunjo","wa":"valón","wae":"walser","wal":"wolaytta","war":"waray-waray","wbp":"walrpiri","wo":"wólof","wuu":"chinés wu","xal":"calmuco","xh":"xhosa","xog":"soga","yav":"yangben","ybb":"yemba","yi":"yiddish","yo":"ioruba","yrl":"nheengatu","yue":"cantonés","zgh":"tamazight marroquí estándar","zh":"chinés","zh-Hans":"chinés simplificado","zh-Hant":"chinés tradicional","zu":"zulú","zun":"zuni","zxx":"sen contido lingüístico","zza":"zazaki"},"narrow":{},"short":{"az":"azerí","en-GB":"inglés (RU)","en-US":"inglés (EUA)"}},"standard":{"long":{"aa":"afar","ab":"abkhazo","ace":"achinés","ach":"acholí","ada":"adangme","ady":"adigueo","af":"afrikaans","agq":"aghem","ain":"ainu","ak":"akan","ale":"aleutiano","alt":"altai meridional","am":"amhárico","an":"aragonés","ann":"obolo","anp":"angika","ar":"árabe","ar-001":"árabe (Mundo)","arc":"arameo","arn":"mapuche","arp":"arapaho","ars":"árabe najdi","as":"assamés","asa":"asu","ast":"asturiano","atj":"atikamekw","av":"avar","awa":"awadhi","ay":"aimará","az":"acerbaixano","ba":"baxkir","ban":"balinés","bas":"basaa","be":"belaruso","bem":"bemba","bez":"bena","bg":"búlgaro","bgn":"baluchi occidental","bho":"bhojpuri","bi":"bislama","bin":"bini","bla":"siksiká","bm":"bambara","bn":"bengalí","bo":"tibetano","br":"bretón","brx":"bodo","bs":"bosníaco","bug":"buginés","byn":"blin","ca":"catalán","cay":"cayuga","ccp":"chakma","ce":"checheno","ceb":"cebuano","cgg":"kiga","ch":"chamorro","chk":"chuuk","chm":"mari","cho":"choctaw","chp":"chipewyan","chr":"cherokee","chy":"cheyenne","ckb":"kurdo central","clc":"chilcotin","co":"corso","crg":"michif","crj":"cree do sueste","crk":"cree das chairas","crl":"cree do nordeste","crm":"cree de Moose","crr":"algonquino de Carolina","crs":"seselwa (crioulo das Seychelles)","cs":"checo","csw":"cree dos pantanos","cu":"eslavo eclesiástico","cv":"chuvaxo","cy":"galés","da":"dinamarqués","dak":"dakota","dar":"dargwa","dav":"taita","de":"alemán","de-AT":"alemán (Austria)","de-CH":"alemán (Suíza)","dgr":"dogrib","dje":"zarma","doi":"dogri","dsb":"baixo sorbio","dua":"duala","dv":"divehi","dyo":"jola-fonyi","dz":"dzongkha","dzg":"dazaga","ebu":"embu","ee":"ewe","efi":"efik","egy":"exipcio antigo","eka":"ekajuk","el":"grego","en":"inglés","en-AU":"inglés (Australia)","en-CA":"inglés (O Canadá)","en-GB":"inglés (O Reino Unido)","en-US":"inglés (Os Estados Unidos)","eo":"esperanto","es":"español","es-419":"español (América Latina)","es-ES":"español (España)","es-MX":"español (México)","et":"estoniano","eu":"éuscaro","ewo":"ewondo","fa":"persa","fa-AF":"persa (Afganistán)","ff":"fula","fi":"finés","fil":"filipino","fj":"fixiano","fo":"feroés","fon":"fon","fr":"francés","fr-CA":"francés (O Canadá)","fr-CH":"francés (Suíza)","frc":"francés cajun","frr":"frisón setentrional","fur":"friulano","fy":"frisón occidental","ga":"irlandés","gaa":"ga","gag":"gagauz","gd":"gaélico escocés","gez":"ge’ez","gil":"kiribatiano","gl":"galego","gn":"guaraní","gor":"gorontalo","grc":"grego antigo","gsw":"alemán suízo","gu":"guxarati","guz":"gusii","gv":"manx","gwi":"gwichʼin","ha":"hausa","hai":"haida","haw":"hawaiano","hax":"haida do sur","he":"hebreo","hi":"hindi","hi-Latn":"hindi (alfabeto latino)","hil":"hiligaynon","hmn":"hmong","hr":"croata","hsb":"alto sorbio","ht":"crioulo haitiano","hu":"húngaro","hup":"hupa","hur":"halkomelem","hy":"armenio","hz":"herero","ia":"interlingua","iba":"iban","ibb":"ibibio","id":"indonesio","ig":"igbo","ii":"yi sichuanés","ikt":"inuktitut canadense occidental","ilo":"ilocano","inh":"inguxo","io":"ido","is":"islandés","it":"italiano","iu":"inuktitut","ja":"xaponés","jbo":"lojban","jgo":"ngomba","jmc":"machame","jv":"xavanés","ka":"xeorxiano","kab":"cabila","kac":"kachin","kaj":"jju","kam":"kamba","kbd":"cabardiano","kcg":"tyap","kde":"makonde","kea":"caboverdiano","kfo":"koro","kg":"kongo","kgp":"caingangue","kha":"khasi","khq":"koyra chiini","ki":"kikuyu","kj":"kuanyama","kk":"kazako","kkj":"kako","kl":"groenlandés","kln":"kalenjin","km":"khmer","kmb":"kimbundu","kn":"kannará","ko":"coreano","koi":"komi permio","kok":"konkani","kpe":"kpelle","kr":"kanuri","krc":"carachaio-bálcara","krl":"carelio","kru":"kurukh","ks":"caxemirés","ksb":"shambala","ksf":"bafia","ksh":"kölsch","ku":"kurdo","kum":"kumyk","kv":"komi","kw":"córnico","kwk":"kwakiutl","ky":"kirguiz","la":"latín","lad":"ladino","lag":"langi","lb":"luxemburgués","lez":"lezguio","lg":"ganda","li":"limburgués","lil":"lillooet","lkt":"lakota","ln":"lingala","lo":"laosiano","lou":"crioulo de Luisiana","loz":"lozi","lrc":"luri setentrional","lsm":"saamia","lt":"lituano","lu":"luba-katanga","lua":"luba-lulua","lun":"lunda","luo":"luo","lus":"mizo","luy":"luyia","lv":"letón","mad":"madurés","mag":"magahi","mai":"maithili","mak":"makasar","mas":"masai","mdf":"moksha","men":"mende","mer":"meru","mfe":"crioulo mauriciano","mg":"malgaxe","mgh":"makhuwa-meetto","mgo":"meta’","mh":"marshalés","mi":"maorí","mic":"micmac","min":"minangkabau","mk":"macedonio","ml":"malabar","mn":"mongol","mni":"manipuri","moe":"innu-aimun","moh":"mohawk","mos":"mossi","mr":"marathi","ms":"malaio","mt":"maltés","mua":"mundang","mul":"varias linguas","mus":"creek","mwl":"mirandés","my":"birmano","myv":"erzya","mzn":"mazandaraní","na":"nauruano","nap":"napolitano","naq":"nama","nb":"noruegués bokmål","nd":"ndebele setentrional","nds":"baixo alemán","nds-NL":"baixo alemán (Países Baixos)","ne":"nepalí","new":"newari","ng":"ndonga","nia":"nias","niu":"niueano","nl":"neerlandés","nl-BE":"neerlandés (Bélxica)","nmg":"kwasio","nn":"noruegués nynorsk","nnh":"ngiemboon","no":"noruegués","nog":"nogai","nqo":"n’ko","nr":"ndebele meridional","nso":"sesotho do norte","nus":"nuer","nv":"navajo","ny":"chewa","nyn":"nyankole","oc":"occitano","ojb":"ojibwa do noroeste","ojc":"ojibwa","ojs":"oji-cree","ojw":"ojibwa do oeste","oka":"okanagan","om":"oromo","or":"odiá","os":"ossetio","pa":"panxabí","pag":"pangasinan","pam":"pampanga","pap":"papiamento","pau":"palauano","pcm":"pidgin nixeriano","pis":"pijin","pl":"polaco","pqm":"malecite-passamaquoddy","prg":"prusiano","ps":"paxto","pt":"portugués","pt-BR":"portugués (O Brasil)","pt-PT":"portugués (Portugal)","qu":"quechua","quc":"quiché","rap":"rapanui","rar":"rarotongano","rhg":"rohingya","rm":"romanche","rn":"rundi","ro":"romanés","ro-MD":"romanés (Moldavia)","rof":"rombo","ru":"ruso","rup":"aromanés","rw":"kiñaruanda","rwk":"rwa","sa":"sánscrito","sad":"sandawe","sah":"iacuto","saq":"samburu","sat":"santali","sba":"ngambay","sbp":"sangu","sc":"sardo","scn":"siciliano","sco":"escocés","sd":"sindhi","sdh":"kurdo meridional","se":"saami setentrional","seh":"sena","ses":"koyraboro senni","sg":"sango","sh":"serbocroata","shi":"tachelhit","shn":"shan","si":"cingalés","sk":"eslovaco","sl":"esloveno","slh":"lushootseed do sur","sm":"samoano","sma":"saami meridional","smj":"saami de Lule","smn":"saami de Inari","sms":"saami skolt","sn":"shona","snk":"soninke","so":"somalí","sq":"albanés","sr":"serbio","srn":"sranan tongo","ss":"suazi","ssy":"saho","st":"sesotho","str":"salish dos estreitos","su":"sundanés","suk":"sukuma","sv":"sueco","sw":"suahili","sw-CD":"suahili (República Democrática do Congo)","swb":"comoriano","syr":"siríaco","ta":"támil","tce":"tutchone do sur","te":"telugu","tem":"temne","teo":"teso","tet":"tetun","tg":"taxico","tgx":"tagish","th":"tailandés","tht":"tahltan","ti":"tigriña","tig":"tigré","tk":"turkmeno","tl":"tagalo","tlh":"klingon","tli":"tlingit","tn":"tswana","to":"tongano","tok":"toki pona","tpi":"tok pisin","tr":"turco","trv":"taroko","ts":"tsonga","tt":"tártaro","ttm":"tutchone do norte","tum":"tumbuka","tvl":"tuvalés","tw":"twi","twq":"tasawaq","ty":"tahitiano","tyv":"tuvaniano","tzm":"tamazight de Marrocos central","udm":"udmurto","ug":"uigur","uk":"ucraíno","umb":"umbundu","und":"lingua descoñecida","ur":"urdú","uz":"uzbeko","vai":"vai","ve":"venda","vi":"vietnamita","vo":"volapuk","vun":"vunjo","wa":"valón","wae":"walser","wal":"wolaytta","war":"waray-waray","wbp":"walrpiri","wo":"wólof","wuu":"chinés wu","xal":"calmuco","xh":"xhosa","xog":"soga","yav":"yangben","ybb":"yemba","yi":"yiddish","yo":"ioruba","yrl":"nheengatu","yue":"cantonés","zgh":"tamazight marroquí estándar","zh":"chinés","zh-Hans":"chinés simplificado","zh-Hant":"chinés tradicional","zu":"zulú","zun":"zuni","zxx":"sen contido lingüístico","zza":"zazaki"},"narrow":{},"short":{"az":"azerí","en-GB":"inglés (RU)","en-US":"inglés (EUA)"}}},"region":{"long":{"142":"Asia","143":"Asia Central","145":"Asia Occidental","150":"Europa","151":"Europa do Leste","154":"Europa Setentrional","155":"Europa Occidental","202":"África subsahariana","419":"América Latina","001":"Mundo","002":"África","003":"América do Norte","005":"América do Sur","009":"Oceanía","011":"África Occidental","013":"América Central","014":"África Oriental","015":"África Setentrional","017":"África Central","018":"África Meridional","019":"América","021":"América Setentrional","029":"Caribe","030":"Asia Oriental","034":"Asia Meridional","035":"Sueste Asiático","039":"Europa Meridional","053":"Australasia","054":"Melanesia","057":"Rexión de Micronesia","061":"Polinesia","AC":"Illa de Ascensión","AD":"Andorra","AE":"Os Emiratos Árabes Unidos","AF":"Afganistán","AG":"Antigua e Barbuda","AI":"Anguila","AL":"Albania","AM":"Armenia","AO":"Angola","AQ":"A Antártida","AR":"A Arxentina","AS":"Samoa Americana","AT":"Austria","AU":"Australia","AW":"Aruba","AX":"Illas Åland","AZ":"Acerbaixán","BA":"Bosnia e Hercegovina","BB":"Barbados","BD":"Bangladesh","BE":"Bélxica","BF":"Burkina Faso","BG":"Bulgaria","BH":"Bahrain","BI":"Burundi","BJ":"Benín","BL":"Saint Barthélemy","BM":"Illas Bermudas","BN":"Brunei","BO":"Bolivia","BQ":"Caribe Neerlandés","BR":"O Brasil","BS":"Bahamas","BT":"Bután","BV":"Illa Bouvet","BW":"Botswana","BY":"Belarús","BZ":"Belize","CA":"O Canadá","CC":"Illas Cocos (Keeling)","CD":"República Democrática do Congo","CF":"República Centroafricana","CG":"República do Congo","CH":"Suíza","CI":"Côte d’Ivoire","CK":"Illas Cook","CL":"Chile","CM":"Camerún","CN":"A China","CO":"Colombia","CP":"Illa Clipperton","CR":"Costa Rica","CU":"Cuba","CV":"Cabo Verde","CW":"Curaçao","CX":"Illa Christmas","CY":"Chipre","CZ":"Chequia","DE":"Alemaña","DG":"Diego García","DJ":"Djibuti","DK":"Dinamarca","DM":"Dominica","DO":"República Dominicana","DZ":"Alxeria","EA":"Ceuta e Melilla","EC":"Ecuador","EE":"Estonia","EG":"Exipto","EH":"O Sáhara Occidental","ER":"Eritrea","ES":"España","ET":"Etiopía","EU":"Unión Europea","EZ":"Eurozona","FI":"Finlandia","FJ":"Fixi","FK":"Illas Malvinas","FM":"Micronesia","FO":"Illas Feroe","FR":"Francia","GA":"Gabón","GB":"O Reino Unido","GD":"Granada","GE":"Xeorxia","GF":"Güiana Francesa","GG":"Guernsey","GH":"Ghana","GI":"Xibraltar","GL":"Groenlandia","GM":"Gambia","GN":"Guinea","GP":"Guadalupe","GQ":"Guinea Ecuatorial","GR":"Grecia","GS":"Illas Xeorxia do Sur e Sandwich do Sur","GT":"Guatemala","GU":"Guam","GW":"A Guinea Bissau","GY":"Güiana","HK":"Hong Kong RAE da China","HM":"Illa Heard e Illas McDonald","HN":"Honduras","HR":"Croacia","HT":"Haití","HU":"Hungría","IC":"Illas Canarias","ID":"Indonesia","IE":"Irlanda","IL":"Israel","IM":"Illa de Man","IN":"A India","IO":"Territorio Británico do Océano Índico","IQ":"Iraq","IR":"Irán","IS":"Islandia","IT":"Italia","JE":"Jersey","JM":"Xamaica","JO":"Xordania","JP":"O Xapón","KE":"Kenya","KG":"Kirguizistán","KH":"Camboxa","KI":"Kiribati","KM":"Comores","KN":"Saint Kitts e Nevis","KP":"Corea do Norte","KR":"Corea do Sur","KW":"Kuwait","KY":"Illas Caimán","KZ":"Kazakistán","LA":"Laos","LB":"O Líbano","LC":"Santa Lucía","LI":"Liechtenstein","LK":"Sri Lanka","LR":"Liberia","LS":"Lesotho","LT":"Lituania","LU":"Luxemburgo","LV":"Letonia","LY":"Libia","MA":"Marrocos","MC":"Mónaco","MD":"Moldavia","ME":"Montenegro","MF":"Saint Martin","MG":"Madagascar","MH":"Illas Marshall","MK":"Macedonia do Norte","ML":"Malí","MM":"Myanmar (Birmania)","MN":"Mongolia","MO":"Macau RAE da China","MP":"Illas Marianas do Norte","MQ":"Martinica","MR":"Mauritania","MS":"Montserrat","MT":"Malta","MU":"Mauricio","MV":"Maldivas","MW":"Malawi","MX":"México","MY":"Malaisia","MZ":"Mozambique","NA":"Namibia","NC":"Nova Caledonia","NE":"Níxer","NF":"Illa Norfolk","NG":"Nixeria","NI":"Nicaragua","NL":"Países Baixos","NO":"Noruega","NP":"Nepal","NR":"Nauru","NU":"Niue","NZ":"Nova Zelandia","OM":"Omán","PA":"Panamá","PE":"O Perú","PF":"A Polinesia Francesa","PG":"Papúa-Nova Guinea","PH":"Filipinas","PK":"Paquistán","PL":"Polonia","PM":"Saint Pierre et Miquelon","PN":"Illas Pitcairn","PR":"Porto Rico","PS":"Territorios Palestinos","PT":"Portugal","PW":"Palau","PY":"O Paraguai","QA":"Qatar","QO":"Territorios afastados de Oceanía","RE":"Reunión","RO":"Romanía","RS":"Serbia","RU":"Rusia","RW":"Ruanda","SA":"Arabia Saudita","SB":"Illas Salomón","SC":"Seychelles","SD":"O Sudán","SE":"Suecia","SG":"Singapur","SH":"Santa Helena","SI":"Eslovenia","SJ":"Svalbard e Jan Mayen","SK":"Eslovaquia","SL":"Serra Leoa","SM":"San Marino","SN":"Senegal","SO":"Somalia","SR":"Suriname","SS":"O Sudán do Sur","ST":"San Tomé e Príncipe","SV":"O Salvador","SX":"Sint Maarten","SY":"Siria","SZ":"Eswatini","TA":"Tristán da Cunha","TC":"Illas Turks e Caicos","TD":"Chad","TF":"Territorios Austrais Franceses","TG":"Togo","TH":"Tailandia","TJ":"Taxiquistán","TK":"Tokelau","TL":"Timor Leste","TM":"Turkmenistán","TN":"Tunisia","TO":"Tonga","TR":"Turquía","TT":"Trinidad e Tobago","TV":"Tuvalu","TW":"Taiwán","TZ":"Tanzania","UA":"Ucraína","UG":"Uganda","UM":"Illas Menores Distantes dos Estados Unidos","UN":"Nacións Unidas","US":"Os Estados Unidos","UY":"O Uruguai","UZ":"Uzbekistán","VA":"Cidade do Vaticano","VC":"San Vicente e As Granadinas","VE":"Venezuela","VG":"Illas Virxes Británicas","VI":"Illas Virxes Estadounidenses","VN":"Vietnam","VU":"Vanuatu","WF":"Wallis e Futuna","WS":"Samoa","XA":"Pseudoacentos","XB":"Pseudobidireccional","XK":"Kosovo","YE":"O Iemen","YT":"Mayotte","ZA":"Suráfrica","ZM":"Zambia","ZW":"Zimbabwe","ZZ":"Rexión descoñecida"},"narrow":{},"short":{"GB":"RU","HK":"Hong Kong","MO":"Macau","PS":"Palestina","UN":"ONU","US":"EUA"}},"script":{"long":{"Adlm":"adlam","Arab":"árabe","Aran":"nastaliq","Armn":"armenio","Beng":"bengalí","Bopo":"bopomofo","Brai":"braille","Cakm":"chakma","Cans":"silabario aborixe canadense unificado","Cher":"cherokee","Cyrl":"cirílico","Deva":"devanágari","Ethi":"etíope","Geor":"xeorxiano","Grek":"grego","Gujr":"guxarati","Guru":"gurmukhi","Hanb":"han con bopomofo","Hang":"hangul","Hani":"han","Hans":"simplificado","Hant":"tradicional","Hebr":"hebreo","Hira":"hiragana","Hrkt":"silabarios xaponeses","Jamo":"jamo","Jpan":"xaponés","Kana":"katakana","Khmr":"khmer","Knda":"kannará","Kore":"coreano","Laoo":"laosiano","Latn":"latino","Mlym":"malabar","Mong":"mongol","Mtei":"meitei mayek","Mymr":"birmano","Nkoo":"n’ko","Olck":"ol chiki","Orya":"odiá","Rohg":"hanifi","Sinh":"cingalés","Sund":"sundanés","Syrc":"siríaco","Taml":"támil","Telu":"telugu","Tfng":"tifinagh","Thaa":"thaana","Thai":"tailandés","Tibt":"tibetano","Vaii":"vai","Yiii":"yi","Zmth":"notación matemática","Zsye":"emojis","Zsym":"símbolos","Zxxx":"non escrito","Zyyy":"común","Zzzz":"sistema de escritura descoñecido"},"narrow":{},"short":{}}}},"locale":"gl"}