{"data":{"patterns":{"locale":"{0} ({1})"},"types":{"calendar":{"long":{"buddhist":"बौद्ध पंचांग","chinese":"चीनी पंचांग","coptic":"कॉप्टिक कैलेंडर","dangi":"दांगी कैलेंडर","ethiopic":"इथियोपिक कैलेंडर","ethiopic-amete-alem":"इथियोपिक अमेते अलेम कैलेंडर","gregorian":"ग्रेगोरियन कैलेंडर","hebrew":"हिब्रू पंचांग","indian":"भारतीय राष्ट्रीय कैलेंडर","islamic":"इस्लामी पंचांग","islamic-civil":"इस्लामी नागरिक कैलेंडर","islamic-umalqura":"इस्लामी कैलेंडर (उम्म अल-क़ुरा)","iso8601":"आईएसओ-8601 कैलेंडर","japanese":"जापानी पंचांग","persian":"फ़ारसी कैलेंडर","roc":"चीनी गणतंत्र पंचांग"},"narrow":{},"short":{}},"currency":{"long":{"AED":"संयुक्त अरब अमीरात दिरहाम","AFA":"अफगानी (1927–2002)","AFN":"अफ़गान अफ़गानी","ALL":"अल्बानियाई लेक","AMD":"आर्मेनियाई द्राम","ANG":"नीदरलैंड एंटीलियन गिल्डर","AOA":"अंगोला क्वांज़ा","ARS":"अर्जेंटीनी पेसो","AUD":"ऑस्ट्रेलियाई डॉलर","AWG":"अरूबाई फ़्लोरिन","AZN":"अज़रबैजानी मैनेट","BAM":"बोस्निया हर्ज़ेगोविना परिवर्तनीय मार्क","BBD":"बार्बेडियन डॉलर","BDT":"बांग्लादेशी टका","BGN":"बुल्गारियाई लेव","BHD":"बहरीनी दिनार","BIF":"बुरूंडी फ़्रैंक","BMD":"बरमूडा डॉलर","BND":"ब्रूनेई डॉलर","BOB":"बोलिवियाई बोलिवियानो","BRL":"ब्राज़ीली रियाल","BSD":"बहामाई डॉलर","BTN":"भूटानी नंगलट्रम","BUK":"बर्मी क्यात","BWP":"बोत्सवानियाई पुला","BYN":"बेलारूसी रूबल","BYR":"बेलारूसी रूबल (2000–2016)","BZD":"बेलीज़ डॉलर","CAD":"कनाडाई डॉलर","CDF":"कोंगोली फ़्रैंक","CHF":"स्विस फ़्रैंक","CLP":"चिली पेसो","CNH":"चीनी युआन (ऑफ़शोर)","CNY":"चीनी युआन","COP":"कोलंबियाई पेसो","CRC":"कोस्टा रिका कोलोन","CSD":"सर्बिय का ढीनार","CUC":"क्यूबाई परिवर्तनीय पेसो","CUP":"क्यूबाई पेसो","CVE":"केप वर्ड एस्कूडो","CYP":"साईप्रस पाऊंड","CZK":"चेक गणराज्य कोरुना","DEM":"डच मार्क","DJF":"जिबूती फ़्रैंक","DKK":"डैनिश क्रोन","DOP":"डोमिनिकन पेसो","DZD":"अल्जीरियाई दिनार","EEK":"एस्टोनियाई क्रून्","EGP":"मिस्र पाउंड","ERN":"इरीट्रियन नाक्फ़ा","ESP":"","ETB":"इथियोपियन बिर","EUR":"यूरो","FJD":"फ़िजी डॉलर","FKP":"फ़ॉकलैंड द्वीपसमूह पाउंड","FRF":"फ़्रांसीसी फ़्रैंक","GBP":"ब्रिटिश पाउंड स्टर्लिंग","GEL":"जॉर्जियन लारी","GHS":"घानियन सेडी","GIP":"जिब्राल्टर पाउंड","GMD":"गैंबियन डलासी","GNF":"गिनीयन फ़्रैंक","GTQ":"ग्वाटेमाला क्वेटज़ल","GYD":"गयानीज़ डॉलर","HKD":"हाँगकाँग डॉलर","HNL":"होंडुरन लेम्पिरा","HRD":"क्रोएशियन दिनार","HRK":"क्रोएशियाई कुना","HTG":"हैतियाई गर्ड","HUF":"हंगेरियन फ़ोरिंट","IDR":"इंडोनेशियाई रुपिया","ILS":"इज़राइली न्यू शेकेल","INR":"भारतीय रुपया","IQD":"इराकी दिनार","IRR":"ईरानी रियाल","ISK":"आइसलैंडिक क्रोना","ITL":"इतली का लीरा","JMD":"जमैकन डॉलर","JOD":"जॉर्डनियन दिनार","JPY":"जापानी येन","KES":"केन्याई शिलिंग","KGS":"किर्गिस्तानी सोम","KHR":"कंबोडियाई रियाल","KMF":"कोमोरियन फ़्रैंक","KPW":"उत्तर कोरियाई वॉन","KRW":"दक्षिण कोरियाई वॉन","KWD":"कुवैती दिनार","KYD":"कैमेन द्वीपसमूह डॉलर","KZT":"कज़ाखिस्तानी टेंज़","LAK":"लाओशियन किप","LBP":"लेबनानी पाउंड","LKR":"श्रीलंकाई रुपया","LRD":"लाइबेरियाई डॉलर","LSL":"लेसोथो लोटी","LTL":"लिथुआनियाई लितास","LVL":"लात्वियन लैत्स","LYD":"लीबियाई दिनार","MAD":"मोरक्को दिरहम","MAF":"मोरक्को फ्रैंक","MDL":"मोल्डोवन लियू","MGA":"मालागासी आरियरी","MKD":"मैसीडोनियन दिनार","MMK":"म्यांमार क्याट","MNT":"मंगोलियाई टगरिक","MOP":"मेकानीज़ पाटाका","MRO":"मॉरीटेनियन ओगुइया (1973–2017)","MRU":"मॉरीटेनियन ओगुइया","MUR":"मॉरिशियन रुपया","MVR":"मालदीवी रुफ़िया","MWK":"मालावियन क्वाचा","MXN":"मैक्सिकन पेसो","MYR":"मलेशियाई रिंगित","MZN":"मोज़ाम्बिकन मेटिकल","NAD":"नामीबियाई डॉलर","NGN":"नाइजीरियाई नाइरा","NIO":"निकारागुअन कोरडोबा","NOK":"नॉर्वेजियन क्रोन","NPR":"नेपाली रुपया","NZD":"न्यूज़ीलैंड डॉलर","OMR":"ओमानी रियाल","PAB":"पनामेनियन बैल्बोआ","PEN":"पेरूवियन सोल","PGK":"पापुआ न्यू गिनीयन किना","PHP":"फ़िलिपीनी पेसो","PKR":"पाकिस्तानी रुपया","PLN":"पोलिश ज़्लॉटी","PYG":"पैराग्वियन गुआरानी","QAR":"क़तरी रियाल","RHD":"रोडेशियाई डालर","RON":"रोमानियाई ल्यू","RSD":"सर्बियन दिनार","RUB":"रूसी रूबल","RWF":"रवांडाई फ़्रैंक","SAR":"सउदी रियाल","SBD":"सोलोमन द्वीपसमूह डॉलर","SCR":"सेशेल्सियाई रुपया","SDD":"पुरानी सूडानी दिनार","SDG":"सूडानी पाउंड","SDP":"पुराना सूडानी पाउंड","SEK":"स्वीडीश क्रोना","SGD":"सिंगापुर डॉलर","SHP":"सेंट हेलेना पाउंड","SIT":"स्लोवेनियाई तोलार","SKK":"स्लोवाक कोरुना","SLL":"सिएरा लियोनियन लियोन","SOS":"सोमाली शिलिंग","SRD":"सूरीनामी डॉलर","SRG":"सूरीनामी गिल्डर","SSP":"दक्षिण सूडानी पाउंड","STD":"साओ तोम और प्रिंसिपे डोबरा (1977–2017)","STN":"साओ टोम और प्रिंसिपे डोबरा","SUR":"सोवियत रूबल","SYP":"सीरियाई पाउंड","SZL":"स्वाज़ी लिलांजेनी","THB":"थाई बहत","TJR":"तजाखी रूबल","TJS":"ताजिकिस्तानी सोमोनी","TMT":"तुर्कमेनिस्तानी मैनत","TND":"ट्यूनीशियाई दिनार","TOP":"टोंगन पांगा","TPE":"तिमोरी एस्कूडो","TRL":"पुरानी तुर्की लीरा","TRY":"तुर्की लीरा","TTD":"त्रिनिदाद और टोबैगो डॉलर","TWD":"नया ताईवानी डॉलर","TZS":"तंज़ानियाई शिलिंग","UAH":"यूक्रेनियन रिव्निया","UGX":"युगांडाई शिलिंग","USD":"यूएस डॉलर","USN":"अमेरीकी डालर (कल)","USS":"अमेरीकी डालर (आज)","UYU":"उरुग्वियन पेसो","UZS":"उज़्बेकिस्तानी सोम","VEB":"वेनेज़ुएला बोलिवर (1871–2008)","VEF":"वेनेज़ुएला बोलिवर (2008–2018)","VES":"वेनेज़ुएला बोलिवर","VND":"वियतनामी डोंग","VNN":"वियतनामी डोंग (1978–1985)","VUV":"वनुआतू वातू","WST":"समोआई ताला","XAF":"केंद्रीय अफ़्रीकी CFA फ़्रैंक","XCD":"पूर्वी कैरिबियाई डॉलर","XEU":"यूरोपीय मुद्रा इकाई","XOF":"पश्चिमी अफ़्रीकी CFA फ़्रैंक","XPF":"[CFP] फ़्रैंक","XXX":"अज्ञात मुद्रा","YER":"यमनी रियाल","ZAR":"दक्षिण अफ़्रीकी रैंड","ZMK":"ज़ाम्बियन क्वाचा (1968–2012)","ZMW":"ज़ाम्बियन क्वाचा"},"narrow":{},"short":{}},"dateTimeField":{"long":{"day":"दिन","dayOfYear":"वर्ष का दिन","dayperiod":"पूर्वाह्न/अपराह्न","era":"युग","hour":"घंटा","minute":"मिनट","month":"माह","quarter":"तिमाही","second":"सेकंड","timeZoneName":"समय क्षेत्र","weekOfMonth":"माह का सप्ताह","weekOfYear":"सप्ताह","weekday":"सप्ताह का दिन","weekdayOfMonth":"माह के कार्यदिवस","year":"वर्ष"},"narrow":{"day":"दिन","dayOfYear":"वर्ष का दिन","dayperiod":"पू/अ","era":"युग","hour":"घं॰","minute":"मि॰","month":"माह","quarter":"तिमाही","second":"से॰","timeZoneName":"क्षेत्र","weekOfMonth":"माह का सप्ताह","weekOfYear":"सप्ताह","weekday":"सप्ताह का दिन","weekdayOfMonth":"माह के कार्यदिवस","year":"वर्ष"},"short":{"day":"दिन","dayOfYear":"वर्ष का दिन","dayperiod":"पू/अ","era":"युग","hour":"घं॰","minute":"मि॰","month":"माह","quarter":"तिमाही","second":"से॰","timeZoneName":"क्षेत्र","weekOfMonth":"माह का सप्ताह","weekOfYear":"सप्ताह","weekday":"सप्ताह का दिन","weekdayOfMonth":"माह के कार्यदिवस","year":"वर्ष"}},"language":{"dialect":{"long":{"aa":"अफ़ार","ab":"अब्ख़ाज़ियन","ace":"अचाइनीस","ach":"अकोली","ada":"अदान्गमे","ady":"अदिघे","ae":"अवस्ताई","af":"अफ़्रीकी","afh":"अफ्रिहिली","agq":"अग्हेम","ain":"ऐनू","ak":"अकन","akk":"अक्कादी","ale":"अलेउत","alt":"दक्षिणी अल्ताई","am":"अम्हेरी","an":"अर्गोनी","ang":"पुरानी अंग्रेज़ी","ann":"ओबोलो","anp":"अंगिका","ar":"अरबी","ar-001":"आधुनिक मानक अरबी","arc":"ऐरेमेक","arn":"मापूचे","arp":"अरापाहो","ars":"नज्दी अरबी","arw":"अरावक","as":"असमिया","asa":"असु","ast":"अस्तुरियन","atj":"अतिकामेक्व","av":"अवेरिक","awa":"अवधी","ay":"आयमारा","az":"अज़रबैजानी","ba":"बशख़िर","bal":"बलूची","ban":"बालिनीस","bas":"बसा","be":"बेलारूसी","bej":"बेजा","bem":"बेम्बा","bez":"बेना","bg":"बुल्गारियाई","bgn":"पश्चिमी बलोची","bho":"भोजपुरी","bi":"बिस्लामा","bik":"बिकोल","bin":"बिनी","bla":"सिक्सिका","bm":"बाम्बारा","bn":"बंगाली","bo":"तिब्बती","br":"ब्रेटन","bra":"ब्रज","brx":"बोडो","bs":"बोस्नियाई","bua":"बुरियात","bug":"बगिनीस","byn":"ब्लिन","ca":"कातालान","cad":"कैड्डो","car":"कैरिब","cay":"कायुगा","cch":"अत्सम","ccp":"चकमा","ce":"चेचन","ceb":"सिबुआनो","cgg":"शिगा","ch":"कमोरो","chb":"चिब्चा","chg":"छगाताई","chk":"चूकीस","chm":"मारी","chn":"चिनूक जारगॉन","cho":"चोक्तौ","chp":"शिपेव्यान","chr":"चेरोकी","chy":"शेयेन्न","ckb":"सोरानी कुर्दिश","clc":"चिलकोटिन","co":"कोर्सीकन","cop":"कॉप्टिक","cr":"क्री","crg":"मिचिफ़","crh":"क्रीमीन तुर्की","crj":"दक्षिण पूर्वी क्री","crk":"प्लेन्स क्री","crl":"नॉर्दन ईस्ट क्री","crm":"मूस क्री","crr":"कैरोलाइना एल्गोंक्वीयन","crs":"सेसेल्वा क्रिओल फ्रेंच","cs":"चेक","csb":"काशुबियन","csw":"स्वॉम्पी क्री","cu":"चर्च साल्विक","cv":"चूवाश","cy":"वेल्श","da":"डेनिश","dak":"दाकोता","dar":"दार्गवा","dav":"तैता","de":"जर्मन","de-AT":"ऑस्ट्रियाई जर्मन","de-CH":"स्विस उच्च जर्मन","del":"डिलैवेयर","den":"स्लेव","dgr":"डोग्रिब","din":"दिन्का","dje":"झार्मा","doi":"डोगरी","dsb":"निचला सॉर्बियन","dua":"दुआला","dum":"मध्यकालीन पुर्तगाली","dv":"दिवेही","dyo":"जोला-फोंई","dyu":"ड्युला","dz":"ज़ोन्गखा","dzg":"दज़ागा","ebu":"एम्बु","ee":"ईवे","efi":"एफिक","egy":"प्राचीन मिस्री","eka":"एकाजुक","el":"यूनानी","elx":"एलामाइट","en":"अंग्रेज़ी","en-AU":"ऑस्ट्रेलियाई अंग्रेज़ी","en-CA":"कनाडाई अंग्रेज़ी","en-GB":"ब्रिटिश अंग्रेज़ी","en-US":"अमेरिकी अंग्रेज़ी","enm":"मध्यकालीन अंग्रेज़ी","eo":"एस्पेरेंतो","es":"स्पेनिश","es-419":"लैटिन अमेरिकी स्पेनिश","es-ES":"यूरोपीय स्पेनिश","es-MX":"मैक्सिकन स्पेनिश","et":"एस्टोनियाई","eu":"बास्क","ewo":"इवोन्डो","fa":"फ़ारसी","fa-AF":"दारी","fan":"फैन्ग","fat":"फन्टी","ff":"फुलाह","fi":"फ़िनिश","fil":"फ़िलिपीनो","fj":"फिजियन","fo":"फ़ैरोइज़","fon":"फॉन","fr":"फ़्रेंच","fr-CA":"कनाडाई फ़्रेंच","fr-CH":"स्विस फ़्रेंच","frc":"केजन फ़्रेंच","frm":"मध्यकालीन फ़्रांसीसी","fro":"पुरातन फ़्रांसीसी","frr":"उत्तरी फ़्रीसियाई","frs":"पूर्वी फ़्रीसियाई","fur":"फ्रीयुलीयान","fy":"पश्चिमी फ़्रिसियाई","ga":"आयरिश","gaa":"गा","gag":"गागौज़","gay":"गायो","gba":"ग्बाया","gd":"स्कॉटिश गाएलिक","gez":"गीज़","gil":"गिल्बरतीस","gl":"गैलिशियन","gmh":"मध्यकालीन हाइ जर्मन","gn":"गुआरानी","goh":"पुरातन हाइ जर्मन","gon":"गाँडी","gor":"गोरोन्तालो","got":"गॉथिक","grb":"ग्रेबो","grc":"प्राचीन यूनानी","gsw":"स्विस जर्मन","gu":"गुजराती","guz":"गुसी","gv":"मैंक्स","gwi":"ग्विचइन","ha":"हौसा","hai":"हैडा","haw":"हवाई","hax":"दक्षिणी हाइदा","he":"हिब्रू","hi":"हिन्दी","hi-Latn":"हिन्दी (लैटिन)","hil":"हिलिगेनन","hit":"हिताइत","hmn":"ह्मॉंग","ho":"हिरी मोटू","hr":"क्रोएशियाई","hsb":"ऊपरी सॉर्बियन","ht":"हैतियाई","hu":"हंगेरियाई","hup":"हूपा","hur":"हल्कोमेलम","hy":"आर्मेनियाई","hz":"हरैरो","ia":"इंटरलिंगुआ","iba":"इबान","ibb":"इबिबियो","id":"इंडोनेशियाई","ie":"ईन्टरलिंगुइ","ig":"ईग्बो","ii":"सिचुआन यी","ik":"इनुपियाक्","ikt":"पश्चिमी कनाडाई इनुक्टिटुट","ilo":"इलोको","inh":"इंगुश","io":"इडौ","is":"आइसलैंडिक","it":"इतालवी","iu":"इनुक्टिटुट","ja":"जापानी","jbo":"लोज्बान","jgo":"नगोंबा","jmc":"मैकहैमे","jpr":"जुदेओ-पर्शियन","jrb":"जुदेओ-अरेबिक","jv":"जावानीज़","ka":"जॉर्जियाई","kaa":"कारा-कल्पक","kab":"कबाइल","kac":"काचिन","kaj":"ज्जु","kam":"कम्बा","kaw":"कावी","kbd":"कबार्डियन","kcg":"त्याप","kde":"मैकोंड","kea":"काबुवेर्दियानु","kfo":"कोरो","kg":"कोंगो","kgp":"काइंगांग","kha":"खासी","kho":"खोतानीस","khq":"कोयरा चीनी","ki":"किकुयू","kj":"क्वान्यामा","kk":"कज़ाख़","kkj":"काको","kl":"कलालीसुत","kln":"कलेंजिन","km":"खमेर","kmb":"किम्बन्दु","kn":"कन्नड़","ko":"कोरियाई","koi":"कोमी-पर्मयाक","kok":"कोंकणी","kos":"कोसरैन","kpe":"क्पेल","kr":"कनुरी","krc":"कराचय-बल्कार","krl":"करेलियन","kru":"कुरूख","ks":"कश्मीरी","ksb":"शम्बाला","ksf":"बफिआ","ksh":"कोलोनियाई","ku":"कुर्दिश","kum":"कुमीक","kut":"क्यूतनाई","kv":"कोमी","kw":"कोर्निश","kwk":"क्वॉकवाला","ky":"किर्गीज़","la":"लैटिन","lad":"लादीनो","lag":"लांगि","lah":"लाह्न्डा","lam":"लाम्बा","lb":"लग्ज़मबर्गी","lez":"लेज़्घीयन","lg":"गांडा","li":"लिंबर्गिश","lil":"लिलोएट","lkt":"लैकोटा","lmo":"लॉमबर्ड","ln":"लिंगाला","lo":"लाओ","lol":"मोंगो","lou":"लुईज़ियाना क्रियोल","loz":"लोज़ी","lrc":"उत्तरी लूरी","lsm":"सामिया","lt":"लिथुआनियाई","lu":"ल्यूबा-कटांगा","lua":"ल्यूबा-लुलुआ","lui":"लुइसेनो","lun":"लुन्डा","luo":"ल्युओ","lus":"मिज़ो","luy":"ल्युईआ","lv":"लातवियाई","mad":"मादुरीस","mag":"मगही","mai":"मैथिली","mak":"मकासर","man":"मन्डिन्गो","mas":"मसाई","mdf":"मोक्ष","mdr":"मंदार","men":"मेन्डे","mer":"मेरु","mfe":"मोरीस्येन","mg":"मालागासी","mga":"मध्यकालीन आइरिश","mgh":"मैखुवा-मीट्टो","mgo":"मेटा","mh":"मार्शलीज़","mi":"माओरी","mic":"मिकमैक","min":"मिनांग्काबाउ","mk":"मकदूनियाई","ml":"मलयालम","mn":"मंगोलियाई","mnc":"मन्चु","mni":"मणिपुरी","moe":"इन्नु-एईमन","moh":"मोहौक","mos":"मोस्सी","mr":"मराठी","ms":"मलय","mt":"माल्टीज़","mua":"मुंडैंग","mul":"एकाधिक भाषाएँ","mus":"क्रीक","mwl":"मिरांडी","mwr":"मारवाड़ी","my":"बर्मीज़","myv":"एर्ज़या","mzn":"माज़न्देरानी","na":"नाउरू","nan":"मिन नान","nap":"नीपोलिटन","naq":"नामा","nb":"नॉर्वेजियाई बोकमाल","nd":"उत्तरी देबेल","nds":"निचला जर्मन","nds-NL":"निचली सैक्सन","ne":"नेपाली","new":"नेवाड़ी","ng":"डोन्गा","nia":"नियास","niu":"नियुआन","nl":"डच","nl-BE":"फ़्लेमिश","nmg":"क्वासिओ","nn":"नॉर्वेजियाई नॉयनॉर्स्क","nnh":"गैम्बू","no":"नॉर्वेजियाई","nog":"नोगाई","non":"पुराना नॉर्स","nqo":"एन्को","nr":"दक्षिण देबेल","nso":"उत्तरी सोथो","nus":"नुएर","nv":"नावाजो","nwc":"पारम्परिक नेवारी","ny":"न्यानजा","nym":"न्यामवेज़ी","nyn":"न्यानकोल","nyo":"न्योरो","nzi":"न्ज़ीमा","oc":"ओसीटान","oj":"ओजिब्वा","ojb":"उत्तरपश्चिमी ओजिब्वे","ojc":"सेंट्रल ओजीब्वे","ojs":"ओजी-क्री","ojw":"पश्चिमी ओजिब्वा","oka":"ओकनागन","om":"ओरोमो","or":"ओड़िया","os":"ओस्सेटिक","osa":"ओसेज","ota":"ओटोमान तुर्किश","pa":"पंजाबी","pag":"पंगासीनान","pal":"पाह्लावी","pam":"पाम्पान्गा","pap":"पापियामेन्टो","pau":"पलोउआन","pcm":"नाइजीरियाई पिडगिन","peo":"पुरानी फारसी","phn":"फोएनिशियन","pi":"पाली","pis":"पाईजिन","pl":"पोलिश","pon":"पोह्नपिएन","pqm":"मलेसीट-पासेमेक्वोडी","prg":"प्रुशियाई","pro":"पुरानी प्रोवेन्सल","ps":"पश्तो","pt":"पुर्तगाली","pt-BR":"ब्राज़ीली पुर्तगाली","pt-PT":"यूरोपीय पुर्तगाली","qu":"क्वेचुआ","quc":"किश","raj":"राजस्थानी","rap":"रापानुई","rar":"रारोतोंगन","rhg":"रोहिंग्या","rm":"रोमान्श","rn":"रुन्दी","ro":"रोमानियाई","ro-MD":"मोलडावियन","rof":"रोम्बो","rom":"रोमानी","ru":"रूसी","rup":"अरोमानियन","rw":"किन्यारवांडा","rwk":"रवा","sa":"संस्कृत","sad":"सन्डावे","sah":"याकूत","sam":"सामैरिटन अरैमिक","saq":"सैम्बुरु","sas":"सासाक","sat":"संथाली","sba":"न्गाम्बे","sbp":"सैंगु","sc":"सार्दिनियन","scn":"सिसिलियन","sco":"स्कॉट्स","sd":"सिंधी","sdh":"दक्षिणी कार्डिश","se":"नॉर्दन सामी","seh":"सेना","sel":"सेल्कप","ses":"कोयराबोरो सेन्नी","sg":"सांगो","sga":"पुरानी आइरिश","sh":"सेर्बो-क्रोएशियाई","shi":"तैचेल्हित","shn":"शैन","si":"सिंहली","sid":"सिदामो","sk":"स्लोवाक","sl":"स्लोवेनियाई","slh":"दक्षिणी लशूटसीड","sm":"सामोन","sma":"दक्षिणी सामी","smj":"ल्युल सामी","smn":"इनारी सामी","sms":"स्कोल्ट सामी","sn":"शोणा","snk":"सोनिन्के","so":"सोमाली","sog":"सोग्डिएन","sq":"अल्बानियाई","sr":"सर्बियाई","srn":"स्रानान टॉन्गो","srr":"सेरेर","ss":"स्वाती","ssy":"साहो","st":"दक्षिणी सेसेथो","str":"स्ट्रेट्स सैलिश","su":"सुंडानी","suk":"सुकुमा","sus":"सुसु","sux":"सुमेरियन","sv":"स्वीडिश","sw":"स्वाहिली","sw-CD":"कांगो स्वाहिली","swb":"कोमोरियन","syc":"क्लासिकल सिरिएक","syr":"सिरिएक","ta":"तमिल","tce":"दक्षिणी टशोनी","te":"तेलुगू","tem":"टिम्ने","teo":"टेसो","ter":"तेरेनो","tet":"तेतुम","tg":"ताजिक","tgx":"टैगिश","th":"थाई","tht":"टैल्हटन","ti":"तिग्रीन्या","tig":"टाइग्रे","tiv":"तिव","tk":"तुर्कमेन","tkl":"तोकेलाऊ","tl":"टैगलॉग","tlh":"क्लिंगन","tli":"त्लिंगित","tmh":"तामाशेक","tn":"सेत्स्वाना","to":"टोंगन","tog":"न्यासा टोन्गा","tok":"टोकी पोना","tpi":"टोक पिसिन","tr":"तुर्की","trv":"तारोको","ts":"सोंगा","tsi":"त्सिमीशियन","tt":"तातार","ttm":"उत्तरी टुशोनी","tum":"तम्बूका","tvl":"तुवालु","tw":"ट्वी","twq":"टासवाक","ty":"ताहितियन","tyv":"तुवीनियन","tzm":"मध्य एटलस तमाज़ित","udm":"उदमुर्त","ug":"उइगर","uga":"युगैरिटिक","uk":"यूक्रेनियाई","umb":"उम्बुन्डु","und":"अज्ञात भाषा","ur":"उर्दू","uz":"उज़्बेक","vai":"वाई","ve":"वेन्दा","vi":"वियतनामी","vo":"वोलापुक","vot":"वॉटिक","vun":"वुंजो","wa":"वाल्लून","wae":"वाल्सर","wal":"वलामो","war":"वारै","was":"वाशो","wbp":"वॉल्पेरी","wo":"वोलोफ़","wuu":"वू चीनी","xal":"काल्मिक","xh":"ख़ोसा","xog":"सोगा","yao":"याओ","yap":"यापीस","yav":"यांगबेन","ybb":"येंबा","yi":"यहूदी","yo":"योरूबा","yrl":"नेइंगातू","yue":"कैंटोनीज़","za":"ज़ुआंग","zap":"ज़ेपोटेक","zbl":"ब्लिसिम्बॉल्स","zen":"ज़ेनान्गा","zgh":"मानक मोरक्कन तामाज़ाइट","zh":"चीनी","zh-Hans":"सरलीकृत चीनी","zh-Hant":"पारंपरिक चीनी","zu":"ज़ुलू","zun":"ज़ूनी","zxx":"कोई भाषा सामग्री नहीं","zza":"ज़ाज़ा"},"narrow":{},"short":{"az":"अज़ेरी","en-GB":"यू॰के॰ अंग्रेज़ी","en-US":"अमेरिकी अंग्रेज़ी"}},"standard":{"long":{"aa":"अफ़ार","ab":"अब्ख़ाज़ियन","ace":"अचाइनीस","ach":"अकोली","ada":"अदान्गमे","ady":"अदिघे","ae":"अवस्ताई","af":"अफ़्रीकी","afh":"अफ्रिहिली","agq":"अग्हेम","ain":"ऐनू","ak":"अकन","akk":"अक्कादी","ale":"अलेउत","alt":"दक्षिणी अल्ताई","am":"अम्हेरी","an":"अर्गोनी","ang":"पुरानी अंग्रेज़ी","ann":"ओबोलो","anp":"अंगिका","ar":"अरबी","ar-001":"अरबी (विश्व)","arc":"ऐरेमेक","arn":"मापूचे","arp":"अरापाहो","ars":"नज्दी अरबी","arw":"अरावक","as":"असमिया","asa":"असु","ast":"अस्तुरियन","atj":"अतिकामेक्व","av":"अवेरिक","awa":"अवधी","ay":"आयमारा","az":"अज़रबैजानी","ba":"बशख़िर","bal":"बलूची","ban":"बालिनीस","bas":"बसा","be":"बेलारूसी","bej":"बेजा","bem":"बेम्बा","bez":"बेना","bg":"बुल्गारियाई","bgn":"पश्चिमी बलोची","bho":"भोजपुरी","bi":"बिस्लामा","bik":"बिकोल","bin":"बिनी","bla":"सिक्सिका","bm":"बाम्बारा","bn":"बंगाली","bo":"तिब्बती","br":"ब्रेटन","bra":"ब्रज","brx":"बोडो","bs":"बोस्नियाई","bua":"बुरियात","bug":"बगिनीस","byn":"ब्लिन","ca":"कातालान","cad":"कैड्डो","car":"कैरिब","cay":"कायुगा","cch":"अत्सम","ccp":"चकमा","ce":"चेचन","ceb":"सिबुआनो","cgg":"शिगा","ch":"कमोरो","chb":"चिब्चा","chg":"छगाताई","chk":"चूकीस","chm":"मारी","chn":"चिनूक जारगॉन","cho":"चोक्तौ","chp":"शिपेव्यान","chr":"चेरोकी","chy":"शेयेन्न","ckb":"सोरानी कुर्दिश","clc":"चिलकोटिन","co":"कोर्सीकन","cop":"कॉप्टिक","cr":"क्री","crg":"मिचिफ़","crh":"क्रीमीन तुर्की","crj":"दक्षिण पूर्वी क्री","crk":"प्लेन्स क्री","crl":"नॉर्दन ईस्ट क्री","crm":"मूस क्री","crr":"कैरोलाइना एल्गोंक्वीयन","crs":"सेसेल्वा क्रिओल फ्रेंच","cs":"चेक","csb":"काशुबियन","csw":"स्वॉम्पी क्री","cu":"चर्च साल्विक","cv":"चूवाश","cy":"वेल्श","da":"डेनिश","dak":"दाकोता","dar":"दार्गवा","dav":"तैता","de":"जर्मन","de-AT":"जर्मन (ऑस्ट्रिया)","de-CH":"जर्मन (स्विट्ज़रलैंड)","del":"डिलैवेयर","den":"स्लेव","dgr":"डोग्रिब","din":"दिन्का","dje":"झार्मा","doi":"डोगरी","dsb":"निचला सॉर्बियन","dua":"दुआला","dum":"मध्यकालीन पुर्तगाली","dv":"दिवेही","dyo":"जोला-फोंई","dyu":"ड्युला","dz":"ज़ोन्गखा","dzg":"दज़ागा","ebu":"एम्बु","ee":"ईवे","efi":"एफिक","egy":"प्राचीन मिस्री","eka":"एकाजुक","el":"यूनानी","elx":"एलामाइट","en":"अंग्रेज़ी","en-AU":"अंग्रेज़ी (ऑस्ट्रेलिया)","en-CA":"अंग्रेज़ी (कनाडा)","en-GB":"अंग्रेज़ी (यूनाइटेड किंगडम)","en-US":"अंग्रेज़ी (संयुक्त राज्य)","enm":"मध्यकालीन अंग्रेज़ी","eo":"एस्पेरेंतो","es":"स्पेनिश","es-419":"स्पेनिश (लैटिन अमेरिका)","es-ES":"स्पेनिश (स्पेन)","es-MX":"स्पेनिश (मैक्सिको)","et":"एस्टोनियाई","eu":"बास्क","ewo":"इवोन्डो","fa":"फ़ारसी","fa-AF":"फ़ारसी (अफ़गानिस्तान)","fan":"फैन्ग","fat":"फन्टी","ff":"फुलाह","fi":"फ़िनिश","fil":"फ़िलिपीनो","fj":"फिजियन","fo":"फ़ैरोइज़","fon":"फॉन","fr":"फ़्रेंच","fr-CA":"फ़्रेंच (कनाडा)","fr-CH":"फ़्रेंच (स्विट्ज़रलैंड)","frc":"केजन फ़्रेंच","frm":"मध्यकालीन फ़्रांसीसी","fro":"पुरातन फ़्रांसीसी","frr":"उत्तरी फ़्रीसियाई","frs":"पूर्वी फ़्रीसियाई","fur":"फ्रीयुलीयान","fy":"पश्चिमी फ़्रिसियाई","ga":"आयरिश","gaa":"गा","gag":"गागौज़","gay":"गायो","gba":"ग्बाया","gd":"स्कॉटिश गाएलिक","gez":"गीज़","gil":"गिल्बरतीस","gl":"गैलिशियन","gmh":"मध्यकालीन हाइ जर्मन","gn":"गुआरानी","goh":"पुरातन हाइ जर्मन","gon":"गाँडी","gor":"गोरोन्तालो","got":"गॉथिक","grb":"ग्रेबो","grc":"प्राचीन यूनानी","gsw":"स्विस जर्मन","gu":"गुजराती","guz":"गुसी","gv":"मैंक्स","gwi":"ग्विचइन","ha":"हौसा","hai":"हैडा","haw":"हवाई","hax":"दक्षिणी हाइदा","he":"हिब्रू","hi":"हिन्दी","hi-Latn":"हिन्दी (लैटिन)","hil":"हिलिगेनन","hit":"हिताइत","hmn":"ह्मॉंग","ho":"हिरी मोटू","hr":"क्रोएशियाई","hsb":"ऊपरी सॉर्बियन","ht":"हैतियाई","hu":"हंगेरियाई","hup":"हूपा","hur":"हल्कोमेलम","hy":"आर्मेनियाई","hz":"हरैरो","ia":"इंटरलिंगुआ","iba":"इबान","ibb":"इबिबियो","id":"इंडोनेशियाई","ie":"ईन्टरलिंगुइ","ig":"ईग्बो","ii":"सिचुआन यी","ik":"इनुपियाक्","ikt":"पश्चिमी कनाडाई इनुक्टिटुट","ilo":"इलोको","inh":"इंगुश","io":"इडौ","is":"आइसलैंडिक","it":"इतालवी","iu":"इनुक्टिटुट","ja":"जापानी","jbo":"लोज्बान","jgo":"नगोंबा","jmc":"मैकहैमे","jpr":"जुदेओ-पर्शियन","jrb":"जुदेओ-अरेबिक","jv":"जावानीज़","ka":"जॉर्जियाई","kaa":"कारा-कल्पक","kab":"कबाइल","kac":"काचिन","kaj":"ज्जु","kam":"कम्बा","kaw":"कावी","kbd":"कबार्डियन","kcg":"त्याप","kde":"मैकोंड","kea":"काबुवेर्दियानु","kfo":"कोरो","kg":"कोंगो","kgp":"काइंगांग","kha":"खासी","kho":"खोतानीस","khq":"कोयरा चीनी","ki":"किकुयू","kj":"क्वान्यामा","kk":"कज़ाख़","kkj":"काको","kl":"कलालीसुत","kln":"कलेंजिन","km":"खमेर","kmb":"किम्बन्दु","kn":"कन्नड़","ko":"कोरियाई","koi":"कोमी-पर्मयाक","kok":"कोंकणी","kos":"कोसरैन","kpe":"क्पेल","kr":"कनुरी","krc":"कराचय-बल्कार","krl":"करेलियन","kru":"कुरूख","ks":"कश्मीरी","ksb":"शम्बाला","ksf":"बफिआ","ksh":"कोलोनियाई","ku":"कुर्दिश","kum":"कुमीक","kut":"क्यूतनाई","kv":"कोमी","kw":"कोर्निश","kwk":"क्वॉकवाला","ky":"किर्गीज़","la":"लैटिन","lad":"लादीनो","lag":"लांगि","lah":"लाह्न्डा","lam":"लाम्बा","lb":"लग्ज़मबर्गी","lez":"लेज़्घीयन","lg":"गांडा","li":"लिंबर्गिश","lil":"लिलोएट","lkt":"लैकोटा","lmo":"लॉमबर्ड","ln":"लिंगाला","lo":"लाओ","lol":"मोंगो","lou":"लुईज़ियाना क्रियोल","loz":"लोज़ी","lrc":"उत्तरी लूरी","lsm":"सामिया","lt":"लिथुआनियाई","lu":"ल्यूबा-कटांगा","lua":"ल्यूबा-लुलुआ","lui":"लुइसेनो","lun":"लुन्डा","luo":"ल्युओ","lus":"मिज़ो","luy":"ल्युईआ","lv":"लातवियाई","mad":"मादुरीस","mag":"मगही","mai":"मैथिली","mak":"मकासर","man":"मन्डिन्गो","mas":"मसाई","mdf":"मोक्ष","mdr":"मंदार","men":"मेन्डे","mer":"मेरु","mfe":"मोरीस्येन","mg":"मालागासी","mga":"मध्यकालीन आइरिश","mgh":"मैखुवा-मीट्टो","mgo":"मेटा","mh":"मार्शलीज़","mi":"माओरी","mic":"मिकमैक","min":"मिनांग्काबाउ","mk":"मकदूनियाई","ml":"मलयालम","mn":"मंगोलियाई","mnc":"मन्चु","mni":"मणिपुरी","moe":"इन्नु-एईमन","moh":"मोहौक","mos":"मोस्सी","mr":"मराठी","ms":"मलय","mt":"माल्टीज़","mua":"मुंडैंग","mul":"एकाधिक भाषाएँ","mus":"क्रीक","mwl":"मिरांडी","mwr":"मारवाड़ी","my":"बर्मीज़","myv":"एर्ज़या","mzn":"माज़न्देरानी","na":"नाउरू","nan":"मिन नान","nap":"नीपोलिटन","naq":"नामा","nb":"नॉर्वेजियाई बोकमाल","nd":"उत्तरी देबेल","nds":"निचला जर्मन","nds-NL":"निचला जर्मन (नीदरलैंड)","ne":"नेपाली","new":"नेवाड़ी","ng":"डोन्गा","nia":"नियास","niu":"नियुआन","nl":"डच","nl-BE":"डच (बेल्जियम)","nmg":"क्वासिओ","nn":"नॉर्वेजियाई नॉयनॉर्स्क","nnh":"गैम्बू","no":"नॉर्वेजियाई","nog":"नोगाई","non":"पुराना नॉर्स","nqo":"एन्को","nr":"दक्षिण देबेल","nso":"उत्तरी सोथो","nus":"नुएर","nv":"नावाजो","nwc":"पारम्परिक नेवारी","ny":"न्यानजा","nym":"न्यामवेज़ी","nyn":"न्यानकोल","nyo":"न्योरो","nzi":"न्ज़ीमा","oc":"ओसीटान","oj":"ओजिब्वा","ojb":"उत्तरपश्चिमी ओजिब्वे","ojc":"सेंट्रल ओजीब्वे","ojs":"ओजी-क्री","ojw":"पश्चिमी ओजिब्वा","oka":"ओकनागन","om":"ओरोमो","or":"ओड़िया","os":"ओस्सेटिक","osa":"ओसेज","ota":"ओटोमान तुर्किश","pa":"पंजाबी","pag":"पंगासीनान","pal":"पाह्लावी","pam":"पाम्पान्गा","pap":"पापियामेन्टो","pau":"पलोउआन","pcm":"नाइजीरियाई पिडगिन","peo":"पुरानी फारसी","phn":"फोएनिशियन","pi":"पाली","pis":"पाईजिन","pl":"पोलिश","pon":"पोह्नपिएन","pqm":"मलेसीट-पासेमेक्वोडी","prg":"प्रुशियाई","pro":"पुरानी प्रोवेन्सल","ps":"पश्तो","pt":"पुर्तगाली","pt-BR":"पुर्तगाली (ब्राज़ील)","pt-PT":"पुर्तगाली (पुर्तगाल)","qu":"क्वेचुआ","quc":"किश","raj":"राजस्थानी","rap":"रापानुई","rar":"रारोतोंगन","rhg":"रोहिंग्या","rm":"रोमान्श","rn":"रुन्दी","ro":"रोमानियाई","ro-MD":"रोमानियाई (मॉल्डोवा)","rof":"रोम्बो","rom":"रोमानी","ru":"रूसी","rup":"अरोमानियन","rw":"किन्यारवांडा","rwk":"रवा","sa":"संस्कृत","sad":"सन्डावे","sah":"याकूत","sam":"सामैरिटन अरैमिक","saq":"सैम्बुरु","sas":"सासाक","sat":"संथाली","sba":"न्गाम्बे","sbp":"सैंगु","sc":"सार्दिनियन","scn":"सिसिलियन","sco":"स्कॉट्स","sd":"सिंधी","sdh":"दक्षिणी कार्डिश","se":"नॉर्दन सामी","seh":"सेना","sel":"सेल्कप","ses":"कोयराबोरो सेन्नी","sg":"सांगो","sga":"पुरानी आइरिश","sh":"सेर्बो-क्रोएशियाई","shi":"तैचेल्हित","shn":"शैन","si":"सिंहली","sid":"सिदामो","sk":"स्लोवाक","sl":"स्लोवेनियाई","slh":"दक्षिणी लशूटसीड","sm":"सामोन","sma":"दक्षिणी सामी","smj":"ल्युल सामी","smn":"इनारी सामी","sms":"स्कोल्ट सामी","sn":"शोणा","snk":"सोनिन्के","so":"सोमाली","sog":"सोग्डिएन","sq":"अल्बानियाई","sr":"सर्बियाई","srn":"स्रानान टॉन्गो","srr":"सेरेर","ss":"स्वाती","ssy":"साहो","st":"दक्षिणी सेसेथो","str":"स्ट्रेट्स सैलिश","su":"सुंडानी","suk":"सुकुमा","sus":"सुसु","sux":"सुमेरियन","sv":"स्वीडिश","sw":"स्वाहिली","sw-CD":"स्वाहिली (कांगो - किंशासा)","swb":"कोमोरियन","syc":"क्लासिकल सिरिएक","syr":"सिरिएक","ta":"तमिल","tce":"दक्षिणी टशोनी","te":"तेलुगू","tem":"टिम्ने","teo":"टेसो","ter":"तेरेनो","tet":"तेतुम","tg":"ताजिक","tgx":"टैगिश","th":"थाई","tht":"टैल्हटन","ti":"तिग्रीन्या","tig":"टाइग्रे","tiv":"तिव","tk":"तुर्कमेन","tkl":"तोकेलाऊ","tl":"टैगलॉग","tlh":"क्लिंगन","tli":"त्लिंगित","tmh":"तामाशेक","tn":"सेत्स्वाना","to":"टोंगन","tog":"न्यासा टोन्गा","tok":"टोकी पोना","tpi":"टोक पिसिन","tr":"तुर्की","trv":"तारोको","ts":"सोंगा","tsi":"त्सिमीशियन","tt":"तातार","ttm":"उत्तरी टुशोनी","tum":"तम्बूका","tvl":"तुवालु","tw":"ट्वी","twq":"टासवाक","ty":"ताहितियन","tyv":"तुवीनियन","tzm":"मध्य एटलस तमाज़ित","udm":"उदमुर्त","ug":"उइगर","uga":"युगैरिटिक","uk":"यूक्रेनियाई","umb":"उम्बुन्डु","und":"अज्ञात भाषा","ur":"उर्दू","uz":"उज़्बेक","vai":"वाई","ve":"वेन्दा","vi":"वियतनामी","vo":"वोलापुक","vot":"वॉटिक","vun":"वुंजो","wa":"वाल्लून","wae":"वाल्सर","wal":"वलामो","war":"वारै","was":"वाशो","wbp":"वॉल्पेरी","wo":"वोलोफ़","wuu":"वू चीनी","xal":"काल्मिक","xh":"ख़ोसा","xog":"सोगा","yao":"याओ","yap":"यापीस","yav":"यांगबेन","ybb":"येंबा","yi":"यहूदी","yo":"योरूबा","yrl":"नेइंगातू","yue":"कैंटोनीज़","za":"ज़ुआंग","zap":"ज़ेपोटेक","zbl":"ब्लिसिम्बॉल्स","zen":"ज़ेनान्गा","zgh":"मानक मोरक्कन तामाज़ाइट","zh":"चीनी","zh-Hans":"सरलीकृत चीनी","zh-Hant":"पारंपरिक चीनी","zu":"ज़ुलू","zun":"ज़ूनी","zxx":"कोई भाषा सामग्री नहीं","zza":"ज़ाज़ा"},"narrow":{},"short":{"az":"अज़ेरी","en-GB":"अंग्रेज़ी (यू॰के॰)","en-US":"अंग्रेज़ी (अमेरिका)"}}},"region":{"long":{"142":"एशिया","143":"मध्य एशिया","145":"पश्चिमी एशिया","150":"यूरोप","151":"पूर्वी यूरोप","154":"उत्तरी यूरोप","155":"पश्चिमी यूरोप","202":"उप-सहारा अफ़्रीका","419":"लैटिन अमेरिका","001":"विश्व","002":"अफ़्रीका","003":"उत्तर अमेरिका","005":"दक्षिण अमेरिका","009":"ओशिआनिया","011":"पश्चिमी अफ़्रीका","013":"मध्य अमेरिका","014":"पूर्वी अफ़्रीका","015":"उत्तरी अफ़्रीका","017":"मध्य अफ़्रीका","018":"दक्षिणी अफ़्रीका","019":"अमेरिकाज़","021":"उत्तरी अमेरिका","029":"कैरिबियन","030":"पूर्वी एशिया","034":"दक्षिणी एशिया","035":"दक्षिण-पूर्व एशिया","039":"दक्षिणी यूरोप","053":"ऑस्ट्रेलेशिया","054":"मेलानेशिया","057":"माइक्रोनेशियाई क्षेत्र","061":"पोलिनेशिया","AC":"असेंशन द्वीप","AD":"एंडोरा","AE":"संयुक्त अरब अमीरात","AF":"अफ़गानिस्तान","AG":"एंटिगुआ और बरबुडा","AI":"एंग्विला","AL":"अल्बानिया","AM":"आर्मेनिया","AO":"अंगोला","AQ":"अंटार्कटिका","AR":"अर्जेंटीना","AS":"अमेरिकी समोआ","AT":"ऑस्ट्रिया","AU":"ऑस्ट्रेलिया","AW":"अरूबा","AX":"एलैंड द्वीपसमूह","AZ":"अज़रबैजान","BA":"बोस्निया और हर्ज़ेगोविना","BB":"बारबाडोस","BD":"बांग्लादेश","BE":"बेल्जियम","BF":"बुर्किना फ़ासो","BG":"बुल्गारिया","BH":"बहरीन","BI":"बुरुंडी","BJ":"बेनिन","BL":"सेंट बार्थेलेमी","BM":"बरमूडा","BN":"ब्रूनेई","BO":"बोलीविया","BQ":"कैरिबियन नीदरलैंड","BR":"ब्राज़ील","BS":"बहामास","BT":"भूटान","BV":"बोवेत द्वीप","BW":"बोत्स्वाना","BY":"बेलारूस","BZ":"बेलीज़","CA":"कनाडा","CC":"कोकोस (कीलिंग) द्वीपसमूह","CD":"कांगो - किंशासा","CF":"मध्य अफ़्रीकी गणराज्य","CG":"कांगो – ब्राज़ाविल","CH":"स्विट्ज़रलैंड","CI":"कोत दिवुआर","CK":"कुक द्वीपसमूह","CL":"चिली","CM":"कैमरून","CN":"चीन","CO":"कोलंबिया","CP":"क्लिपर्टन द्वीप","CR":"कोस्टारिका","CU":"क्यूबा","CV":"केप वर्ड","CW":"कुरासाओ","CX":"क्रिसमस द्वीप","CY":"साइप्रस","CZ":"चेकिया","DE":"जर्मनी","DG":"डिएगो गार्सिया","DJ":"जिबूती","DK":"डेनमार्क","DM":"डोमिनिका","DO":"डोमिनिकन गणराज्य","DZ":"अल्जीरिया","EA":"सेउटा और मेलिला","EC":"इक्वाडोर","EE":"एस्टोनिया","EG":"मिस्र","EH":"पश्चिमी सहारा","ER":"इरिट्रिया","ES":"स्पेन","ET":"इथियोपिया","EU":"यूरोपीय संघ","EZ":"यूरोज़ोन","FI":"फ़िनलैंड","FJ":"फ़िजी","FK":"फ़ॉकलैंड द्वीपसमूह","FM":"माइक्रोनेशिया","FO":"फ़ेरो द्वीपसमूह","FR":"फ़्रांस","GA":"गैबॉन","GB":"यूनाइटेड किंगडम","GD":"ग्रेनाडा","GE":"जॉर्जिया","GF":"फ़्रेंच गुयाना","GG":"गर्नसी","GH":"घाना","GI":"जिब्राल्टर","GL":"ग्रीनलैंड","GM":"गाम्बिया","GN":"गिनी","GP":"ग्वाडेलूप","GQ":"इक्वेटोरियल गिनी","GR":"यूनान","GS":"दक्षिण जॉर्जिया और दक्षिण सैंडविच द्वीपसमूह","GT":"ग्वाटेमाला","GU":"गुआम","GW":"गिनी-बिसाउ","GY":"गुयाना","HK":"हाँग काँग (चीन विशेष प्रशासनिक क्षेत्र)","HM":"हर्ड द्वीप और मैकडोनॉल्ड द्वीपसमूह","HN":"होंडूरास","HR":"क्रोएशिया","HT":"हैती","HU":"हंगरी","IC":"कैनेरी द्वीपसमूह","ID":"इंडोनेशिया","IE":"आयरलैंड","IL":"इज़राइल","IM":"आइल ऑफ़ मैन","IN":"भारत","IO":"ब्रिटिश हिंद महासागरीय क्षेत्र","IQ":"इराक","IR":"ईरान","IS":"आइसलैंड","IT":"इटली","JE":"जर्सी","JM":"जमैका","JO":"जॉर्डन","JP":"जापान","KE":"केन्या","KG":"किर्गिज़स्तान","KH":"कंबोडिया","KI":"किरिबाती","KM":"कोमोरोस","KN":"सेंट किट्स और नेविस","KP":"उत्तर कोरिया","KR":"दक्षिण कोरिया","KW":"कुवैत","KY":"कैमेन द्वीपसमूह","KZ":"कज़ाखस्तान","LA":"लाओस","LB":"लेबनान","LC":"सेंट लूसिया","LI":"लिचेंस्टीन","LK":"श्रीलंका","LR":"लाइबेरिया","LS":"लेसोथो","LT":"लिथुआनिया","LU":"लग्ज़मबर्ग","LV":"लातविया","LY":"लीबिया","MA":"मोरक्को","MC":"मोनाको","MD":"मॉल्डोवा","ME":"मोंटेनेग्रो","MF":"सेंट मार्टिन","MG":"मेडागास्कर","MH":"मार्शल द्वीपसमूह","MK":"उत्तरी मकदूनिया","ML":"माली","MM":"म्यांमार (बर्मा)","MN":"मंगोलिया","MO":"मकाऊ (विशेष प्रशासनिक क्षेत्र चीन)","MP":"उत्तरी मारियाना द्वीपसमूह","MQ":"मार्टीनिक","MR":"मॉरिटानिया","MS":"मोंटसेरात","MT":"माल्टा","MU":"मॉरीशस","MV":"मालदीव","MW":"मलावी","MX":"मैक्सिको","MY":"मलेशिया","MZ":"मोज़ांबिक","NA":"नामीबिया","NC":"न्यू कैलेडोनिया","NE":"नाइजर","NF":"नॉरफ़ॉक द्वीप","NG":"नाइजीरिया","NI":"निकारागुआ","NL":"नीदरलैंड","NO":"नॉर्वे","NP":"नेपाल","NR":"नाउरु","NU":"नीयू","NZ":"न्यूज़ीलैंड","OM":"ओमान","PA":"पनामा","PE":"पेरू","PF":"फ़्रेंच पोलिनेशिया","PG":"पापुआ न्यू गिनी","PH":"फ़िलिपींस","PK":"पाकिस्तान","PL":"पोलैंड","PM":"सेंट पिएरे और मिक्वेलान","PN":"पिटकैर्न द्वीपसमूह","PR":"पोर्टो रिको","PS":"फ़िलिस्तीनी क्षेत्र","PT":"पुर्तगाल","PW":"पलाऊ","PY":"पराग्वे","QA":"क़तर","QO":"आउटलाइंग ओशिनिया","RE":"रियूनियन","RO":"रोमानिया","RS":"सर्बिया","RU":"रूस","RW":"रवांडा","SA":"सऊदी अरब","SB":"सोलोमन द्वीपसमूह","SC":"सेशेल्स","SD":"सूडान","SE":"स्वीडन","SG":"सिंगापुर","SH":"सेंट हेलेना","SI":"स्लोवेनिया","SJ":"स्वालबार्ड और जान मायेन","SK":"स्लोवाकिया","SL":"सिएरा लियोन","SM":"सैन मेरीनो","SN":"सेनेगल","SO":"सोमालिया","SR":"सूरीनाम","SS":"दक्षिण सूडान","ST":"साओ टोम और प्रिंसिपे","SV":"अल सल्वाडोर","SX":"सिंट मार्टिन","SY":"सीरिया","SZ":"एस्वाटिनी","TA":"ट्रिस्टन दा कुना","TC":"तुर्क और कैकोज़ द्वीपसमूह","TD":"चाड","TF":"फ़्रांसीसी दक्षिणी क्षेत्र","TG":"टोगो","TH":"थाईलैंड","TJ":"ताजिकिस्तान","TK":"तोकेलाउ","TL":"तिमोर-लेस्त","TM":"तुर्कमेनिस्तान","TN":"ट्यूनीशिया","TO":"टोंगा","TR":"तुर्किये","TT":"त्रिनिदाद और टोबैगो","TV":"तुवालू","TW":"ताइवान","TZ":"तंज़ानिया","UA":"यूक्रेन","UG":"युगांडा","UM":"यू॰एस॰ आउटलाइंग द्वीपसमूह","UN":"संयुक्त राष्ट्र","US":"संयुक्त राज्य","UY":"उरूग्वे","UZ":"उज़्बेकिस्तान","VA":"वेटिकन सिटी","VC":"सेंट विंसेंट और ग्रेनाडाइंस","VE":"वेनेज़ुएला","VG":"ब्रिटिश वर्जिन द्वीपसमूह","VI":"यू॰एस॰ वर्जिन द्वीपसमूह","VN":"वियतनाम","VU":"वनुआतू","WF":"वालिस और फ़्यूचूना","WS":"समोआ","XA":"सूडो-एक्सेंट","XB":"सूडो-बायडायरेक्शनल","XK":"कोसोवो","YE":"यमन","YT":"मायोते","ZA":"दक्षिण अफ़्रीका","ZM":"ज़ाम्बिया","ZW":"ज़िम्बाब्वे","ZZ":"अज्ञात क्षेत्र"},"narrow":{},"short":{"GB":"यू॰के॰","HK":"हाँग काँग","MO":"मकाऊ","PS":"फ़िलिस्तीन","US":"अमेरिका"}},"script":{"long":{"Adlm":"ऐडलम","Arab":"अरबी","Aran":"नस्तालीक़","Armi":"इम्पिरियल आर्मेनिक","Armn":"आर्मेनियाई","Avst":"अवेस्तन","Bali":"बाली","Batk":"बटकी","Beng":"बंगाली","Blis":"ब्लिसिम्बॉल्स","Bopo":"बोपोमोफ़ो","Brah":"ब्रह्मी","Brai":"ब्रेल","Bugi":"बगिनीस","Buhd":"बुहिद","Cakm":"चकमा","Cans":"यूनिफ़ाइड कैनेडियन एबोरिजनल सिलेबिक्स","Cari":"करैन","Cham":"चाम","Cher":"चेरोकी","Cirt":"किर्थ","Copt":"कॉप्टिक","Cprt":"काइप्रायट","Cyrl":"सिरिलिक","Cyrs":"ओल्ड चर्च स्लावोनिक सिरिलिक","Deva":"देवनागरी","Dsrt":"डेसरेट","Egyd":"इजिप्शियन डेमोटिक","Egyh":"इजिप्शियन हाइरेटिक","Egyp":"इजिप्शियन हाइरोग्लिफ्स","Ethi":"इथियोपियाई","Geok":"जॉर्जियन खुतसुरी","Geor":"जॉर्जियन","Glag":"ग्लेगोलिटिक","Goth":"गोथिक","Gran":"ग्रन्थ","Grek":"यूनानी","Gujr":"गुजराती","Guru":"गुरमुखी","Hanb":"हांब","Hang":"हंगुल","Hani":"हान","Hano":"हनुनू","Hans":"सरलीकृत","Hant":"पारंपरिक","Hebr":"हिब्रू","Hira":"हिरागाना","Hmng":"पाहो ह्मोन्ग","Hrkt":"जापानी सिलेबरीज़","Hung":"ऑल्ड हंगेरियन","Inds":"सिन्धु","Ital":"पुरानी इटली","Jamo":"जामो","Java":"जावानीस","Jpan":"जापानी","Kali":"कायाह ली","Kana":"काताकाना","Khar":"खारोशथी","Khmr":"खमेर","Knda":"कन्नड़","Kore":"कोरियाई","Kthi":"कैथी","Lana":"लाना","Laoo":"लाओ","Latf":"फ़्रैक्टुर लातिनी","Latg":"गेली लातिनी","Latn":"लैटिन","Lepc":"लेपचा","Limb":"लिम्बू","Lina":"लीनियर A","Linb":"लीनियर बी","Lyci":"लिशियन","Lydi":"लिडियन","Mand":"मनडेन","Mani":"मनीशीन","Maya":"मयान हाइरोग्लिफ्स","Mero":"मेरोइटिक","Mlym":"मलयालम","Mong":"मंगोलियाई","Moon":"मून","Mtei":"मेइतेइ मायेक","Mymr":"म्यांमार","Nkoo":"एन्‘को","Ogam":"ओगम","Olck":"ओल चिकी","Orkh":"ओरखोन","Orya":"ओड़िया","Osma":"ओस्मान्या","Perm":"ओल्ड परमिक","Phag":"फाग्स-पा","Phli":"इंस्क्रिपश्नल पाहलवी","Phlp":"सॉल्टर पाहलवी","Phlv":"बुक पाहलवी","Phnx":"फोनिशियन","Plrd":"पॉलार्ड फोनेटिक","Prti":"इंस्क्रिपश्नल पार्थियन","Qaag":"ज़ौजी","Rjng":"रीजांग","Rohg":"हनिफ़ि","Roro":"रोन्गोरोन्गो","Runr":"रूनिक","Samr":"समरिटन","Sara":"सराती","Saur":"सौराष्ट्र","Sgnw":"सांकेतिक लेख","Shaw":"शावियान","Sinh":"सिंहली","Sund":"सूडानी","Sylo":"सिलोती नागरी","Syrc":"सिरिएक","Syre":"एस्त्रेन्जेलो सिरिएक","Syrj":"पश्चिम सिरिएक","Syrn":"पूर्व सिरिएक","Tagb":"तगबन्वा","Tale":"ताई ली","Talu":"नया ताई लु","Taml":"तमिल","Tavt":"ताई विएत","Telu":"तेलुगू","Teng":"तेन्गवार","Tfng":"तिफ़िनाघ","Tglg":"टैगालोग","Thaa":"थाना","Thai":"थाई","Tibt":"तिब्बती","Ugar":"युगारिटिक","Vaii":"वाई","Visp":"विसिबल स्पीच","Xpeo":"पुरानी फारसी","Xsux":"सुमेरो अक्कादियन सुनिफॉर्म","Yiii":"यी","Zinh":"विरासत","Zmth":"गणितीय संकेतन","Zsye":"ईमोजी","Zsym":"चिह्न","Zxxx":"अलिखित","Zyyy":"सामान्य","Zzzz":"अज्ञात लिपि"},"narrow":{},"short":{}}}},"locale":"hi"}