{"data":{"patterns":{"locale":"{0} ({1})"},"types":{"calendar":{"long":{"buddhist":"budistički kalendar","chinese":"kineski kalendar","coptic":"koptski kalendar","dangi":"dangi kalendar","ethiopic":"etiopski kalendar","ethiopic-amete-alem":"etiopski kalendar \"Amete Alem\"","gregorian":"gregorijanski kalendar","hebrew":"hebrejski kalendar","indian":"indijski nacionalni kalendar","islamic":"islamski kalendar","islamic-civil":"islamski civilni kalendar","islamic-umalqura":"islamski kalendar (Umm al-Qura)","iso8601":"ISO-8601 kalendar","japanese":"japanski kalendar","persian":"perzijski kalendar","roc":"kalendar Republike Kine"},"narrow":{},"short":{}},"currency":{"long":{"ADP":"andorska pezeta","AED":"UAE dirham","AFA":"afganistanski afgani (1927.–2002.)","AFN":"afganistanski afgani","ALK":"stari albanski lek","ALL":"albanski lek","AMD":"armenski dram","ANG":"nizozemskoantilski gulden","AOA":"angolska kvanza","AOK":"angolska kvanza (1977.–1990.)","AON":"angolska nova kvanza (1990.–2000.)","AOR":"angolska kvanza (1995.–1999.)","ARA":"argentinski austral","ARL":"argentinski pezo lej (1970.–1983.)","ARM":"argentinski pezo (1881.–1970.)","ARP":"argentinski pezo (1983.–1985.)","ARS":"argentinski pezo","ATS":"austrijski šiling","AUD":"australski dolar","AWG":"arupski florin","AZM":"azerbajdžanski manat (1993.–2006.)","AZN":"azerbajdžanski manat","BAD":"bosansko-hercegovački dinar","BAM":"konvertibilna marka","BAN":"bosansko-hercegovački novi dinar","BBD":"barbadoski dolar","BDT":"bangladeška taka","BEC":"belgijski franak (konvertibilan)","BEF":"belgijski franak","BEL":"belgijski franak (financijski)","BGL":"bugarski čvrsti lev","BGM":"bugarski socijalistički lev","BGN":"bugarski lev","BGO":"stari bugarski lev","BHD":"bahreinski dinar","BIF":"burundski franak","BMD":"bermudski dolar","BND":"brunejski dolar","BOB":"bolivijski bolivijano","BOL":"stari bolivijski bolivijano","BOP":"bolivijski pezo","BOV":"bolivijski mvdol","BRB":"brazilski novi cruzeiro (1967.–1986.)","BRC":"brazilski cruzado","BRE":"brazilski cruzeiro (1990.–1993.)","BRL":"brazilski real","BRN":"brazilski novi cruzado","BRR":"brazilski cruzeiro","BRZ":"","BSD":"bahamski dolar","BTN":"butanski ngultrum","BUK":"burmanski kyat","BWP":"bocvanska pula","BYB":"bjeloruska nova rublja (1994–1999)","BYN":"bjeloruski rubalj","BYR":"bjeloruska rublja (2000–2016)","BZD":"belizeanski dolar","CAD":"kanadski dolar","CDF":"kongoanski franak","CHE":"WIR euro","CHF":"švicarski franak","CHW":"WIR franak","CLE":"čileanski eskudo","CLF":"čileanski unidades de fomentos","CLP":"čileanski pezo","CNH":"kineski juan (offshore)","CNX":"kineski narodni dolar","CNY":"kineski yuan","COP":"kolumbijski pezo","COU":"unidad de valor real","CRC":"kostarikanski kolon","CSD":"stari srpski dinar","CSK":"čehoslovačka kruna","CUC":"kubanski konvertibilni pezo","CUP":"kubanski pezo","CVE":"zelenortski eskudo","CYP":"ciparska funta","CZK":"češka kruna","DDM":"istočnonjemačka marka","DEM":"njemačka marka","DJF":"džibutski franak","DKK":"danska kruna","DOP":"dominikanski pezo","DZD":"alžirski dinar","ECS":"ekvatorska sukra","ECV":"ekvatorski unidad de valor constante (UVC)","EEK":"estonska kruna","EGP":"egipatska funta","ERN":"eritrejska nakfa","ESA":"španjolska pezeta (A račun)","ESB":"španjolska pezeta (konvertibilni račun)","ESP":"španjolska pezeta","ETB":"etiopski bir","EUR":"euro","FIM":"finska marka","FJD":"fidžijski dolar","FKP":"falklandska funta","FRF":"francuski franak","GBP":"britanska funta","GEK":"gruzijski kupon larit","GEL":"gruzijski lari","GHC":"ganski cedi (1979.–2007.)","GHS":"ganski cedi","GIP":"gibraltarska funta","GMD":"gambijski dalas","GNF":"gvinejski franak","GNS":"gvinejski syli","GQE":"ekvatorski gvinejski ekwele","GRD":"grčka drahma","GTQ":"gvatemalski kvecal","GWE":"portugalski gvinejski eskudo","GWP":"gvinejskobisauski pezo","GYD":"gvajanski dolar","HKD":"hongkonški dolar","HNL":"honduraška lempira","HRD":"hrvatski dinar","HRK":"hrvatska kuna","HTG":"haićanski gourd","HUF":"mađarska forinta","IDR":"indonezijska rupija","IEP":"irska funta","ILP":"izraelska funta","ILR":"stari izraelski šekel","ILS":"novi izraelski šekel","INR":"indijska rupija","IQD":"irački dinar","IRR":"iranski rijal","ISJ":"stara islandska kruna","ISK":"islandska kruna","ITL":"talijanska lira","JMD":"jamajčanski dolar","JOD":"jordanski dinar","JPY":"japanski jen","KES":"kenijski šiling","KGS":"kirgiski som","KHR":"kambodžanski rijal","KMF":"komorski franak","KPW":"sjevernokorejski won","KRH":"južnokorejski hvan","KRO":"stari južnokorejski von","KRW":"južnokorejski won","KWD":"kuvajtski dinar","KYD":"kajmanski dolar","KZT":"kazahstanski tenge","LAK":"laoski kip","LBP":"libanonska funta","LKR":"šrilankanska rupija","LRD":"liberijski dolar","LSL":"lesotski loti","LTL":"litavski litas","LTT":"litavski talonas","LUC":"luksemburški konvertibilni franak","LUF":"luksemburški franak","LUL":"luksemburški financijski franak","LVL":"letonski lats","LVR":"letonska rublja","LYD":"libijski dinar","MAD":"marokanski dirham","MAF":"marokanski franak","MCF":"","MDC":"moldavski kupon","MDL":"moldavski lej","MGA":"malgaški arijari","MGF":"madagaskarski franak","MKD":"makedonski denar","MKN":"stari makedonski denar","MLF":"malijski franak","MMK":"mjanmarski kjat","MNT":"mongolski tugrik","MOP":"makaoška pataka","MRO":"mauritanijska ouguja (1973. – 2017.)","MRU":"mauritanijska ouguja","MTL":"malteška lira","MTP":"malteška funta","MUR":"mauricijska rupija","MVP":"maldivijska rupija","MVR":"maldivijska rufija","MWK":"malavijska kvača","MXN":"meksički pezo","MXP":"meksički srebrni pezo (1861–1992)","MXV":"meksički unidad de inversion (UDI)","MYR":"malezijski ringit","MZE":"mozambijski eskudo","MZM":"stari mozambijski metikal","MZN":"mozambički metikal","NAD":"namibijski dolar","NGN":"nigerijska naira","NIC":"nikaragvanska kordoba","NIO":"nikaragvanska zlatna kordoba","NLG":"nizozemski gulden","NOK":"norveška kruna","NPR":"nepalska rupija","NZD":"novozelandski dolar","OMR":"omanski rijal","PAB":"panamska balboa","PEI":"peruanski inti","PEN":"peruanski sol","PES":"peruanski sol (1863–1965)","PGK":"kina Papue Nove Gvineje","PHP":"filipinski pezo","PKR":"pakistanska rupija","PLN":"poljska zlota","PLZ":"poljska zlota (1950.–1995.)","PTE":"portugalski eskudo","PYG":"paragvajski gvarani","QAR":"katarski rial","RHD":"rodezijski dolar","ROL":"starorumunjski lek","RON":"rumunjski lej","RSD":"srpski dinar","RUB":"ruski rubalj","RUR":"ruska rublja (1991.–1998.)","RWF":"ruandski franak","SAR":"saudijski rijal","SBD":"solmonskootočni dolar","SCR":"sejšelska rupija","SDD":"sudanski dinar","SDG":"sudanska funta","SDP":"stara sudanska funta","SEK":"švedska kruna","SGD":"singapurski dolar","SHP":"svetohelenska funta","SIT":"slovenski tolar","SKK":"slovačka kruna","SLL":"sijeraleonski leone","SOS":"somalijski šiling","SRD":"surinamski dolar","SRG":"surinamski gulden","SSP":"južnosudanska funta","STD":"dobra Svetog Tome i Principa (1977–2017)","STN":"dobra Svetog Tome i Principa","SUR":"sovjetska rublja","SVC":"salvadorski kolon","SYP":"sirijska funta","SZL":"svazi lilangeni","THB":"tajlandski baht","TJR":"tajikistanska rublja","TJS":"tadžikistanski somoni","TMM":"turkmenistanski manat (1993.–2009.)","TMT":"turkmenistanski manat","TND":"tuniski dinar","TOP":"tongaška pa’anga","TPE":"timorski eskudo","TRL":"turska lira (1922.–2005.)","TRY":"turska lira","TTD":"trininadtobaški dolar","TWD":"novotajvanski dolar","TZS":"tanzanijski šiling","UAH":"ukrajinska hrivnja","UAK":"ukrajinski karbovanet","UGS":"ugandski šiling (1966.–1987.)","UGX":"ugandski šiling","USD":"američki dolar","USN":"američki dolar (sljedeći dan)","USS":"američki dolar (isti dan)","UYI":"urugvajski pezo en unidades indexadas","UYP":"urugvajski pezo (1975.–1993.)","UYU":"urugvajski pezo","UZS":"uzbekistanski som","VEB":"venezuelanski bolivar (1871.–2008.)","VEF":"venezuelanski bolivar (2008. – 2018.)","VES":"venezuelanski bolivar","VND":"vijetnamski dong","VNN":"vijetnamski dong (1978.–1985.)","VUV":"vanuatski vatu","WST":"samoanska tala","XAF":"CFA franak BEAC","XAG":"srebro","XAU":"zlato","XBA":"Europska složena jedinica","XBB":"Europska monetarna jedinica","XBC":"europska obračunska jedinica (XBC)","XBD":"europska obračunska jedinica (XBD)","XCD":"istočnokaripski dolar","XDR":"posebna crtaća prava","XEU":"europska monetarna jedinica (ECU)","XFO":"francuski zlatni franak","XFU":"francuski UIC-franak","XOF":"CFA franak BCEAO","XPD":"paladij","XPF":"CFP franak","XPT":"platina","XRE":"RINET fondovi","XSU":"sukre","XTS":"ispitni kod valute","XUA":"obračunska jedinica ADB","XXX":"nepoznata valuta","YDD":"jemenski dinar","YER":"jemenski rijal","YUD":"jugoslavenski čvrsti dinar","YUM":"jugoslavenski novi dinar","YUN":"jugoslavenski konvertibilni dinar","YUR":"jugoslavenski reformirani dinar","ZAL":"južnoafrički rand (financijski)","ZAR":"južnoafrički rand","ZMK":"zambijska kvača (1968–2012)","ZMW":"zambijska kvača","ZRN":"zairski novi zair","ZRZ":"zairski zair","ZWD":"zimbabveanski dolar (1980.–2008.)","ZWL":"zimbabveanski dolar (2009)","ZWR":"zimbabveanski dolar (2008)"},"narrow":{},"short":{}},"dateTimeField":{"long":{"day":"dan","dayOfYear":"dan u godini","dayperiod":"AM/PM","era":"era","hour":"sat","minute":"minuta","month":"mjesec","quarter":"kvartal","second":"sekunda","timeZoneName":"vremenska zona","weekOfMonth":"tjedan u mjesecu","weekOfYear":"tjedan","weekday":"dan u tjednu","weekdayOfMonth":"radni dan u mjesecu","year":"godina"},"narrow":{"day":"d.","dayOfYear":"dan u g.","dayperiod":"AM/PM","era":"era","hour":"h","minute":"min","month":"m.","quarter":"kv.","second":"s","timeZoneName":"zona","weekOfMonth":"tj. u mjesecu","weekOfYear":"tj.","weekday":"dan u tj.","weekdayOfMonth":"r. dan u mj.","year":"g."},"short":{"day":"d.","dayOfYear":"dan u god.","dayperiod":"AM/PM","era":"era","hour":"h","minute":"min","month":"mj.","quarter":"kv.","second":"s","timeZoneName":"zona","weekOfMonth":"tj. u mj.","weekOfYear":"tj.","weekday":"dan u tjed.","weekdayOfMonth":"radni dan u mj.","year":"g."}},"language":{"dialect":{"long":{"aa":"afarski","ab":"abhaski","ace":"ačinski","ach":"ačoli","ada":"adangme","ady":"adigejski","ae":"avestički","af":"afrikaans","afh":"afrihili","agq":"aghem","ain":"ainuski","ak":"akanski","akk":"akadski","ale":"aleutski","alt":"južni altai","am":"amharski","an":"aragonski","ang":"staroengleski","ann":"obolo","anp":"angika","ar":"arapski","ar-001":"moderni standardni arapski","arc":"aramejski","arn":"mapuche","arp":"arapaho","ars":"najdi arapski","arw":"aravački","as":"asamski","asa":"asu","ast":"asturijski","atj":"atikamekw","av":"avarski","awa":"awadhi","ay":"ajmarski","az":"azerbajdžanski","az-Arab":"južnoazerbajdžanski","ba":"baškirski","bal":"belučki","ban":"balijski","bas":"basa","bax":"bamunski","bbj":"ghomala","be":"bjeloruski","bej":"beja","bem":"bemba","bez":"bena","bfd":"bafut","bg":"bugarski","bgn":"zapadnobaludžijski","bho":"bhojpuri","bi":"bislama","bik":"bikolski","bin":"bini","bkm":"kom","bla":"siksika","bm":"bambara","bn":"bangla","bo":"tibetski","br":"bretonski","bra":"braj","brx":"bodo","bs":"bosanski","bss":"akoose","bua":"burjatski","bug":"buginski","bum":"bulu","byn":"blin","byv":"medumba","ca":"katalonski","cad":"caddo","car":"karipski","cay":"cayuga","cch":"atsam","ccp":"chakma","ce":"čečenski","ceb":"cebuano","cgg":"chiga","ch":"chamorro","chb":"čibča","chg":"čagatajski","chk":"chuukese","chm":"marijski","chn":"chinook žargon","cho":"choctaw","chp":"chipewyan","chr":"čerokijski","chy":"čejenski","ckb":"soranski kurdski","clc":"chilcotin","co":"korzički","cop":"koptski","cr":"cree","crg":"michif","crh":"krimski turski","crj":"jugoistični cree","crk":"plains cree","crl":"sjevernoistočni cree","crm":"moose cree","crr":"karolinski algonkijski","crs":"sejšelski kreolski","cs":"češki","csb":"kašupski","csw":"močvarni cree","cu":"crkvenoslavenski","cv":"čuvaški","cy":"velški","da":"danski","dak":"dakota jezik","dar":"dargwa","dav":"taita","de":"njemački","de-AT":"austrijski njemački","de-CH":"gornjonjemački (švicarski)","del":"delavarski","den":"slave","dgr":"dogrib","din":"dinka","dje":"zarma","doi":"dogri","dsb":"donjolužički","dua":"duala","dum":"srednjonizozemski","dv":"divehi","dyo":"jola-fonyi","dyu":"dyula","dz":"dzongkha","dzg":"dazaga","ebu":"embu","ee":"ewe","efi":"efik","egy":"staroegipatski","eka":"ekajuk","el":"grčki","elx":"elamitski","en":"engleski","en-AU":"australski engleski","en-CA":"kanadski engleski","en-GB":"britanski engleski","en-US":"američki engleski","enm":"srednjoengleski","eo":"esperanto","es":"španjolski","es-419":"latinoamerički španjolski","es-ES":"europski španjolski","es-MX":"meksički španjolski","et":"estonski","eu":"baskijski","ewo":"ewondo","fa":"perzijski","fa-AF":"dari","fan":"fang","fat":"fanti","ff":"fula","fi":"finski","fil":"filipinski","fj":"fidžijski","fo":"ferojski","fon":"fon","fr":"francuski","fr-CA":"kanadski francuski","fr-CH":"švicarski francuski","frc":"kajunski francuski","frm":"srednjofrancuski","fro":"starofrancuski","frr":"sjevernofrizijski","frs":"istočnofrizijski","fur":"furlanski","fy":"zapadnofrizijski","ga":"irski","gaa":"ga","gag":"gagauski","gan":"gan kineski","gay":"gayo","gba":"gbaya","gd":"škotski gaelski","gez":"geez","gil":"gilbertski","gl":"galicijski","gmh":"srednjogornjonjemački","gn":"gvaranski","goh":"starovisokonjemački","gon":"gondi","gor":"gorontalo","got":"gotski","grb":"grebo","grc":"starogrčki","gsw":"švicarski njemački","gu":"gudžaratski","guz":"gusii","gv":"manski","gwi":"gwich’in","ha":"hausa","hai":"haidi","hak":"hakka kineski","haw":"havajski","hax":"južni haida","he":"hebrejski","hi":"hindski","hil":"hiligaynonski","hit":"hetitski","hmn":"hmong","ho":"hiri motu","hr":"hrvatski","hsb":"gornjolužički","hsn":"xiang kineski","ht":"haićanski kreolski","hu":"mađarski","hup":"hupa","hur":"halkomelem","hy":"armenski","hz":"herero","ia":"interlingua","iba":"iban","ibb":"ibibio","id":"indonezijski","ie":"interligua","ig":"igbo","ii":"sichuan ji","ik":"inupiaq","ikt":"zapadnokanadski inuktitut","ilo":"iloko","inh":"ingušetski","io":"ido","is":"islandski","it":"talijanski","iu":"inuktitut","ja":"japanski","jbo":"lojban","jgo":"ngomba","jmc":"machame","jpr":"judejsko-perzijski","jrb":"judejsko-arapski","jv":"javanski","ka":"gruzijski","kaa":"kara-kalpak","kab":"kabilski","kac":"kačinski","kaj":"kaje","kam":"kamba","kaw":"kawi","kbd":"kabardinski","kbl":"kanembu","kcg":"tyap","kde":"makonde","kea":"zelenortski","kfo":"koro","kg":"kongo","kgp":"kaingang","kha":"khasi","kho":"khotanese","khq":"koyra chiini","ki":"kikuyu","kj":"kuanyama","kk":"kazaški","kkj":"kako","kl":"kalaallisut","kln":"kalenjin","km":"kmerski","kmb":"kimbundu","kn":"karnatački","ko":"korejski","koi":"komi-permski","kok":"konkani","kos":"naurski","kpe":"kpelle","kr":"kanuri","krc":"karachay-balkar","krl":"karelijski","kru":"kuruški","ks":"kašmirski","ksb":"shambala","ksf":"bafia","ksh":"kelnski","ku":"kurdski","kum":"kumyk","kut":"kutenai","kv":"komi","kw":"kornski","kwk":"kwakʼwala","ky":"kirgiski","la":"latinski","lad":"ladino","lag":"langi","lah":"lahnda","lam":"lamba","lb":"luksemburški","lez":"lezgiški","lg":"ganda","li":"limburški","lil":"lillooet","lkt":"lakota","ln":"lingala","lo":"laoski","lol":"mongo","lou":"lujzijanski kreolski","loz":"lozi","lrc":"sjevernolurski","lsm":"saamia","lt":"litavski","lu":"luba-katanga","lua":"luba-lulua","lui":"luiseno","lun":"lunda","luo":"luo","lus":"lushai","luy":"luyia","lv":"latvijski","mad":"madurski","maf":"mafa","mag":"magahi","mai":"maithili","mak":"makasar","man":"mandingo","mas":"masajski","mde":"maba","mdf":"moksha","mdr":"mandar","men":"mende","mer":"meru","mfe":"mauricijski kreolski","mg":"malgaški","mga":"srednjoirski","mgh":"makhuwa-meetto","mgo":"meta’","mh":"maršalski","mi":"maorski","mic":"micmac","min":"minangkabau","mk":"makedonski","ml":"malajalamski","mn":"mongolski","mnc":"mandžurski","mni":"manipurski","moe":"innu-aimun","moh":"mohok","mos":"mossi","mr":"marathski","ms":"malajski","mt":"malteški","mua":"mundang","mul":"više jezika","mus":"creek","mwl":"mirandski","mwr":"marwari","my":"burmanski","mye":"myene","myv":"mordvinski","mzn":"mazanderanski","na":"nauru","nan":"min nan kineski","nap":"napolitanski","naq":"nama","nb":"norveški bokmål","nd":"sjeverni ndebele","nds":"donjonjemački","nds-NL":"donjosaksonski","ne":"nepalski","new":"newari","ng":"ndonga","nia":"nias","niu":"niujski","nl":"nizozemski","nl-BE":"flamanski","nmg":"kwasio","nn":"norveški nynorsk","nnh":"ngiemboon","no":"norveški","nog":"nogajski","non":"staronorveški","nqo":"n’ko","nr":"južni ndebele","nso":"sjeverni sotski","nus":"nuerski","nv":"navajo","nwc":"klasični newari","ny":"njandža","nym":"nyamwezi","nyn":"nyankole","nyo":"nyoro","nzi":"nzima","oc":"okcitanski","oj":"ojibwa","ojb":"sjeverozapadni ojibwa","ojc":"centralni ojibwa","ojs":"oji-cree","ojw":"zapadni ojibwa","oka":"okanagan","om":"oromski","or":"orijski","os":"osetski","osa":"osage","ota":"turski - otomanski","pa":"pandžapski","pag":"pangasinan","pal":"pahlavi","pam":"pampanga","pap":"papiamento","pau":"palauanski","pcm":"nigerijski pidžin","peo":"staroperzijski","phn":"fenički","pi":"pali","pis":"pijin","pl":"poljski","pon":"pohnpeian","pqm":"maliseet-Passamaquoddy","prg":"pruski","pro":"staroprovansalski","ps":"paštunski","pt":"portugalski","pt-BR":"brazilski portugalski","pt-PT":"europski portugalski","qu":"kečuanski","quc":"kiče","raj":"rajasthani","rap":"rapa nui","rar":"rarotonški","rhg":"rohindža","rm":"retoromanski","rn":"rundi","ro":"rumunjski","ro-MD":"moldavski","rof":"rombo","rom":"romski","ru":"ruski","rup":"aromunski","rw":"kinyarwanda","rwk":"rwa","sa":"sanskrtski","sad":"sandawe","sah":"jakutski","sam":"samarijanski aramejski","saq":"samburu","sas":"sasak","sat":"santalski","sba":"ngambay","sbp":"sangu","sc":"sardski","scn":"sicilijski","sco":"škotski","sd":"sindski","sdh":"južnokurdski","se":"sjeverni sami","see":"seneca","seh":"sena","sel":"selkupski","ses":"koyraboro senni","sg":"sango","sga":"staroirski","sh":"srpsko-hrvatski","shi":"tachelhit","shn":"shan","shu":"čadski arapski","si":"sinhaleški","sid":"sidamo","sk":"slovački","sl":"slovenski","slh":"južni lushootseed","sm":"samoanski","sma":"južni sami","smj":"lule sami","smn":"inari sami","sms":"skolt sami","sn":"shona","snk":"soninke","so":"somalski","sog":"sogdien","sq":"albanski","sr":"srpski","srn":"sranan tongo","srr":"serer","ss":"svati","ssy":"saho","st":"sesotski","str":"sjeverni sališki","su":"sundanski","suk":"sukuma","sus":"susu","sux":"sumerski","sv":"švedski","sw":"svahili","sw-CD":"kongoanski svahili","swb":"komorski","syc":"klasični sirski","syr":"sirijski","ta":"tamilski","tce":"južni tutchone","te":"teluški","tem":"temne","teo":"teso","ter":"tereno","tet":"tetum","tg":"tadžički","tgx":"tagish","th":"tajlandski","tht":"tahltan","ti":"tigrinja","tig":"tigriški","tiv":"tiv","tk":"turkmenski","tkl":"tokelaunski","tl":"tagalog","tlh":"klingonski","tli":"tlingit","tmh":"tamašečki","tn":"cvana","to":"tonganski","tog":"nyasa tonga","tok":"toki pona","tpi":"tok pisin","tr":"turski","trv":"taroko","ts":"tsonga","tsi":"tsimshian","tt":"tatarski","ttm":"sjeverni tutchone","tum":"tumbuka","tvl":"tuvaluanski","tw":"twi","twq":"tasawaq","ty":"tahićanski","tyv":"tuvinski","tzm":"tamašek (Srednji Atlas)","udm":"udmurtski","ug":"ujgurski","uga":"ugaritski","uk":"ukrajinski","umb":"umbundu","und":"nepoznati jezik","ur":"urdski","uz":"uzbečki","vai":"vai","ve":"venda","vi":"vijetnamski","vo":"volapük","vot":"votski","vun":"vunjo","wa":"valonski","wae":"walserski","wal":"walamo","war":"waray","was":"washo","wbp":"warlpiri","wo":"volof","wuu":"wu kineski","xal":"kalmyk","xh":"xhosa","xog":"soga","yao":"yao","yap":"japski","yav":"yangben","ybb":"yemba","yi":"jidiš","yo":"jorupski","yrl":"nheengatu","yue":"kantonski","za":"zhuang","zap":"zapotečki","zbl":"Blissovi simboli","zen":"zenaga","zgh":"standardni marokanski tamašek","zh":"kineski","zh-Hans":"kineski (pojednostavljeni)","zh-Hant":"kineski (tradicionalni)","zu":"zulu","zun":"zuni","zxx":"bez jezičnog sadržaja","zza":"zazaki"},"narrow":{},"short":{"az":"azerski","en-GB":"engleski (UK)","en-US":"engleski (SAD)"}},"standard":{"long":{"aa":"afarski","ab":"abhaski","ace":"ačinski","ach":"ačoli","ada":"adangme","ady":"adigejski","ae":"avestički","af":"afrikaans","afh":"afrihili","agq":"aghem","ain":"ainuski","ak":"akanski","akk":"akadski","ale":"aleutski","alt":"južni altai","am":"amharski","an":"aragonski","ang":"staroengleski","ann":"obolo","anp":"angika","ar":"arapski","ar-001":"arapski (Svijet)","arc":"aramejski","arn":"mapuche","arp":"arapaho","ars":"najdi arapski","arw":"aravački","as":"asamski","asa":"asu","ast":"asturijski","atj":"atikamekw","av":"avarski","awa":"awadhi","ay":"ajmarski","az":"azerbajdžanski","az-Arab":"južnoazerbajdžanski","ba":"baškirski","bal":"belučki","ban":"balijski","bas":"basa","bax":"bamunski","bbj":"ghomala","be":"bjeloruski","bej":"beja","bem":"bemba","bez":"bena","bfd":"bafut","bg":"bugarski","bgn":"zapadnobaludžijski","bho":"bhojpuri","bi":"bislama","bik":"bikolski","bin":"bini","bkm":"kom","bla":"siksika","bm":"bambara","bn":"bangla","bo":"tibetski","br":"bretonski","bra":"braj","brx":"bodo","bs":"bosanski","bss":"akoose","bua":"burjatski","bug":"buginski","bum":"bulu","byn":"blin","byv":"medumba","ca":"katalonski","cad":"caddo","car":"karipski","cay":"cayuga","cch":"atsam","ccp":"chakma","ce":"čečenski","ceb":"cebuano","cgg":"chiga","ch":"chamorro","chb":"čibča","chg":"čagatajski","chk":"chuukese","chm":"marijski","chn":"chinook žargon","cho":"choctaw","chp":"chipewyan","chr":"čerokijski","chy":"čejenski","ckb":"soranski kurdski","clc":"chilcotin","co":"korzički","cop":"koptski","cr":"cree","crg":"michif","crh":"krimski turski","crj":"jugoistični cree","crk":"plains cree","crl":"sjevernoistočni cree","crm":"moose cree","crr":"karolinski algonkijski","crs":"sejšelski kreolski","cs":"češki","csb":"kašupski","csw":"močvarni cree","cu":"crkvenoslavenski","cv":"čuvaški","cy":"velški","da":"danski","dak":"dakota jezik","dar":"dargwa","dav":"taita","de":"njemački","de-AT":"njemački (Austrija)","de-CH":"njemački (Švicarska)","del":"delavarski","den":"slave","dgr":"dogrib","din":"dinka","dje":"zarma","doi":"dogri","dsb":"donjolužički","dua":"duala","dum":"srednjonizozemski","dv":"divehi","dyo":"jola-fonyi","dyu":"dyula","dz":"dzongkha","dzg":"dazaga","ebu":"embu","ee":"ewe","efi":"efik","egy":"staroegipatski","eka":"ekajuk","el":"grčki","elx":"elamitski","en":"engleski","en-AU":"engleski (Australija)","en-CA":"engleski (Kanada)","en-GB":"engleski (Ujedinjeno Kraljevstvo)","en-US":"engleski (Sjedinjene Američke Države)","enm":"srednjoengleski","eo":"esperanto","es":"španjolski","es-419":"španjolski (Latinska Amerika)","es-ES":"španjolski (Španjolska)","es-MX":"španjolski (Meksiko)","et":"estonski","eu":"baskijski","ewo":"ewondo","fa":"perzijski","fa-AF":"perzijski (Afganistan)","fan":"fang","fat":"fanti","ff":"fula","fi":"finski","fil":"filipinski","fj":"fidžijski","fo":"ferojski","fon":"fon","fr":"francuski","fr-CA":"francuski (Kanada)","fr-CH":"francuski (Švicarska)","frc":"kajunski francuski","frm":"srednjofrancuski","fro":"starofrancuski","frr":"sjevernofrizijski","frs":"istočnofrizijski","fur":"furlanski","fy":"zapadnofrizijski","ga":"irski","gaa":"ga","gag":"gagauski","gan":"gan kineski","gay":"gayo","gba":"gbaya","gd":"škotski gaelski","gez":"geez","gil":"gilbertski","gl":"galicijski","gmh":"srednjogornjonjemački","gn":"gvaranski","goh":"starovisokonjemački","gon":"gondi","gor":"gorontalo","got":"gotski","grb":"grebo","grc":"starogrčki","gsw":"švicarski njemački","gu":"gudžaratski","guz":"gusii","gv":"manski","gwi":"gwich’in","ha":"hausa","hai":"haidi","hak":"hakka kineski","haw":"havajski","hax":"južni haida","he":"hebrejski","hi":"hindski","hil":"hiligaynonski","hit":"hetitski","hmn":"hmong","ho":"hiri motu","hr":"hrvatski","hsb":"gornjolužički","hsn":"xiang kineski","ht":"haićanski kreolski","hu":"mađarski","hup":"hupa","hur":"halkomelem","hy":"armenski","hz":"herero","ia":"interlingua","iba":"iban","ibb":"ibibio","id":"indonezijski","ie":"interligua","ig":"igbo","ii":"sichuan ji","ik":"inupiaq","ikt":"zapadnokanadski inuktitut","ilo":"iloko","inh":"ingušetski","io":"ido","is":"islandski","it":"talijanski","iu":"inuktitut","ja":"japanski","jbo":"lojban","jgo":"ngomba","jmc":"machame","jpr":"judejsko-perzijski","jrb":"judejsko-arapski","jv":"javanski","ka":"gruzijski","kaa":"kara-kalpak","kab":"kabilski","kac":"kačinski","kaj":"kaje","kam":"kamba","kaw":"kawi","kbd":"kabardinski","kbl":"kanembu","kcg":"tyap","kde":"makonde","kea":"zelenortski","kfo":"koro","kg":"kongo","kgp":"kaingang","kha":"khasi","kho":"khotanese","khq":"koyra chiini","ki":"kikuyu","kj":"kuanyama","kk":"kazaški","kkj":"kako","kl":"kalaallisut","kln":"kalenjin","km":"kmerski","kmb":"kimbundu","kn":"karnatački","ko":"korejski","koi":"komi-permski","kok":"konkani","kos":"naurski","kpe":"kpelle","kr":"kanuri","krc":"karachay-balkar","krl":"karelijski","kru":"kuruški","ks":"kašmirski","ksb":"shambala","ksf":"bafia","ksh":"kelnski","ku":"kurdski","kum":"kumyk","kut":"kutenai","kv":"komi","kw":"kornski","kwk":"kwakʼwala","ky":"kirgiski","la":"latinski","lad":"ladino","lag":"langi","lah":"lahnda","lam":"lamba","lb":"luksemburški","lez":"lezgiški","lg":"ganda","li":"limburški","lil":"lillooet","lkt":"lakota","ln":"lingala","lo":"laoski","lol":"mongo","lou":"lujzijanski kreolski","loz":"lozi","lrc":"sjevernolurski","lsm":"saamia","lt":"litavski","lu":"luba-katanga","lua":"luba-lulua","lui":"luiseno","lun":"lunda","luo":"luo","lus":"lushai","luy":"luyia","lv":"latvijski","mad":"madurski","maf":"mafa","mag":"magahi","mai":"maithili","mak":"makasar","man":"mandingo","mas":"masajski","mde":"maba","mdf":"moksha","mdr":"mandar","men":"mende","mer":"meru","mfe":"mauricijski kreolski","mg":"malgaški","mga":"srednjoirski","mgh":"makhuwa-meetto","mgo":"meta’","mh":"maršalski","mi":"maorski","mic":"micmac","min":"minangkabau","mk":"makedonski","ml":"malajalamski","mn":"mongolski","mnc":"mandžurski","mni":"manipurski","moe":"innu-aimun","moh":"mohok","mos":"mossi","mr":"marathski","ms":"malajski","mt":"malteški","mua":"mundang","mul":"više jezika","mus":"creek","mwl":"mirandski","mwr":"marwari","my":"burmanski","mye":"myene","myv":"mordvinski","mzn":"mazanderanski","na":"nauru","nan":"min nan kineski","nap":"napolitanski","naq":"nama","nb":"norveški bokmål","nd":"sjeverni ndebele","nds":"donjonjemački","nds-NL":"donjonjemački (Nizozemska)","ne":"nepalski","new":"newari","ng":"ndonga","nia":"nias","niu":"niujski","nl":"nizozemski","nl-BE":"nizozemski (Belgija)","nmg":"kwasio","nn":"norveški nynorsk","nnh":"ngiemboon","no":"norveški","nog":"nogajski","non":"staronorveški","nqo":"n’ko","nr":"južni ndebele","nso":"sjeverni sotski","nus":"nuerski","nv":"navajo","nwc":"klasični newari","ny":"njandža","nym":"nyamwezi","nyn":"nyankole","nyo":"nyoro","nzi":"nzima","oc":"okcitanski","oj":"ojibwa","ojb":"sjeverozapadni ojibwa","ojc":"centralni ojibwa","ojs":"oji-cree","ojw":"zapadni ojibwa","oka":"okanagan","om":"oromski","or":"orijski","os":"osetski","osa":"osage","ota":"turski - otomanski","pa":"pandžapski","pag":"pangasinan","pal":"pahlavi","pam":"pampanga","pap":"papiamento","pau":"palauanski","pcm":"nigerijski pidžin","peo":"staroperzijski","phn":"fenički","pi":"pali","pis":"pijin","pl":"poljski","pon":"pohnpeian","pqm":"maliseet-Passamaquoddy","prg":"pruski","pro":"staroprovansalski","ps":"paštunski","pt":"portugalski","pt-BR":"portugalski (Brazil)","pt-PT":"portugalski (Portugal)","qu":"kečuanski","quc":"kiče","raj":"rajasthani","rap":"rapa nui","rar":"rarotonški","rhg":"rohindža","rm":"retoromanski","rn":"rundi","ro":"rumunjski","ro-MD":"rumunjski (Moldavija)","rof":"rombo","rom":"romski","ru":"ruski","rup":"aromunski","rw":"kinyarwanda","rwk":"rwa","sa":"sanskrtski","sad":"sandawe","sah":"jakutski","sam":"samarijanski aramejski","saq":"samburu","sas":"sasak","sat":"santalski","sba":"ngambay","sbp":"sangu","sc":"sardski","scn":"sicilijski","sco":"škotski","sd":"sindski","sdh":"južnokurdski","se":"sjeverni sami","see":"seneca","seh":"sena","sel":"selkupski","ses":"koyraboro senni","sg":"sango","sga":"staroirski","sh":"srpsko-hrvatski","shi":"tachelhit","shn":"shan","shu":"čadski arapski","si":"sinhaleški","sid":"sidamo","sk":"slovački","sl":"slovenski","slh":"južni lushootseed","sm":"samoanski","sma":"južni sami","smj":"lule sami","smn":"inari sami","sms":"skolt sami","sn":"shona","snk":"soninke","so":"somalski","sog":"sogdien","sq":"albanski","sr":"srpski","srn":"sranan tongo","srr":"serer","ss":"svati","ssy":"saho","st":"sesotski","str":"sjeverni sališki","su":"sundanski","suk":"sukuma","sus":"susu","sux":"sumerski","sv":"švedski","sw":"svahili","sw-CD":"svahili (Kongo - Kinshasa)","swb":"komorski","syc":"klasični sirski","syr":"sirijski","ta":"tamilski","tce":"južni tutchone","te":"teluški","tem":"temne","teo":"teso","ter":"tereno","tet":"tetum","tg":"tadžički","tgx":"tagish","th":"tajlandski","tht":"tahltan","ti":"tigrinja","tig":"tigriški","tiv":"tiv","tk":"turkmenski","tkl":"tokelaunski","tl":"tagalog","tlh":"klingonski","tli":"tlingit","tmh":"tamašečki","tn":"cvana","to":"tonganski","tog":"nyasa tonga","tok":"toki pona","tpi":"tok pisin","tr":"turski","trv":"taroko","ts":"tsonga","tsi":"tsimshian","tt":"tatarski","ttm":"sjeverni tutchone","tum":"tumbuka","tvl":"tuvaluanski","tw":"twi","twq":"tasawaq","ty":"tahićanski","tyv":"tuvinski","tzm":"tamašek (Srednji Atlas)","udm":"udmurtski","ug":"ujgurski","uga":"ugaritski","uk":"ukrajinski","umb":"umbundu","und":"nepoznati jezik","ur":"urdski","uz":"uzbečki","vai":"vai","ve":"venda","vi":"vijetnamski","vo":"volapük","vot":"votski","vun":"vunjo","wa":"valonski","wae":"walserski","wal":"walamo","war":"waray","was":"washo","wbp":"warlpiri","wo":"volof","wuu":"wu kineski","xal":"kalmyk","xh":"xhosa","xog":"soga","yao":"yao","yap":"japski","yav":"yangben","ybb":"yemba","yi":"jidiš","yo":"jorupski","yrl":"nheengatu","yue":"kantonski","za":"zhuang","zap":"zapotečki","zbl":"Blissovi simboli","zen":"zenaga","zgh":"standardni marokanski tamašek","zh":"kineski","zh-Hans":"kineski (pojednostavljeni)","zh-Hant":"kineski (tradicionalni)","zu":"zulu","zun":"zuni","zxx":"bez jezičnog sadržaja","zza":"zazaki"},"narrow":{},"short":{"az":"azerski","en-GB":"engleski (UK)","en-US":"engleski (SAD)"}}},"region":{"long":{"142":"Azija","143":"Srednja Azija","145":"Zapadna Azija","150":"Europa","151":"Istočna Europa","154":"Sjeverna Europa","155":"Zapadna Europa","202":"Subsaharska Afrika","419":"Latinska Amerika","001":"Svijet","002":"Afrika","003":"Sjevernoamerički kontinent","005":"Južna Amerika","009":"Oceanija","011":"Zapadna Afrika","013":"Centralna Amerika","014":"Istočna Afrika","015":"Sjeverna Afrika","017":"Središnja Afrika","018":"Južna Afrika","019":"Amerike","021":"Sjeverna Amerika","029":"Karibi","030":"Istočna Azija","034":"Južna Azija","035":"Jugoistočna Azija","039":"Južna Europa","053":"Australazija","054":"Melanezija","057":"Mikronezijsko područje","061":"Polinezija","AC":"Otok Ascension","AD":"Andora","AE":"Ujedinjeni Arapski Emirati","AF":"Afganistan","AG":"Antigva i Barbuda","AI":"Angvila","AL":"Albanija","AM":"Armenija","AO":"Angola","AQ":"Antarktika","AR":"Argentina","AS":"Američka Samoa","AT":"Austrija","AU":"Australija","AW":"Aruba","AX":"Ålandski otoci","AZ":"Azerbajdžan","BA":"Bosna i Hercegovina","BB":"Barbados","BD":"Bangladeš","BE":"Belgija","BF":"Burkina Faso","BG":"Bugarska","BH":"Bahrein","BI":"Burundi","BJ":"Benin","BL":"Saint Barthélemy","BM":"Bermudi","BN":"Brunej","BO":"Bolivija","BQ":"Karipski otoci Nizozemske","BR":"Brazil","BS":"Bahami","BT":"Butan","BV":"Otok Bouvet","BW":"Bocvana","BY":"Bjelorusija","BZ":"Belize","CA":"Kanada","CC":"Kokosovi (Keelingovi) otoci","CD":"Kongo - Kinshasa","CF":"Srednjoafrička Republika","CG":"Kongo - Brazzaville","CH":"Švicarska","CI":"Obala Bjelokosti","CK":"Cookovi otoci","CL":"Čile","CM":"Kamerun","CN":"Kina","CO":"Kolumbija","CP":"Otok Clipperton","CR":"Kostarika","CU":"Kuba","CV":"Zelenortska Republika","CW":"Curaçao","CX":"Božićni otok","CY":"Cipar","CZ":"Češka","DE":"Njemačka","DG":"Diego Garcia","DJ":"Džibuti","DK":"Danska","DM":"Dominika","DO":"Dominikanska Republika","DZ":"Alžir","EA":"Ceuta i Melilla","EC":"Ekvador","EE":"Estonija","EG":"Egipat","EH":"Zapadna Sahara","ER":"Eritreja","ES":"Španjolska","ET":"Etiopija","EU":"Europska unija","EZ":"eurozona","FI":"Finska","FJ":"Fidži","FK":"Falklandski otoci","FM":"Mikronezija","FO":"Farski otoci","FR":"Francuska","GA":"Gabon","GB":"Ujedinjeno Kraljevstvo","GD":"Grenada","GE":"Gruzija","GF":"Francuska Gijana","GG":"Guernsey","GH":"Gana","GI":"Gibraltar","GL":"Grenland","GM":"Gambija","GN":"Gvineja","GP":"Guadalupe","GQ":"Ekvatorska Gvineja","GR":"Grčka","GS":"Južna Georgija i Južni Sendvički Otoci","GT":"Gvatemala","GU":"Guam","GW":"Gvineja Bisau","GY":"Gvajana","HK":"PUP Hong Kong Kina","HM":"Otoci Heard i McDonald","HN":"Honduras","HR":"Hrvatska","HT":"Haiti","HU":"Mađarska","IC":"Kanarski otoci","ID":"Indonezija","IE":"Irska","IL":"Izrael","IM":"Otok Man","IN":"Indija","IO":"Britanski Indijskooceanski teritorij","IQ":"Irak","IR":"Iran","IS":"Island","IT":"Italija","JE":"Jersey","JM":"Jamajka","JO":"Jordan","JP":"Japan","KE":"Kenija","KG":"Kirgistan","KH":"Kambodža","KI":"Kiribati","KM":"Komori","KN":"Sveti Kristofor i Nevis","KP":"Sjeverna Koreja","KR":"Južna Koreja","KW":"Kuvajt","KY":"Kajmanski otoci","KZ":"Kazahstan","LA":"Laos","LB":"Libanon","LC":"Sveta Lucija","LI":"Lihtenštajn","LK":"Šri Lanka","LR":"Liberija","LS":"Lesoto","LT":"Litva","LU":"Luksemburg","LV":"Latvija","LY":"Libija","MA":"Maroko","MC":"Monako","MD":"Moldavija","ME":"Crna Gora","MF":"Saint Martin","MG":"Madagaskar","MH":"Maršalovi Otoci","MK":"Sjeverna Makedonija","ML":"Mali","MM":"Mjanmar (Burma)","MN":"Mongolija","MO":"PUP Makao Kina","MP":"Sjevernomarijanski otoci","MQ":"Martinik","MR":"Mauretanija","MS":"Montserrat","MT":"Malta","MU":"Mauricijus","MV":"Maldivi","MW":"Malavi","MX":"Meksiko","MY":"Malezija","MZ":"Mozambik","NA":"Namibija","NC":"Nova Kaledonija","NE":"Niger","NF":"Otok Norfolk","NG":"Nigerija","NI":"Nikaragva","NL":"Nizozemska","NO":"Norveška","NP":"Nepal","NR":"Nauru","NU":"Niue","NZ":"Novi Zeland","OM":"Oman","PA":"Panama","PE":"Peru","PF":"Francuska Polinezija","PG":"Papua Nova Gvineja","PH":"Filipini","PK":"Pakistan","PL":"Poljska","PM":"Saint-Pierre-et-Miquelon","PN":"Otoci Pitcairn","PR":"Portoriko","PS":"Palestinsko područje","PT":"Portugal","PW":"Palau","PY":"Paragvaj","QA":"Katar","QO":"Vanjska područja Oceanije","RE":"Réunion","RO":"Rumunjska","RS":"Srbija","RU":"Rusija","RW":"Ruanda","SA":"Saudijska Arabija","SB":"Salomonski Otoci","SC":"Sejšeli","SD":"Sudan","SE":"Švedska","SG":"Singapur","SH":"Sveta Helena","SI":"Slovenija","SJ":"Svalbard i Jan Mayen","SK":"Slovačka","SL":"Sijera Leone","SM":"San Marino","SN":"Senegal","SO":"Somalija","SR":"Surinam","SS":"Južni Sudan","ST":"Sveti Toma i Princip","SV":"Salvador","SX":"Sint Maarten","SY":"Sirija","SZ":"Esvatini","TA":"Tristan da Cunha","TC":"Otoci Turks i Caicos","TD":"Čad","TF":"Francuski južni i antarktički teritoriji","TG":"Togo","TH":"Tajland","TJ":"Tadžikistan","TK":"Tokelau","TL":"Timor-Leste","TM":"Turkmenistan","TN":"Tunis","TO":"Tonga","TR":"Turska","TT":"Trinidad i Tobago","TV":"Tuvalu","TW":"Tajvan","TZ":"Tanzanija","UA":"Ukrajina","UG":"Uganda","UM":"Mali udaljeni otoci SAD-a","UN":"Ujedinjeni narodi","US":"Sjedinjene Američke Države","UY":"Urugvaj","UZ":"Uzbekistan","VA":"Vatikanski Grad","VC":"Sveti Vincent i Grenadini","VE":"Venezuela","VG":"Britanski Djevičanski otoci","VI":"Američki Djevičanski otoci","VN":"Vijetnam","VU":"Vanuatu","WF":"Wallis i Futuna","WS":"Samoa","XA":"pseudo naglasci","XB":"pseudo bidi","XK":"Kosovo","YE":"Jemen","YT":"Mayotte","ZA":"Južnoafrička Republika","ZM":"Zambija","ZW":"Zimbabve","ZZ":"nepoznato područje"},"narrow":{},"short":{"GB":"UK","HK":"Hong Kong","MO":"Makao","PS":"Palestina","UN":"UN","US":"SAD"}},"script":{"long":{"Adlm":"adlam pismo","Afak":"afaka pismo","Arab":"arapsko pismo","Aran":"nastaliq pismo","Armi":"aramejsko pismo","Armn":"armensko pismo","Avst":"avestansko pismo","Bali":"balijsko pismo","Bamu":"bamum pismo","Bass":"bassa vah pismo","Batk":"batak pismo","Beng":"bengalsko pismo","Blis":"blissymbols","Bopo":"bopomofo pismo","Brah":"brahmi pismo","Brai":"brajica","Bugi":"buginsko pismo","Buhd":"buhid pismo","Cakm":"čakmansko pismo","Cans":"unificirani kanadski aboriđinski slogovi","Cari":"karijsko pismo","Cham":"čamsko pismo","Cher":"čeroki pismo","Cirt":"cirth pismo","Copt":"koptsko pismo","Cprt":"cypriot pismo","Cyrl":"ćirilica","Cyrs":"staroslavenska crkvena čirilica","Deva":"devangari pismo","Dsrt":"deseret pismo","Egyd":"egipatsko narodno pismo","Egyh":"egipatsko hijeratsko pismo","Egyp":"egipatski hijeroglifi","Ethi":"etiopsko pismo","Geok":"gruzijsko khutsuri pismo","Geor":"gruzijsko pismo","Glag":"glagoljica","Goth":"gotičko pismo","Gran":"grantha pismo","Grek":"grčko pismo","Gujr":"gudžaratsko pismo","Guru":"gurmukhi pismo","Hanb":"hanb pismo","Hang":"hangul pismo","Hani":"hansko pismo","Hano":"hanunoo pismo","Hans":"pojednostavljeno pismo","Hant":"tradicionalno pismo","Hebr":"hebrejsko pismo","Hira":"hiragana pismo","Hluw":"anatolijski hijeroglifi","Hmng":"pahawh hmong pismo","Hrkt":"japansko slogovno pismo","Hung":"staro mađarsko pismo","Inds":"indijsko pismo","Ital":"staro talijansko pismo","Jamo":"jamo pismo","Java":"javansko pismo","Jpan":"japansko pismo","Jurc":"jurchen pismo","Kali":"kayah li pismo","Kana":"katakana pismo","Khar":"kharoshthi pismo","Khmr":"kmersko pismo","Khoj":"khojki pismo","Knda":"kannada pismo","Kore":"korejsko pismo","Kpel":"kpelle pismo","Kthi":"kaithi pismo","Lana":"lanna pismo","Laoo":"laosko pismo","Latf":"fraktur latinica","Latg":"keltska latinica","Latn":"latinica","Lepc":"lepcha pismo","Limb":"limbu pismo","Lina":"linear A pismo","Linb":"linear B pismo","Lisu":"fraser pismo","Loma":"loma pismo","Lyci":"likijsko pismo","Lydi":"lidijsko pismo","Mand":"mandai pismo","Mani":"manihejsko pismo","Maya":"majanski hijeroglifi","Mend":"mende pismo","Merc":"meroitski kurziv","Mero":"meroitic pismo","Mlym":"malajalamsko pismo","Mong":"mongolsko pismo","Moon":"moon pismo","Mroo":"mro pismo","Mtei":"meitei mayek pismo","Mymr":"mjanmarsko pismo","Narb":"staro sjevernoarapsko pismo","Nbat":"nabatejsko pismo","Nkgb":"naxi geba pismo","Nkoo":"n’ko pismo","Nshu":"nushu pismo","Ogam":"ogham pismo","Olck":"ol chiki pismo","Orkh":"orkhon pismo","Orya":"orijsko pismo","Osma":"osmanya pismo","Palm":"palmyrene pismo","Perm":"staro permic pismo","Phag":"phags-pa pismo","Phli":"pisani pahlavi","Phlp":"psalter pahlavi","Phlv":"pahlavi pismo","Phnx":"feničko pismo","Plrd":"pollard fonetsko pismo","Prti":"pisani parthian","Qaag":"zawgyi","Rjng":"rejang pismo","Rohg":"hanifi pismo","Roro":"rongorongo pismo","Runr":"runsko pismo","Samr":"samaritansko pismo","Sara":"sarati pismo","Sarb":"staro južnoarapsko pismo","Saur":"saurashtra pismo","Sgnw":"znakovno pismo","Shaw":"shavian pismo","Shrd":"sharada pismo","Sind":"khudawadi pismo","Sinh":"sinhaleško pismo","Sora":"sora sompeng pismo","Sund":"sundansko pismo","Sylo":"syloti nagri pismo","Syrc":"sirijsko pismo","Syre":"sirijsko estrangelo pismo","Syrj":"pismo zapadne Sirije","Syrn":"pismo istočne Sirije","Tagb":"tagbanwa pismo","Takr":"takri pismo","Tale":"tai le pismo","Talu":"novo tai lue pismo","Taml":"tamilsko pismo","Tang":"tangut pismo","Tavt":"tai viet pismo","Telu":"teluško pismo","Teng":"tengwar pismo","Tfng":"tifinagh pismo","Tglg":"tagalog pismo","Thaa":"thaana pismo","Thai":"tajsko pismo","Tibt":"tibetansko pismo","Tirh":"tirhuta pismo","Ugar":"ugaritsko pismo","Vaii":"vai pismo","Visp":"Visible Speech","Wara":"varang kshiti pismo","Wole":"woleai pismo","Xpeo":"staro perzijsko pismo","Xsux":"sumersko-akadsko cuneiform pismo","Yiii":"yi pismo","Zinh":"nasljedno pismo","Zmth":"matematičko znakovlje","Zsye":"emotikoni","Zsym":"simboli","Zxxx":"jezik bez pismenosti","Zyyy":"zajedničko pismo","Zzzz":"nepoznato pismo"},"narrow":{},"short":{}}}},"locale":"hr"}