{"data":{"patterns":{"locale":"{0} ({1})"},"types":{"calendar":{"long":{"buddhist":"Kalender Buddha","chinese":"Kalender Tionghoa","coptic":"Kalender Koptik","dangi":"Kalender Dangi","ethiopic":"Kalender Etiopia","ethiopic-amete-alem":"Kalender Amete Alem Etiopia","gregorian":"Kalender Gregorian","hebrew":"Kalender Ibrani","indian":"Kalender Nasional India","islamic":"Kalender Islam","islamic-civil":"Kalender Sipil Islam","islamic-rgsa":"Kalender Islam (Arab Saudi, penglihatan)","islamic-tbla":"Kalender Astronomi Islam","islamic-umalqura":"Kalender Islam (Umm al-Qura)","iso8601":"Kalender ISO-8601","japanese":"Kalender Jepang","persian":"Kalender Persia","roc":"Kalender Min-guo"},"narrow":{},"short":{}},"currency":{"long":{"ADP":"Peseta Andorra","AED":"Dirham Uni Emirat Arab","AFA":"Afgani Afganistan (1927–2002)","AFN":"Afgani Afganistan","ALL":"Lek Albania","AMD":"Dram Armenia","ANG":"Guilder Antilla Belanda","AOA":"Kwanza Angola","AOK":"Kwanza Angola (1977–1991)","AON":"Kwanza Baru Angola (1990–2000)","AOR":"Kwanza Angola yang Disesuaikan Lagi (1995–1999)","ARA":"Austral Argentina","ARL":"Peso Ley Argentina (1970–1983)","ARM":"Peso Argentina (1881–1970)","ARP":"Peso Argentina (1983–1985)","ARS":"Peso Argentina","ATS":"Schilling Austria","AUD":"Dolar Australia","AWG":"Florin Aruba","AZM":"Manat Azerbaijan (1993–2006)","AZN":"Manat Azerbaijan","BAD":"Dinar Bosnia-Herzegovina (1992–1994)","BAM":"Mark Konvertibel Bosnia-Herzegovina","BAN":"Dinar Baru Bosnia-Herzegovina (1994–1997)","BBD":"Dolar Barbados","BDT":"Taka Bangladesh","BEC":"Franc Belgia (konvertibel)","BEF":"Franc Belgia","BEL":"Franc Belgia (keuangan)","BGL":"Hard Lev Bulgaria","BGM":"Socialist Lev Bulgaria","BGN":"Lev Bulgaria","BGO":"Lev Bulgaria (1879–1952)","BHD":"Dinar Bahrain","BIF":"Franc Burundi","BMD":"Dolar Bermuda","BND":"Dolar Brunei","BOB":"Boliviano","BOL":"Boliviano Bolivia (1863–1963)","BOP":"Peso Bolivia","BOV":"Mvdol Bolivia","BRB":"Cruzeiro Baru Brasil (1967–1986)","BRC":"Cruzado Brasil (1986–1989)","BRE":"Cruzeiro Brasil (1990–1993)","BRL":"Real Brasil","BRN":"Cruzado Baru Brasil (1989–1990)","BRR":"Cruzeiro Brasil (1993–1994)","BRZ":"Cruzeiro Brasil (1942–1967)","BSD":"Dolar Bahama","BTN":"Ngultrum Bhutan","BUK":"Kyat Burma","BWP":"Pula Botswana","BYB":"Rubel Baru Belarus (1994–1999)","BYN":"Rubel Belarusia","BYR":"Rubel Belarusia (2000–2016)","BZD":"Dolar Belize","CAD":"Dolar Kanada","CDF":"Franc Kongo","CHE":"Euro WIR","CHF":"Franc Swiss","CHW":"Franc WIR","CLE":"Escudo Cile","CLF":"Satuan Hitung (UF) Cile","CLP":"Peso Cile","CNH":"Yuan Tiongkok (luar negeri)","CNY":"Yuan Tiongkok","COP":"Peso Kolombia","COU":"Unit Nilai Nyata Kolombia","CRC":"Colon Kosta Rika","CSD":"Dinar Serbia (2002–2006)","CSK":"Hard Koruna Cheska","CUC":"Peso Konvertibel Kuba","CUP":"Peso Kuba","CVE":"Escudo Tanjung Verde","CYP":"Pound Siprus","CZK":"Koruna Ceko","DDM":"Mark Jerman Timur","DEM":"Mark Jerman","DJF":"Franc Jibuti","DKK":"Krone Denmark","DOP":"Peso Dominika","DZD":"Dinar Aljazair","ECS":"Sucre Ekuador","ECV":"Satuan Nilai Tetap Ekuador","EEK":"Kroon Estonia","EGP":"Pound Mesir","ERN":"Nakfa Eritrea","ESA":"Peseta Spanyol (akun)","ESB":"Peseta Spanyol (konvertibel)","ESP":"Peseta Spanyol","ETB":"Birr Etiopia","EUR":"Euro","FIM":"Markka Finlandia","FJD":"Dolar Fiji","FKP":"Pound Kepulauan Falkland","FRF":"Franc Prancis","GBP":"Pound Inggris","GEK":"Kupon Larit Georgia","GEL":"Lari Georgia","GHC":"Cedi Ghana (1979–2007)","GHS":"Cedi Ghana","GIP":"Pound Gibraltar","GMD":"Dalasi Gambia","GNF":"Franc Guinea","GNS":"Syli Guinea","GQE":"Ekuele Guinea Ekuatorial","GRD":"Drachma Yunani","GTQ":"Quetzal Guatemala","GWE":"Escudo Guinea Portugal","GWP":"Peso Guinea-Bissau","GYD":"Dolar Guyana","HKD":"Dolar Hong Kong","HNL":"Lempira Honduras","HRD":"Dinar Kroasia","HRK":"Kuna Kroasia","HTG":"Gourde Haiti","HUF":"Forint Hungaria","IDR":"Rupiah Indonesia","IEP":"Pound Irlandia","ILP":"Pound Israel","ILR":"Shekel Israel","ILS":"Shekel Baru Israel","INR":"Rupee India","IQD":"Dinar Irak","IRR":"Rial Iran","ISJ":"Krona Islandia (1918–1981)","ISK":"Krona Islandia","ITL":"Lira Italia","JMD":"Dolar Jamaika","JOD":"Dinar Yordania","JPY":"Yen Jepang","KES":"Shilling Kenya","KGS":"Som Kirgizstan","KHR":"Riel Kamboja","KMF":"Franc Komoro","KPW":"Won Korea Utara","KRH":"Hwan Korea Selatan (1953–1962)","KRO":"Won Korea Selatan (1945–1953)","KRW":"Won Korea Selatan","KWD":"Dinar Kuwait","KYD":"Dolar Kepulauan Cayman","KZT":"Tenge Kazakhstan","LAK":"Kip Laos","LBP":"Pound Lebanon","LKR":"Rupee Sri Lanka","LRD":"Dolar Liberia","LSL":"Loti Lesotho","LTL":"Litas Lituania","LTT":"Talonas Lituania","LUC":"Franc Konvertibel Luksemburg","LUF":"Franc Luksemburg","LUL":"Financial Franc Luksemburg","LVL":"Lats Latvia","LVR":"Rubel Latvia","LYD":"Dinar Libya","MAD":"Dirham Maroko","MAF":"Franc Maroko","MCF":"Franc Monegasque","MDC":"Cupon Moldova","MDL":"Leu Moldova","MGA":"Ariary Madagaskar","MGF":"Franc Malagasi","MKD":"Denar Makedonia","MKN":"Denar Makedonia (1992–1993)","MLF":"Franc Mali","MMK":"Kyat Myanmar","MNT":"Tugrik Mongolia","MOP":"Pataca Makau","MRO":"Ouguiya Mauritania (1973–2017)","MRU":"Ouguiya Mauritania","MTL":"Lira Malta","MTP":"Pound Malta","MUR":"Rupee Mauritius","MVP":"Rufiyaa Maladewa (1947–1981)","MVR":"Rufiyaa Maladewa","MWK":"Kwacha Malawi","MXN":"Peso Meksiko","MXP":"Peso Silver Meksiko (1861–1992)","MXV":"Unit Investasi Meksiko","MYR":"Ringgit Malaysia","MZE":"Escudo Mozambik","MZM":"Metical Mozambik (1980–2006)","MZN":"Metical Mozambik","NAD":"Dolar Namibia","NGN":"Naira Nigeria","NIC":"Cordoba Nikaragua (1988–1991)","NIO":"Cordoba Nikaragua","NLG":"Guilder Belanda","NOK":"Krone Norwegia","NPR":"Rupee Nepal","NZD":"Dolar Selandia Baru","OMR":"Rial Oman","PAB":"Balboa Panama","PEI":"Inti Peru","PEN":"Sol Peru","PES":"Sol Peru (1863–1965)","PGK":"Kina Papua Nugini","PHP":"Peso Filipina","PKR":"Rupee Pakistan","PLN":"Zloty Polandia","PLZ":"Zloty Polandia (1950–1995)","PTE":"Escudo Portugal","PYG":"Guarani Paraguay","QAR":"Rial Qatar","RHD":"Dolar Rhodesia","ROL":"Leu Rumania (1952–2006)","RON":"Leu Rumania","RSD":"Dinar Serbia","RUB":"Rubel Rusia","RUR":"Rubel Rusia (1991–1998)","RWF":"Franc Rwanda","SAR":"Riyal Arab Saudi","SBD":"Dolar Kepulauan Solomon","SCR":"Rupee Seychelles","SDD":"Dinar Sudan (1992–2007)","SDG":"Pound Sudan","SDP":"Pound Sudan (1957–1998)","SEK":"Krona Swedia","SGD":"Dolar Singapura","SHP":"Pound Saint Helena","SIT":"Tolar Slovenia","SKK":"Koruna Slovakia","SLL":"Leone Sierra Leone","SOS":"Shilling Somalia","SRD":"Dolar Suriname","SRG":"Guilder Suriname","SSP":"Pound Sudan Selatan","STD":"Dobra Sao Tome dan Principe (1977–2017)","STN":"Dobra Sao Tome dan Principe","SUR":"Rubel Soviet","SVC":"Colon El Savador","SYP":"Pound Suriah","SZL":"Lilangeni Swaziland","THB":"Baht Thailand","TJR":"Rubel Tajikistan","TJS":"Somoni Tajikistan","TMM":"Manat Turkmenistan (1993–2009)","TMT":"Manat Turkmenistan","TND":"Dinar Tunisia","TOP":"Paʻanga Tonga","TPE":"Escudo Timor","TRL":"Lira Turki (1922–2005)","TRY":"Lira Turki","TTD":"Dolar Trinidad dan Tobago","TWD":"Dolar Baru Taiwan","TZS":"Shilling Tanzania","UAH":"Hryvnia Ukraina","UAK":"Karbovanet Ukraina","UGS":"Shilling Uganda (1966–1987)","UGX":"Shilling Uganda","USD":"Dolar Amerika Serikat","USN":"Dolar AS (Hari berikutnya)","USS":"Dolar AS (Hari yang sama)","UYI":"Peso Uruguay (Unit Diindeks)","UYP":"Peso Uruguay (1975–1993)","UYU":"Peso Uruguay","UZS":"Som Uzbekistan","VEB":"Bolivar Venezuela (1871–2008)","VEF":"Bolivar Venezuela (2008–2018)","VES":"Bolivar Venezuela","VND":"Dong Vietnam","VNN":"Dong Vietnam (1978–1985)","VUV":"Vatu Vanuatu","WST":"Tala Samoa","XAF":"Franc CFA Afrika Tengah","XAG":"Silver","XAU":"Emas","XBA":"Unit Gabungan Eropa","XBB":"Unit Keuangan Eropa","XBC":"Satuan Hitung Eropa (XBC)","XBD":"Satuan Hitung Eropa (XBD)","XCD":"Dolar Karibia Timur","XDR":"Hak Khusus Menggambar","XEU":"Satuan Mata Uang Eropa","XFO":"Franc Gold Perancis","XFU":"Franc UIC Perancis","XOF":"Franc CFA Afrika Barat","XPD":"Palladium","XPF":"Franc CFP","XPT":"Platinum","XRE":"Dana RINET","XTS":"Kode Mata Uang Pengujian","XXX":"Mata Uang Tidak Dikenal","YDD":"Dinar Yaman","YER":"Rial Yaman","YUD":"Hard Dinar Yugoslavia (1966–1990)","YUM":"Dinar Baru Yugoslavia (1994–2002)","YUN":"Dinar Konvertibel Yugoslavia (1990–1992)","YUR":"Dinar Reformasi Yugoslavia (1992–1993)","ZAL":"Rand Afrika Selatan (Keuangan)","ZAR":"Rand Afrika Selatan","ZMK":"Kwacha Zambia (1968–2012)","ZMW":"Kwacha Zambia","ZRN":"Zaire Baru Zaire (1993–1998)","ZRZ":"Zaire Zaire (1971–1993)","ZWD":"Dolar Zimbabwe (1980–2008)","ZWL":"Dolar Zimbabwe (2009)","ZWR":"Dolar Zimbabwe (2008)"},"narrow":{},"short":{}},"dateTimeField":{"long":{"day":"hari","dayOfYear":"hari dalam setahun","dayperiod":"AM/PM","era":"era","hour":"jam","minute":"menit","month":"bulan","quarter":"kuartal","second":"detik","timeZoneName":"zona waktu","weekOfMonth":"minggu","weekOfYear":"minggu","weekday":"hari dalam seminggu","weekdayOfMonth":"hari kerja","year":"tahun"},"narrow":{"day":"h","dayOfYear":"hari dlm 1 thn","dayperiod":"AM/PM","era":"era","hour":"j","minute":"m","month":"bln.","quarter":"krtl.","second":"d","timeZoneName":"zona wkt","weekOfMonth":"mgg.","weekOfYear":"mgg.","weekday":"hari dlm seminggu","weekdayOfMonth":"hr kerja","year":"thn."},"short":{"day":"hr","dayOfYear":"hari dlm setahun","dayperiod":"AM/PM","era":"era","hour":"jam","minute":"mnt.","month":"bln.","quarter":"krtl.","second":"dtk.","timeZoneName":"zona wkt","weekOfMonth":"mgg.","weekOfYear":"mgg.","weekday":"hari dlm seminggu","weekdayOfMonth":"hr kerja","year":"thn."}},"language":{"dialect":{"long":{"aa":"Afar","ab":"Abkhaz","ace":"Aceh","ach":"Acoli","ada":"Adangme","ady":"Adygei","ae":"Avesta","aeb":"Arab Tunisia","af":"Afrikaans","afh":"Afrihili","agq":"Aghem","ain":"Ainu","ak":"Akan","akk":"Akkadia","akz":"Alabama","ale":"Aleut","alt":"Altai Selatan","am":"Amharik","an":"Aragon","ang":"Inggris Kuno","ann":"Obolo","anp":"Angika","ar":"Arab","ar-001":"Arab Standar Modern","arc":"Aram","arn":"Mapuche","arp":"Arapaho","arq":"Arab Aljazair","ars":"Arab Najdi","arw":"Arawak","ary":"Arab Maroko","arz":"Arab Mesir","as":"Assam","asa":"Asu","ase":"Bahasa Isyarat Amerika","ast":"Asturia","atj":"Atikamekw","av":"Avar","awa":"Awadhi","ay":"Aymara","az":"Azerbaijani","ba":"Bashkir","bal":"Baluchi","ban":"Bali","bar":"Bavaria","bas":"Basa","bax":"Bamun","bbc":"Batak Toba","bbj":"Ghomala","be":"Belarusia","bej":"Beja","bem":"Bemba","bew":"Betawi","bez":"Bena","bfd":"Bafut","bg":"Bulgaria","bgn":"Balochi Barat","bho":"Bhojpuri","bi":"Bislama","bik":"Bikol","bin":"Bini","bjn":"Banjar","bkm":"Kom","bla":"Siksika","bm":"Bambara","bn":"Bengali","bo":"Tibet","br":"Breton","bra":"Braj","brx":"Bodo","bs":"Bosnia","bss":"Akoose","bua":"Buriat","bug":"Bugis","bum":"Bulu","byn":"Blin","byv":"Medumba","ca":"Katalan","cad":"Kado","car":"Karibia","cay":"Cayuga","cch":"Atsam","ccp":"Chakma","ce":"Chechen","ceb":"Cebuano","cgg":"Kiga","ch":"Chamorro","chb":"Chibcha","chg":"Chagatai","chk":"Chuuke","chm":"Mari","chn":"Jargon Chinook","cho":"Koktaw","chp":"Chipewyan","chr":"Cherokee","chy":"Cheyenne","ckb":"Kurdi Sorani","clc":"Chilcotin","co":"Korsika","cop":"Koptik","cr":"Kree","crg":"Michif","crh":"Tatar Krimea","crj":"East Cree Selatan","crk":"Cree Dataran","crl":"East Cree Utara","crm":"Moose Cree","crr":"Carolina Algonquian","crs":"Seselwa Kreol Prancis","cs":"Cheska","csb":"Kashubia","csw":"Cree Rawa","cu":"Bahasa Gereja Slavonia","cv":"Chuvash","cy":"Welsh","da":"Dansk","dak":"Dakota","dar":"Dargwa","dav":"Taita","de":"Jerman","de-CH":"Jerman Tinggi (Swiss)","del":"Delaware","den":"Slave","dgr":"Dogrib","din":"Dinka","dje":"Zarma","doi":"Dogri","dsb":"Sorbia Hilir","dua":"Duala","dum":"Belanda Abad Pertengahan","dv":"Divehi","dyo":"Jola-Fonyi","dyu":"Dyula","dz":"Dzongkha","dzg":"Dazaga","ebu":"Embu","ee":"Ewe","efi":"Efik","egy":"Mesir Kuno","eka":"Ekajuk","el":"Yunani","elx":"Elam","en":"Inggris","en-GB":"Inggris (Britania)","enm":"Inggris Abad Pertengahan","eo":"Esperanto","es":"Spanyol","es-ES":"Spanyol (Eropa)","et":"Esti","eu":"Basque","ewo":"Ewondo","fa":"Persia","fa-AF":"Persia Dari","fan":"Fang","fat":"Fanti","ff":"Fula","fi":"Suomi","fil":"Filipino","fj":"Fiji","fo":"Faroe","fon":"Fon","fr":"Prancis","frc":"Prancis Cajun","frm":"Prancis Abad Pertengahan","fro":"Prancis Kuno","frp":"Arpitan","frr":"Frisia Utara","frs":"Frisia Timur","fur":"Friuli","fy":"Frisia Barat","ga":"Irlandia","gaa":"Ga","gag":"Gagauz","gay":"Gayo","gba":"Gbaya","gd":"Gaelik Skotlandia","gez":"Geez","gil":"Gilbert","gl":"Galisia","glk":"Gilaki","gmh":"Jerman Abad Pertengahan","gn":"Guarani","goh":"Jerman Kuno","gon":"Gondi","gor":"Gorontalo","got":"Gotik","grb":"Grebo","grc":"Yunani Kuno","gsw":"Jerman (Swiss)","gu":"Gujarat","guz":"Gusii","gv":"Manx","gwi":"Gwich’in","ha":"Hausa","hai":"Haida","haw":"Hawaii","hax":"Haida Selatan","he":"Ibrani","hi":"Hindi","hif":"Hindi Fiji","hil":"Hiligaynon","hit":"Hitit","hmn":"Hmong","ho":"Hiri Motu","hr":"Kroasia","hsb":"Sorbia Hulu","ht":"Kreol Haiti","hu":"Hungaria","hup":"Hupa","hur":"Halkomelem","hy":"Armenia","hz":"Herero","ia":"Interlingua","iba":"Iban","ibb":"Ibibio","id":"Indonesia","ie":"Interlingue","ig":"Igbo","ii":"Sichuan Yi","ik":"Inupiak","ikt":"Inuktitut Kanada Barat","ilo":"Iloko","inh":"Ingushetia","io":"Ido","is":"Islandia","it":"Italia","iu":"Inuktitut","ja":"Jepang","jbo":"Lojban","jgo":"Ngomba","jmc":"Machame","jpr":"Ibrani-Persia","jrb":"Ibrani-Arab","jv":"Jawa","ka":"Georgia","kaa":"Kara-Kalpak","kab":"Kabyle","kac":"Kachin","kaj":"Jju","kam":"Kamba","kaw":"Kawi","kbd":"Kabardi","kbl":"Kanembu","kcg":"Tyap","kde":"Makonde","kea":"Kabuverdianu","ken":"Kenyang","kfo":"Koro","kg":"Kongo","kgp":"Kaingang","kha":"Khasi","kho":"Khotan","khq":"Koyra Chiini","ki":"Kikuyu","kj":"Kuanyama","kk":"Kazakh","kkj":"Kako","kl":"Kalaallisut","kln":"Kalenjin","km":"Khmer","kmb":"Kimbundu","kn":"Kannada","ko":"Korea","koi":"Komi-Permyak","kok":"Konkani","kos":"Kosre","kpe":"Kpelle","kr":"Kanuri","krc":"Karachai Balkar","kri":"Krio","krl":"Karelia","kru":"Kuruk","ks":"Kashmir","ksb":"Shambala","ksf":"Bafia","ksh":"Dialek Kolsch","ku":"Kurdi","kum":"Kumyk","kut":"Kutenai","kv":"Komi","kw":"Kornish","kwk":"Kwakʼwala","ky":"Kirgiz","la":"Latin","lad":"Ladino","lag":"Langi","lah":"Lahnda","lam":"Lamba","lb":"Luksemburg","lez":"Lezghia","lg":"Ganda","li":"Limburgia","lij":"Liguria","lil":"Lillooet","lkt":"Lakota","lmo":"Lombard","ln":"Lingala","lo":"Lao","lol":"Mongo","lou":"Kreol Louisiana","loz":"Lozi","lrc":"Luri Utara","lsm":"Saamia","lt":"Lituavi","lu":"Luba-Katanga","lua":"Luba-Lulua","lui":"Luiseno","lun":"Lunda","luo":"Luo","lus":"Mizo","luy":"Luyia","lv":"Latvi","lzz":"Laz","mad":"Madura","maf":"Mafa","mag":"Magahi","mai":"Maithili","mak":"Makasar","man":"Mandingo","mas":"Masai","mde":"Maba","mdf":"Moksha","mdr":"Mandar","men":"Mende","mer":"Meru","mfe":"Morisien","mg":"Malagasi","mga":"Irlandia Abad Pertengahan","mgh":"Makhuwa-Meetto","mgo":"Meta’","mh":"Marshall","mi":"Maori","mic":"Mikmak","min":"Minangkabau","mk":"Makedonia","ml":"Malayalam","mn":"Mongolia","mnc":"Manchuria","mni":"Manipuri","moe":"Innu-aimun","moh":"Mohawk","mos":"Mossi","mr":"Marathi","ms":"Melayu","mt":"Malta","mua":"Mundang","mul":"Beberapa Bahasa","mus":"Bahasa Muskogee","mwl":"Miranda","mwr":"Marwari","mwv":"Mentawai","my":"Burma","mye":"Myene","myv":"Eryza","mzn":"Mazanderani","na":"Nauru","nap":"Neapolitan","naq":"Nama","nb":"Bokmål Norwegia","nd":"Ndebele Utara","nds":"Jerman Rendah","ne":"Nepali","new":"Newari","ng":"Ndonga","nia":"Nias","niu":"Niuea","nl":"Belanda","nmg":"Kwasio","nn":"Nynorsk Norwegia","nnh":"Ngiemboon","no":"Norwegia","nog":"Nogai","non":"Norse Kuno","nqo":"N’Ko","nr":"Ndebele Selatan","nso":"Sotho Utara","nus":"Nuer","nv":"Navajo","nwc":"Newari Klasik","ny":"Nyanja","nym":"Nyamwezi","nyn":"Nyankole","nyo":"Nyoro","nzi":"Nzima","oc":"Ositania","oj":"Ojibwa","ojb":"Ojibwe Barat Laut","ojc":"Ojibwe Tengah","ojs":"Oji-Cree","ojw":"Ojibwe Barat","oka":"Okanagan","om":"Oromo","or":"Oriya","os":"Ossetia","osa":"Osage","ota":"Turki Osmani","pa":"Punjabi","pag":"Pangasina","pal":"Pahlevi","pam":"Pampanga","pap":"Papiamento","pau":"Palau","pcm":"Pidgin Nigeria","pdc":"Jerman Pennsylvania","peo":"Persia Kuno","phn":"Funisia","pi":"Pali","pis":"Pijin","pl":"Polski","pon":"Pohnpeia","pqm":"Maliseet-Passamaquoddy","prg":"Prusia","pro":"Provencal Lama","ps":"Pashto","pt":"Portugis","pt-PT":"Portugis (Eropa)","qu":"Quechua","quc":"Kʼicheʼ","raj":"Rajasthani","rap":"Rapanui","rar":"Rarotonga","rhg":"Rohingya","rm":"Reto-Roman","rn":"Rundi","ro":"Rumania","ro-MD":"Moldavia","rof":"Rombo","rom":"Romani","rtm":"Rotuma","ru":"Rusia","rup":"Aromania","rw":"Kinyarwanda","rwk":"Rwa","sa":"Sanskerta","sad":"Sandawe","sah":"Sakha","sam":"Aram Samaria","saq":"Samburu","sas":"Sasak","sat":"Santali","sba":"Ngambai","sbp":"Sangu","sc":"Sardinia","scn":"Sisilia","sco":"Skotlandia","sd":"Sindhi","sdh":"Kurdi Selatan","se":"Sami Utara","see":"Seneca","seh":"Sena","sei":"Seri","sel":"Selkup","ses":"Koyraboro Senni","sg":"Sango","sga":"Irlandia Kuno","sh":"Serbo-Kroasia","shi":"Tachelhit","shn":"Shan","shu":"Arab Suwa","si":"Sinhala","sid":"Sidamo","sk":"Slovak","sl":"Sloven","slh":"Lushootseed Selatan","sli":"Silesia Rendah","sly":"Selayar","sm":"Samoa","sma":"Sami Selatan","smj":"Lule Sami","smn":"Inari Sami","sms":"Skolt Sami","sn":"Shona","snk":"Soninke","so":"Somalia","sog":"Sogdien","sq":"Albania","sr":"Serbia","srn":"Sranan Tongo","srr":"Serer","ss":"Swati","ssy":"Saho","st":"Sotho Selatan","str":"Salish Selat","su":"Sunda","suk":"Sukuma","sus":"Susu","sux":"Sumeria","sv":"Swedia","sw":"Swahili","sw-CD":"Swahili (Kongo)","swb":"Komoria","syc":"Suriah Klasik","syr":"Suriah","szl":"Silesia","ta":"Tamil","tce":"Tutchone Selatan","tcy":"Tulu","te":"Telugu","tem":"Timne","teo":"Teso","ter":"Tereno","tet":"Tetun","tg":"Tajik","tgx":"Tagish","th":"Thai","tht":"Tahltan","ti":"Tigrinya","tig":"Tigre","tiv":"Tiv","tk":"Turkmen","tkl":"Tokelau","tl":"Tagalog","tlh":"Klingon","tli":"Tlingit","tmh":"Tamashek","tn":"Tswana","to":"Tonga","tog":"Nyasa Tonga","tok":"Toki Pona","tpi":"Tok Pisin","tr":"Turki","tru":"Turoyo","trv":"Taroko","ts":"Tsonga","tsi":"Tsimshia","tt":"Tatar","ttm":"Tutchone Utara","ttt":"Tat Muslim","tum":"Tumbuka","tvl":"Tuvalu","tw":"Twi","twq":"Tasawaq","ty":"Tahiti","tyv":"Tuvinia","tzm":"Tamazight Maroko Tengah","udm":"Udmurt","ug":"Uyghur","uga":"Ugarit","uk":"Ukraina","umb":"Umbundu","und":"Bahasa Tidak Dikenal","ur":"Urdu","uz":"Uzbek","vai":"Vai","ve":"Venda","vec":"Venesia","vi":"Vietnam","vo":"Volapuk","vot":"Votia","vun":"Vunjo","wa":"Walloon","wae":"Walser","wal":"Walamo","war":"Warai","was":"Washo","wbp":"Warlpiri","wo":"Wolof","wuu":"Wu Tionghoa","xal":"Kalmuk","xh":"Xhosa","xog":"Soga","yao":"Yao","yap":"Yapois","yav":"Yangben","ybb":"Yemba","yi":"Yiddish","yo":"Yoruba","yrl":"Nheengatu","yue":"Kanton","za":"Zhuang","zap":"Zapotek","zbl":"Blissymbol","zen":"Zenaga","zgh":"Tamazight Maroko Standar","zh":"Tionghoa","zu":"Zulu","zun":"Zuni","zxx":"Tidak ada konten linguistik","zza":"Zaza"},"narrow":{},"short":{"az":"Azeri","en-GB":"Inggris (UK)","en-US":"Inggris (AS)"}},"standard":{"long":{"aa":"Afar","ab":"Abkhaz","ace":"Aceh","ach":"Acoli","ada":"Adangme","ady":"Adygei","ae":"Avesta","aeb":"Arab Tunisia","af":"Afrikaans","afh":"Afrihili","agq":"Aghem","ain":"Ainu","ak":"Akan","akk":"Akkadia","akz":"Alabama","ale":"Aleut","alt":"Altai Selatan","am":"Amharik","an":"Aragon","ang":"Inggris Kuno","ann":"Obolo","anp":"Angika","ar":"Arab","ar-001":"Arab (Dunia)","arc":"Aram","arn":"Mapuche","arp":"Arapaho","arq":"Arab Aljazair","ars":"Arab Najdi","arw":"Arawak","ary":"Arab Maroko","arz":"Arab Mesir","as":"Assam","asa":"Asu","ase":"Bahasa Isyarat Amerika","ast":"Asturia","atj":"Atikamekw","av":"Avar","awa":"Awadhi","ay":"Aymara","az":"Azerbaijani","ba":"Bashkir","bal":"Baluchi","ban":"Bali","bar":"Bavaria","bas":"Basa","bax":"Bamun","bbc":"Batak Toba","bbj":"Ghomala","be":"Belarusia","bej":"Beja","bem":"Bemba","bew":"Betawi","bez":"Bena","bfd":"Bafut","bg":"Bulgaria","bgn":"Balochi Barat","bho":"Bhojpuri","bi":"Bislama","bik":"Bikol","bin":"Bini","bjn":"Banjar","bkm":"Kom","bla":"Siksika","bm":"Bambara","bn":"Bengali","bo":"Tibet","br":"Breton","bra":"Braj","brx":"Bodo","bs":"Bosnia","bss":"Akoose","bua":"Buriat","bug":"Bugis","bum":"Bulu","byn":"Blin","byv":"Medumba","ca":"Katalan","cad":"Kado","car":"Karibia","cay":"Cayuga","cch":"Atsam","ccp":"Chakma","ce":"Chechen","ceb":"Cebuano","cgg":"Kiga","ch":"Chamorro","chb":"Chibcha","chg":"Chagatai","chk":"Chuuke","chm":"Mari","chn":"Jargon Chinook","cho":"Koktaw","chp":"Chipewyan","chr":"Cherokee","chy":"Cheyenne","ckb":"Kurdi Sorani","clc":"Chilcotin","co":"Korsika","cop":"Koptik","cr":"Kree","crg":"Michif","crh":"Tatar Krimea","crj":"East Cree Selatan","crk":"Cree Dataran","crl":"East Cree Utara","crm":"Moose Cree","crr":"Carolina Algonquian","crs":"Seselwa Kreol Prancis","cs":"Cheska","csb":"Kashubia","csw":"Cree Rawa","cu":"Bahasa Gereja Slavonia","cv":"Chuvash","cy":"Welsh","da":"Dansk","dak":"Dakota","dar":"Dargwa","dav":"Taita","de":"Jerman","de-CH":"Jerman (Swiss)","del":"Delaware","den":"Slave","dgr":"Dogrib","din":"Dinka","dje":"Zarma","doi":"Dogri","dsb":"Sorbia Hilir","dua":"Duala","dum":"Belanda Abad Pertengahan","dv":"Divehi","dyo":"Jola-Fonyi","dyu":"Dyula","dz":"Dzongkha","dzg":"Dazaga","ebu":"Embu","ee":"Ewe","efi":"Efik","egy":"Mesir Kuno","eka":"Ekajuk","el":"Yunani","elx":"Elam","en":"Inggris","en-GB":"Inggris (Inggris Raya)","enm":"Inggris Abad Pertengahan","eo":"Esperanto","es":"Spanyol","es-ES":"Spanyol (Spanyol)","et":"Esti","eu":"Basque","ewo":"Ewondo","fa":"Persia","fa-AF":"Persia (Afganistan)","fan":"Fang","fat":"Fanti","ff":"Fula","fi":"Suomi","fil":"Filipino","fj":"Fiji","fo":"Faroe","fon":"Fon","fr":"Prancis","frc":"Prancis Cajun","frm":"Prancis Abad Pertengahan","fro":"Prancis Kuno","frp":"Arpitan","frr":"Frisia Utara","frs":"Frisia Timur","fur":"Friuli","fy":"Frisia Barat","ga":"Irlandia","gaa":"Ga","gag":"Gagauz","gay":"Gayo","gba":"Gbaya","gd":"Gaelik Skotlandia","gez":"Geez","gil":"Gilbert","gl":"Galisia","glk":"Gilaki","gmh":"Jerman Abad Pertengahan","gn":"Guarani","goh":"Jerman Kuno","gon":"Gondi","gor":"Gorontalo","got":"Gotik","grb":"Grebo","grc":"Yunani Kuno","gsw":"Jerman (Swiss)","gu":"Gujarat","guz":"Gusii","gv":"Manx","gwi":"Gwich’in","ha":"Hausa","hai":"Haida","haw":"Hawaii","hax":"Haida Selatan","he":"Ibrani","hi":"Hindi","hif":"Hindi Fiji","hil":"Hiligaynon","hit":"Hitit","hmn":"Hmong","ho":"Hiri Motu","hr":"Kroasia","hsb":"Sorbia Hulu","ht":"Kreol Haiti","hu":"Hungaria","hup":"Hupa","hur":"Halkomelem","hy":"Armenia","hz":"Herero","ia":"Interlingua","iba":"Iban","ibb":"Ibibio","id":"Indonesia","ie":"Interlingue","ig":"Igbo","ii":"Sichuan Yi","ik":"Inupiak","ikt":"Inuktitut Kanada Barat","ilo":"Iloko","inh":"Ingushetia","io":"Ido","is":"Islandia","it":"Italia","iu":"Inuktitut","ja":"Jepang","jbo":"Lojban","jgo":"Ngomba","jmc":"Machame","jpr":"Ibrani-Persia","jrb":"Ibrani-Arab","jv":"Jawa","ka":"Georgia","kaa":"Kara-Kalpak","kab":"Kabyle","kac":"Kachin","kaj":"Jju","kam":"Kamba","kaw":"Kawi","kbd":"Kabardi","kbl":"Kanembu","kcg":"Tyap","kde":"Makonde","kea":"Kabuverdianu","ken":"Kenyang","kfo":"Koro","kg":"Kongo","kgp":"Kaingang","kha":"Khasi","kho":"Khotan","khq":"Koyra Chiini","ki":"Kikuyu","kj":"Kuanyama","kk":"Kazakh","kkj":"Kako","kl":"Kalaallisut","kln":"Kalenjin","km":"Khmer","kmb":"Kimbundu","kn":"Kannada","ko":"Korea","koi":"Komi-Permyak","kok":"Konkani","kos":"Kosre","kpe":"Kpelle","kr":"Kanuri","krc":"Karachai Balkar","kri":"Krio","krl":"Karelia","kru":"Kuruk","ks":"Kashmir","ksb":"Shambala","ksf":"Bafia","ksh":"Dialek Kolsch","ku":"Kurdi","kum":"Kumyk","kut":"Kutenai","kv":"Komi","kw":"Kornish","kwk":"Kwakʼwala","ky":"Kirgiz","la":"Latin","lad":"Ladino","lag":"Langi","lah":"Lahnda","lam":"Lamba","lb":"Luksemburg","lez":"Lezghia","lg":"Ganda","li":"Limburgia","lij":"Liguria","lil":"Lillooet","lkt":"Lakota","lmo":"Lombard","ln":"Lingala","lo":"Lao","lol":"Mongo","lou":"Kreol Louisiana","loz":"Lozi","lrc":"Luri Utara","lsm":"Saamia","lt":"Lituavi","lu":"Luba-Katanga","lua":"Luba-Lulua","lui":"Luiseno","lun":"Lunda","luo":"Luo","lus":"Mizo","luy":"Luyia","lv":"Latvi","lzz":"Laz","mad":"Madura","maf":"Mafa","mag":"Magahi","mai":"Maithili","mak":"Makasar","man":"Mandingo","mas":"Masai","mde":"Maba","mdf":"Moksha","mdr":"Mandar","men":"Mende","mer":"Meru","mfe":"Morisien","mg":"Malagasi","mga":"Irlandia Abad Pertengahan","mgh":"Makhuwa-Meetto","mgo":"Meta’","mh":"Marshall","mi":"Maori","mic":"Mikmak","min":"Minangkabau","mk":"Makedonia","ml":"Malayalam","mn":"Mongolia","mnc":"Manchuria","mni":"Manipuri","moe":"Innu-aimun","moh":"Mohawk","mos":"Mossi","mr":"Marathi","ms":"Melayu","mt":"Malta","mua":"Mundang","mul":"Beberapa Bahasa","mus":"Bahasa Muskogee","mwl":"Miranda","mwr":"Marwari","mwv":"Mentawai","my":"Burma","mye":"Myene","myv":"Eryza","mzn":"Mazanderani","na":"Nauru","nap":"Neapolitan","naq":"Nama","nb":"Bokmål Norwegia","nd":"Ndebele Utara","nds":"Jerman Rendah","ne":"Nepali","new":"Newari","ng":"Ndonga","nia":"Nias","niu":"Niuea","nl":"Belanda","nmg":"Kwasio","nn":"Nynorsk Norwegia","nnh":"Ngiemboon","no":"Norwegia","nog":"Nogai","non":"Norse Kuno","nqo":"N’Ko","nr":"Ndebele Selatan","nso":"Sotho Utara","nus":"Nuer","nv":"Navajo","nwc":"Newari Klasik","ny":"Nyanja","nym":"Nyamwezi","nyn":"Nyankole","nyo":"Nyoro","nzi":"Nzima","oc":"Ositania","oj":"Ojibwa","ojb":"Ojibwe Barat Laut","ojc":"Ojibwe Tengah","ojs":"Oji-Cree","ojw":"Ojibwe Barat","oka":"Okanagan","om":"Oromo","or":"Oriya","os":"Ossetia","osa":"Osage","ota":"Turki Osmani","pa":"Punjabi","pag":"Pangasina","pal":"Pahlevi","pam":"Pampanga","pap":"Papiamento","pau":"Palau","pcm":"Pidgin Nigeria","pdc":"Jerman Pennsylvania","peo":"Persia Kuno","phn":"Funisia","pi":"Pali","pis":"Pijin","pl":"Polski","pon":"Pohnpeia","pqm":"Maliseet-Passamaquoddy","prg":"Prusia","pro":"Provencal Lama","ps":"Pashto","pt":"Portugis","pt-PT":"Portugis (Portugal)","qu":"Quechua","quc":"Kʼicheʼ","raj":"Rajasthani","rap":"Rapanui","rar":"Rarotonga","rhg":"Rohingya","rm":"Reto-Roman","rn":"Rundi","ro":"Rumania","ro-MD":"Rumania (Moldova)","rof":"Rombo","rom":"Romani","rtm":"Rotuma","ru":"Rusia","rup":"Aromania","rw":"Kinyarwanda","rwk":"Rwa","sa":"Sanskerta","sad":"Sandawe","sah":"Sakha","sam":"Aram Samaria","saq":"Samburu","sas":"Sasak","sat":"Santali","sba":"Ngambai","sbp":"Sangu","sc":"Sardinia","scn":"Sisilia","sco":"Skotlandia","sd":"Sindhi","sdh":"Kurdi Selatan","se":"Sami Utara","see":"Seneca","seh":"Sena","sei":"Seri","sel":"Selkup","ses":"Koyraboro Senni","sg":"Sango","sga":"Irlandia Kuno","sh":"Serbo-Kroasia","shi":"Tachelhit","shn":"Shan","shu":"Arab Suwa","si":"Sinhala","sid":"Sidamo","sk":"Slovak","sl":"Sloven","slh":"Lushootseed Selatan","sli":"Silesia Rendah","sly":"Selayar","sm":"Samoa","sma":"Sami Selatan","smj":"Lule Sami","smn":"Inari Sami","sms":"Skolt Sami","sn":"Shona","snk":"Soninke","so":"Somalia","sog":"Sogdien","sq":"Albania","sr":"Serbia","srn":"Sranan Tongo","srr":"Serer","ss":"Swati","ssy":"Saho","st":"Sotho Selatan","str":"Salish Selat","su":"Sunda","suk":"Sukuma","sus":"Susu","sux":"Sumeria","sv":"Swedia","sw":"Swahili","sw-CD":"Swahili (Kongo - Kinshasa)","swb":"Komoria","syc":"Suriah Klasik","syr":"Suriah","szl":"Silesia","ta":"Tamil","tce":"Tutchone Selatan","tcy":"Tulu","te":"Telugu","tem":"Timne","teo":"Teso","ter":"Tereno","tet":"Tetun","tg":"Tajik","tgx":"Tagish","th":"Thai","tht":"Tahltan","ti":"Tigrinya","tig":"Tigre","tiv":"Tiv","tk":"Turkmen","tkl":"Tokelau","tl":"Tagalog","tlh":"Klingon","tli":"Tlingit","tmh":"Tamashek","tn":"Tswana","to":"Tonga","tog":"Nyasa Tonga","tok":"Toki Pona","tpi":"Tok Pisin","tr":"Turki","tru":"Turoyo","trv":"Taroko","ts":"Tsonga","tsi":"Tsimshia","tt":"Tatar","ttm":"Tutchone Utara","ttt":"Tat Muslim","tum":"Tumbuka","tvl":"Tuvalu","tw":"Twi","twq":"Tasawaq","ty":"Tahiti","tyv":"Tuvinia","tzm":"Tamazight Maroko Tengah","udm":"Udmurt","ug":"Uyghur","uga":"Ugarit","uk":"Ukraina","umb":"Umbundu","und":"Bahasa Tidak Dikenal","ur":"Urdu","uz":"Uzbek","vai":"Vai","ve":"Venda","vec":"Venesia","vi":"Vietnam","vo":"Volapuk","vot":"Votia","vun":"Vunjo","wa":"Walloon","wae":"Walser","wal":"Walamo","war":"Warai","was":"Washo","wbp":"Warlpiri","wo":"Wolof","wuu":"Wu Tionghoa","xal":"Kalmuk","xh":"Xhosa","xog":"Soga","yao":"Yao","yap":"Yapois","yav":"Yangben","ybb":"Yemba","yi":"Yiddish","yo":"Yoruba","yrl":"Nheengatu","yue":"Kanton","za":"Zhuang","zap":"Zapotek","zbl":"Blissymbol","zen":"Zenaga","zgh":"Tamazight Maroko Standar","zh":"Tionghoa","zu":"Zulu","zun":"Zuni","zxx":"Tidak ada konten linguistik","zza":"Zaza"},"narrow":{},"short":{"az":"Azeri","en-GB":"Inggris (UK)","en-US":"Inggris (AS)"}}},"region":{"long":{"142":"Asia","143":"Asia Tengah","145":"Asia Bagian Barat","150":"Eropa","151":"Eropa Bagian Timur","154":"Eropa Bagian Utara","155":"Eropa Bagian Barat","202":"Afrika Sub-Sahara","419":"Amerika Latin","001":"Dunia","002":"Afrika","003":"Amerika Utara","005":"Amerika Selatan","009":"Oseania","011":"Afrika Bagian Barat","013":"Amerika Tengah","014":"Afrika Bagian Timur","015":"Afrika Bagian Utara","017":"Afrika Bagian Tengah","018":"Afrika Bagian Selatan","019":"Amerika","021":"Amerika Bagian Utara","029":"Kepulauan Karibia","030":"Asia Bagian Timur","034":"Asia Bagian Selatan","035":"Asia Tenggara","039":"Eropa Bagian Selatan","053":"Australasia","054":"Melanesia","057":"Wilayah Mikronesia","061":"Polinesia","AC":"Pulau Ascension","AD":"Andorra","AE":"Uni Emirat Arab","AF":"Afganistan","AG":"Antigua dan Barbuda","AI":"Anguilla","AL":"Albania","AM":"Armenia","AO":"Angola","AQ":"Antarktika","AR":"Argentina","AS":"Samoa Amerika","AT":"Austria","AU":"Australia","AW":"Aruba","AX":"Kepulauan Aland","AZ":"Azerbaijan","BA":"Bosnia dan Herzegovina","BB":"Barbados","BD":"Bangladesh","BE":"Belgia","BF":"Burkina Faso","BG":"Bulgaria","BH":"Bahrain","BI":"Burundi","BJ":"Benin","BL":"Saint Barthélemy","BM":"Bermuda","BN":"Brunei","BO":"Bolivia","BQ":"Belanda Karibia","BR":"Brasil","BS":"Bahama","BT":"Bhutan","BV":"Pulau Bouvet","BW":"Botswana","BY":"Belarus","BZ":"Belize","CA":"Kanada","CC":"Kepulauan Cocos (Keeling)","CD":"Kongo - Kinshasa","CF":"Republik Afrika Tengah","CG":"Kongo - Brazzaville","CH":"Swiss","CI":"Côte d’Ivoire","CK":"Kepulauan Cook","CL":"Cile","CM":"Kamerun","CN":"Tiongkok","CO":"Kolombia","CP":"Pulau Clipperton","CR":"Kosta Rika","CU":"Kuba","CV":"Tanjung Verde","CW":"Curaçao","CX":"Pulau Natal","CY":"Siprus","CZ":"Ceko","DE":"Jerman","DG":"Diego Garcia","DJ":"Jibuti","DK":"Denmark","DM":"Dominika","DO":"Republik Dominika","DZ":"Aljazair","EA":"Ceuta dan Melilla","EC":"Ekuador","EE":"Estonia","EG":"Mesir","EH":"Sahara Barat","ER":"Eritrea","ES":"Spanyol","ET":"Etiopia","EU":"Uni Eropa","EZ":"Zona Euro","FI":"Finlandia","FJ":"Fiji","FK":"Kepulauan Falkland","FM":"Mikronesia","FO":"Kepulauan Faroe","FR":"Prancis","GA":"Gabon","GB":"Inggris Raya","GD":"Grenada","GE":"Georgia","GF":"Guyana Prancis","GG":"Guernsey","GH":"Ghana","GI":"Gibraltar","GL":"Greenland","GM":"Gambia","GN":"Guinea","GP":"Guadeloupe","GQ":"Guinea Ekuatorial","GR":"Yunani","GS":"Georgia Selatan & Kep. Sandwich Selatan","GT":"Guatemala","GU":"Guam","GW":"Guinea-Bissau","GY":"Guyana","HK":"Hong Kong DAK Tiongkok","HM":"Pulau Heard dan Kepulauan McDonald","HN":"Honduras","HR":"Kroasia","HT":"Haiti","HU":"Hungaria","IC":"Kepulauan Canaria","ID":"Indonesia","IE":"Irlandia","IL":"Israel","IM":"Pulau Man","IN":"India","IO":"Wilayah Inggris di Samudra Hindia","IQ":"Irak","IR":"Iran","IS":"Islandia","IT":"Italia","JE":"Jersey","JM":"Jamaika","JO":"Yordania","JP":"Jepang","KE":"Kenya","KG":"Kirgizstan","KH":"Kamboja","KI":"Kiribati","KM":"Komoro","KN":"Saint Kitts dan Nevis","KP":"Korea Utara","KR":"Korea Selatan","KW":"Kuwait","KY":"Kepulauan Cayman","KZ":"Kazakhstan","LA":"Laos","LB":"Lebanon","LC":"Saint Lucia","LI":"Liechtenstein","LK":"Sri Lanka","LR":"Liberia","LS":"Lesotho","LT":"Lituania","LU":"Luksemburg","LV":"Latvia","LY":"Libya","MA":"Maroko","MC":"Monako","MD":"Moldova","ME":"Montenegro","MF":"Saint Martin","MG":"Madagaskar","MH":"Kepulauan Marshall","MK":"Makedonia Utara","ML":"Mali","MM":"Myanmar (Burma)","MN":"Mongolia","MO":"Makau DAK Tiongkok","MP":"Kepulauan Mariana Utara","MQ":"Martinik","MR":"Mauritania","MS":"Montserrat","MT":"Malta","MU":"Mauritius","MV":"Maladewa","MW":"Malawi","MX":"Meksiko","MY":"Malaysia","MZ":"Mozambik","NA":"Namibia","NC":"Kaledonia Baru","NE":"Niger","NF":"Kepulauan Norfolk","NG":"Nigeria","NI":"Nikaragua","NL":"Belanda","NO":"Norwegia","NP":"Nepal","NR":"Nauru","NU":"Niue","NZ":"Selandia Baru","OM":"Oman","PA":"Panama","PE":"Peru","PF":"Polinesia Prancis","PG":"Papua Nugini","PH":"Filipina","PK":"Pakistan","PL":"Polandia","PM":"Saint Pierre dan Miquelon","PN":"Kepulauan Pitcairn","PR":"Puerto Riko","PS":"Wilayah Palestina","PT":"Portugal","PW":"Palau","PY":"Paraguay","QA":"Qatar","QO":"Oseania Luar","RE":"Réunion","RO":"Rumania","RS":"Serbia","RU":"Rusia","RW":"Rwanda","SA":"Arab Saudi","SB":"Kepulauan Solomon","SC":"Seychelles","SD":"Sudan","SE":"Swedia","SG":"Singapura","SH":"Saint Helena","SI":"Slovenia","SJ":"Kepulauan Svalbard dan Jan Mayen","SK":"Slovakia","SL":"Sierra Leone","SM":"San Marino","SN":"Senegal","SO":"Somalia","SR":"Suriname","SS":"Sudan Selatan","ST":"Sao Tome dan Principe","SV":"El Salvador","SX":"Sint Maarten","SY":"Suriah","SZ":"eSwatini","TA":"Tristan da Cunha","TC":"Kepulauan Turks dan Caicos","TD":"Chad","TF":"Wilayah Selatan Prancis","TG":"Togo","TH":"Thailand","TJ":"Tajikistan","TK":"Tokelau","TL":"Timor Leste","TM":"Turkmenistan","TN":"Tunisia","TO":"Tonga","TR":"Turki","TT":"Trinidad dan Tobago","TV":"Tuvalu","TW":"Taiwan","TZ":"Tanzania","UA":"Ukraina","UG":"Uganda","UM":"Kepulauan Terluar AS","UN":"Perserikatan Bangsa-Bangsa","US":"Amerika Serikat","UY":"Uruguay","UZ":"Uzbekistan","VA":"Vatikan","VC":"Saint Vincent dan Grenadine","VE":"Venezuela","VG":"Kepulauan Virgin Britania Raya","VI":"Kepulauan Virgin Amerika Serikat","VN":"Vietnam","VU":"Vanuatu","WF":"Kepulauan Wallis dan Futuna","WS":"Samoa","XA":"Aksen Asing","XB":"Pseudo-Bidi","XK":"Kosovo","YE":"Yaman","YT":"Mayotte","ZA":"Afrika Selatan","ZM":"Zambia","ZW":"Zimbabwe","ZZ":"Wilayah Tidak Dikenal"},"narrow":{},"short":{"GB":"UK","HK":"Hong Kong","MO":"Makau","PS":"Palestina","UN":"PBB","US":"AS"}},"script":{"long":{"Adlm":"Adlam","Afak":"Afaka","Aghb":"Albania Kaukasia","Arab":"Arab","Aran":"Nastaliq","Armi":"Aram Imperial","Armn":"Armenia","Avst":"Avesta","Bamu":"Bamum","Bass":"Bassa Vah","Batk":"Batak","Beng":"Bengali","Bhks":"Bhaiksuki","Blis":"Blissymbol","Bopo":"Bopomofo","Brah":"Brahmi","Brai":"Braille","Bugi":"Bugis","Buhd":"Buhid","Cakm":"Chakma","Cans":"Simbol Aborigin Kanada Kesatuan","Cari":"Karia","Cher":"Cherokee","Chrs":"Chorasmian","Cirt":"Cirth","Copt":"Koptik","Cpmn":"Cypro-Minoan","Cprt":"Siprus","Cyrl":"Sirilik","Cyrs":"Gereja Slavonia Sirilik Lama","Deva":"Dewanagari","Diak":"Dives Akuru","Dogr":"Dogra","Dsrt":"Deseret","Dupl":"Stenografi Duployan","Egyd":"Demotik Mesir","Egyh":"Hieratik Mesir","Egyp":"Hieroglip Mesir","Elba":"Elbasan","Elym":"Elymaic","Ethi":"Etiopia","Geok":"Georgian Khutsuri","Geor":"Georgia","Glag":"Glagolitic","Gong":"Gunjala Gondi","Gonm":"Masaram Gondi","Goth":"Gothic","Gran":"Grantha","Grek":"Yunani","Gujr":"Gujarat","Guru":"Gurmukhi","Hanb":"Han dengan Bopomofo","Hang":"Hangul","Hani":"Han","Hano":"Hanunoo","Hans":"Sederhana","Hant":"Tradisional","Hatr":"Hatran","Hebr":"Ibrani","Hira":"Hiragana","Hluw":"Hieroglif Anatolia","Hmng":"Pahawh Hmong","Hmnp":"Nyiakeng Puachue Hmong","Hrkt":"Katakana atau Hiragana","Hung":"Hungaria Kuno","Inds":"Indus","Ital":"Italia Lama","Jamo":"Jamo","Java":"Jawa","Jpan":"Jepang","Jurc":"Jurchen","Kali":"Kayah Li","Kana":"Katakana","Khar":"Kharoshthi","Khmr":"Khmer","Khoj":"Khojki","Kits":"Skrip kecil Khitan","Knda":"Kannada","Kore":"Korea","Kpel":"Kpelle","Kthi":"Kaithi","Lana":"Lanna","Laoo":"Laos","Latf":"Latin Fraktur","Latg":"Latin Gaelik","Latn":"Latin","Lepc":"Lepcha","Limb":"Limbu","Lina":"Linear A","Linb":"Linear B","Lisu":"Fraser","Loma":"Loma","Lyci":"Lycia","Lydi":"Lydia","Mahj":"Mahajani","Maka":"Makassar","Mand":"Mandae","Mani":"Manikhei","Marc":"Marchen","Maya":"Hieroglip Maya","Medf":"Medefaidrin","Mend":"Mende","Merc":"Kursif Meroitik","Mero":"Meroitik","Mlym":"Malayalam","Mong":"Mongolia","Moon":"Moon","Mroo":"Mro","Mtei":"Meitei Mayek","Mult":"Multani","Mymr":"Myanmar","Nand":"Nandinagari","Narb":"Arab Utara Kuno","Nbat":"Nabataea","Nkgb":"Naxi Geba","Nkoo":"N’Ko","Nshu":"Nushu","Ogam":"Ogham","Olck":"Chiki Lama","Orkh":"Orkhon","Orya":"Oriya","Osge":"Osage","Osma":"Osmanya","Ougr":"Uyghur Lama","Palm":"Palmira","Pauc":"Pau Cin Hau","Perm":"Permik Kuno","Phag":"Phags-pa","Phli":"Pahlevi","Phlp":"Mazmur Pahlevi","Phlv":"Kitab Pahlevi","Phnx":"Phoenix","Plrd":"Fonetik Pollard","Prti":"Prasasti Parthia","Qaag":"Zawgyi","Rjng":"Rejang","Rohg":"Hanifi","Roro":"Rongorongo","Runr":"Runik","Samr":"Samaria","Sara":"Sarati","Sarb":"Arab Selatan Kuno","Saur":"Saurashtra","Sgnw":"Tulisan Isyarat","Shaw":"Shavia","Shrd":"Sharada","Sidd":"Siddham","Sind":"Khudawadi","Sinh":"Sinhala","Sogd":"Sogdian","Sogo":"Sogdian Lama","Sora":"Sora Sompeng","Soyo":"Soyombo","Sund":"Sunda","Sylo":"Syloti Nagri","Syrc":"Suriah","Syre":"Suriah Estrangelo","Syrj":"Suriah Barat","Syrn":"Suriah Timur","Tagb":"Tagbanwa","Takr":"Takri","Tale":"Tai Le","Talu":"Tai Lue Baru","Taml":"Tamil","Tang":"Tangut","Tavt":"Tai Viet","Telu":"Telugu","Teng":"Tenghwar","Tfng":"Tifinagh","Tglg":"Tagalog","Thaa":"Thaana","Thai":"Thai","Tibt":"Tibet","Tirh":"Tirhuta","Tnsa":"Tangsa","Toto":"Toto (txo)","Ugar":"Ugaritik","Vaii":"Vai","Visp":"Ucapan Terlihat","Vith":"Vithkuqi","Wara":"Varang Kshiti","Wcho":"Wancho","Wole":"Woleai","Xpeo":"Persia Kuno","Xsux":"Cuneiform Sumero-Akkadia","Yezi":"Yezidi","Yiii":"Yi","Zanb":"Zanabazar Square","Zinh":"Warisan","Zmth":"Notasi Matematika","Zsye":"Emoji","Zsym":"Simbol","Zxxx":"Tidak Tertulis","Zyyy":"Umum","Zzzz":"Skrip Tidak Dikenal"},"narrow":{},"short":{}}}},"locale":"id"}