{"data":{"patterns":{"locale":"{0} ({1})"},"types":{"calendar":{"long":{"buddhist":"ბუდისტური კალენდარი","chinese":"ჩინური კალენდარი","coptic":"კოპტური კალენდარი","dangi":"კალენდარი დანგი","ethiopic":"ეთიოპიური კალენდარი","ethiopic-amete-alem":"ეთიოპიური ამეთე ალემი კალენდარი","gregorian":"გრიგორიანული კალენდარი","hebrew":"ებრაული კალენდარი","indian":"ინდოეთის ეროვნული კალენდარი","islamic":"ისლამური კალენდარი","islamic-civil":"ისლამური სამოქალაქო კალენდარი","islamic-umalqura":"ისლამური კალენდარი (უმ-ალ-ქურა)","iso8601":"ISO-8601 კალენდარი","japanese":"იაპონური კალენდარი","persian":"სპარსული კალენდარი","roc":"ჩინეთის რესპუბლიკის კალენდარი"},"narrow":{},"short":{}},"currency":{"long":{"ADP":"ანდორული პესეტა","AED":"არაბთა გაერთიანებული საამიროების დირჰამი","AFA":"ავღანი (1927–2002)","AFN":"ავღანური ავღანი","ALL":"ალბანური ლეკი","AMD":"სომხური დრამი","ANG":"ნიდერლანდების ანტილების გულდენი","AOA":"ანგოლური კვანზა","AOK":"ანგოლური კვანზა (1977–1990)","AON":"ანგოლური ახალი კვანზა (1990–2000)","AOR":"ანგოლური მიტოლებული კვანზა (1995–1999)","ARA":"არგენტინული აუსტრალი","ARP":"არგენტინული პესო (1983–1985)","ARS":"არგენტინული პესო","ATS":"ავსტრიული შილინგი","AUD":"ავსტრალიური დოლარი","AWG":"არუბანული გულდენი","AZM":"აზერბაიჯანული მანათი (1993–2006)","AZN":"აზერბაიჯანული მანათი","BAD":"ბოსნია-ჰერცოგოვინას დინარი","BAM":"ბოსნია და ჰერცოგოვინას კონვერტირებადი მარკა","BBD":"ბარბადოსული დოლარი","BDT":"ბანგლადეშური ტაკა","BEC":"ბელგიური ფრანკი (კოვერტირებადი)","BEF":"ბელგიური ფრანკი","BEL":"ბელგიური ფრანკი (ფინანსური)","BGL":"ბულგარული მყარი ლევი","BGN":"ბულგარული ლევი","BHD":"ბაჰრეინული დინარი","BIF":"ბურუნდიული ფრანკი","BMD":"ბერმუდული დოლარი","BND":"ბრუნეული დოლარი","BOB":"ბოლივიური ბოლივიანო","BOP":"ბოლივიური პესო","BRB":"ბრაზილიური კრუზეირო ნოვო (1967–1986)","BRC":"ბრაზილიური კრუზადო","BRE":"ბრაზილიური კრუზეირო (1990–1993)","BRL":"ბრაზილიური რეალი","BRN":"ბრაზილიური კრუზადო ნოვო","BRR":"ბრაზილიური კრუზეირო","BSD":"ბაჰამური დოლარი","BTN":"ბუტანური ნგულტრუმი","BWP":"ბოცვანური პულა","BYB":"ახალი ბელარუსიული რუბლი (1994–1999)","BYN":"ბელორუსული რუბლი","BYR":"ბელორუსული რუბლი (2000–2016)","BZD":"ბელიზის დოლარი","CAD":"კანადური დოლარი","CDF":"კონგოს ფრანკი","CHF":"შვეიცარიული ფრანკი","CLP":"ჩილეს პესო","CNH":"ჩინური იუანი (ოფშორი)","CNY":"ჩინური იუანი","COP":"კოლუმბიური პესო","CRC":"კოსტა-რიკული კოლონი","CSD":"ძველი სერბიული დინარი","CSK":"ჩეხოსლოვაკიის მყარი კრონა","CUC":"კუბური კონვერტირებადი პესო","CUP":"კუბური პესო","CVE":"კაბო-ვერდეს ესკუდო","CYP":"კვიპროსის გირვანქა","CZK":"ჩეხური კრონა","DDM":"აღმოსავლეთ გერმანული მარკა","DEM":"გერმანული მარკა","DJF":"ჯიბუტის ფრანკი","DKK":"დანიური კრონა","DOP":"დომინიკური პესო","DZD":"ალჟირული დინარი","EEK":"ესტონური კრუნა","EGP":"ეგვიპტური გირვანქა","ERN":"ერიტრეის ნაკფა","ESP":"ესპანური პესეტა","ETB":"ეთიოპიური ბირი","EUR":"ევრო","FIM":"ფინური მარკა","FJD":"ფიჯის დოლარი","FKP":"ფოლკლენდის კუნძულების ფუნტი","FRF":"ფრანგული ფრანკი","GBP":"ბრიტანული გირვანქა სტერლინგი","GEK":"ქართული კუპონი ლარით","GEL":"ქართული ლარი","GHS":"განური სედი","GIP":"გიბრალტარული ფუნტი","GMD":"გამბიური დალასი","GNF":"გვინეური ფრანკი","GRD":"ბერძნული დრაჰმა","GTQ":"გვატემალური კეტსალი","GWE":"პორტუგალიური გინეა ესკუდო","GYD":"გაიანური დოლარი","HKD":"ჰონკონგის დოლარი","HNL":"ჰონდურასული ლემპირა","HRD":"ხორვატიული დინარი","HRK":"ხორვატული კუნა","HTG":"ჰაიტური გურდი","HUF":"უნგრული ფორინტი","IDR":"ინდონეზიური რუპია","IEP":"ირლანდიური გირვანქა","ILS":"ისრაელის ახალი შეკელი","INR":"ინდური რუპია","IQD":"ერაყული დინარი","IRR":"ირანული რიალი","ISK":"ისლანდიური კრონა","ITL":"იტალიური ლირა","JMD":"იამაიკური დოლარი","JOD":"იორდანიული დოლარი","JPY":"იაპონური იენი","KES":"კენიური შილინგი","KGS":"ყირგიზული სომი","KHR":"კამბოჯური რიელი","KMF":"კომორული ფრანკი","KPW":"ჩრდილოეთ კორეული ვონი","KRW":"სამხრეთ კორეული ვონი","KWD":"ქუვეითური დინარი","KYD":"კაიმანის კუნძულების დოლარი","KZT":"ყაზახური ტენგე","LAK":"ლაოსური კიპი","LBP":"ლიბანური ფუნტი","LKR":"შრი-ლანკური რუპია","LRD":"ლიბერიული დოლარი","LSL":"ლესოთოს ლოტი","LTL":"ლიტვური ლიტა","LTT":"ლიტვური ტალონი","LUC":"ლუქსემბურგის კონვერტირებადი ფრანკი","LUF":"ლუქსემბურგის ფრანკი","LUL":"ლუქსემბურგის ფინანსური ფრანკი","LVL":"ლატვიური ლატი","LVR":"ლატვიური რუბლი","LYD":"ლიბიური დინარი","MAD":"მაროკოს დირჰამი","MAF":"მაროკოს ფრანკი","MDL":"მოლდოვური ლეუ","MGA":"მადაგასკარის არიარი","MGF":"მადაგასკარის ფრანკი","MKD":"მაკედონიური დინარი","MLF":"მალის ფრანკი","MMK":"მიანმარის კიატი","MNT":"მონღოლური ტუგრიკი","MOP":"მაკაუს პატაკა","MRO":"მავრიტანული უგია (1973–2017)","MRU":"მავრიტანული უგია","MTL":"მალტის ლირა","MTP":"მალტის გირვანქა","MUR":"მავრიტანული რუპია","MVR":"მალდივური რუფია","MWK":"მალავიური კვაჩა","MXN":"მექსიკური პესო","MXP":"მექსიკური ვერცხლის პესო (1861–1992)","MYR":"მალაიზიური რინგიტი","MZE":"მოზამბიკური ესკუდო","MZM":"ძველი მოზამბიკური მეტიკალი","MZN":"მოზამბიკური მეტიკალი","NAD":"ნამიბიური დოლარი","NGN":"ნიგერიული ნაირა","NIC":"ნიკარაგუას კორდობა","NIO":"ნიკარაგუას ოქროს კორდობა","NLG":"ჰოლანდიური გულდენი","NOK":"ნორვეგიული კრონა","NPR":"ნეპალური რუპია","NZD":"ახალი ზელანდიის დოლარი","OMR":"ომანის რიალი","PAB":"პანამური ბალბოა","PEI":"პერუს ინტი","PEN":"პერუს სოლი","PES":"პერუს სოლი (1863–1965)","PGK":"პაპუა-ახალი გვინეის კინა","PHP":"ფილიპინური პესო","PKR":"პაკისტანური რუპია","PLN":"პოლონური ზლოტი","PLZ":"პოლონური ზლოტი (1950–1995)","PTE":"პორტუგალიური ესკუდო","PYG":"პარაგვაული გუარანი","QAR":"კატარის რიალი","RHD":"როდეზიული დოლარი","ROL":"ძველი რუმინული ლეუ","RON":"რუმინული ლეუ","RSD":"სერბული დინარი","RUB":"რუსული რუბლი","RUR":"რუსული რუბლი (1991–1998)","RWF":"რუანდული ფრანკი","SAR":"საუდის არაბეთის რიალი","SBD":"სოლომონის კუნძულების დოლარი","SCR":"სეიშელური რუპია","SDD":"სუდანის დინარი","SDG":"სუდანური ფუნტი","SDP":"სუდანის გირვანქა","SEK":"შვედური კრონა","SGD":"სინგაპურის დოლარი","SHP":"წმ. ელენეს კუნძულის ფუნტი","SLL":"სიერა-ლეონეს ლეონე","SOS":"სომალური შილინგი","SRD":"სურინამული დოლარი","SRG":"სურინამის გულდენი","SSP":"სამხრეთ სუდანური ფუნტი","STD":"სან-ტომე და პრინსიპის დობრა (1977–2017)","STN":"სან-ტომე და პრინსიპის დობრა","SUR":"საბჭოთა რუბლი","SYP":"სირიული ფუნტი","SZL":"სვაზილენდის ლილანგენი","THB":"ტაილანდური ბატი","TJR":"ტაჯიკური რუბლი","TJS":"ტაჯიკური სომონი","TMM":"თურქმენული მანათი","TMT":"თურქმენეთის მანათი","TND":"ტუნისური დინარი","TOP":"ტონგანური პაანგა","TRL":"თურქული ლირა","TRY":"ახალი თურქული ლირა","TTD":"ტრინიდად და ტობაგოს დოლარი","TWD":"ტაივანური ახალი დოლარი","TZS":"ტანზანიური შილინგი","UAH":"უკრაინული გრივნა","UAK":"უკრაინული კარბოვანეცი","UGS":"უგანდური შილინგი (1966–1987)","UGX":"უგანდური შილინგი","USD":"აშშ დოლარი","USN":"აშშ დოლარი (შემდეგი დღე)","USS":"აშშ დოლარი (იგივე დღე)","UYP":"ურუგვაის პესო (1975–1993)","UYU":"ურუგვაის პესო","UZS":"უზბეკური სუმი","VEB":"ვენესუელის ბოლივარი (1871–2008)","VEF":"ვენესუელის ბოლივარი (2008–2018)","VES":"ვენესუელის ბოლივარი","VND":"ვიეტნამური დონგი","VUV":"ვანუატუს ვატუ","WST":"სამოური ტალა","XAF":"ცენტრალურ აფრიკული CFA ფრანკი","XAG":"ვერცხლი","XBA":"ევროპული კომპპოზიტური ერთეული","XBB":"ევროპული ფულადი ერთეული","XCD":"აღმოსავლეთ კარიბიული დოლარი","XEU":"ევროპული სავალუტო ერთეული","XFO":"ფრანგული ოქროს ფრანკი","XOF":"დასავლეთ აფრიკული CFA ფრანკი","XPF":"CFP ფრანკი","XXX":"უცნობი ვალუტა","YDD":"იემენის დინარი","YER":"იემენის რეალი","YUD":"იუგოსლავიური მყარი დინარი","YUM":"იუგოსლავიური ახალი დინარი","YUN":"იუგოსლავიური კონვერტირებადი დინარი","ZAR":"სამხრეთ აფრიკული რანდი","ZMK":"ზამბიური კვაჭა (1968–2012)","ZMW":"ზამბიური კვაჭა","ZRN":"ზაირის ახალი ზაირი","ZRZ":"ზაირის ზაირი","ZWD":"ზიმბაბვეს დოლარი"},"narrow":{},"short":{}},"dateTimeField":{"long":{"day":"დღე","dayOfYear":"წლის დღე","dayperiod":"დღის ნახევარი","era":"ეპოქა","hour":"საათი","minute":"წუთი","month":"თვე","quarter":"კვარტალი","second":"წამი","timeZoneName":"დროის სარტყელი","weekOfMonth":"თვის კვირა","weekOfYear":"კვირა","weekday":"კვირის დღე","weekdayOfMonth":"კვირის დღე თვეში","year":"წელი"},"narrow":{"day":"დღე","dayOfYear":"წლ. დღე","dayperiod":"დღ. ნახევარი","era":"ეპოქა","hour":"სთ.","minute":"წთ.","month":"თვე","quarter":"კვარტ.","second":"წმ.","timeZoneName":"დროის სარტყ.","weekOfMonth":"თვ. კვირა","weekOfYear":"კვ.","weekday":"კვ. დღე","weekdayOfMonth":"კვ. დღე თვეში","year":"წ."},"short":{"day":"დღე","dayOfYear":"წლ. დღე","dayperiod":"დღ. ნახევარი","era":"ეპოქა","hour":"სთ.","minute":"წთ.","month":"თვე","quarter":"კვარტ.","second":"წმ.","timeZoneName":"დროის სარტყ.","weekOfMonth":"თვ. კვირა","weekOfYear":"კვ.","weekday":"კვ. დღე","weekdayOfMonth":"კვ. დღე თვეში","year":"წ."}},"language":{"dialect":{"long":{"aa":"აფარი","ab":"აფხაზური","ace":"აჩეხური","ach":"აჩოლი","ada":"ადანგმე","ady":"ადიღეური","ae":"ავესტური","af":"აფრიკაანსი","agq":"აღემი","ain":"აინუური","ak":"აკანი","akk":"აქადური","ale":"ალეუტური","alt":"სამხრეთ ალთაური","am":"ამჰარული","an":"არაგონული","ang":"ძველი ინგლისური","ann":"ობოლო","anp":"ანგიკა","ar":"არაბული","ar-001":"თანამედროვე სტანდარტული არაბული","arc":"არამეული","arn":"მაპუდუნგუნი","arp":"არაპაჰო","ars":"ნაჯის არაბული","arw":"არავაკი","as":"ასამური","asa":"ასუ","ast":"ასტურიული","atj":"ატიკამეკი","av":"ხუნძური","awa":"ავადი","ay":"აიმარა","az":"აზერბაიჯანული","ba":"ბაშკირული","bal":"ბელუჯი","ban":"ბალინური","bas":"ბასა","bax":"ბამუნი","be":"ბელარუსული","bej":"ბეჯა","bem":"ბემბა","bez":"ბენა","bg":"ბულგარული","bgn":"დასავლეთ ბელუჯი","bho":"ბოჯპური","bi":"ბისლამა","bin":"ბინი","bla":"სიკსიკა","bm":"ბამბარა","bn":"ბენგალური","bo":"ტიბეტური","br":"ბრეტონული","bra":"ბრაჯი","brx":"ბოდო","bs":"ბოსნიური","bua":"ბურიატული","bug":"ბუგინური","byn":"ბილინი","ca":"კატალანური","cay":"კაიუგა","ccp":"ჩაკმა","ce":"ჩეჩნური","ceb":"სებუანო","cgg":"ჩიგა","ch":"ჩამორო","chb":"ჩიბჩა","chk":"ჩუკოტკური","chm":"მარიული","chn":"ჩინუკის ჟარგონი","cho":"ჩოკტო","chp":"ჩიპევიანი","chr":"ჩეროკი","chy":"ჩეიენი","ckb":"ცენტრალური ქურთული","clc":"ჩილკოტინი","co":"კორსიკული","cop":"კოპტური","cr":"კრი","crg":"მიჩიფი","crh":"ყირიმულ-თურქული","crj":"სამხრეთ-აღმოსავლეთის კრი","crk":"დაბლობის კრი","crl":"ჩრდილო-აღმოსავლეთის კრი","crm":"მუსური კრი","crr":"კაროლინური ალგონკინი","crs":"სესელვა-კრეოლური ფრანგული","cs":"ჩეხური","csb":"კაშუბური","csw":"ჭაობის კრი","cu":"საეკლესიო სლავური","cv":"ჩუვაშური","cy":"უელსური","da":"დანიური","dak":"დაკოტური","dar":"დარგუული","dav":"ტაიტა","de":"გერმანული","de-AT":"ავსტრიული გერმანული","de-CH":"შვეიცარიული ზემოგერმანული","del":"დელავერული","den":"სლეივი","dgr":"დოგრიბი","din":"დინკა","dje":"ზარმა","doi":"დოგრი","dsb":"ქვემოსორბული","dua":"დუალა","dum":"საშუალო ჰოლანდიური","dv":"დივეჰი","dyo":"დიოლა","dyu":"დიულა","dz":"ძონგკხა","dzg":"დაზაგა","ebu":"ემბუ","ee":"ევე","efi":"ეფიკი","egy":"ძველეგვიპტური","eka":"ეკაჯუკი","el":"ბერძნული","en":"ინგლისური","en-AU":"ავსტრალიური ინგლისური","en-CA":"კანადური ინგლისური","en-GB":"ბრიტანული ინგლისური","en-US":"ამერიკული ინგლისური","enm":"საშუალო ინგლისური","eo":"ესპერანტო","es":"ესპანური","es-419":"ლათინურ ამერიკული ესპანური","es-ES":"ევროპული ესპანური","es-MX":"მექსიკური ესპანური","et":"ესტონური","eu":"ბასკური","ewo":"ევონდო","fa":"სპარსული","fa-AF":"დარი","ff":"ფულა","fi":"ფინური","fil":"ფილიპინური","fj":"ფიჯი","fo":"ფარერული","fon":"ფონი","fr":"ფრანგული","fr-CA":"კანადური ფრანგული","fr-CH":"შვეიცარიული ფრანგული","frc":"კაჟუნური ფრანგული","frm":"საშუალო ფრანგული","fro":"ძველი ფრანგული","frr":"ჩრდილოფრიზიული","frs":"აღმოსავლეთფრიზიული","fur":"ფრიულური","fy":"დასავლეთფრიზიული","ga":"ირლანდიური","gaa":"გა","gag":"გაგაუზური","gba":"გბაია","gd":"შოტლანდიური გელური","gez":"გეეზი","gil":"გილბერტული","gl":"გალისიური","gmh":"საშუალო ზემოგერმანული","gn":"გუარანი","goh":"ძველი ზემოგერმანული","gon":"გონდი","gor":"გორონტალო","got":"გოთური","grc":"ძველი ბერძნული","gsw":"შვეიცარიული გერმანული","gu":"გუჯარათი","guz":"გუსიი","gv":"მენური","gwi":"გვიჩინი","ha":"ჰაუსა","hai":"ჰაიდა","haw":"ჰავაიური","hax":"სამხრეთული ჰაიდა","he":"ებრაული","hi":"ჰინდი","hil":"ჰილიგაინონი","hit":"ხეთური","hmn":"ჰმონგი","hr":"ხორვატული","hsb":"ზემოსორბული","ht":"ჰაიტიური კრეოლი","hu":"უნგრული","hup":"ჰუპა","hur":"ჰალკომელემი","hy":"სომხური","hz":"ჰერერო","ia":"ინტერლინგუალური","iba":"იბანი","ibb":"იბიბიო","id":"ინდონეზიური","ie":"ინტერლინგი","ig":"იგბო","ii":"სიჩუანის ი","ikt":"დასავლეთ-კანადური ინუკტიტუტი","ilo":"ილოკო","inh":"ინგუშური","io":"იდო","is":"ისლანდიური","it":"იტალიური","iu":"ინუკტიტუტი","ja":"იაპონური","jbo":"ლოჟბანი","jgo":"ნგომბა","jmc":"კიმაშამი","jpr":"იუდეო-სპარსული","jrb":"იუდეო-არაბული","jv":"იავური","ka":"ქართული","kaa":"ყარაყალფახური","kab":"კაბილური","kac":"კაჩინი","kaj":"კაჯი","kam":"კამბა","kbd":"ყაბარდოული","kcg":"ტიაპი","kde":"მაკონდე","kea":"კაბუვერდიანუ","kfo":"კორო","kg":"კონგო","kgp":"კაინგანგი","kha":"ხასი","khq":"კოირა-ჩიინი","ki":"კიკუიუ","kj":"კუნამა","kk":"ყაზახური","kkj":"კაკო","kl":"დასავლეთ გრენლანდიური","kln":"კალენჯინი","km":"ქმერული","kmb":"კიმბუნდუ","kn":"კანადა","ko":"კორეული","koi":"კომი-პერმიაკული","kok":"კონკანი","kos":"კუსაიე","kpe":"კპელე","kr":"კანური","krc":"ყარაჩაულ-ბალყარული","krl":"კარელიური","kru":"კურუქი","ks":"ქაშმირული","ksb":"შამბალა","ksf":"ბაფია","ksh":"კიოლში","ku":"ქურთული","kum":"ყუმუხური","kut":"კუტენაი","kv":"კომი","kw":"კორნული","kwk":"კვაკვალა","ky":"ყირგიზული","la":"ლათინური","lad":"ლადინო","lag":"ლანგი","lah":"ლანდა","lam":"ლამბა","lb":"ლუქსემბურგული","lez":"ლეზგიური","lg":"განდა","li":"ლიმბურგული","lil":"ლილიეტი","lkt":"ლაკოტა","ln":"ლინგალა","lo":"ლაოსური","lol":"მონგო","lou":"ლუიზიანას კრეოლური","loz":"ლოზი","lrc":"ჩრდილოეთ ლური","lsm":"სამია","lt":"ლიეტუვური","lu":"ლუბა-კატანგა","lua":"ლუბა-ლულუა","lui":"ლუისენიო","lun":"ლუნდა","luo":"ლუო","lus":"მიზო","luy":"ლუჰია","lv":"ლატვიური","mad":"მადურული","maf":"მაფა","mag":"მაგაჰი","mai":"მაითილი","mak":"მაკასარი","mas":"მასაი","mde":"მაბა","mdf":"მოქშა","men":"მენდე","mer":"მერუ","mfe":"მორისიენი","mg":"მალაგასიური","mga":"საშუალო ირლანდიური","mgh":"მაქუვა-მეეტო","mgo":"მეტა-ენა","mh":"მარშალური","mi":"მაორი","mic":"მიკმაკი","min":"მინანგკაბაუ","mk":"მაკედონური","ml":"მალაიალამური","mn":"მონღოლური","mnc":"მანჯურიული","mni":"მანიპური","moe":"ინუ-აიმუნი","moh":"მოჰაუკური","mos":"მოსი","mr":"მარათჰი","ms":"მალაიური","mt":"მალტური","mua":"მუნდანგი","mul":"სხვადასხვა ენა","mus":"კრიკი","mwl":"მირანდული","mwr":"მარვარი","my":"ბირმული","mye":"მიენე","myv":"ერზია","mzn":"მაზანდერანული","na":"ნაურუ","nap":"ნეაპოლიტანური","naq":"ნამა","nb":"ნორვეგიული ბუკმოლი","nd":"ჩრდილოეთ ნდებელე","nds":"ქვემოგერმანული","nds-NL":"ქვემოსაქსონური","ne":"ნეპალური","new":"ნევარი","ng":"ნდონგა","nia":"ნიასი","niu":"ნიუე","nl":"ნიდერლანდური","nl-BE":"ფლამანდიური","nmg":"კვასიო","nn":"ნორვეგიული ნიუნორსკი","nnh":"ნგიმბუნი","no":"ნორვეგიული","nog":"ნოღაური","non":"ძველსკანდინავიური","nqo":"ნკო","nr":"სამხრეთ ნდებელური","nso":"ჩრდილოეთ სოთო","nus":"ნუერი","nv":"ნავახო","nwc":"კლასიკური ნევარული","ny":"ნიანჯა","nym":"ნიამვეზი","nyn":"ნიანკოლე","nyo":"ნიორო","nzi":"ნზიმა","oc":"ოქსიტანური","oj":"ოჯიბვე","ojb":"ჩრდილო-დასავლეთის ოჯიბვა","ojc":"ცენტრალური ოჯიბვე","ojs":"ოჯი-კრი","ojw":"დასავლეთის ოჯიბვა","oka":"ოკანაგანი","om":"ორომო","or":"ორია","os":"ოსური","pa":"პენჯაბური","pag":"პანგასინანი","pal":"ფალაური","pam":"პამპანგა","pap":"პაპიამენტო","pau":"ფალაუანი","pcm":"ნიგერიული კრეოლური","peo":"ძველი სპარსული","phn":"ფინიკიური","pi":"პალი","pis":"პიჯინი","pl":"პოლონური","pqm":"მალისეტ-პასამაკვოდი","prg":"პრუსიული","pro":"ძველი პროვანსული","ps":"პუშტუ","pt":"პორტუგალიური","pt-BR":"ბრაზილიური პორტუგალიური","pt-PT":"ევროპული პორტუგალიური","qu":"კეჩუა","quc":"კიჩე","raj":"რაჯასთანი","rap":"რაპანუი","rar":"რაროტონგული","rhg":"როჰინგა","rm":"რეტორომანული","rn":"რუნდი","ro":"რუმინული","ro-MD":"მოლდავური","rof":"რომბო","rom":"ბოშური","ru":"რუსული","rup":"არომანული","rw":"კინიარუანდა","rwk":"რუა","sa":"სანსკრიტი","sad":"სანდავე","sah":"იაკუტური","sam":"სამარიულ-არამეული","saq":"სამბურუ","sat":"სანტალი","sba":"ნგამბაი","sbp":"სანგუ","sc":"სარდინიული","scn":"სიცილიური","sco":"შოტლანდიური","sd":"სინდჰური","sdh":"სამხრეთქურთული","se":"ჩრდილოეთ საამური","see":"სენეკა","seh":"სენა","sel":"სელკუპური","ses":"კოირაბორო-სენი","sg":"სანგო","sga":"ძველი ირლანდიური","sh":"სერბულ-ხორვატული","shi":"შილჰა","shn":"შანი","shu":"ჩადური არაბული","si":"სინჰალური","sk":"სლოვაკური","sl":"სლოვენური","slh":"სამხრეთული ლუშუციდი","sm":"სამოა","sma":"სამხრეთსამური","smj":"ლულე-საამური","smn":"ინარი-საამური","sms":"სკოლტ-საამური","sn":"შონა","snk":"სონინკე","so":"სომალიური","sq":"ალბანური","sr":"სერბული","srn":"სრანან ტონგო","ss":"სუატი","ssy":"საჰო","st":"სამხრეთ სოთოს ენა","str":"სტრეიტს სალიში","su":"სუნდური","suk":"სუკუმა","sux":"შუმერული","sv":"შვედური","sw":"სუაჰილი","sw-CD":"კონგოს სუაჰილი","swb":"კომორული","syc":"კლასიკური სირიული","syr":"სირიული","ta":"ტამილური","tce":"სამხრეთ ტუჩონი","te":"ტელუგუ","tem":"ტინმე","teo":"ტესო","tet":"ტეტუმი","tg":"ტაჯიკური","tgx":"ტაგიში","th":"ტაილანდური","tht":"ტალტანი","ti":"ტიგრინია","tig":"თიგრე","tk":"თურქმენული","tlh":"კლინგონი","tli":"ტლინგიტი","tn":"ტსვანა","to":"ტონგანური","tok":"ტოკი-პონა","tpi":"ტოკ-პისინი","tr":"თურქული","trv":"ტაროკო","ts":"ტსონგა","tt":"თათრული","ttm":"ჩრდილოეთ ტუჩონი","tum":"ტუმბუკა","tvl":"ტუვალუ","tw":"თუი","twq":"ტასავაქი","ty":"ტაიტური","tyv":"ტუვა","tzm":"ცენტრალური მოროკოს ტამაზიგხტი","udm":"უდმურტული","ug":"უიღურული","uga":"უგარითული","uk":"უკრაინული","umb":"უმბუნდუ","und":"უცნობი ენა","ur":"ურდუ","uz":"უზბეკური","vai":"ვაი","ve":"ვენდა","vi":"ვიეტნამური","vo":"ვოლაპუკი","vun":"ვუნჯო","wa":"ვალონური","wae":"ვალსერი","wal":"ველაითა","war":"ვარაი","wbp":"ვალპირი","wo":"ვოლოფური","wuu":"ვუ","xal":"ყალმუხური","xh":"ქჰოსა","xog":"სოგა","yav":"იანგბენი","ybb":"იემბა","yi":"იდიში","yo":"იორუბა","yrl":"ნენგატუ","yue":"კანტონური","zbl":"ბლისსიმბოლოები","zen":"ზენაგა","zgh":"სტანდარტული მაროკოული ტამაზიგხტი","zh":"ჩინური","zh-Hans":"გამარტივებული ჩინური","zh-Hant":"ტრადიციული ჩინური","zu":"ზულუ","zun":"ზუნი","zxx":"ლინგვისტური შიგთავსი არ არის","zza":"ზაზაკი"},"narrow":{},"short":{"az":"აზერბაიჯანული","en-GB":"ინგლისური (გაერთიანებული სამეფო)","en-US":"აშშ ინგლისური"}},"standard":{"long":{"aa":"აფარი","ab":"აფხაზური","ace":"აჩეხური","ach":"აჩოლი","ada":"ადანგმე","ady":"ადიღეური","ae":"ავესტური","af":"აფრიკაანსი","agq":"აღემი","ain":"აინუური","ak":"აკანი","akk":"აქადური","ale":"ალეუტური","alt":"სამხრეთ ალთაური","am":"ამჰარული","an":"არაგონული","ang":"ძველი ინგლისური","ann":"ობოლო","anp":"ანგიკა","ar":"არაბული","ar-001":"არაბული (მსოფლიო)","arc":"არამეული","arn":"მაპუდუნგუნი","arp":"არაპაჰო","ars":"ნაჯის არაბული","arw":"არავაკი","as":"ასამური","asa":"ასუ","ast":"ასტურიული","atj":"ატიკამეკი","av":"ხუნძური","awa":"ავადი","ay":"აიმარა","az":"აზერბაიჯანული","ba":"ბაშკირული","bal":"ბელუჯი","ban":"ბალინური","bas":"ბასა","bax":"ბამუნი","be":"ბელარუსული","bej":"ბეჯა","bem":"ბემბა","bez":"ბენა","bg":"ბულგარული","bgn":"დასავლეთ ბელუჯი","bho":"ბოჯპური","bi":"ბისლამა","bin":"ბინი","bla":"სიკსიკა","bm":"ბამბარა","bn":"ბენგალური","bo":"ტიბეტური","br":"ბრეტონული","bra":"ბრაჯი","brx":"ბოდო","bs":"ბოსნიური","bua":"ბურიატული","bug":"ბუგინური","byn":"ბილინი","ca":"კატალანური","cay":"კაიუგა","ccp":"ჩაკმა","ce":"ჩეჩნური","ceb":"სებუანო","cgg":"ჩიგა","ch":"ჩამორო","chb":"ჩიბჩა","chk":"ჩუკოტკური","chm":"მარიული","chn":"ჩინუკის ჟარგონი","cho":"ჩოკტო","chp":"ჩიპევიანი","chr":"ჩეროკი","chy":"ჩეიენი","ckb":"ცენტრალური ქურთული","clc":"ჩილკოტინი","co":"კორსიკული","cop":"კოპტური","cr":"კრი","crg":"მიჩიფი","crh":"ყირიმულ-თურქული","crj":"სამხრეთ-აღმოსავლეთის კრი","crk":"დაბლობის კრი","crl":"ჩრდილო-აღმოსავლეთის კრი","crm":"მუსური კრი","crr":"კაროლინური ალგონკინი","crs":"სესელვა-კრეოლური ფრანგული","cs":"ჩეხური","csb":"კაშუბური","csw":"ჭაობის კრი","cu":"საეკლესიო სლავური","cv":"ჩუვაშური","cy":"უელსური","da":"დანიური","dak":"დაკოტური","dar":"დარგუული","dav":"ტაიტა","de":"გერმანული","de-AT":"გერმანული (ავსტრია)","de-CH":"გერმანული (შვეიცარია)","del":"დელავერული","den":"სლეივი","dgr":"დოგრიბი","din":"დინკა","dje":"ზარმა","doi":"დოგრი","dsb":"ქვემოსორბული","dua":"დუალა","dum":"საშუალო ჰოლანდიური","dv":"დივეჰი","dyo":"დიოლა","dyu":"დიულა","dz":"ძონგკხა","dzg":"დაზაგა","ebu":"ემბუ","ee":"ევე","efi":"ეფიკი","egy":"ძველეგვიპტური","eka":"ეკაჯუკი","el":"ბერძნული","en":"ინგლისური","en-AU":"ინგლისური (ავსტრალია)","en-CA":"ინგლისური (კანადა)","en-GB":"ინგლისური (გაერთიანებული სამეფო)","en-US":"ინგლისური (ამერიკის შეერთებული შტატები)","enm":"საშუალო ინგლისური","eo":"ესპერანტო","es":"ესპანური","es-419":"ესპანური (ლათინური ამერიკა)","es-ES":"ესპანური (ესპანეთი)","es-MX":"ესპანური (მექსიკა)","et":"ესტონური","eu":"ბასკური","ewo":"ევონდო","fa":"სპარსული","fa-AF":"სპარსული (ავღანეთი)","ff":"ფულა","fi":"ფინური","fil":"ფილიპინური","fj":"ფიჯი","fo":"ფარერული","fon":"ფონი","fr":"ფრანგული","fr-CA":"ფრანგული (კანადა)","fr-CH":"ფრანგული (შვეიცარია)","frc":"კაჟუნური ფრანგული","frm":"საშუალო ფრანგული","fro":"ძველი ფრანგული","frr":"ჩრდილოფრიზიული","frs":"აღმოსავლეთფრიზიული","fur":"ფრიულური","fy":"დასავლეთფრიზიული","ga":"ირლანდიური","gaa":"გა","gag":"გაგაუზური","gba":"გბაია","gd":"შოტლანდიური გელური","gez":"გეეზი","gil":"გილბერტული","gl":"გალისიური","gmh":"საშუალო ზემოგერმანული","gn":"გუარანი","goh":"ძველი ზემოგერმანული","gon":"გონდი","gor":"გორონტალო","got":"გოთური","grc":"ძველი ბერძნული","gsw":"შვეიცარიული გერმანული","gu":"გუჯარათი","guz":"გუსიი","gv":"მენური","gwi":"გვიჩინი","ha":"ჰაუსა","hai":"ჰაიდა","haw":"ჰავაიური","hax":"სამხრეთული ჰაიდა","he":"ებრაული","hi":"ჰინდი","hil":"ჰილიგაინონი","hit":"ხეთური","hmn":"ჰმონგი","hr":"ხორვატული","hsb":"ზემოსორბული","ht":"ჰაიტიური კრეოლი","hu":"უნგრული","hup":"ჰუპა","hur":"ჰალკომელემი","hy":"სომხური","hz":"ჰერერო","ia":"ინტერლინგუალური","iba":"იბანი","ibb":"იბიბიო","id":"ინდონეზიური","ie":"ინტერლინგი","ig":"იგბო","ii":"სიჩუანის ი","ikt":"დასავლეთ-კანადური ინუკტიტუტი","ilo":"ილოკო","inh":"ინგუშური","io":"იდო","is":"ისლანდიური","it":"იტალიური","iu":"ინუკტიტუტი","ja":"იაპონური","jbo":"ლოჟბანი","jgo":"ნგომბა","jmc":"კიმაშამი","jpr":"იუდეო-სპარსული","jrb":"იუდეო-არაბული","jv":"იავური","ka":"ქართული","kaa":"ყარაყალფახური","kab":"კაბილური","kac":"კაჩინი","kaj":"კაჯი","kam":"კამბა","kbd":"ყაბარდოული","kcg":"ტიაპი","kde":"მაკონდე","kea":"კაბუვერდიანუ","kfo":"კორო","kg":"კონგო","kgp":"კაინგანგი","kha":"ხასი","khq":"კოირა-ჩიინი","ki":"კიკუიუ","kj":"კუნამა","kk":"ყაზახური","kkj":"კაკო","kl":"დასავლეთ გრენლანდიური","kln":"კალენჯინი","km":"ქმერული","kmb":"კიმბუნდუ","kn":"კანადა","ko":"კორეული","koi":"კომი-პერმიაკული","kok":"კონკანი","kos":"კუსაიე","kpe":"კპელე","kr":"კანური","krc":"ყარაჩაულ-ბალყარული","krl":"კარელიური","kru":"კურუქი","ks":"ქაშმირული","ksb":"შამბალა","ksf":"ბაფია","ksh":"კიოლში","ku":"ქურთული","kum":"ყუმუხური","kut":"კუტენაი","kv":"კომი","kw":"კორნული","kwk":"კვაკვალა","ky":"ყირგიზული","la":"ლათინური","lad":"ლადინო","lag":"ლანგი","lah":"ლანდა","lam":"ლამბა","lb":"ლუქსემბურგული","lez":"ლეზგიური","lg":"განდა","li":"ლიმბურგული","lil":"ლილიეტი","lkt":"ლაკოტა","ln":"ლინგალა","lo":"ლაოსური","lol":"მონგო","lou":"ლუიზიანას კრეოლური","loz":"ლოზი","lrc":"ჩრდილოეთ ლური","lsm":"სამია","lt":"ლიეტუვური","lu":"ლუბა-კატანგა","lua":"ლუბა-ლულუა","lui":"ლუისენიო","lun":"ლუნდა","luo":"ლუო","lus":"მიზო","luy":"ლუჰია","lv":"ლატვიური","mad":"მადურული","maf":"მაფა","mag":"მაგაჰი","mai":"მაითილი","mak":"მაკასარი","mas":"მასაი","mde":"მაბა","mdf":"მოქშა","men":"მენდე","mer":"მერუ","mfe":"მორისიენი","mg":"მალაგასიური","mga":"საშუალო ირლანდიური","mgh":"მაქუვა-მეეტო","mgo":"მეტა-ენა","mh":"მარშალური","mi":"მაორი","mic":"მიკმაკი","min":"მინანგკაბაუ","mk":"მაკედონური","ml":"მალაიალამური","mn":"მონღოლური","mnc":"მანჯურიული","mni":"მანიპური","moe":"ინუ-აიმუნი","moh":"მოჰაუკური","mos":"მოსი","mr":"მარათჰი","ms":"მალაიური","mt":"მალტური","mua":"მუნდანგი","mul":"სხვადასხვა ენა","mus":"კრიკი","mwl":"მირანდული","mwr":"მარვარი","my":"ბირმული","mye":"მიენე","myv":"ერზია","mzn":"მაზანდერანული","na":"ნაურუ","nap":"ნეაპოლიტანური","naq":"ნამა","nb":"ნორვეგიული ბუკმოლი","nd":"ჩრდილოეთ ნდებელე","nds":"ქვემოგერმანული","nds-NL":"ქვემოგერმანული (ნიდერლანდები)","ne":"ნეპალური","new":"ნევარი","ng":"ნდონგა","nia":"ნიასი","niu":"ნიუე","nl":"ნიდერლანდური","nl-BE":"ნიდერლანდური (ბელგია)","nmg":"კვასიო","nn":"ნორვეგიული ნიუნორსკი","nnh":"ნგიმბუნი","no":"ნორვეგიული","nog":"ნოღაური","non":"ძველსკანდინავიური","nqo":"ნკო","nr":"სამხრეთ ნდებელური","nso":"ჩრდილოეთ სოთო","nus":"ნუერი","nv":"ნავახო","nwc":"კლასიკური ნევარული","ny":"ნიანჯა","nym":"ნიამვეზი","nyn":"ნიანკოლე","nyo":"ნიორო","nzi":"ნზიმა","oc":"ოქსიტანური","oj":"ოჯიბვე","ojb":"ჩრდილო-დასავლეთის ოჯიბვა","ojc":"ცენტრალური ოჯიბვე","ojs":"ოჯი-კრი","ojw":"დასავლეთის ოჯიბვა","oka":"ოკანაგანი","om":"ორომო","or":"ორია","os":"ოსური","pa":"პენჯაბური","pag":"პანგასინანი","pal":"ფალაური","pam":"პამპანგა","pap":"პაპიამენტო","pau":"ფალაუანი","pcm":"ნიგერიული კრეოლური","peo":"ძველი სპარსული","phn":"ფინიკიური","pi":"პალი","pis":"პიჯინი","pl":"პოლონური","pqm":"მალისეტ-პასამაკვოდი","prg":"პრუსიული","pro":"ძველი პროვანსული","ps":"პუშტუ","pt":"პორტუგალიური","pt-BR":"პორტუგალიური (ბრაზილია)","pt-PT":"პორტუგალიური (პორტუგალია)","qu":"კეჩუა","quc":"კიჩე","raj":"რაჯასთანი","rap":"რაპანუი","rar":"რაროტონგული","rhg":"როჰინგა","rm":"რეტორომანული","rn":"რუნდი","ro":"რუმინული","ro-MD":"რუმინული (მოლდოვა)","rof":"რომბო","rom":"ბოშური","ru":"რუსული","rup":"არომანული","rw":"კინიარუანდა","rwk":"რუა","sa":"სანსკრიტი","sad":"სანდავე","sah":"იაკუტური","sam":"სამარიულ-არამეული","saq":"სამბურუ","sat":"სანტალი","sba":"ნგამბაი","sbp":"სანგუ","sc":"სარდინიული","scn":"სიცილიური","sco":"შოტლანდიური","sd":"სინდჰური","sdh":"სამხრეთქურთული","se":"ჩრდილოეთ საამური","see":"სენეკა","seh":"სენა","sel":"სელკუპური","ses":"კოირაბორო-სენი","sg":"სანგო","sga":"ძველი ირლანდიური","sh":"სერბულ-ხორვატული","shi":"შილჰა","shn":"შანი","shu":"ჩადური არაბული","si":"სინჰალური","sk":"სლოვაკური","sl":"სლოვენური","slh":"სამხრეთული ლუშუციდი","sm":"სამოა","sma":"სამხრეთსამური","smj":"ლულე-საამური","smn":"ინარი-საამური","sms":"სკოლტ-საამური","sn":"შონა","snk":"სონინკე","so":"სომალიური","sq":"ალბანური","sr":"სერბული","srn":"სრანან ტონგო","ss":"სუატი","ssy":"საჰო","st":"სამხრეთ სოთოს ენა","str":"სტრეიტს სალიში","su":"სუნდური","suk":"სუკუმა","sux":"შუმერული","sv":"შვედური","sw":"სუაჰილი","sw-CD":"სუაჰილი (კონგო - კინშასა)","swb":"კომორული","syc":"კლასიკური სირიული","syr":"სირიული","ta":"ტამილური","tce":"სამხრეთ ტუჩონი","te":"ტელუგუ","tem":"ტინმე","teo":"ტესო","tet":"ტეტუმი","tg":"ტაჯიკური","tgx":"ტაგიში","th":"ტაილანდური","tht":"ტალტანი","ti":"ტიგრინია","tig":"თიგრე","tk":"თურქმენული","tlh":"კლინგონი","tli":"ტლინგიტი","tn":"ტსვანა","to":"ტონგანური","tok":"ტოკი-პონა","tpi":"ტოკ-პისინი","tr":"თურქული","trv":"ტაროკო","ts":"ტსონგა","tt":"თათრული","ttm":"ჩრდილოეთ ტუჩონი","tum":"ტუმბუკა","tvl":"ტუვალუ","tw":"თუი","twq":"ტასავაქი","ty":"ტაიტური","tyv":"ტუვა","tzm":"ცენტრალური მოროკოს ტამაზიგხტი","udm":"უდმურტული","ug":"უიღურული","uga":"უგარითული","uk":"უკრაინული","umb":"უმბუნდუ","und":"უცნობი ენა","ur":"ურდუ","uz":"უზბეკური","vai":"ვაი","ve":"ვენდა","vi":"ვიეტნამური","vo":"ვოლაპუკი","vun":"ვუნჯო","wa":"ვალონური","wae":"ვალსერი","wal":"ველაითა","war":"ვარაი","wbp":"ვალპირი","wo":"ვოლოფური","wuu":"ვუ","xal":"ყალმუხური","xh":"ქჰოსა","xog":"სოგა","yav":"იანგბენი","ybb":"იემბა","yi":"იდიში","yo":"იორუბა","yrl":"ნენგატუ","yue":"კანტონური","zbl":"ბლისსიმბოლოები","zen":"ზენაგა","zgh":"სტანდარტული მაროკოული ტამაზიგხტი","zh":"ჩინური","zh-Hans":"გამარტივებული ჩინური","zh-Hant":"ტრადიციული ჩინური","zu":"ზულუ","zun":"ზუნი","zxx":"ლინგვისტური შიგთავსი არ არის","zza":"ზაზაკი"},"narrow":{},"short":{"az":"აზერბაიჯანული","en-GB":"ინგლისური (გაერთ.სამ.)","en-US":"ინგლისური (აშშ)"}}},"region":{"long":{"142":"აზია","143":"ცენტრალური აზია","145":"დასავლეთ აზია","150":"ევროპა","151":"აღმოსავლეთ ევროპა","154":"ჩრდილოეთ ევროპა","155":"დასავლეთ ევროპა","202":"სუბსაჰარული აფრიკა","419":"ლათინური ამერიკა","001":"მსოფლიო","002":"აფრიკა","003":"ჩრდილოეთ ამერიკა","005":"სამხრეთ ამერიკა","009":"ოკეანეთი","011":"დასავლეთ აფრიკა","013":"ცენტრალური ამერიკა","014":"აღმოსავლეთ აფრიკა","015":"ჩრდილოეთ აფრიკა","017":"შუა აფრიკა","018":"სამხრეთ აფრიკა","019":"ამერიკები","021":"ამერიკის ჩრდილოეთი","029":"კარიბის ზღვა","030":"აღმოსავლეთ აზია","034":"სამხრეთ აზია","035":"სამხრეთ-აღმოსავლეთ აზია","039":"სამხრეთ ევროპა","053":"ავსტრალაზია","054":"მელანეზია","057":"მიკრონეზიის რეგიონი","061":"პოლინეზია","AC":"ამაღლების კუნძული","AD":"ანდორა","AE":"არაბთა გაერთიანებული საამიროები","AF":"ავღანეთი","AG":"ანტიგუა და ბარბუდა","AI":"ანგილია","AL":"ალბანეთი","AM":"სომხეთი","AO":"ანგოლა","AQ":"ანტარქტიკა","AR":"არგენტინა","AS":"ამერიკის სამოა","AT":"ავსტრია","AU":"ავსტრალია","AW":"არუბა","AX":"ალანდის კუნძულები","AZ":"აზერბაიჯანი","BA":"ბოსნია და ჰერცეგოვინა","BB":"ბარბადოსი","BD":"ბანგლადეში","BE":"ბელგია","BF":"ბურკინა-ფასო","BG":"ბულგარეთი","BH":"ბაჰრეინი","BI":"ბურუნდი","BJ":"ბენინი","BL":"სენ-ბართელმი","BM":"ბერმუდა","BN":"ბრუნეი","BO":"ბოლივია","BQ":"კარიბის ნიდერლანდები","BR":"ბრაზილია","BS":"ბაჰამის კუნძულები","BT":"ბუტანი","BV":"ბუვე","BW":"ბოტსვანა","BY":"ბელარუსი","BZ":"ბელიზი","CA":"კანადა","CC":"ქოქოსის (კილინგის) კუნძულები","CD":"კონგო - კინშასა","CF":"ცენტრალური აფრიკის რესპუბლიკა","CG":"კონგო - ბრაზავილი","CH":"შვეიცარია","CI":"კოტ-დივუარი","CK":"კუკის კუნძულები","CL":"ჩილე","CM":"კამერუნი","CN":"ჩინეთი","CO":"კოლუმბია","CP":"კლიპერტონის კუნძული","CR":"კოსტა-რიკა","CU":"კუბა","CV":"კაბო-ვერდე","CW":"კიურასაო","CX":"შობის კუნძული","CY":"კვიპროსი","CZ":"ჩეხეთი","DE":"გერმანია","DG":"დიეგო-გარსია","DJ":"ჯიბუტი","DK":"დანია","DM":"დომინიკა","DO":"დომინიკელთა რესპუბლიკა","DZ":"ალჟირი","EA":"სეუტა და მელილა","EC":"ეკვადორი","EE":"ესტონეთი","EG":"ეგვიპტე","EH":"დასავლეთ საჰარა","ER":"ერიტრეა","ES":"ესპანეთი","ET":"ეთიოპია","EU":"ევროკავშირი","EZ":"ევროზონა","FI":"ფინეთი","FJ":"ფიჯი","FK":"ფოლკლენდის კუნძულები","FM":"მიკრონეზია","FO":"ფარერის კუნძულები","FR":"საფრანგეთი","GA":"გაბონი","GB":"გაერთიანებული სამეფო","GD":"გრენადა","GE":"საქართველო","GF":"საფრანგეთის გვიანა","GG":"გერნსი","GH":"განა","GI":"გიბრალტარი","GL":"გრენლანდია","GM":"გამბია","GN":"გვინეა","GP":"გვადელუპა","GQ":"ეკვატორული გვინეა","GR":"საბერძნეთი","GS":"სამხრეთ ჯორჯია და სამხრეთ სენდვიჩის კუნძულები","GT":"გვატემალა","GU":"გუამი","GW":"გვინეა-ბისაუ","GY":"გაიანა","HK":"ჰონკონგის სპეციალური ადმინისტრაციული რეგიონი, ჩინეთი","HM":"ჰერდი და მაკდონალდის კუნძულები","HN":"ჰონდურასი","HR":"ხორვატია","HT":"ჰაიტი","HU":"უნგრეთი","IC":"კანარის კუნძულები","ID":"ინდონეზია","IE":"ირლანდია","IL":"ისრაელი","IM":"მენის კუნძული","IN":"ინდოეთი","IO":"ბრიტანეთის ტერიტორია ინდოეთის ოკეანეში","IQ":"ერაყი","IR":"ირანი","IS":"ისლანდია","IT":"იტალია","JE":"ჯერსი","JM":"იამაიკა","JO":"იორდანია","JP":"იაპონია","KE":"კენია","KG":"ყირგიზეთი","KH":"კამბოჯა","KI":"კირიბატი","KM":"კომორის კუნძულები","KN":"სენტ-კიტსი და ნევისი","KP":"ჩრდილოეთ კორეა","KR":"სამხრეთ კორეა","KW":"ქუვეითი","KY":"კაიმანის კუნძულები","KZ":"ყაზახეთი","LA":"ლაოსი","LB":"ლიბანი","LC":"სენტ-ლუსია","LI":"ლიხტენშტაინი","LK":"შრი-ლანკა","LR":"ლიბერია","LS":"ლესოთო","LT":"ლიეტუვა","LU":"ლუქსემბურგი","LV":"ლატვია","LY":"ლიბია","MA":"მაროკო","MC":"მონაკო","MD":"მოლდოვა","ME":"მონტენეგრო","MF":"სენ-მარტენი","MG":"მადაგასკარი","MH":"მარშალის კუნძულები","MK":"ჩრდილოეთ მაკედონია","ML":"მალი","MM":"მიანმარი (ბირმა)","MN":"მონღოლეთი","MO":"მაკაოს სპეციალური ადმინისტრაციული რეგიონი, ჩინეთი","MP":"ჩრდილოეთ მარიანას კუნძულები","MQ":"მარტინიკა","MR":"მავრიტანია","MS":"მონსერატი","MT":"მალტა","MU":"მავრიკი","MV":"მალდივები","MW":"მალავი","MX":"მექსიკა","MY":"მალაიზია","MZ":"მოზამბიკი","NA":"ნამიბია","NC":"ახალი კალედონია","NE":"ნიგერი","NF":"ნორფოლკის კუნძული","NG":"ნიგერია","NI":"ნიკარაგუა","NL":"ნიდერლანდები","NO":"ნორვეგია","NP":"ნეპალი","NR":"ნაურუ","NU":"ნიუე","NZ":"ახალი ზელანდია","OM":"ომანი","PA":"პანამა","PE":"პერუ","PF":"საფრანგეთის პოლინეზია","PG":"პაპუა-ახალი გვინეა","PH":"ფილიპინები","PK":"პაკისტანი","PL":"პოლონეთი","PM":"სენ-პიერი და მიკელონი","PN":"პიტკერნის კუნძულები","PR":"პუერტო-რიკო","PS":"პალესტინის ტერიტორიები","PT":"პორტუგალია","PW":"პალაუ","PY":"პარაგვაი","QA":"კატარი","QO":"შორეული ოკეანეთი","RE":"რეუნიონი","RO":"რუმინეთი","RS":"სერბეთი","RU":"რუსეთი","RW":"რუანდა","SA":"საუდის არაბეთი","SB":"სოლომონის კუნძულები","SC":"სეიშელის კუნძულები","SD":"სუდანი","SE":"შვედეთი","SG":"სინგაპური","SH":"წმინდა ელენეს კუნძული","SI":"სლოვენია","SJ":"შპიცბერგენი და იან-მაიენი","SK":"სლოვაკეთი","SL":"სიერა-ლეონე","SM":"სან-მარინო","SN":"სენეგალი","SO":"სომალი","SR":"სურინამი","SS":"სამხრეთ სუდანი","ST":"სან-ტომე და პრინსიპი","SV":"სალვადორი","SX":"სინტ-მარტენი","SY":"სირია","SZ":"სვაზილენდი","TA":"ტრისტან-და-კუნია","TC":"თერქს-ქაიქოსის კუნძულები","TD":"ჩადი","TF":"ფრანგული სამხრეთის ტერიტორიები","TG":"ტოგო","TH":"ტაილანდი","TJ":"ტაჯიკეთი","TK":"ტოკელაუ","TL":"ტიმორ-ლესტე","TM":"თურქმენეთი","TN":"ტუნისი","TO":"ტონგა","TR":"თურქეთი","TT":"ტრინიდადი და ტობაგო","TV":"ტუვალუ","TW":"ტაივანი","TZ":"ტანზანია","UA":"უკრაინა","UG":"უგანდა","UM":"აშშ-ის შორეული კუნძულები","UN":"გაერო","US":"ამერიკის შეერთებული შტატები","UY":"ურუგვაი","UZ":"უზბეკეთი","VA":"ქალაქი ვატიკანი","VC":"სენტ-ვინსენტი და გრენადინები","VE":"ვენესუელა","VG":"ბრიტანეთის ვირჯინის კუნძულები","VI":"აშშ-ის ვირჯინის კუნძულები","VN":"ვიეტნამი","VU":"ვანუატუ","WF":"უოლისი და ფუტუნა","WS":"სამოა","XA":"ფსევდო-აქცენტები","XB":"ფსევდო-ორმიმართულებიანი","XK":"კოსოვო","YE":"იემენი","YT":"მაიოტა","ZA":"სამხრეთ აფრიკის რესპუბლიკა","ZM":"ზამბია","ZW":"ზიმბაბვე","ZZ":"უცნობი რეგიონი"},"narrow":{},"short":{"GB":"გაერთ.სამ.","HK":"ჰონკონგი","MO":"მაკაო","PS":"პალესტინა","US":"აშშ"}},"script":{"long":{"Adlm":"ადლამი","Afak":"აფაკა","Arab":"არაბული","Aran":"ნასტალიქი","Armi":"იმპერიული არამეული","Armn":"სომხური","Avst":"ავესტური","Bali":"ბალიური","Bamu":"ბამუმი","Bass":"ბასა ვაჰი","Batk":"ბატაკი","Beng":"ბენგალური","Blis":"ბლისსიმბოლოები","Bopo":"ბოპომოფო","Brah":"ბრაჰმი","Brai":"ბრაილი","Buhd":"ბუჰიდი","Cakm":"ჩაკმა","Cans":"გაერთიანებული კანადური სილაბური","Cari":"კარიული","Cham":"ჩამი","Cher":"ჩეროკი","Cirt":"კირთი","Copt":"კოპტური","Cprt":"კვიპროსული","Cyrl":"კირილიცა","Cyrs":"ძველი სლავური კირილიცა","Deva":"დევანაგარი","Dsrt":"დეზერეტის","Dupl":"დუპლოის სტენოგრაფია","Egyd":"ეგვიპტური დემოტიკური","Egyh":"ეგვიპტური იერატიკული","Egyp":"ეგვიპტური იეროგლიფური","Ethi":"ეთიოპიური","Geok":"ხუცური","Geor":"ქართული","Glag":"გლაგოლიცა","Goth":"გოთური","Gran":"გრანთა","Grek":"ბერძნული","Gujr":"გუჯარათული","Guru":"გურმუხი","Hanb":"ჰანბი","Hang":"ჰანგული","Hani":"ჰანი","Hano":"ჰანუნოო","Hans":"გამარტივებული","Hant":"ტრადიციული","Hebr":"ებრაული","Hira":"ჰირაგანა","Hluw":"ანატოლიური იეროგლიფური","Hmng":"ფაჰაუ-მონი","Hrkt":"იაპონური კანა","Hung":"ძველი უნგრული","Jamo":"ჯამო","Java":"იავური","Jpan":"იაპონური","Jurc":"ჯურჯენული","Kali":"კაიაჰ-ლი","Kana":"კატაკანა","Khar":"ქაროშთი","Khmr":"ქმერული","Khoj":"ქოჯკი","Knda":"კანადა","Kore":"კორეული","Kpel":"კპელე","Kthi":"კაითი","Laoo":"ლაოსური","Latg":"გელური ლათინური","Latn":"ლათინური","Limb":"ლიმბუ","Lina":"A-ხაზოვანი","Linb":"B-ხაზოვანი","Loma":"ლომა","Lyci":"ლიკიური","Lydi":"ლიდიური","Mand":"მანდეური","Mani":"მანიქეური","Maya":"მაიას იეროგლიფები","Mend":"მენდე","Merc":"მეროიტული კურსივი","Mero":"მეროიტული","Mlym":"მალაიალამური","Mong":"მონღოლური","Mroo":"მრო","Mtei":"მანიპური","Mymr":"მიანმური","Narb":"ძველი ჩრდილოეთ-არაბული","Nbat":"ნაბატეური","Nkoo":"ნკო","Nshu":"ნუშუ","Ogam":"ოღამი","Olck":"ოლ-ჩიკი","Orkh":"ორხონული","Orya":"ორია","Osma":"ოსმანია","Palm":"პალმირული","Perm":"ძველი პერმული","Phag":"ფაგსპა","Phli":"მონუმენტური ფალაური","Phlp":"ფსალმუნური ფალაური","Phlv":"წიგნური ფალაური","Phnx":"ფინიკიური","Prti":"მონუმენტური პართული","Rjng":"რეჯანგი","Rohg":"ჰანიფი","Roro":"რონგორონგო","Runr":"რუნული","Samr":"სამარიული","Sara":"სარატი","Sarb":"ძველი სამხრეთ-არაბული","Saur":"საურაშტრა","Sgnw":"ჟესტთა","Shrd":"შარადა","Sind":"ქუდავადი","Sinh":"სინჰალური","Sora":"სორან-სომპენი","Sund":"სუნდანური","Sylo":"სილოტი ნაგრი","Syrc":"სირიული","Syre":"სირიული ესტრანგელო","Syrj":"დასავლეთი სირიული","Syrn":"აღმოსავლეთი სირიული","Tagb":"ტაგბანვა","Takr":"ტაკრი","Tale":"ტაი ლე","Talu":"ახალი ტაი ლიუ","Taml":"ტამილური","Tang":"ტანღუტური","Tavt":"ტაი-ვიეტი","Telu":"ტელუგუ","Teng":"ტენგვარი","Tfng":"ტიფინაღი","Thaa":"თაანა","Thai":"ტაილანდური","Tibt":"ტიბეტური","Tirh":"ტირჰუტა","Ugar":"უგარითული","Vaii":"ვაი","Visp":"ხილული მეტყველება","Wara":"ვარანგ-კშიტი","Wole":"ვოლეაი","Xpeo":"ძველი სპარსული","Xsux":"შუმერულ-აქადური ლურსმნული","Yiii":"ი","Zinh":"გადაღებული","Zmth":"მათემატიკური ნოტაცია","Zsye":"Emoji","Zsym":"სიმბოლოები","Zxxx":"უმწერლობო","Zyyy":"ზოგადი","Zzzz":"უცნობი დამწერლობა"},"narrow":{},"short":{}}}},"locale":"ka"}