{"data":{"patterns":{"locale":"{0}({1})"},"types":{"calendar":{"long":{"buddhist":"불교력","chinese":"음력","coptic":"콥트력","dangi":"단기력","ethiopic":"에티오피아력","ethiopic-amete-alem":"에티오피아 아메테 알렘력","gregorian":"양력","hebrew":"히브리력","indian":"인도력","islamic":"이슬람력","islamic-civil":"이슬람 상용력","islamic-umalqura":"이슬람력(움 알 쿠라)","iso8601":"ISO-8601 달력","japanese":"일본력","persian":"페르시안력","roc":"대만력"},"narrow":{},"short":{}},"currency":{"long":{"ADP":"안도라 페세타","AED":"아랍에미리트 디르함","AFA":"아프가니 (1927–2002)","AFN":"아프가니스탄 아프가니","ALL":"알바니아 레크","AMD":"아르메니아 드람","ANG":"네덜란드령 안틸레스 길더","AOA":"앙골라 콴자","AOK":"앙골라 콴자 (1977–1990)","AON":"앙골라 신콴자 (1990–2000)","AOR":"앙골라 재조정 콴자 (1995–1999)","ARA":"아르헨티나 오스트랄","ARL":"아르헨티나 페소 레이 (1970–1983)","ARM":"아르헨티나 페소 (18810–1970)","ARP":"아르헨티나 페소 (1983–1985)","ARS":"아르헨티나 페소","ATS":"호주 실링","AUD":"호주 달러","AWG":"아루바 플로린","AZM":"아제르바이젠 마나트(1993–2006)","AZN":"아제르바이잔 마나트","BAD":"보스니아-헤르체고비나 디나르","BAM":"보스니아-헤르체고비나 태환 마르크","BAN":"보스니아-헤르체고비나 신디나르 (1994–1997)","BBD":"바베이도스 달러","BDT":"방글라데시 타카","BEC":"벨기에 프랑 (태환)","BEF":"벨기에 프랑","BEL":"벨기에 프랑 (금융)","BGL":"불가리아 동전 렛","BGM":"불가리아 사회주의자 렛","BGN":"불가리아 레프","BGO":"불가리아 렛 (1879–1952)","BHD":"바레인 디나르","BIF":"부룬디 프랑","BMD":"버뮤다 달러","BND":"부루나이 달러","BOB":"볼리비아 볼리비아노","BOL":"볼리비아 볼리비아노 (1863–1963)","BOP":"볼리비아노 페소","BOV":"볼리비아노 Mvdol(기금)","BRB":"볼리비아노 크루제이루 노보 (1967–1986)","BRC":"브라질 크루자두","BRE":"브라질 크루제이루 (1990–1993)","BRL":"브라질 레알","BRN":"브라질 크루자두 노보","BRR":"브라질 크루제이루","BRZ":"브라질 크루제이루 (1942–1967)","BSD":"바하마 달러","BTN":"부탄 눌투눔","BUK":"버마 차트","BWP":"보츠와나 풀라","BYB":"벨라루스 신권 루블 (1994–1999)","BYN":"벨라루스 루블","BYR":"벨라루스 루블 (2000–2016)","BZD":"벨리즈 달러","CAD":"캐나다 달러","CDF":"콩고 프랑","CHE":"유로 (WIR)","CHF":"스위스 프랑","CHW":"프랑 (WIR)","CLE":"칠레 에스쿠도","CLF":"칠레 (UF)","CLP":"칠레 페소","CNH":"중국 위안화(역외)","CNY":"중국 위안화","COP":"콜롬비아 페소","COU":"콜롬비아 실가 단위","CRC":"코스타리카 콜론","CSD":"고 세르비아 디나르","CSK":"체코슬로바키아 동전 코루나","CUC":"쿠바 태환 페소","CUP":"쿠바 페소","CVE":"카보베르데 에스쿠도","CYP":"싸이프러스 파운드","CZK":"체코 코루나","DDM":"동독 오스트마르크","DEM":"독일 마르크","DJF":"지부티 프랑","DKK":"덴마크 크로네","DOP":"도미니카 페소","DZD":"알제리 디나르","ECS":"에쿠아도르 수크레","ECV":"에콰도르 (UVC)","EEK":"에스토니아 크룬","EGP":"이집트 파운드","ERN":"에리트리아 나크파","ESA":"스페인 페세타(예금)","ESB":"스페인 페세타(변환 예금)","ESP":"스페인 페세타","ETB":"에티오피아 비르","EUR":"유로","FIM":"핀란드 마르카","FJD":"피지 달러","FKP":"포클랜드제도 파운드","FRF":"프랑스 프랑","GBP":"영국 파운드","GEK":"그루지야 지폐 라리트","GEL":"조지아 라리","GHC":"가나 시디 (1979–2007)","GHS":"가나 세디","GIP":"지브롤터 파운드","GMD":"감비아 달라시","GNF":"기니 프랑","GNS":"기니 시리","GQE":"적도 기니 에쿨 (Ekwele)","GRD":"그리스 드라크마","GTQ":"과테말라 케트살","GWE":"포르투갈령 기니 에스쿠도","GWP":"기네비쏘 페소","GYD":"가이아나 달러","HKD":"홍콩 달러","HNL":"온두라스 렘피라","HRD":"크로아티아 디나르","HRK":"크로아티아 쿠나","HTG":"아이티 구르드","HUF":"헝가리 포린트","IDR":"인도네시아 루피아","IEP":"아일랜드 파운드","ILP":"이스라엘 파운드","ILS":"이스라엘 신권 세켈","INR":"인도 루피","IQD":"이라크 디나르","IRR":"이란 리얄","ISK":"아이슬란드 크로나","ITL":"이탈리아 리라","JMD":"자메이카 달러","JOD":"요르단 디나르","JPY":"일본 엔화","KES":"케냐 실링","KGS":"키르기스스탄 솜","KHR":"캄보디아 리엘","KMF":"코모르 프랑","KPW":"조선 민주주의 인민 공화국 원","KRH":"대한민국 환 (1953–1962)","KRW":"대한민국 원","KWD":"쿠웨이트 디나르","KYD":"케이맨 제도 달러","KZT":"카자흐스탄 텡게","LAK":"라오스 키프","LBP":"레바논 파운드","LKR":"스리랑카 루피","LRD":"라이베리아 달러","LSL":"레소토 로티","LTL":"리투아니아 리타","LTT":"룩셈부르크 타로나","LUC":"룩셈부르크 변환 프랑","LUF":"룩셈부르크 프랑","LUL":"룩셈부르크 재정 프랑","LVL":"라트비아 라트","LVR":"라트비아 루블","LYD":"리비아 디나르","MAD":"모로코 디르함","MAF":"모로코 프랑","MCF":"모나코 프랑","MDC":"몰도바 쿠폰","MDL":"몰도바 레이","MGA":"마다가스카르 아리아리","MGF":"마다가스카르 프랑","MKD":"마케도니아 디나르","MLF":"말리 프랑","MMK":"미얀마 키얏","MNT":"몽골 투그릭","MOP":"마카오 파타카","MRO":"모리타니 우기야 (1973–2017)","MRU":"모리타니 우기야","MTL":"몰타 리라","MTP":"몰타 파운드","MUR":"모리셔스 루피","MVR":"몰디브 제도 루피아","MWK":"말라위 콰차","MXN":"멕시코 페소","MXP":"멕시코 실버 페소 (1861–1992)","MXV":"멕시코 (UDI)","MYR":"말레이시아 링깃","MZE":"모잠비크 에스쿠도","MZM":"고 모잠비크 메티칼","MZN":"모잠비크 메티칼","NAD":"나미비아 달러","NGN":"나이지리아 나이라","NIC":"니카라과 코르도바(1988~1991)","NIO":"니카라과 코르도바","NLG":"네델란드 길더","NOK":"노르웨이 크로네","NPR":"네팔 루피","NZD":"뉴질랜드 달러","OMR":"오만 리알","PAB":"파나마 발보아","PEI":"페루 인티","PEN":"페루 솔","PES":"페루 솔 (1863–1965)","PGK":"파푸아뉴기니 키나","PHP":"필리핀 페소","PKR":"파키스탄 루피","PLN":"폴란드 즈워티","PLZ":"폴란드 즐로티 (1950–1995)","PTE":"포르투갈 에스쿠도","PYG":"파라과이 과라니","QAR":"카타르 리얄","RHD":"로디지아 달러","ROL":"루마니아 레이","RON":"루마니아 레우","RSD":"세르비아 디나르","RUB":"러시아 루블","RUR":"러시아 루블 (1991–1998)","RWF":"르완다 프랑","SAR":"사우디아라비아 리얄","SBD":"솔로몬 제도 달러","SCR":"세이셸 루피","SDD":"수단 디나르","SDG":"수단 파운드","SDP":"고 수단 파운드","SEK":"스웨덴 크로나","SGD":"싱가포르 달러","SHP":"세인트헬레나 파운드","SIT":"슬로베니아 톨라르","SKK":"슬로바키아 코루나","SLL":"시에라리온 리온","SOS":"소말리아 실링","SRD":"수리남 달러","SRG":"수리남 길더","SSP":"남수단 파운드","STD":"상투메 프린시페 도브라 (1977–2017)","STN":"상투메 프린시페 도브라","SUR":"소련 루블","SVC":"엘살바도르 콜론","SYP":"시리아 파운드","SZL":"스와질란드 릴랑게니","THB":"태국 바트","TJR":"타지키스탄 루블","TJS":"타지키스탄 소모니","TMM":"투르크메니스탄 마나트 (1993–2009)","TMT":"투르크메니스탄 마나트","TND":"튀니지 디나르","TOP":"통가 파앙가","TPE":"티모르 에스쿠도","TRL":"터키 리라(1922~2005)","TRY":"터키 리라","TTD":"트리니다드 토바고 달러","TWD":"신 타이완 달러","TZS":"탄자니아 실링","UAH":"우크라이나 그리브나","UAK":"우크라이나 카보바네츠","UGS":"우간다 실링 (1966–1987)","UGX":"우간다 실링","USD":"미국 달러","USN":"미국 달러(다음날)","USS":"미국 달러(당일)","UYI":"우루과이 페소 (UI)","UYP":"우루과이 페소 (1975–1993)","UYU":"우루과이 페소","UZS":"우즈베키스탄 숨","VEB":"베네주엘라 볼리바르 (1871–2008)","VEF":"베네수엘라 볼리바르 (2008–2018)","VES":"베네수엘라 볼리바르","VND":"베트남 동","VNN":"베트남 동 (1978–1985)","VUV":"바누아투 바투","WST":"서 사모아 탈라","XAF":"중앙아프리카 CFA 프랑","XAG":"은화","XAU":"금","XBA":"유르코 (유럽 회계 단위)","XBB":"유럽 통화 동맹","XBC":"유럽 계산 단위 (XBC)","XBD":"유럽 계산 단위 (XBD)","XCD":"동카리브 달러","XDR":"특별인출권","XEU":"유럽 환율 단위","XFO":"프랑스 프랑 (Gold)","XFU":"프랑스 프랑 (UIC)","XOF":"서아프리카 CFA 프랑","XPD":"팔라듐","XPF":"CFP 프랑","XPT":"백금","XRE":"RINET 기금","XTS":"테스트 통화 코드","XXX":"알 수 없는 통화 단위","YDD":"예멘 디나르","YER":"예멘 리알","YUD":"유고슬라비아 동전 디나르","YUM":"유고슬라비아 노비 디나르","YUN":"유고슬라비아 전환 디나르","ZAL":"남아프리카 랜드 (금융)","ZAR":"남아프리카 랜드","ZMK":"쟘비아 콰쳐 (1968–2012)","ZMW":"잠비아 콰차","ZRN":"자이르 신권 자이르","ZRZ":"자이르 자이르","ZWD":"짐바브웨 달러","ZWL":"짐바브웨 달러 (2009)","ZWR":"짐바브웨 달러 (2008)"},"narrow":{},"short":{}},"dateTimeField":{"long":{"day":"일","dayOfYear":"년의 일","dayperiod":"오전/오후","era":"연호","hour":"시","minute":"분","month":"월","quarter":"분기","second":"초","timeZoneName":"시간대","weekOfMonth":"월의 주","weekOfYear":"주","weekday":"요일","weekdayOfMonth":"월의 평일","year":"년"},"narrow":{"day":"일","dayOfYear":"년의 일","dayperiod":"오전/오후","era":"연호","hour":"시","minute":"분","month":"월","quarter":"분기","second":"초","timeZoneName":"시간대","weekOfMonth":"월의 주","weekOfYear":"주","weekday":"요일","weekdayOfMonth":"월의 평일","year":"년"},"short":{"day":"일","dayOfYear":"년의 일","dayperiod":"오전/오후","era":"연호","hour":"시","minute":"분","month":"월","quarter":"분기","second":"초","timeZoneName":"시간대","weekOfMonth":"월의 주","weekOfYear":"주","weekday":"요일","weekdayOfMonth":"월의 평일","year":"년"}},"language":{"dialect":{"long":{"aa":"아파르어","ab":"압카즈어","ace":"아체어","ach":"아콜리어","ada":"아당메어","ady":"아디게어","ae":"아베스타어","aeb":"튀니지 아랍어","af":"아프리칸스어","afh":"아프리힐리어","agq":"아그햄어","ain":"아이누어","ak":"아칸어","akk":"아카드어","ale":"알류트어","alt":"남부 알타이어","am":"암하라어","an":"아라곤어","ang":"고대 영어","ann":"오볼로어","anp":"앙가어","ar":"아랍어","ar-001":"현대 표준 아랍어","arc":"아람어","arn":"마푸둥군어","arp":"아라파호어","arq":"알제리 아랍어","ars":"아랍어(나즈디)","arw":"아라와크어","ary":"모로코 아랍어","arz":"이집트 아랍어","as":"아삼어","asa":"아수어","ast":"아스투리아어","atj":"아티카메쿠어","av":"아바릭어","awa":"아와히어","ay":"아이마라어","az":"아제르바이잔어","ba":"바슈키르어","bal":"발루치어","ban":"발리어","bas":"바사어","bax":"바문어","bbj":"고말라어","be":"벨라루스어","bej":"베자어","bem":"벰바어","bez":"베나어","bfd":"바푸트어","bg":"불가리아어","bgn":"서부 발로치어","bho":"호즈푸리어","bi":"비슬라마어","bik":"비콜어","bin":"비니어","bkm":"콤어","bla":"식시카어","bm":"밤바라어","bn":"벵골어","bo":"티베트어","br":"브르타뉴어","bra":"브라지어","brh":"브라후이어","brx":"보도어","bs":"보스니아어","bss":"아쿠즈어","bua":"부리아타","bug":"부기어","bum":"불루어","byn":"브린어","byv":"메둠바어","ca":"카탈로니아어","cad":"카도어","car":"카리브어","cay":"카유가어","cch":"앗삼어","ccp":"차크마어","ce":"체첸어","ceb":"세부아노어","cgg":"치가어","ch":"차모로어","chb":"치브차어","chg":"차가타이어","chk":"추크어","chm":"마리어","chn":"치누크 자곤","cho":"촉토어","chp":"치페우얀","chr":"체로키어","chy":"샤이엔어","ckb":"소라니 쿠르드어","clc":"칠코틴어","co":"코르시카어","cop":"콥트어","cr":"크리어","crg":"미치프어","crh":"크리민 터키어; 크리민 타타르어","crj":"남동부 크리어","crk":"평원 크리어","crl":"북동부 크리어","crm":"무스크리어","crr":"캐롤라이나 알곤킨어","crs":"세이셸 크리올 프랑스어","cs":"체코어","csb":"카슈비아어","csw":"습지 크리어","cu":"교회 슬라브어","cv":"추바시어","cy":"웨일스어","da":"덴마크어","dak":"다코타어","dar":"다르그와어","dav":"타이타어","de":"독일어","de-CH":"고지 독일어(스위스)","del":"델라웨어어","den":"슬라브어","dgr":"도그리브어","din":"딩카어","dje":"자르마어","doi":"도그리어","dsb":"저지 소르비아어","dua":"두알라어","dum":"중세 네덜란드어","dv":"디베히어","dyo":"졸라 포니어","dyu":"드율라어","dz":"종카어","dzg":"다장가어","ebu":"엠부어","ee":"에웨어","efi":"이픽어","egy":"고대 이집트어","eka":"이카죽어","el":"그리스어","elx":"엘람어","en":"영어","enm":"중세 영어","eo":"에스페란토어","es":"스페인어","es-ES":"스페인어(유럽)","et":"에스토니아어","eu":"바스크어","ewo":"이원도어","fa":"페르시아어","fa-AF":"다리어","fan":"팡그어","fat":"판티어","ff":"풀라어","fi":"핀란드어","fil":"필리핀어","fj":"피지어","fo":"페로어","fon":"폰어","fr":"프랑스어","frc":"케이준 프랑스어","frm":"중세 프랑스어","fro":"고대 프랑스어","frr":"북부 프리지아어","frs":"동부 프리슬란드어","fur":"프리울리어","fy":"서부 프리지아어","ga":"아일랜드어","gaa":"가어","gag":"가가우스어","gan":"간어","gay":"가요어","gba":"그바야어","gbz":"조로아스터 다리어","gd":"스코틀랜드 게일어","gez":"게이즈어","gil":"키리바시어","gl":"갈리시아어","glk":"길라키어","gmh":"중세 고지 독일어","gn":"과라니어","goh":"고대 고지 독일어","gom":"고아 콘칸어","gon":"곤디어","gor":"고론탈로어","got":"고트어","grb":"게르보어","grc":"고대 그리스어","gsw":"독일어(스위스)","gu":"구자라트어","guz":"구시어","gv":"맹크스어","gwi":"그위친어","ha":"하우사어","hai":"하이다어","hak":"하카어","haw":"하와이어","hax":"남부 하이다어","he":"히브리어","hi":"힌디어","hif":"피지 힌디어","hil":"헤리가뇬어","hit":"하타이트어","hmn":"히몸어","ho":"히리 모투어","hr":"크로아티아어","hsb":"고지 소르비아어","hsn":"샹어","ht":"아이티어","hu":"헝가리어","hup":"후파어","hur":"할코멜렘어","hy":"아르메니아어","hz":"헤레로어","ia":"인터링구아","iba":"이반어","ibb":"이비비오어","id":"인도네시아어","ie":"인테르링구에","ig":"이그보어","ii":"쓰촨 이어","ik":"이누피아크어","ikt":"캐나다 서부 이누크티투트어","ilo":"이로코어","inh":"인귀시어","io":"이도어","is":"아이슬란드어","it":"이탈리아어","iu":"이눅티투트어","ja":"일본어","jbo":"로반어","jgo":"응곰바어","jmc":"마차메어","jpr":"유대-페르시아어","jrb":"유대-아라비아어","jv":"자바어","ka":"조지아어","kaa":"카라칼파크어","kab":"커바일어","kac":"카친어","kaj":"까꼬토끄어","kam":"캄바어","kaw":"카위어","kbd":"카바르디어","kbl":"카넴부어","kcg":"티얍어","kde":"마콘데어","kea":"크리올어","kfo":"코로어","kg":"콩고어","kgp":"카잉강어","kha":"카시어","kho":"호탄어","khq":"코이라 친니어","khw":"코와르어","ki":"키쿠유어","kj":"쿠안야마어","kk":"카자흐어","kkj":"카코어","kl":"그린란드어","kln":"칼렌진어","km":"크메르어","kmb":"킴분두어","kn":"칸나다어","ko":"한국어","koi":"코미페르먀크어","kok":"코카니어","kos":"코스라이엔어","kpe":"크펠레어","kr":"칸누리어","krc":"카라챠이-발카르어","krl":"카렐리야어","kru":"쿠르크어","ks":"카슈미르어","ksb":"샴발라어","ksf":"바피아어","ksh":"콜로그니안어","ku":"쿠르드어","kum":"쿠믹어","kut":"쿠테네어","kv":"코미어","kw":"콘월어","kwk":"곽왈라어","ky":"키르기스어","la":"라틴어","lad":"라디노어","lag":"랑기어","lah":"라한다어","lam":"람바어","lb":"룩셈부르크어","lez":"레즈기안어","lfn":"링구아 프랑카 노바","lg":"간다어","li":"림버거어","lil":"릴루엣어","lkt":"라코타어","ln":"링갈라어","lo":"라오어","lol":"몽고어","lou":"루이지애나 크리올어","loz":"로지어","lrc":"북부 루리어","lsm":"사미아어","lt":"리투아니아어","lu":"루바-카탄가어","lua":"루바-룰루아어","lui":"루이세노어","lun":"룬다어","luo":"루오어","lus":"루샤이어","luy":"루야어","lv":"라트비아어","mad":"마두라어","maf":"마파어","mag":"마가히어","mai":"마이틸리어","mak":"마카사어","man":"만딩고어","mas":"마사이어","mde":"마바어","mdf":"모크샤어","mdr":"만다르어","men":"멘데어","mer":"메루어","mfe":"모리스얀어","mg":"말라가시어","mga":"중세 아일랜드어","mgh":"마크후와-메토어","mgo":"메타어","mh":"마셜어","mi":"마오리어","mic":"미크맥어","min":"미낭카바우어","mk":"마케도니아어","ml":"말라얄람어","mn":"몽골어","mnc":"만주어","mni":"마니푸리어","moe":"이누아문","moh":"모호크어","mos":"모시어","mr":"마라티어","mrj":"서부 마리어","ms":"말레이어","mt":"몰타어","mua":"문당어","mul":"다중 언어","mus":"크리크어","mwl":"미란데어","mwr":"마르와리어","my":"버마어","mye":"미예네어","myv":"엘즈야어","mzn":"마잔데라니어","na":"나우루어","nan":"민난어","nap":"나폴리어","naq":"나마어","nb":"노르웨이어(보크말)","nd":"북부 은데벨레어","nds":"저지 독일어","nds-NL":"저지 색슨어","ne":"네팔어","new":"네와르어","ng":"느동가어","nia":"니아스어","niu":"니웨언어","nl":"네덜란드어","nl-BE":"플라망어","nmg":"크와시오어","nn":"노르웨이어(니노르스크)","nnh":"느기엠본어","no":"노르웨이어","nog":"노가이어","non":"고대 노르웨이어","nqo":"응코어","nr":"남부 은데벨레어","nso":"북부 소토어","nus":"누에르어","nv":"나바호어","nwc":"고전 네와르어","ny":"냔자어","nym":"니암웨지어","nyn":"니안콜어","nyo":"뉴로어","nzi":"느지마어","oc":"오크어","oj":"오지브와어","ojb":"북서부 오지브와어","ojc":"중앙 오지브와어","ojs":"오지 크리어","ojw":"서부 오지브와어","oka":"오카나간어","om":"오로모어","or":"오리야어","os":"오세트어","osa":"오세이지어","ota":"오스만 터키어","pa":"펀잡어","pag":"판가시난어","pal":"팔레비어","pam":"팜팡가어","pap":"파피아먼토어","pau":"팔라우어","pcm":"나이지리아 피진어","peo":"고대 페르시아어","phn":"페니키아어","pi":"팔리어","pis":"피진어","pl":"폴란드어","pnt":"폰틱어","pon":"폼페이어","pqm":"말리시트 파사마쿼디어","prg":"프러시아어","pro":"고대 프로방스어","ps":"파슈토어","pt":"포르투갈어","pt-PT":"포르투갈어(유럽)","qu":"케추아어","quc":"키체어","raj":"라자스탄어","rap":"라파뉴이","rar":"라로통가어","rhg":"로힝야어","rm":"로만시어","rn":"룬디어","ro":"루마니아어","ro-MD":"몰도바어","rof":"롬보어","rom":"집시어","ru":"러시아어","rue":"루신어","rup":"아로마니아어","rw":"르완다어","rwk":"르와어","sa":"산스크리트어","sad":"산다웨어","sah":"야쿠트어","sam":"사마리아 아랍어","saq":"삼부루어","sas":"사사크어","sat":"산탈리어","sba":"느감바이어","sbp":"상구어","sc":"사르디니아어","scn":"시칠리아어","sco":"스코틀랜드어","sd":"신디어","sdh":"남부 쿠르드어","se":"북부 사미어","see":"세네카어","seh":"세나어","sel":"셀쿠프어","ses":"코이야보로 세니어","sg":"산고어","sga":"고대 아일랜드어","sh":"세르비아-크로아티아어","shi":"타셸히트어","shn":"샨어","shu":"차디언 아라비아어","si":"싱할라어","sid":"시다모어","sk":"슬로바키아어","sl":"슬로베니아어","slh":"남부 루슈트시드어","sm":"사모아어","sma":"남부 사미어","smj":"룰레 사미어","smn":"이나리 사미어","sms":"스콜트 사미어","sn":"쇼나어","snk":"소닌케어","so":"소말리아어","sog":"소그디엔어","sq":"알바니아어","sr":"세르비아어","srn":"스라난 통가어","srr":"세레르어","ss":"시스와티어","ssy":"사호어","st":"남부 소토어","str":"해안 살리시어","su":"순다어","suk":"수쿠마어","sus":"수수어","sux":"수메르어","sv":"스웨덴어","sw":"스와힐리어","sw-CD":"콩고 스와힐리어","swb":"코모로어","syc":"고전 시리아어","syr":"시리아어","ta":"타밀어","tce":"남부 투톤어","te":"텔루구어","tem":"팀니어","teo":"테조어","ter":"테레노어","tet":"테툼어","tg":"타지크어","tgx":"타기시어","th":"태국어","tht":"탈탄어","ti":"티그리냐어","tig":"티그레어","tiv":"티브어","tk":"투르크멘어","tkl":"토켈라우제도어","tkr":"차후르어","tl":"타갈로그어","tlh":"클링온어","tli":"틀링깃족어","tly":"탈리쉬어","tmh":"타마섹어","tn":"츠와나어","to":"통가어","tog":"니아사 통가어","tok":"도기 보나","tpi":"토크 피신어","tr":"터키어","trv":"타로코어","ts":"총가어","tsi":"트심시안어","tt":"타타르어","ttm":"북부 투톤어","tum":"툼부카어","tvl":"투발루어","tw":"트위어","twq":"타사와크어","ty":"타히티어","tyv":"투비니안어","tzm":"중앙 모로코 타마지트어","udm":"우드말트어","ug":"위구르어","uga":"유가리틱어","uk":"우크라이나어","umb":"움분두어","und":"알 수 없는 언어","ur":"우르두어","uz":"우즈베크어","vai":"바이어","ve":"벤다어","vi":"베트남어","vo":"볼라퓌크어","vot":"보틱어","vun":"분조어","wa":"왈론어","wae":"월저어","wal":"월라이타어","war":"와라이어","was":"와쇼어","wbp":"왈피리어","wo":"월로프어","wuu":"우어","xal":"칼미크어","xh":"코사어","xog":"소가어","yao":"야오족어","yap":"얍페세어","yav":"양본어","ybb":"옘바어","yi":"이디시어","yo":"요루바어","yrl":"넨가투어","yue":"광둥어","za":"주앙어","zap":"사포테크어","zbl":"블리스 심볼","zen":"제나가어","zgh":"표준 모로코 타마지트어","zh":"중국어","zu":"줄루어","zun":"주니어","zxx":"언어 관련 내용 없음","zza":"자자어"},"narrow":{},"short":{"az":"아제리어"}},"standard":{"long":{"aa":"아파르어","ab":"압카즈어","ace":"아체어","ach":"아콜리어","ada":"아당메어","ady":"아디게어","ae":"아베스타어","aeb":"튀니지 아랍어","af":"아프리칸스어","afh":"아프리힐리어","agq":"아그햄어","ain":"아이누어","ak":"아칸어","akk":"아카드어","ale":"알류트어","alt":"남부 알타이어","am":"암하라어","an":"아라곤어","ang":"고대 영어","ann":"오볼로어","anp":"앙가어","ar":"아랍어","ar-001":"아랍어(세계)","arc":"아람어","arn":"마푸둥군어","arp":"아라파호어","arq":"알제리 아랍어","ars":"아랍어(나즈디)","arw":"아라와크어","ary":"모로코 아랍어","arz":"이집트 아랍어","as":"아삼어","asa":"아수어","ast":"아스투리아어","atj":"아티카메쿠어","av":"아바릭어","awa":"아와히어","ay":"아이마라어","az":"아제르바이잔어","ba":"바슈키르어","bal":"발루치어","ban":"발리어","bas":"바사어","bax":"바문어","bbj":"고말라어","be":"벨라루스어","bej":"베자어","bem":"벰바어","bez":"베나어","bfd":"바푸트어","bg":"불가리아어","bgn":"서부 발로치어","bho":"호즈푸리어","bi":"비슬라마어","bik":"비콜어","bin":"비니어","bkm":"콤어","bla":"식시카어","bm":"밤바라어","bn":"벵골어","bo":"티베트어","br":"브르타뉴어","bra":"브라지어","brh":"브라후이어","brx":"보도어","bs":"보스니아어","bss":"아쿠즈어","bua":"부리아타","bug":"부기어","bum":"불루어","byn":"브린어","byv":"메둠바어","ca":"카탈로니아어","cad":"카도어","car":"카리브어","cay":"카유가어","cch":"앗삼어","ccp":"차크마어","ce":"체첸어","ceb":"세부아노어","cgg":"치가어","ch":"차모로어","chb":"치브차어","chg":"차가타이어","chk":"추크어","chm":"마리어","chn":"치누크 자곤","cho":"촉토어","chp":"치페우얀","chr":"체로키어","chy":"샤이엔어","ckb":"소라니 쿠르드어","clc":"칠코틴어","co":"코르시카어","cop":"콥트어","cr":"크리어","crg":"미치프어","crh":"크리민 터키어; 크리민 타타르어","crj":"남동부 크리어","crk":"평원 크리어","crl":"북동부 크리어","crm":"무스크리어","crr":"캐롤라이나 알곤킨어","crs":"세이셸 크리올 프랑스어","cs":"체코어","csb":"카슈비아어","csw":"습지 크리어","cu":"교회 슬라브어","cv":"추바시어","cy":"웨일스어","da":"덴마크어","dak":"다코타어","dar":"다르그와어","dav":"타이타어","de":"독일어","de-CH":"독일어(스위스)","del":"델라웨어어","den":"슬라브어","dgr":"도그리브어","din":"딩카어","dje":"자르마어","doi":"도그리어","dsb":"저지 소르비아어","dua":"두알라어","dum":"중세 네덜란드어","dv":"디베히어","dyo":"졸라 포니어","dyu":"드율라어","dz":"종카어","dzg":"다장가어","ebu":"엠부어","ee":"에웨어","efi":"이픽어","egy":"고대 이집트어","eka":"이카죽어","el":"그리스어","elx":"엘람어","en":"영어","enm":"중세 영어","eo":"에스페란토어","es":"스페인어","es-ES":"스페인어(스페인)","et":"에스토니아어","eu":"바스크어","ewo":"이원도어","fa":"페르시아어","fa-AF":"페르시아어(아프가니스탄)","fan":"팡그어","fat":"판티어","ff":"풀라어","fi":"핀란드어","fil":"필리핀어","fj":"피지어","fo":"페로어","fon":"폰어","fr":"프랑스어","frc":"케이준 프랑스어","frm":"중세 프랑스어","fro":"고대 프랑스어","frr":"북부 프리지아어","frs":"동부 프리슬란드어","fur":"프리울리어","fy":"서부 프리지아어","ga":"아일랜드어","gaa":"가어","gag":"가가우스어","gan":"간어","gay":"가요어","gba":"그바야어","gbz":"조로아스터 다리어","gd":"스코틀랜드 게일어","gez":"게이즈어","gil":"키리바시어","gl":"갈리시아어","glk":"길라키어","gmh":"중세 고지 독일어","gn":"과라니어","goh":"고대 고지 독일어","gom":"고아 콘칸어","gon":"곤디어","gor":"고론탈로어","got":"고트어","grb":"게르보어","grc":"고대 그리스어","gsw":"독일어(스위스)","gu":"구자라트어","guz":"구시어","gv":"맹크스어","gwi":"그위친어","ha":"하우사어","hai":"하이다어","hak":"하카어","haw":"하와이어","hax":"남부 하이다어","he":"히브리어","hi":"힌디어","hif":"피지 힌디어","hil":"헤리가뇬어","hit":"하타이트어","hmn":"히몸어","ho":"히리 모투어","hr":"크로아티아어","hsb":"고지 소르비아어","hsn":"샹어","ht":"아이티어","hu":"헝가리어","hup":"후파어","hur":"할코멜렘어","hy":"아르메니아어","hz":"헤레로어","ia":"인터링구아","iba":"이반어","ibb":"이비비오어","id":"인도네시아어","ie":"인테르링구에","ig":"이그보어","ii":"쓰촨 이어","ik":"이누피아크어","ikt":"캐나다 서부 이누크티투트어","ilo":"이로코어","inh":"인귀시어","io":"이도어","is":"아이슬란드어","it":"이탈리아어","iu":"이눅티투트어","ja":"일본어","jbo":"로반어","jgo":"응곰바어","jmc":"마차메어","jpr":"유대-페르시아어","jrb":"유대-아라비아어","jv":"자바어","ka":"조지아어","kaa":"카라칼파크어","kab":"커바일어","kac":"카친어","kaj":"까꼬토끄어","kam":"캄바어","kaw":"카위어","kbd":"카바르디어","kbl":"카넴부어","kcg":"티얍어","kde":"마콘데어","kea":"크리올어","kfo":"코로어","kg":"콩고어","kgp":"카잉강어","kha":"카시어","kho":"호탄어","khq":"코이라 친니어","khw":"코와르어","ki":"키쿠유어","kj":"쿠안야마어","kk":"카자흐어","kkj":"카코어","kl":"그린란드어","kln":"칼렌진어","km":"크메르어","kmb":"킴분두어","kn":"칸나다어","ko":"한국어","koi":"코미페르먀크어","kok":"코카니어","kos":"코스라이엔어","kpe":"크펠레어","kr":"칸누리어","krc":"카라챠이-발카르어","krl":"카렐리야어","kru":"쿠르크어","ks":"카슈미르어","ksb":"샴발라어","ksf":"바피아어","ksh":"콜로그니안어","ku":"쿠르드어","kum":"쿠믹어","kut":"쿠테네어","kv":"코미어","kw":"콘월어","kwk":"곽왈라어","ky":"키르기스어","la":"라틴어","lad":"라디노어","lag":"랑기어","lah":"라한다어","lam":"람바어","lb":"룩셈부르크어","lez":"레즈기안어","lfn":"링구아 프랑카 노바","lg":"간다어","li":"림버거어","lil":"릴루엣어","lkt":"라코타어","ln":"링갈라어","lo":"라오어","lol":"몽고어","lou":"루이지애나 크리올어","loz":"로지어","lrc":"북부 루리어","lsm":"사미아어","lt":"리투아니아어","lu":"루바-카탄가어","lua":"루바-룰루아어","lui":"루이세노어","lun":"룬다어","luo":"루오어","lus":"루샤이어","luy":"루야어","lv":"라트비아어","mad":"마두라어","maf":"마파어","mag":"마가히어","mai":"마이틸리어","mak":"마카사어","man":"만딩고어","mas":"마사이어","mde":"마바어","mdf":"모크샤어","mdr":"만다르어","men":"멘데어","mer":"메루어","mfe":"모리스얀어","mg":"말라가시어","mga":"중세 아일랜드어","mgh":"마크후와-메토어","mgo":"메타어","mh":"마셜어","mi":"마오리어","mic":"미크맥어","min":"미낭카바우어","mk":"마케도니아어","ml":"말라얄람어","mn":"몽골어","mnc":"만주어","mni":"마니푸리어","moe":"이누아문","moh":"모호크어","mos":"모시어","mr":"마라티어","mrj":"서부 마리어","ms":"말레이어","mt":"몰타어","mua":"문당어","mul":"다중 언어","mus":"크리크어","mwl":"미란데어","mwr":"마르와리어","my":"버마어","mye":"미예네어","myv":"엘즈야어","mzn":"마잔데라니어","na":"나우루어","nan":"민난어","nap":"나폴리어","naq":"나마어","nb":"노르웨이어(보크말)","nd":"북부 은데벨레어","nds":"저지 독일어","nds-NL":"저지 독일어(네덜란드)","ne":"네팔어","new":"네와르어","ng":"느동가어","nia":"니아스어","niu":"니웨언어","nl":"네덜란드어","nl-BE":"네덜란드어(벨기에)","nmg":"크와시오어","nn":"노르웨이어(니노르스크)","nnh":"느기엠본어","no":"노르웨이어","nog":"노가이어","non":"고대 노르웨이어","nqo":"응코어","nr":"남부 은데벨레어","nso":"북부 소토어","nus":"누에르어","nv":"나바호어","nwc":"고전 네와르어","ny":"냔자어","nym":"니암웨지어","nyn":"니안콜어","nyo":"뉴로어","nzi":"느지마어","oc":"오크어","oj":"오지브와어","ojb":"북서부 오지브와어","ojc":"중앙 오지브와어","ojs":"오지 크리어","ojw":"서부 오지브와어","oka":"오카나간어","om":"오로모어","or":"오리야어","os":"오세트어","osa":"오세이지어","ota":"오스만 터키어","pa":"펀잡어","pag":"판가시난어","pal":"팔레비어","pam":"팜팡가어","pap":"파피아먼토어","pau":"팔라우어","pcm":"나이지리아 피진어","peo":"고대 페르시아어","phn":"페니키아어","pi":"팔리어","pis":"피진어","pl":"폴란드어","pnt":"폰틱어","pon":"폼페이어","pqm":"말리시트 파사마쿼디어","prg":"프러시아어","pro":"고대 프로방스어","ps":"파슈토어","pt":"포르투갈어","pt-PT":"포르투갈어(포르투갈)","qu":"케추아어","quc":"키체어","raj":"라자스탄어","rap":"라파뉴이","rar":"라로통가어","rhg":"로힝야어","rm":"로만시어","rn":"룬디어","ro":"루마니아어","ro-MD":"루마니아어(몰도바)","rof":"롬보어","rom":"집시어","ru":"러시아어","rue":"루신어","rup":"아로마니아어","rw":"르완다어","rwk":"르와어","sa":"산스크리트어","sad":"산다웨어","sah":"야쿠트어","sam":"사마리아 아랍어","saq":"삼부루어","sas":"사사크어","sat":"산탈리어","sba":"느감바이어","sbp":"상구어","sc":"사르디니아어","scn":"시칠리아어","sco":"스코틀랜드어","sd":"신디어","sdh":"남부 쿠르드어","se":"북부 사미어","see":"세네카어","seh":"세나어","sel":"셀쿠프어","ses":"코이야보로 세니어","sg":"산고어","sga":"고대 아일랜드어","sh":"세르비아-크로아티아어","shi":"타셸히트어","shn":"샨어","shu":"차디언 아라비아어","si":"싱할라어","sid":"시다모어","sk":"슬로바키아어","sl":"슬로베니아어","slh":"남부 루슈트시드어","sm":"사모아어","sma":"남부 사미어","smj":"룰레 사미어","smn":"이나리 사미어","sms":"스콜트 사미어","sn":"쇼나어","snk":"소닌케어","so":"소말리아어","sog":"소그디엔어","sq":"알바니아어","sr":"세르비아어","srn":"스라난 통가어","srr":"세레르어","ss":"시스와티어","ssy":"사호어","st":"남부 소토어","str":"해안 살리시어","su":"순다어","suk":"수쿠마어","sus":"수수어","sux":"수메르어","sv":"스웨덴어","sw":"스와힐리어","sw-CD":"스와힐리어(콩고-킨샤사)","swb":"코모로어","syc":"고전 시리아어","syr":"시리아어","ta":"타밀어","tce":"남부 투톤어","te":"텔루구어","tem":"팀니어","teo":"테조어","ter":"테레노어","tet":"테툼어","tg":"타지크어","tgx":"타기시어","th":"태국어","tht":"탈탄어","ti":"티그리냐어","tig":"티그레어","tiv":"티브어","tk":"투르크멘어","tkl":"토켈라우제도어","tkr":"차후르어","tl":"타갈로그어","tlh":"클링온어","tli":"틀링깃족어","tly":"탈리쉬어","tmh":"타마섹어","tn":"츠와나어","to":"통가어","tog":"니아사 통가어","tok":"도기 보나","tpi":"토크 피신어","tr":"터키어","trv":"타로코어","ts":"총가어","tsi":"트심시안어","tt":"타타르어","ttm":"북부 투톤어","tum":"툼부카어","tvl":"투발루어","tw":"트위어","twq":"타사와크어","ty":"타히티어","tyv":"투비니안어","tzm":"중앙 모로코 타마지트어","udm":"우드말트어","ug":"위구르어","uga":"유가리틱어","uk":"우크라이나어","umb":"움분두어","und":"알 수 없는 언어","ur":"우르두어","uz":"우즈베크어","vai":"바이어","ve":"벤다어","vi":"베트남어","vo":"볼라퓌크어","vot":"보틱어","vun":"분조어","wa":"왈론어","wae":"월저어","wal":"월라이타어","war":"와라이어","was":"와쇼어","wbp":"왈피리어","wo":"월로프어","wuu":"우어","xal":"칼미크어","xh":"코사어","xog":"소가어","yao":"야오족어","yap":"얍페세어","yav":"양본어","ybb":"옘바어","yi":"이디시어","yo":"요루바어","yrl":"넨가투어","yue":"광둥어","za":"주앙어","zap":"사포테크어","zbl":"블리스 심볼","zen":"제나가어","zgh":"표준 모로코 타마지트어","zh":"중국어","zu":"줄루어","zun":"주니어","zxx":"언어 관련 내용 없음","zza":"자자어"},"narrow":{},"short":{"az":"아제리어"}}},"region":{"long":{"142":"아시아","143":"중앙 아시아","145":"서아시아","150":"유럽","151":"동유럽","154":"북유럽","155":"서유럽","202":"사하라 사막 이남 아프리카","419":"라틴 아메리카","001":"세계","002":"아프리카","003":"북아메리카","005":"남아메리카","009":"오세아니아","011":"서부 아프리카","013":"중앙 아메리카","014":"동부 아프리카","015":"북부 아프리카","017":"중부 아프리카","018":"남부 아프리카","019":"아메리카 대륙","021":"북부 아메리카","029":"카리브 제도","030":"동아시아","034":"남아시아","035":"동남아시아","039":"남유럽","053":"오스트랄라시아","054":"멜라네시아","057":"미크로네시아 지역","061":"폴리네시아","AC":"어센션섬","AD":"안도라","AE":"아랍에미리트","AF":"아프가니스탄","AG":"앤티가 바부다","AI":"앵귈라","AL":"알바니아","AM":"아르메니아","AO":"앙골라","AQ":"남극 대륙","AR":"아르헨티나","AS":"아메리칸 사모아","AT":"오스트리아","AU":"오스트레일리아","AW":"아루바","AX":"올란드 제도","AZ":"아제르바이잔","BA":"보스니아 헤르체고비나","BB":"바베이도스","BD":"방글라데시","BE":"벨기에","BF":"부르키나파소","BG":"불가리아","BH":"바레인","BI":"부룬디","BJ":"베냉","BL":"생바르텔레미","BM":"버뮤다","BN":"브루나이","BO":"볼리비아","BQ":"네덜란드령 카리브","BR":"브라질","BS":"바하마","BT":"부탄","BV":"부베섬","BW":"보츠와나","BY":"벨라루스","BZ":"벨리즈","CA":"캐나다","CC":"코코스 제도","CD":"콩고-킨샤사","CF":"중앙 아프리카 공화국","CG":"콩고-브라자빌","CH":"스위스","CI":"코트디부아르","CK":"쿡 제도","CL":"칠레","CM":"카메룬","CN":"중국","CO":"콜롬비아","CP":"클리퍼턴섬","CR":"코스타리카","CU":"쿠바","CV":"카보베르데","CW":"퀴라소","CX":"크리스마스섬","CY":"키프로스","CZ":"체코","DE":"독일","DG":"디에고 가르시아","DJ":"지부티","DK":"덴마크","DM":"도미니카","DO":"도미니카 공화국","DZ":"알제리","EA":"세우타 및 멜리야","EC":"에콰도르","EE":"에스토니아","EG":"이집트","EH":"서사하라","ER":"에리트리아","ES":"스페인","ET":"에티오피아","EU":"유럽 연합","EZ":"유로존","FI":"핀란드","FJ":"피지","FK":"포클랜드 제도","FM":"미크로네시아","FO":"페로 제도","FR":"프랑스","GA":"가봉","GB":"영국","GD":"그레나다","GE":"조지아","GF":"프랑스령 기아나","GG":"건지","GH":"가나","GI":"지브롤터","GL":"그린란드","GM":"감비아","GN":"기니","GP":"과들루프","GQ":"적도 기니","GR":"그리스","GS":"사우스조지아 사우스샌드위치 제도","GT":"과테말라","GU":"괌","GW":"기니비사우","GY":"가이아나","HK":"홍콩(중국 특별행정구)","HM":"허드 맥도널드 제도","HN":"온두라스","HR":"크로아티아","HT":"아이티","HU":"헝가리","IC":"카나리아 제도","ID":"인도네시아","IE":"아일랜드","IL":"이스라엘","IM":"맨섬","IN":"인도","IO":"영국령 인도양 식민지","IQ":"이라크","IR":"이란","IS":"아이슬란드","IT":"이탈리아","JE":"저지","JM":"자메이카","JO":"요르단","JP":"일본","KE":"케냐","KG":"키르기스스탄","KH":"캄보디아","KI":"키리바시","KM":"코모로","KN":"세인트키츠 네비스","KP":"북한","KR":"대한민국","KW":"쿠웨이트","KY":"케이맨 제도","KZ":"카자흐스탄","LA":"라오스","LB":"레바논","LC":"세인트루시아","LI":"리히텐슈타인","LK":"스리랑카","LR":"라이베리아","LS":"레소토","LT":"리투아니아","LU":"룩셈부르크","LV":"라트비아","LY":"리비아","MA":"모로코","MC":"모나코","MD":"몰도바","ME":"몬테네그로","MF":"생마르탱","MG":"마다가스카르","MH":"마셜 제도","MK":"북마케도니아","ML":"말리","MM":"미얀마","MN":"몽골","MO":"마카오(중국 특별행정구)","MP":"북마리아나제도","MQ":"마르티니크","MR":"모리타니","MS":"몬트세라트","MT":"몰타","MU":"모리셔스","MV":"몰디브","MW":"말라위","MX":"멕시코","MY":"말레이시아","MZ":"모잠비크","NA":"나미비아","NC":"뉴칼레도니아","NE":"니제르","NF":"노퍽섬","NG":"나이지리아","NI":"니카라과","NL":"네덜란드","NO":"노르웨이","NP":"네팔","NR":"나우루","NU":"니우에","NZ":"뉴질랜드","OM":"오만","PA":"파나마","PE":"페루","PF":"프랑스령 폴리네시아","PG":"파푸아뉴기니","PH":"필리핀","PK":"파키스탄","PL":"폴란드","PM":"생피에르 미클롱","PN":"핏케언 제도","PR":"푸에르토리코","PS":"팔레스타인 지구","PT":"포르투갈","PW":"팔라우","PY":"파라과이","QA":"카타르","QO":"오세아니아 외곽","RE":"레위니옹","RO":"루마니아","RS":"세르비아","RU":"러시아","RW":"르완다","SA":"사우디아라비아","SB":"솔로몬 제도","SC":"세이셸","SD":"수단","SE":"스웨덴","SG":"싱가포르","SH":"세인트헬레나","SI":"슬로베니아","SJ":"스발바르제도-얀마웬섬","SK":"슬로바키아","SL":"시에라리온","SM":"산마리노","SN":"세네갈","SO":"소말리아","SR":"수리남","SS":"남수단","ST":"상투메 프린시페","SV":"엘살바도르","SX":"신트마르턴","SY":"시리아","SZ":"에스와티니","TA":"트리스탄다쿠나","TC":"터크스 케이커스 제도","TD":"차드","TF":"프랑스령 남방 지역","TG":"토고","TH":"태국","TJ":"타지키스탄","TK":"토켈라우","TL":"동티모르","TM":"투르크메니스탄","TN":"튀니지","TO":"통가","TR":"튀르키예","TT":"트리니다드 토바고","TV":"투발루","TW":"대만","TZ":"탄자니아","UA":"우크라이나","UG":"우간다","UM":"미국령 해외 제도","UN":"국제연합","US":"미국","UY":"우루과이","UZ":"우즈베키스탄","VA":"바티칸 시국","VC":"세인트빈센트그레나딘","VE":"베네수엘라","VG":"영국령 버진아일랜드","VI":"미국령 버진아일랜드","VN":"베트남","VU":"바누아투","WF":"왈리스-푸투나 제도","WS":"사모아","XA":"유사 억양","XB":"유사 양방향","XK":"코소보","YE":"예멘","YT":"마요트","ZA":"남아프리카","ZM":"잠비아","ZW":"짐바브웨","ZZ":"알려지지 않은 지역"},"narrow":{},"short":{"GB":"영국","HK":"홍콩","MO":"마카오","PS":"팔레스타인","UN":"유엔","US":"미국"}},"script":{"long":{"Adlm":"아들람 문자","Afak":"아파카 문자","Aghb":"코카시안 알바니아 문자","Arab":"아랍 문자","Aran":"나스탈리크체","Armi":"아랍제국 문자","Armn":"아르메니아 문자","Avst":"아베스타 문자","Bali":"발리 문자","Bamu":"바뭄 문자","Bass":"바사바흐 문자","Batk":"바타크 문자","Beng":"벵골 문자","Blis":"블리스기호 문자","Bopo":"주음부호","Brah":"브라미","Brai":"브라유 점자","Bugi":"부기 문자","Buhd":"부히드 문자","Cakm":"차크마 문자","Cans":"통합 캐나다 원주민 음절문자","Cari":"카리 문자","Cham":"칸 고어","Cher":"체로키 문자","Cirt":"키르쓰","Copt":"콥트 문자","Cprt":"키프로스 문자","Cyrl":"키릴 문자","Cyrs":"고대교회슬라브어 키릴문자","Deva":"데바나가리 문자","Dsrt":"디저렛 문자","Dupl":"듀플로이안 문자","Egyd":"고대 이집트 민중문자","Egyh":"고대 이집트 신관문자","Egyp":"고대 이집트 신성문자","Elba":"엘바산 문자","Ethi":"에티오피아 문자","Geok":"그루지야 쿠츠리 문자","Geor":"조지아 문자","Glag":"글라골 문자","Goth":"고트 문자","Gran":"그란타 문자","Grek":"그리스 문자","Gujr":"구자라트 문자","Guru":"구르무키 문자","Hanb":"주음 자모","Hang":"한글","Hani":"한자","Hano":"하누누 문자","Hans":"간체","Hant":"번체","Hebr":"히브리 문자","Hira":"히라가나","Hluw":"아나톨리아 상형문자","Hmng":"파하우 몽 문자","Hrkt":"가나","Hung":"고대 헝가리 문자","Inds":"인더스 문자","Ital":"고대 이탈리아 문자","Jamo":"자모","Java":"자바 문자","Jpan":"일본 문자","Jurc":"줄첸 문자","Kali":"카야 리 문자","Kana":"가타카나","Khar":"카로슈티 문자","Khmr":"크메르 문자","Khoj":"코즈키 문자","Knda":"칸나다 문자","Kore":"한국 문자","Kpel":"크펠레 문자","Kthi":"카이시 문자","Lana":"란나 문자","Laoo":"라오 문자","Latf":"독일식 로마자","Latg":"아일랜드식 로마자","Latn":"로마자","Lepc":"렙차 문자","Limb":"림부 문자","Lina":"선형 문자(A)","Linb":"선형 문자(B)","Lisu":"프레이저 문자","Loma":"로마 문자","Lyci":"리키아 문자","Lydi":"리디아 문자","Mahj":"마하자니 문자","Mand":"만다이아 문자","Mani":"마니교 문자","Maya":"마야 상형 문자","Mend":"멘데 문자","Merc":"메로에 필기체","Mero":"메로에 문자","Mlym":"말라얄람 문자","Mong":"몽골 문자","Moon":"문 문자","Mroo":"므로 문자","Mtei":"메이테이 마옉 문자","Mymr":"미얀마 문자","Narb":"옛 북부 아라비아 문자","Nbat":"나바테아 문자","Nkgb":"나시 게바 문자","Nkoo":"응코 문자","Nshu":"누슈 문자","Ogam":"오검 문자","Olck":"올 치키 문자","Orkh":"오르혼어","Orya":"오리야 문자","Osma":"오스마니아 문자","Palm":"팔미라 문자","Perm":"고대 페름 문자","Phag":"파스파 문자","Phli":"명문 팔라비 문자","Phlp":"솔터 팔라비 문자","Phlv":"북 팔라비 문자","Phnx":"페니키아 문자","Plrd":"폴라드 표음 문자","Prti":"명문 파라티아 문자","Qaag":"저지 문자","Rjng":"레장 문자","Rohg":"하니피 문자","Roro":"롱고롱고","Runr":"룬 문자","Samr":"사마리아 문자","Sara":"사라티","Sarb":"옛 남부 아라비아 문자","Saur":"사우라슈트라 문자","Sgnw":"수화 문자","Shaw":"샤비안 문자","Shrd":"사라다 문자","Sidd":"실담자","Sind":"쿠다와디 문자","Sinh":"신할라 문자","Sora":"소라 솜펭 문자","Sund":"순다 문자","Sylo":"실헤티 나가리","Syrc":"시리아 문자","Syre":"에스트랑겔로식 시리아 문자","Syrj":"서부 시리아 문자","Syrn":"동부 시리아 문자","Tagb":"타그반와 문자","Takr":"타크리 문자","Tale":"타이 레 문자","Talu":"신 타이 루에","Taml":"타밀 문자","Tang":"탕구트 문자","Tavt":"태국 베트남 문자","Telu":"텔루구 문자","Teng":"텡과르 문자","Tfng":"티피나그 문자","Tglg":"타갈로그 문자","Thaa":"타나 문자","Thai":"타이 문자","Tibt":"티베트 문자","Tirh":"티르후타 문자","Ugar":"우가리트 문자","Vaii":"바이 문자","Visp":"시화법","Wara":"바랑 크시티 문자","Wole":"울레아이","Xpeo":"고대 페르시아 문자","Xsux":"수메르-아카드어 설형문자","Yiii":"이 문자","Zinh":"구전 문자","Zmth":"수학 기호","Zsye":"이모티콘","Zsym":"기호","Zxxx":"구전","Zyyy":"일반 문자","Zzzz":"알 수 없는 문자"},"narrow":{},"short":{}}}},"locale":"ko"}