{"data":{"patterns":{"locale":"{0} ({1})"},"types":{"calendar":{"long":{"buddhist":"buddhistisk kalender","chinese":"kinesisk kalender","coptic":"koptisk kalender","dangi":"dangisk kalender","ethiopic":"etiopisk kalender","ethiopic-amete-alem":"etiopisk amete-alem-kalender","gregorian":"gregoriansk kalender","hebrew":"hebraisk kalender","indian":"indisk nasjonalkalender","islamic":"islamsk kalender","islamic-civil":"islamsk sivil kalender","islamic-rgsa":"islamsk kalender (Saudi-Arabia, observasjon)","islamic-tbla":"islamsk kalender (tabell, astronomisk)","islamic-umalqura":"islamsk kalender (Umm al-Qura)","iso8601":"ISO 8601-kalender","japanese":"japansk kalender","persian":"persisk kalender","roc":"minguo-kalender"},"narrow":{},"short":{}},"currency":{"long":{"ADP":"andorranske peseta","AED":"emiratarabiske dirham","AFA":"afghani (1927–2002)","AFN":"afghanske afghani","ALK":"albanske lek (1946–1965)","ALL":"albanske lek","AMD":"armenske dram","ANG":"nederlandske antillegylden","AOA":"angolanske kwanza","AOK":"angolske kwanza (1977–1990)","AON":"angolske nye kwanza (1990–2000)","AOR":"angolske kwanza reajustado (1995–1999)","ARA":"argentiske austral","ARL":"argentinske peso ley","ARM":"argentinsk pesos (1881–1970)","ARP":"argentinske peso (1983–1985)","ARS":"argentinske pesos","ATS":"austerrikske schilling","AUD":"australske dollar","AWG":"arubiske floriner","AZM":"aserbaijanske manat","AZN":"aserbajdsjanske manat","BAD":"bosnisk-hercegovinske dinarar","BAM":"bosnisk-hercegovinske konvertible mark","BAN":"nye bosnisk-hercegovinske dinarer (1994–1997)","BBD":"barbadiske dollar","BDT":"bangladeshiske taka","BEC":"belgiske franc (konvertibel)","BEF":"belgiske franc","BEL":"belgiske franc (finansiell)","BGL":"bulgarsk hard lev","BGM":"bulgarske lev (sosialist)","BGN":"bulgarske lev","BGO":"bulgarske lev (1879–1952)","BHD":"bahrainske dinarar","BIF":"burundiske franc","BMD":"bermudiske dollar","BND":"bruneiske dollar","BOB":"bolivianske boliviano","BOL":"bolivianske boliviano (1863–1963)","BOP":"boliviske peso","BOV":"boliviske mvdol","BRB":"brasiliansk cruzeiro novo (1967–1986)","BRC":"brasilianske cruzado","BRE":"brasilianske cruzeiro (1990–1993)","BRL":"brasilianske real","BRN":"brasilianske cruzado novo","BRR":"brasilianske cruzeiro","BRZ":"brasilianske cruzeiro (1942–1967)","BSD":"bahamanske dollar","BTN":"bhutanske ngultrum","BUK":"burmesisk kyat","BWP":"botswanske pula","BYB":"kviterussiske nye rublar (1994–1999)","BYN":"nye kviterussiske rublar","BYR":"kviterussiske rublar (2000–2016)","BZD":"beliziske dollar","CAD":"kanadiske dollar","CDF":"kongolesiske franc","CHE":"WIR euro","CHF":"sveitsiske franc","CHW":"WIR franc","CLE":"chilenske escudo","CLF":"chilenske unidades de fomento","CLP":"chilenske pesos","CNH":"kinesiske yuan (offshore)","CNX":"Kinas folkebank dollar","CNY":"kinesiske yuan","COP":"kolombianske pesos","COU":"unidad de valor real","CRC":"kostarikanske colón","CSD":"gamle serbiske dinarer","CSK":"tsjekkoslovakiske koruna (hard)","CUC":"kubanske konvertible pesos","CUP":"kubanske pesos","CVE":"kappverdiske escudo","CYP":"kypriotiske pund","CZK":"tsjekkiske koruna","DDM":"austtyske mark","DEM":"tyske mark","DJF":"djiboutiske franc","DKK":"danske kroner","DOP":"dominikanske pesos","DZD":"algeriske dinarar","ECS":"ecuadorianske sucre","ECV":"ecuadorianske unidad de valor constante (UVC)","EEK":"estiske kroon","EGP":"egyptiske pund","ERN":"eritreiske nakfa","ESA":"spanske peseta (A–konto)","ESB":"spanske peseta (konvertibel konto)","ESP":"spanske peseta","ETB":"etiopiske birr","EUR":"euro","FIM":"finske mark","FJD":"fijianske dollar","FKP":"falklandspund","FRF":"franske franc","GBP":"britiske pund","GEK":"georgiske kupon larit","GEL":"georgiske lari","GHC":"ghanesiske cedi (1979–2007)","GHS":"ghanesiske cedi","GIP":"gibraltarske pund","GMD":"gambiske dalasi","GNF":"guineanske franc","GNS":"guineanske syli","GQE":"ekvatorialguineanske ekwele guineana","GRD":"greske drakme","GTQ":"guatemalanske quetzal","GWE":"portugisiske guinea escudo","GWP":"Guinea-Bissau-peso","GYD":"guyanske dollar","HKD":"Hongkong-dollar","HNL":"honduranske lempira","HRD":"kroatiske dinar","HRK":"kroatiske kuna","HTG":"haitiske gourde","HUF":"ungarske forintar","IDR":"indonesiske rupiar","IEP":"irske pund","ILP":"israelske pund","ILR":"israelske shekler (1980–1985)","ILS":"nye israelske sheklar","INR":"indiske rupiar","IQD":"irakiske dinarar","IRR":"iranske rial","ISJ":"islandske kroner (1918–1981)","ISK":"islandske kroner","ITL":"italienske lire","JMD":"jamaikanske dollar","JOD":"jordanske dinarar","JPY":"japanske yen","KES":"kenyanske shilling","KGS":"kirgisiske som","KHR":"kambodsjanske riel","KMF":"komoriske franc","KPW":"nordkoreanske won","KRH":"sørkoreanske hwan (1953–1962)","KRO":"sørkoreanske won (1945–1953)","KRW":"sørkoreanske won","KWD":"kuwaitiske dinarar","KYD":"caymanske dollar","KZT":"kasakhstanske tenge","LAK":"laotiske kip","LBP":"libanesiske pund","LKR":"srilankiske rupiar","LRD":"liberiske dollar","LSL":"lesothiske loti","LTL":"litauiske lita","LTT":"litauiske talona","LUC":"luxemburgske konvertibel franc","LUF":"luxemburgske franc","LUL":"luxemburgske finansielle franc","LVL":"latviske lat","LVR":"latviske rublar","LYD":"libyske dinarar","MAD":"marokkanske dirham","MAF":"marokkanske franc","MCF":"monegaskiske franc","MDC":"moldovske cupon","MDL":"moldovske leuar","MGA":"madagassiske ariary","MGF":"madagassiske franc","MKD":"makedonske denarar","MKN":"makedonske denarer (1992–1993)","MLF":"maliske franc","MMK":"myanmarske kyat","MNT":"mongolske tugrik","MOP":"makaoiske pataca","MRO":"mauritanske ouguiya (1973–2017)","MRU":"mauritanske ouguiya","MTL":"maltesiske lira","MTP":"maltesiske pund","MUR":"mauritiske rupiar","MVP":"maldiviske rupier","MVR":"maldiviske rufiyaa","MWK":"malawiske kwacha","MXN":"meksikanske pesos","MXP":"meksikanske sølvpeso (1861–1992)","MXV":"meksikanske unidad de inversion (UDI)","MYR":"malaysiske ringgit","MZE":"mosambikiske escudo","MZM":"gamle mosambikiske metical","MZN":"mosambikiske metical","NAD":"namibiske dollar","NGN":"nigerianske naira","NIC":"nicaraguanske cordoba","NIO":"nicaraguanske córdoba","NLG":"nederlandske gylden","NOK":"norske kroner","NPR":"nepalske rupiar","NZD":"nyzealandske dollar","OMR":"omanske rial","PAB":"panamanske balboa","PEI":"peruanske inti","PEN":"peruanske sol","PES":"peruanske sol (1863–1965)","PGK":"papuanske kina","PHP":"filippinske pesos","PKR":"pakistanske rupiar","PLN":"polske zloty","PLZ":"polske zloty (1950–1995)","PTE":"portugisiske escudo","PYG":"paraguayanske guaraní","QAR":"qatarske rial","RHD":"rhodesiske dollar","ROL":"gamle rumenske leu","RON":"rumenske leuar","RSD":"serbiske dinarar","RUB":"russiske rublar","RUR":"russiske rublar (1991–1998)","RWF":"rwandiske franc","SAR":"saudiarabiske rial","SBD":"salomonske dollar","SCR":"seychelliske rupiar","SDD":"gamle sudanske dinarer","SDG":"sudanske pund","SDP":"gamle sudanske pund","SEK":"svenske kroner","SGD":"singaporske dollar","SHP":"sankthelenske pund","SIT":"slovenske tolar","SKK":"slovakiske koruna","SLL":"sierraleonske leone","SOS":"somaliske shilling","SRD":"surinamske dollar","SRG":"surinamske gylden","SSP":"sørsudanske pund","STD":"saotomesiske dobra (1977–2017)","STN":"saotomesiske dobra","SUR":"sovjetiske rublar","SVC":"salvadoranske colon","SYP":"syriske pund","SZL":"eswatinisk lilangeni","THB":"thailandske baht","TJR":"tadsjikiske rublar","TJS":"tadsjikiske somoni","TMM":"turkmensk manat (1993–2009)","TMT":"turkmenske manat","TND":"tunisiske dinarar","TOP":"tonganske paʻanga","TPE":"timoresiske escudo","TRL":"gamle tyrkiske lire","TRY":"tyrkiske lire","TTD":"trinidadiske dollar","TWD":"nye taiwanske dollar","TZS":"tanzanianske shilling","UAH":"ukrainske hryvnia","UAK":"ukrainske karbovanetz","UGS":"ugandiske shilling (1966–1987)","UGX":"ugandiske shilling","USD":"amerikanske dollar","USN":"amerikanske dollar (neste dag)","USS":"amerikanske dollar (same dag)","UYI":"uruguayanske peso en unidades indexadas","UYP":"uruguayanske peso (1975–1993)","UYU":"uruguayanske pesos","UZS":"usbekiske sum","VEB":"venezuelanske bolivar (1871–2008)","VEF":"venezuelanske bolivar (2008–2018)","VES":"venezuelanske bolivar","VND":"vietnamesiske dong","VNN":"vietnamesiske dong (1978–1985)","VUV":"vanuatuiske vatu","WST":"samoanske tala","XAF":"sentralafrikanske CFA-franc","XAG":"sølv","XAU":"gull","XBA":"europeiske samansette einingar","XBB":"europeiske monetære einingar","XBC":"europeiske kontoeiningar (XBC)","XBD":"europeiske kontoeiningar (XBD)","XCD":"austkaribiske dollar","XDR":"spesielle trekkrettar","XEU":"europeiske valutaeiningar","XFO":"franske gullfranc","XFU":"franske UIC-franc","XOF":"vestafrikanske CFA-franc","XPD":"palladium","XPF":"CFP-franc","XPT":"platina","XRE":"RINET-fond","XSU":"sucre","XTS":"testvalutakode","XUA":"ADB-kontoenhet","XXX":"ukjend valuta","YDD":"jemenittiske dinarar","YER":"jemenittiske rial","YUD":"jugoslaviske dinarar (hard)","YUM":"jugoslaviske noviy-dinarar","YUN":"jugoslaviske konvertibel dinarar","YUR":"jugoslaviske reformerte dinarer (1992–1993)","ZAL":"sørafrikanske rand (finansiell)","ZAR":"sørafrikanske rand","ZMK":"zambiske kwacha (1968–2012)","ZMW":"zambiske kwacha","ZRN":"zairisk ny zaire","ZRZ":"zairisk zaire","ZWD":"zimbabwisk dollar","ZWL":"zimbabwisk dollar (2009)","ZWR":"zimbabwisk dollar (2008)"},"narrow":{},"short":{}},"dateTimeField":{"long":{"day":"dag","dayOfYear":"dag i året","dayperiod":"a.m./p.m.","era":"tidsalder","hour":"time","minute":"minutt","month":"månad","quarter":"kvartal","second":"sekund","timeZoneName":"tidssone","weekOfMonth":"veke i månaden","weekOfYear":"veke","weekday":"vekedag","weekdayOfMonth":"vekedag i månaden","year":"år"},"narrow":{"day":"d.","dayOfYear":"d. i året","dayperiod":"am/pm","era":"tidsalder","hour":"t","minute":"m","month":"md.","quarter":"kv.","second":"s","timeZoneName":"tidssone","weekOfMonth":"veke i md.","weekOfYear":"v.","weekday":"veked.","weekdayOfMonth":"veked. i md.","year":"år"},"short":{"day":"dag","dayOfYear":"dag i året","dayperiod":"am/pm","era":"tidsalder","hour":"t","minute":"min","month":"md.","quarter":"kv.","second":"sek","timeZoneName":"tidssone","weekOfMonth":"veke i md.","weekOfYear":"veke","weekday":"vekedag","weekdayOfMonth":"veked. i md.","year":"år"}},"language":{"dialect":{"long":{"aa":"afar","ab":"abkhasisk","ace":"achinesisk","ach":"acoli","ada":"adangme","ady":"adygeisk","ae":"avestisk","aeb":"tunisisk-arabisk","af":"afrikaans","afh":"afrihili","agq":"aghem","ain":"ainu","ak":"akan","akk":"akkadisk","akz":"alabama","ale":"aleutisk","aln":"gegisk-albansk","alt":"sør-altaj","am":"amharisk","an":"aragonsk","ang":"gammalengelsk","ann":"obolo","anp":"angika","ar":"arabisk","ar-001":"moderne standardarabisk","arc":"arameisk","arn":"mapudungun","aro":"araona","arp":"arapaho","arq":"algerisk arabisk","ars":"najdi-arabisk","arw":"arawak","ary":"marokkansk-arabisk","arz":"egyptisk arabisk","as":"assamesisk","asa":"asu (Tanzania)","ase":"amerikansk tegnspråk","ast":"asturisk","atj":"atikamekw","av":"avarisk","avk":"kotava","awa":"avadhi","ay":"aymara","az":"aserbajdsjansk","ba":"basjkirsk","bal":"baluchi","ban":"balinesisk","bar":"bairisk","bas":"basa","bax":"bamun","bbc":"batak toba","bbj":"ghomala","be":"kviterussisk","bej":"beja","bem":"bemba","bew":"betawi","bez":"bena (Tanzania)","bfd":"bafut","bfq":"badaga","bg":"bulgarsk","bgn":"vestbalutsji","bho":"bhojpuri","bi":"bislama","bik":"bikol","bin":"bini","bjn":"banjar","bkm":"kom","bla":"siksika","bm":"bambara","bn":"bengali","bo":"tibetansk","bpy":"bishnupriya","bqi":"bakhtiari","br":"bretonsk","bra":"braj","brh":"brahui","brx":"bodo","bs":"bosnisk","bss":"bakossi","bua":"burjatisk","bug":"buginesisk","bum":"bulu","byn":"blin","byv":"medumba","ca":"katalansk","cad":"caddo","car":"carib","cay":"cayuga","cch":"atsam","ccp":"chakma","ce":"tsjetsjensk","ceb":"cebuano","cgg":"kiga","ch":"chamorro","chb":"chibcha","chg":"tsjagataisk","chk":"chuukesisk","chm":"mari","chn":"chinook","cho":"choctaw","chp":"chipewiansk","chr":"cherokee","chy":"cheyenne","ckb":"sorani","clc":"chilcotin","co":"korsikansk","cop":"koptisk","cps":"kapiz","cr":"cree","crg":"michif","crh":"krimtatarisk","crj":"sørleg aust-cree","crk":"prærie-cree","crl":"nordleg aust-cree","crm":"moose cree","crr":"carolinsk-algonkinsk","crs":"seselwa (fransk-kreolsk)","cs":"tsjekkisk","csb":"kasjubisk","csw":"myr-cree","cu":"kyrkjeslavisk","cv":"tsjuvansk","cy":"walisisk","da":"dansk","dak":"dakota","dar":"dargwa","dav":"taita","de":"tysk","del":"delaware","den":"slavej","dgr":"dogrib","din":"dinka","dje":"zarma","doi":"dogri","dsb":"lågsorbisk","dtp":"sentraldusun","dua":"duala","dum":"mellomnederlandsk","dv":"divehi","dyo":"jola-fonyi","dyu":"dyula","dz":"dzongkha","dzg":"dazaga","ebu":"embu","ee":"ewe","efi":"efik","egl":"emiliansk","egy":"gammalegyptisk","eka":"ekajuk","el":"gresk","elx":"elamite","en":"engelsk","enm":"mellomengelsk","eo":"esperanto","es":"spansk","esu":"sentralyupik","et":"estisk","eu":"baskisk","ewo":"ewondo","ext":"ekstremaduransk","fa":"persisk","fa-AF":"dari","fan":"fang","fat":"fanti","ff":"fulfulde","fi":"finsk","fil":"filippinsk","fit":"tornedalsfinsk","fj":"fijiansk","fo":"færøysk","fon":"fon","fr":"fransk","frc":"cajunfransk","frm":"mellomfransk","fro":"gammalfransk","frp":"arpitansk","frr":"nordfrisisk","frs":"austfrisisk","fur":"friulisk","fy":"vestfrisisk","ga":"irsk","gaa":"ga","gag":"gagausisk","gan":"gan","gay":"gayo","gba":"gbaya","gbz":"zoroastrisk dari","gd":"skotsk-gælisk","gez":"geez","gil":"gilbertese","gl":"galisisk","glk":"gileki","gmh":"mellomhøgtysk","gn":"guarani","goh":"gammalhøgtysk","gom":"goansk konkani","gon":"gondi","gor":"gorontalo","got":"gotisk","grb":"grebo","grc":"gammalgresk","gsw":"sveitsertysk","gu":"gujarati","guc":"wayuu","gur":"frafra","guz":"gusii","gv":"manx","gwi":"gwichin","ha":"hausa","hai":"haida","hak":"hakka","haw":"hawaiisk","hax":"sørleg haida","he":"hebraisk","hi":"hindi","hif":"fijiansk hindi","hil":"hiligaynon","hit":"hettittisk","hmn":"hmong","ho":"hiri motu","hr":"kroatisk","hsb":"høgsorbisk","hsn":"xiang","ht":"haitisk","hu":"ungarsk","hup":"hupa","hur":"halkomelem","hy":"armensk","hz":"herero","ia":"interlingua","iba":"iban","ibb":"ibibio","id":"indonesisk","ie":"interlingue","ig":"ibo","ii":"sichuan-yi","ik":"inupiak","ikt":"vestleg kanadisk inuktitut","ilo":"iloko","inh":"ingusjisk","io":"ido","is":"islandsk","it":"italiensk","iu":"inuktitut","izh":"ingrisk","ja":"japansk","jam":"jamaicansk kreolengelsk","jbo":"lojban","jgo":"ngomba","jmc":"machame","jpr":"jødepersisk","jrb":"jødearabisk","jut":"jysk","jv":"javanesisk","ka":"georgisk","kaa":"karakalpakisk","kab":"kabylsk","kac":"kachin","kaj":"jju","kam":"kamba","kaw":"kawi","kbd":"kabardisk","kbl":"kanembu","kcg":"tyap","kde":"makonde","kea":"kappverdisk","ken":"kenyang","kfo":"koro","kg":"kikongo","kgp":"kaingang","kha":"khasi","kho":"khotanesisk","khq":"koyra chiini","khw":"khowar","ki":"kikuyu","kiu":"kirmancki","kj":"kuanyama","kk":"kasakhisk","kkj":"kako","kl":"grønlandsk (kalaallisut)","kln":"kalenjin","km":"khmer","kmb":"kimbundu","kn":"kannada","ko":"koreansk","koi":"komipermjakisk","kok":"konkani","kos":"kosraeansk","kpe":"kpelle","kr":"kanuri","krc":"karachay-balkar","kri":"krio","krj":"kinaray-a","krl":"karelsk","kru":"kurukh","ks":"kasjmiri","ksb":"shambala","ksf":"bafia","ksh":"kølnsk","ku":"kurdisk","kum":"kumyk","kut":"kutenai","kv":"komi","kw":"kornisk","kwk":"kwak̓wala","ky":"kirgisisk","la":"latin","lad":"ladino","lag":"langi","lah":"lahnda","lam":"lamba","lb":"luxemburgsk","lez":"lezghian","lfn":"lingua franca nova","lg":"ganda","li":"limburgisk","lij":"ligurisk","lil":"lillooet","liv":"livisk","lkt":"lakota","lmo":"lombardisk","ln":"lingala","lo":"laotisk","lol":"mongo","lou":"louisianakreolsk","loz":"lozi","lrc":"nord-lurisk","lsm":"samia","lt":"litauisk","ltg":"latgallisk","lu":"luba-katanga","lua":"luba-lulua","lui":"luiseno","lun":"lunda","luo":"luo","lus":"lushai","luy":"olulujia","lv":"latvisk","lzh":"klassisk kinesisk","lzz":"lazisk","mad":"maduresisk","maf":"mafa","mag":"magahi","mai":"maithili","mak":"makasar","man":"mandingo","mas":"masai","mde":"maba","mdf":"moksha","mdr":"mandar","men":"mende","mer":"meru","mfe":"morisyen","mg":"madagassisk","mga":"mellomirsk","mgh":"makhuwa-meetto","mgo":"meta’","mh":"marshallesisk","mi":"maori","mic":"micmac","min":"minangkabau","mk":"makedonsk","ml":"malayalam","mn":"mongolsk","mnc":"mandsju","mni":"manipuri","moe":"innu-aimun","moh":"mohawk","mos":"mossi","mr":"marathi","mrj":"vestmarisk","ms":"malayisk","mt":"maltesisk","mua":"mundang","mul":"fleire språk","mus":"creek","mwl":"mirandesisk","mwr":"marwari","mwv":"mentawai","my":"burmesisk","mye":"myene","myv":"erzia","mzn":"mazanderani","na":"nauru","nan":"minnan","nap":"napolitansk","naq":"nama","nb":"norsk bokmål","nd":"nord-ndebele","nds":"lågtysk","nds-NL":"lågsaksisk","ne":"nepalsk","new":"newari","ng":"ndonga","nia":"nias","niu":"niuisk","njo":"ao naga","nl":"nederlandsk","nl-BE":"flamsk","nmg":"kwasio","nn":"norsk nynorsk","nnh":"ngiemboon","no":"norsk","nog":"nogai","non":"gammalnorsk","nov":"novial","nqo":"n’ko","nr":"sør-ndebele","nso":"nordsotho","nus":"nuer","nv":"navajo","nwc":"klassisk newarisk","ny":"nyanja","nym":"nyamwezi","nyn":"nyankole","nyo":"nyoro","nzi":"nzima","oc":"oksitansk","oj":"ojibwa","ojb":"nordvestleg ojibwa","ojc":"ojibwa (sentral)","ojs":"oji-cree","ojw":"vestleg ojibwa","oka":"okanagansk","om":"oromo","or":"odia","os":"ossetisk","osa":"osage","ota":"ottomansk tyrkisk","pa":"panjabi","pag":"pangasinan","pal":"pahlavi","pam":"pampanga","pap":"papiamento","pau":"palauisk","pcd":"pikardisk","pcm":"nigeriansk pidgin","pdc":"pennsylvaniatysk","pdt":"plautdietsch","peo":"gammalpersisk","pfl":"palatintysk","phn":"fønikisk","pi":"pali","pis":"pijin","pl":"polsk","pms":"piemontesisk","pnt":"pontisk","pon":"ponapisk","pqm":"maliseet-passamaquoddy","prg":"prøyssisk","pro":"gammalprovençalsk","ps":"pashto","pt":"portugisisk","qu":"quechua","quc":"k’iche","qug":"kichwa (Chimborazo-høylandet)","raj":"rajasthani","rap":"rapanui","rar":"rarotongansk","rgn":"romagnolsk","rhg":"rohingya","rif":"riff","rm":"retoromansk","rn":"rundi","ro":"rumensk","ro-MD":"moldavisk","rof":"rombo","rom":"romani","rtm":"rotumansk","ru":"russisk","rue":"rusinsk","rug":"roviana","rup":"arumensk","rw":"kinjarwanda","rwk":"rwa","sa":"sanskrit","sad":"sandawe","sah":"sakha","sam":"samaritansk arameisk","saq":"samburu","sas":"sasak","sat":"santali","saz":"saurashtra","sba":"ngambay","sbp":"sangu","sc":"sardinsk","scn":"siciliansk","sco":"skotsk","sd":"sindhi","sdc":"sassaresisk sardisk","sdh":"sørkurdisk","se":"nordsamisk","see":"seneca","seh":"sena","sei":"seri","sel":"selkupisk","ses":"koyraboro senni","sg":"sango","sga":"gammalirsk","sgs":"samogitisk","sh":"serbokroatisk","shi":"tachelhit","shn":"shan","shu":"tsjadisk arabisk","si":"singalesisk","sid":"sidamo","sk":"slovakisk","sl":"slovensk","slh":"sørleg lushootseed","sli":"lavschlesisk","sly":"selayar","sm":"samoansk","sma":"sørsamisk","smj":"lulesamisk","smn":"enaresamisk","sms":"skoltesamisk","sn":"shona","snk":"soninke","so":"somali","sog":"sogdisk","sq":"albansk","sr":"serbisk","srn":"sranan tongo","srr":"serer","ss":"swati","ssy":"saho","st":"sørsotho","stq":"saterfrisisk","str":"straits-salish","su":"sundanesisk","suk":"sukuma","sus":"susu","sux":"sumerisk","sv":"svensk","sw":"swahili","sw-CD":"kongolesisk swahili","swb":"shimaore","syc":"klassisk syrisk","syr":"syrisk","szl":"schlesisk","ta":"tamil","tce":"sørleg tutchone","tcy":"tulu","te":"telugu","tem":"temne","teo":"teso","ter":"tereno","tet":"tetum","tg":"tadsjikisk","tgx":"tagish","th":"thai","tht":"tahltan","ti":"tigrinja","tig":"tigré","tiv":"tivi","tk":"turkmensk","tkl":"tokelau","tkr":"tsakhursk","tl":"tagalog","tlh":"klingon","tli":"tlingit","tly":"talysj","tmh":"tamasjek","tn":"tswana","to":"tongansk","tog":"tonga (Nyasa)","tok":"toki pona","tpi":"tok pisin","tr":"tyrkisk","tru":"turoyo","trv":"taroko","ts":"tsonga","tsd":"tsakonisk","tsi":"tsimshian","tt":"tatarisk","ttm":"nordleg tutchone","ttt":"muslimsk tat","tum":"tumbuka","tvl":"tuvalu","tw":"twi","twq":"tasawaq","ty":"tahitisk","tyv":"tuvinisk","tzm":"sentral-tamazight","udm":"udmurt","ug":"uigurisk","uga":"ugaritisk","uk":"ukrainsk","umb":"umbundu","und":"ukjent språk","ur":"urdu","uz":"usbekisk","vai":"vai","ve":"venda","vec":"venetiansk","vep":"vepsisk","vi":"vietnamesisk","vls":"vestflamsk","vmf":"Main-frankisk","vo":"volapyk","vot":"votisk","vro":"sørestisk","vun":"vunjo","wa":"vallonsk","wae":"walsertysk","wal":"wolaytta","war":"waray","was":"washo","wbp":"warlpiri","wo":"wolof","wuu":"wu","xal":"kalmykisk","xh":"xhosa","xmf":"mingrelsk","xog":"soga","yao":"yao","yap":"yapesisk","yav":"yangben","ybb":"yemba","yi":"jiddisk","yo":"joruba","yrl":"nheengatu","yue":"kantonesisk","za":"zhuang","zap":"zapotec","zbl":"blissymbol","zea":"zeeuws","zen":"zenaga","zgh":"standard marokkansk tamazight","zh":"kinesisk","zh-Hans":"forenkla kinesisk","zh-Hant":"tradisjonell kinesisk","zu":"zulu","zun":"zuni","zxx":"utan språkleg innhald","zza":"zaza"},"narrow":{},"short":{"az":"azeri"}},"standard":{"long":{"aa":"afar","ab":"abkhasisk","ace":"achinesisk","ach":"acoli","ada":"adangme","ady":"adygeisk","ae":"avestisk","aeb":"tunisisk-arabisk","af":"afrikaans","afh":"afrihili","agq":"aghem","ain":"ainu","ak":"akan","akk":"akkadisk","akz":"alabama","ale":"aleutisk","aln":"gegisk-albansk","alt":"sør-altaj","am":"amharisk","an":"aragonsk","ang":"gammalengelsk","ann":"obolo","anp":"angika","ar":"arabisk","ar-001":"arabisk (verda)","arc":"arameisk","arn":"mapudungun","aro":"araona","arp":"arapaho","arq":"algerisk arabisk","ars":"najdi-arabisk","arw":"arawak","ary":"marokkansk-arabisk","arz":"egyptisk arabisk","as":"assamesisk","asa":"asu (Tanzania)","ase":"amerikansk tegnspråk","ast":"asturisk","atj":"atikamekw","av":"avarisk","avk":"kotava","awa":"avadhi","ay":"aymara","az":"aserbajdsjansk","ba":"basjkirsk","bal":"baluchi","ban":"balinesisk","bar":"bairisk","bas":"basa","bax":"bamun","bbc":"batak toba","bbj":"ghomala","be":"kviterussisk","bej":"beja","bem":"bemba","bew":"betawi","bez":"bena (Tanzania)","bfd":"bafut","bfq":"badaga","bg":"bulgarsk","bgn":"vestbalutsji","bho":"bhojpuri","bi":"bislama","bik":"bikol","bin":"bini","bjn":"banjar","bkm":"kom","bla":"siksika","bm":"bambara","bn":"bengali","bo":"tibetansk","bpy":"bishnupriya","bqi":"bakhtiari","br":"bretonsk","bra":"braj","brh":"brahui","brx":"bodo","bs":"bosnisk","bss":"bakossi","bua":"burjatisk","bug":"buginesisk","bum":"bulu","byn":"blin","byv":"medumba","ca":"katalansk","cad":"caddo","car":"carib","cay":"cayuga","cch":"atsam","ccp":"chakma","ce":"tsjetsjensk","ceb":"cebuano","cgg":"kiga","ch":"chamorro","chb":"chibcha","chg":"tsjagataisk","chk":"chuukesisk","chm":"mari","chn":"chinook","cho":"choctaw","chp":"chipewiansk","chr":"cherokee","chy":"cheyenne","ckb":"sorani","clc":"chilcotin","co":"korsikansk","cop":"koptisk","cps":"kapiz","cr":"cree","crg":"michif","crh":"krimtatarisk","crj":"sørleg aust-cree","crk":"prærie-cree","crl":"nordleg aust-cree","crm":"moose cree","crr":"carolinsk-algonkinsk","crs":"seselwa (fransk-kreolsk)","cs":"tsjekkisk","csb":"kasjubisk","csw":"myr-cree","cu":"kyrkjeslavisk","cv":"tsjuvansk","cy":"walisisk","da":"dansk","dak":"dakota","dar":"dargwa","dav":"taita","de":"tysk","del":"delaware","den":"slavej","dgr":"dogrib","din":"dinka","dje":"zarma","doi":"dogri","dsb":"lågsorbisk","dtp":"sentraldusun","dua":"duala","dum":"mellomnederlandsk","dv":"divehi","dyo":"jola-fonyi","dyu":"dyula","dz":"dzongkha","dzg":"dazaga","ebu":"embu","ee":"ewe","efi":"efik","egl":"emiliansk","egy":"gammalegyptisk","eka":"ekajuk","el":"gresk","elx":"elamite","en":"engelsk","enm":"mellomengelsk","eo":"esperanto","es":"spansk","esu":"sentralyupik","et":"estisk","eu":"baskisk","ewo":"ewondo","ext":"ekstremaduransk","fa":"persisk","fa-AF":"persisk (Afghanistan)","fan":"fang","fat":"fanti","ff":"fulfulde","fi":"finsk","fil":"filippinsk","fit":"tornedalsfinsk","fj":"fijiansk","fo":"færøysk","fon":"fon","fr":"fransk","frc":"cajunfransk","frm":"mellomfransk","fro":"gammalfransk","frp":"arpitansk","frr":"nordfrisisk","frs":"austfrisisk","fur":"friulisk","fy":"vestfrisisk","ga":"irsk","gaa":"ga","gag":"gagausisk","gan":"gan","gay":"gayo","gba":"gbaya","gbz":"zoroastrisk dari","gd":"skotsk-gælisk","gez":"geez","gil":"gilbertese","gl":"galisisk","glk":"gileki","gmh":"mellomhøgtysk","gn":"guarani","goh":"gammalhøgtysk","gom":"goansk konkani","gon":"gondi","gor":"gorontalo","got":"gotisk","grb":"grebo","grc":"gammalgresk","gsw":"sveitsertysk","gu":"gujarati","guc":"wayuu","gur":"frafra","guz":"gusii","gv":"manx","gwi":"gwichin","ha":"hausa","hai":"haida","hak":"hakka","haw":"hawaiisk","hax":"sørleg haida","he":"hebraisk","hi":"hindi","hif":"fijiansk hindi","hil":"hiligaynon","hit":"hettittisk","hmn":"hmong","ho":"hiri motu","hr":"kroatisk","hsb":"høgsorbisk","hsn":"xiang","ht":"haitisk","hu":"ungarsk","hup":"hupa","hur":"halkomelem","hy":"armensk","hz":"herero","ia":"interlingua","iba":"iban","ibb":"ibibio","id":"indonesisk","ie":"interlingue","ig":"ibo","ii":"sichuan-yi","ik":"inupiak","ikt":"vestleg kanadisk inuktitut","ilo":"iloko","inh":"ingusjisk","io":"ido","is":"islandsk","it":"italiensk","iu":"inuktitut","izh":"ingrisk","ja":"japansk","jam":"jamaicansk kreolengelsk","jbo":"lojban","jgo":"ngomba","jmc":"machame","jpr":"jødepersisk","jrb":"jødearabisk","jut":"jysk","jv":"javanesisk","ka":"georgisk","kaa":"karakalpakisk","kab":"kabylsk","kac":"kachin","kaj":"jju","kam":"kamba","kaw":"kawi","kbd":"kabardisk","kbl":"kanembu","kcg":"tyap","kde":"makonde","kea":"kappverdisk","ken":"kenyang","kfo":"koro","kg":"kikongo","kgp":"kaingang","kha":"khasi","kho":"khotanesisk","khq":"koyra chiini","khw":"khowar","ki":"kikuyu","kiu":"kirmancki","kj":"kuanyama","kk":"kasakhisk","kkj":"kako","kl":"grønlandsk (kalaallisut)","kln":"kalenjin","km":"khmer","kmb":"kimbundu","kn":"kannada","ko":"koreansk","koi":"komipermjakisk","kok":"konkani","kos":"kosraeansk","kpe":"kpelle","kr":"kanuri","krc":"karachay-balkar","kri":"krio","krj":"kinaray-a","krl":"karelsk","kru":"kurukh","ks":"kasjmiri","ksb":"shambala","ksf":"bafia","ksh":"kølnsk","ku":"kurdisk","kum":"kumyk","kut":"kutenai","kv":"komi","kw":"kornisk","kwk":"kwak̓wala","ky":"kirgisisk","la":"latin","lad":"ladino","lag":"langi","lah":"lahnda","lam":"lamba","lb":"luxemburgsk","lez":"lezghian","lfn":"lingua franca nova","lg":"ganda","li":"limburgisk","lij":"ligurisk","lil":"lillooet","liv":"livisk","lkt":"lakota","lmo":"lombardisk","ln":"lingala","lo":"laotisk","lol":"mongo","lou":"louisianakreolsk","loz":"lozi","lrc":"nord-lurisk","lsm":"samia","lt":"litauisk","ltg":"latgallisk","lu":"luba-katanga","lua":"luba-lulua","lui":"luiseno","lun":"lunda","luo":"luo","lus":"lushai","luy":"olulujia","lv":"latvisk","lzh":"klassisk kinesisk","lzz":"lazisk","mad":"maduresisk","maf":"mafa","mag":"magahi","mai":"maithili","mak":"makasar","man":"mandingo","mas":"masai","mde":"maba","mdf":"moksha","mdr":"mandar","men":"mende","mer":"meru","mfe":"morisyen","mg":"madagassisk","mga":"mellomirsk","mgh":"makhuwa-meetto","mgo":"meta’","mh":"marshallesisk","mi":"maori","mic":"micmac","min":"minangkabau","mk":"makedonsk","ml":"malayalam","mn":"mongolsk","mnc":"mandsju","mni":"manipuri","moe":"innu-aimun","moh":"mohawk","mos":"mossi","mr":"marathi","mrj":"vestmarisk","ms":"malayisk","mt":"maltesisk","mua":"mundang","mul":"fleire språk","mus":"creek","mwl":"mirandesisk","mwr":"marwari","mwv":"mentawai","my":"burmesisk","mye":"myene","myv":"erzia","mzn":"mazanderani","na":"nauru","nan":"minnan","nap":"napolitansk","naq":"nama","nb":"norsk bokmål","nd":"nord-ndebele","nds":"lågtysk","nds-NL":"lågtysk (Nederland)","ne":"nepalsk","new":"newari","ng":"ndonga","nia":"nias","niu":"niuisk","njo":"ao naga","nl":"nederlandsk","nl-BE":"nederlandsk (Belgia)","nmg":"kwasio","nn":"norsk nynorsk","nnh":"ngiemboon","no":"norsk","nog":"nogai","non":"gammalnorsk","nov":"novial","nqo":"n’ko","nr":"sør-ndebele","nso":"nordsotho","nus":"nuer","nv":"navajo","nwc":"klassisk newarisk","ny":"nyanja","nym":"nyamwezi","nyn":"nyankole","nyo":"nyoro","nzi":"nzima","oc":"oksitansk","oj":"ojibwa","ojb":"nordvestleg ojibwa","ojc":"ojibwa (sentral)","ojs":"oji-cree","ojw":"vestleg ojibwa","oka":"okanagansk","om":"oromo","or":"odia","os":"ossetisk","osa":"osage","ota":"ottomansk tyrkisk","pa":"panjabi","pag":"pangasinan","pal":"pahlavi","pam":"pampanga","pap":"papiamento","pau":"palauisk","pcd":"pikardisk","pcm":"nigeriansk pidgin","pdc":"pennsylvaniatysk","pdt":"plautdietsch","peo":"gammalpersisk","pfl":"palatintysk","phn":"fønikisk","pi":"pali","pis":"pijin","pl":"polsk","pms":"piemontesisk","pnt":"pontisk","pon":"ponapisk","pqm":"maliseet-passamaquoddy","prg":"prøyssisk","pro":"gammalprovençalsk","ps":"pashto","pt":"portugisisk","qu":"quechua","quc":"k’iche","qug":"kichwa (Chimborazo-høylandet)","raj":"rajasthani","rap":"rapanui","rar":"rarotongansk","rgn":"romagnolsk","rhg":"rohingya","rif":"riff","rm":"retoromansk","rn":"rundi","ro":"rumensk","ro-MD":"rumensk (Moldova)","rof":"rombo","rom":"romani","rtm":"rotumansk","ru":"russisk","rue":"rusinsk","rug":"roviana","rup":"arumensk","rw":"kinjarwanda","rwk":"rwa","sa":"sanskrit","sad":"sandawe","sah":"sakha","sam":"samaritansk arameisk","saq":"samburu","sas":"sasak","sat":"santali","saz":"saurashtra","sba":"ngambay","sbp":"sangu","sc":"sardinsk","scn":"siciliansk","sco":"skotsk","sd":"sindhi","sdc":"sassaresisk sardisk","sdh":"sørkurdisk","se":"nordsamisk","see":"seneca","seh":"sena","sei":"seri","sel":"selkupisk","ses":"koyraboro senni","sg":"sango","sga":"gammalirsk","sgs":"samogitisk","sh":"serbokroatisk","shi":"tachelhit","shn":"shan","shu":"tsjadisk arabisk","si":"singalesisk","sid":"sidamo","sk":"slovakisk","sl":"slovensk","slh":"sørleg lushootseed","sli":"lavschlesisk","sly":"selayar","sm":"samoansk","sma":"sørsamisk","smj":"lulesamisk","smn":"enaresamisk","sms":"skoltesamisk","sn":"shona","snk":"soninke","so":"somali","sog":"sogdisk","sq":"albansk","sr":"serbisk","srn":"sranan tongo","srr":"serer","ss":"swati","ssy":"saho","st":"sørsotho","stq":"saterfrisisk","str":"straits-salish","su":"sundanesisk","suk":"sukuma","sus":"susu","sux":"sumerisk","sv":"svensk","sw":"swahili","sw-CD":"swahili (Kongo-Kinshasa)","swb":"shimaore","syc":"klassisk syrisk","syr":"syrisk","szl":"schlesisk","ta":"tamil","tce":"sørleg tutchone","tcy":"tulu","te":"telugu","tem":"temne","teo":"teso","ter":"tereno","tet":"tetum","tg":"tadsjikisk","tgx":"tagish","th":"thai","tht":"tahltan","ti":"tigrinja","tig":"tigré","tiv":"tivi","tk":"turkmensk","tkl":"tokelau","tkr":"tsakhursk","tl":"tagalog","tlh":"klingon","tli":"tlingit","tly":"talysj","tmh":"tamasjek","tn":"tswana","to":"tongansk","tog":"tonga (Nyasa)","tok":"toki pona","tpi":"tok pisin","tr":"tyrkisk","tru":"turoyo","trv":"taroko","ts":"tsonga","tsd":"tsakonisk","tsi":"tsimshian","tt":"tatarisk","ttm":"nordleg tutchone","ttt":"muslimsk tat","tum":"tumbuka","tvl":"tuvalu","tw":"twi","twq":"tasawaq","ty":"tahitisk","tyv":"tuvinisk","tzm":"sentral-tamazight","udm":"udmurt","ug":"uigurisk","uga":"ugaritisk","uk":"ukrainsk","umb":"umbundu","und":"ukjent språk","ur":"urdu","uz":"usbekisk","vai":"vai","ve":"venda","vec":"venetiansk","vep":"vepsisk","vi":"vietnamesisk","vls":"vestflamsk","vmf":"Main-frankisk","vo":"volapyk","vot":"votisk","vro":"sørestisk","vun":"vunjo","wa":"vallonsk","wae":"walsertysk","wal":"wolaytta","war":"waray","was":"washo","wbp":"warlpiri","wo":"wolof","wuu":"wu","xal":"kalmykisk","xh":"xhosa","xmf":"mingrelsk","xog":"soga","yao":"yao","yap":"yapesisk","yav":"yangben","ybb":"yemba","yi":"jiddisk","yo":"joruba","yrl":"nheengatu","yue":"kantonesisk","za":"zhuang","zap":"zapotec","zbl":"blissymbol","zea":"zeeuws","zen":"zenaga","zgh":"standard marokkansk tamazight","zh":"kinesisk","zh-Hans":"forenkla kinesisk","zh-Hant":"tradisjonell kinesisk","zu":"zulu","zun":"zuni","zxx":"utan språkleg innhald","zza":"zaza"},"narrow":{},"short":{"az":"azeri"}}},"region":{"long":{"142":"Asia","143":"Sentral-Asia","145":"Vest-Asia","150":"Europa","151":"Aust-Europa","154":"Nord-Europa","155":"Vest-Europa","202":"Afrika sør for Sahara","419":"Latin-Amerika","001":"verda","002":"Afrika","003":"Nord-Amerika","005":"Sør-Amerika","009":"Oseania","011":"Vest-Afrika","013":"Sentral-Amerika","014":"Aust-Afrika","015":"Nord-Afrika","017":"Sentral-Afrika","018":"Sørlege Afrika","019":"Amerika","021":"Nordlege Amerika","029":"Karibia","030":"Aust-Asia","034":"Sør-Asia","035":"Søraust-Asia","039":"Sør-Europa","053":"Australasia","054":"Melanesia","057":"Mikronesia","061":"Polynesia","AC":"Ascension","AD":"Andorra","AE":"Dei sameinte arabiske emirata","AF":"Afghanistan","AG":"Antigua og Barbuda","AI":"Anguilla","AL":"Albania","AM":"Armenia","AO":"Angola","AQ":"Antarktis","AR":"Argentina","AS":"Amerikansk Samoa","AT":"Austerrike","AU":"Australia","AW":"Aruba","AX":"Åland","AZ":"Aserbajdsjan","BA":"Bosnia-Hercegovina","BB":"Barbados","BD":"Bangladesh","BE":"Belgia","BF":"Burkina Faso","BG":"Bulgaria","BH":"Bahrain","BI":"Burundi","BJ":"Benin","BL":"Saint-Barthélemy","BM":"Bermuda","BN":"Brunei","BO":"Bolivia","BQ":"Karibisk Nederland","BR":"Brasil","BS":"Bahamas","BT":"Bhutan","BV":"Bouvetøya","BW":"Botswana","BY":"Kviterussland","BZ":"Belize","CA":"Canada","CC":"Kokosøyane","CD":"Kongo-Kinshasa","CF":"Den sentralafrikanske republikken","CG":"Kongo-Brazzaville","CH":"Sveits","CI":"Elfenbeinskysten","CK":"Cookøyane","CL":"Chile","CM":"Kamerun","CN":"Kina","CO":"Colombia","CP":"Clippertonøya","CR":"Costa Rica","CU":"Cuba","CV":"Kapp Verde","CW":"Curaçao","CX":"Christmasøya","CY":"Kypros","CZ":"Tsjekkia","DE":"Tyskland","DG":"Diego Garcia","DJ":"Djibouti","DK":"Danmark","DM":"Dominica","DO":"Den dominikanske republikken","DZ":"Algerie","EA":"Ceuta og Melilla","EC":"Ecuador","EE":"Estland","EG":"Egypt","EH":"Vest-Sahara","ER":"Eritrea","ES":"Spania","ET":"Etiopia","EU":"Den europeiske unionen","EZ":"eurosona","FI":"Finland","FJ":"Fiji","FK":"Falklandsøyane","FM":"Mikronesiaføderasjonen","FO":"Færøyane","FR":"Frankrike","GA":"Gabon","GB":"Storbritannia","GD":"Grenada","GE":"Georgia","GF":"Fransk Guyana","GG":"Guernsey","GH":"Ghana","GI":"Gibraltar","GL":"Grønland","GM":"Gambia","GN":"Guinea","GP":"Guadeloupe","GQ":"Ekvatorial-Guinea","GR":"Hellas","GS":"Sør-Georgia og Sør-Sandwichøyane","GT":"Guatemala","GU":"Guam","GW":"Guinea-Bissau","GY":"Guyana","HK":"Hongkong SAR Kina","HM":"Heardøya og McDonaldøyane","HN":"Honduras","HR":"Kroatia","HT":"Haiti","HU":"Ungarn","IC":"Kanariøyane","ID":"Indonesia","IE":"Irland","IL":"Israel","IM":"Man","IN":"India","IO":"Det britiske territoriet i Indiahavet","IQ":"Irak","IR":"Iran","IS":"Island","IT":"Italia","JE":"Jersey","JM":"Jamaica","JO":"Jordan","JP":"Japan","KE":"Kenya","KG":"Kirgisistan","KH":"Kambodsja","KI":"Kiribati","KM":"Komorane","KN":"Saint Kitts og Nevis","KP":"Nord-Korea","KR":"Sør-Korea","KW":"Kuwait","KY":"Caymanøyane","KZ":"Kasakhstan","LA":"Laos","LB":"Libanon","LC":"St. Lucia","LI":"Liechtenstein","LK":"Sri Lanka","LR":"Liberia","LS":"Lesotho","LT":"Litauen","LU":"Luxembourg","LV":"Latvia","LY":"Libya","MA":"Marokko","MC":"Monaco","MD":"Moldova","ME":"Montenegro","MF":"Saint-Martin","MG":"Madagaskar","MH":"Marshalløyane","MK":"Nord-Makedonia","ML":"Mali","MM":"Myanmar (Burma)","MN":"Mongolia","MO":"Macao SAR Kina","MP":"Nord-Marianane","MQ":"Martinique","MR":"Mauritania","MS":"Montserrat","MT":"Malta","MU":"Mauritius","MV":"Maldivane","MW":"Malawi","MX":"Mexico","MY":"Malaysia","MZ":"Mosambik","NA":"Namibia","NC":"Ny-Caledonia","NE":"Niger","NF":"Norfolkøya","NG":"Nigeria","NI":"Nicaragua","NL":"Nederland","NO":"Noreg","NP":"Nepal","NR":"Nauru","NU":"Niue","NZ":"New Zealand","OM":"Oman","PA":"Panama","PE":"Peru","PF":"Fransk Polynesia","PG":"Papua Ny-Guinea","PH":"Filippinane","PK":"Pakistan","PL":"Polen","PM":"Saint-Pierre-et-Miquelon","PN":"Pitcairn","PR":"Puerto Rico","PS":"Det palestinske området","PT":"Portugal","PW":"Palau","PY":"Paraguay","QA":"Qatar","QO":"Ytre Oseania","RE":"Réunion","RO":"Romania","RS":"Serbia","RU":"Russland","RW":"Rwanda","SA":"Saudi-Arabia","SB":"Salomonøyane","SC":"Seychellane","SD":"Sudan","SE":"Sverige","SG":"Singapore","SH":"Saint Helena","SI":"Slovenia","SJ":"Svalbard og Jan Mayen","SK":"Slovakia","SL":"Sierra Leone","SM":"San Marino","SN":"Senegal","SO":"Somalia","SR":"Surinam","SS":"Sør-Sudan","ST":"São Tomé og Príncipe","SV":"El Salvador","SX":"Sint Maarten","SY":"Syria","SZ":"Eswatini","TA":"Tristan da Cunha","TC":"Turks- og Caicosøyane","TD":"Tsjad","TF":"Dei franske sørterritoria","TG":"Togo","TH":"Thailand","TJ":"Tadsjikistan","TK":"Tokelau","TL":"Aust-Timor","TM":"Turkmenistan","TN":"Tunisia","TO":"Tonga","TR":"Tyrkia","TT":"Trinidad og Tobago","TV":"Tuvalu","TW":"Taiwan","TZ":"Tanzania","UA":"Ukraina","UG":"Uganda","UM":"USAs ytre småøyar","UN":"SN","US":"USA","UY":"Uruguay","UZ":"Usbekistan","VA":"Vatikanstaten","VC":"St. Vincent og Grenadinane","VE":"Venezuela","VG":"Dei britiske Jomfruøyane","VI":"Dei amerikanske Jomfruøyane","VN":"Vietnam","VU":"Vanuatu","WF":"Wallis og Futuna","WS":"Samoa","XA":"pseudospråk – aksentar","XB":"pseudospråk – RTL","XK":"Kosovo","YE":"Jemen","YT":"Mayotte","ZA":"Sør-Afrika","ZM":"Zambia","ZW":"Zimbabwe","ZZ":"ukjent område"},"narrow":{},"short":{"GB":"Storbritannia","HK":"Hongkong","MO":"Macao","PS":"Palestina","UN":"SN","US":"USA"}},"script":{"long":{"Adlm":"adlam","Afak":"afaka","Aghb":"kaukasus-albansk","Ahom":"ahom","Arab":"arabisk","Aran":"nastaliq","Armi":"armisk","Armn":"armensk","Avst":"avestisk","Bali":"balinesisk","Bamu":"bamum","Bass":"bassa vah","Batk":"batak","Beng":"bengalsk","Blis":"blissymbol","Bopo":"bopomofo","Brah":"brahmi","Brai":"punktskrift","Bugi":"buginesisk","Buhd":"buhid","Cakm":"chakma","Cans":"felles kanadiske urspråksstavingar","Cari":"karisk","Cham":"cham","Cher":"cherokee","Cirt":"cirth","Copt":"koptisk","Cprt":"kypriotisk","Cyrl":"kyrillisk","Cyrs":"kyrillisk (kyrkjeslavisk variant)","Deva":"devanagari","Dsrt":"deseret","Dupl":"duployan stenografi","Egyd":"egyptisk demotisk","Egyh":"egyptisk hieratisk","Egyp":"egyptiske hieroglyfar","Elba":"elbasisk","Ethi":"etiopisk","Geok":"khutsuri (asomtavruli og nuskhuri)","Geor":"georgisk","Glag":"glagolittisk","Goth":"gotisk","Gran":"gammeltamilsk","Grek":"gresk","Gujr":"gujarati","Guru":"gurmukhi","Hanb":"hanb","Hang":"hangul","Hani":"han","Hano":"hanunoo","Hans":"forenkla","Hant":"tradisjonell","Hatr":"hatransk armensk","Hebr":"hebraisk","Hira":"hiragana","Hluw":"anatoliske hieroglyfer","Hmng":"pahawk hmong","Hrkt":"japansk stavingsskrifter","Hung":"gammalungarsk","Inds":"indus","Ital":"gammalitalisk","Jamo":"jamo","Java":"javanesisk","Jpan":"japansk","Jurc":"jurchen","Kali":"kayah li","Kana":"katakana","Khar":"kharoshthi","Khmr":"khmer","Khoj":"khojki","Knda":"kannada","Kore":"koreansk","Kpel":"kpelle","Kthi":"kaithisk","Lana":"lanna","Laoo":"laotisk","Latf":"latinsk (frakturvariant)","Latg":"latinsk (gælisk variant)","Latn":"latinsk","Lepc":"lepcha","Limb":"lumbu","Lina":"lineær A","Linb":"lineær B","Lisu":"fraser","Loma":"loma","Lyci":"lykisk","Lydi":"lydisk","Mahj":"mahajani","Mand":"mandaisk","Mani":"manikeisk","Maya":"maya-hieroglyfar","Mend":"mende","Merc":"meroitisk kursiv","Mero":"meroitisk","Mlym":"malayalam","Modi":"modi","Mong":"mongolsk","Moon":"moon","Mroo":"mro","Mtei":"meitei-mayek","Mult":"multani","Mymr":"burmesisk","Narb":"gammelnordarabisk","Nbat":"nabataeansk","Nkgb":"naxi geba","Nkoo":"n’ko","Nshu":"nüshu","Ogam":"ogham","Olck":"ol-chiki","Orkh":"orkhon","Orya":"odia","Osma":"osmanya","Palm":"palmyrensk","Pauc":"pau cin hau","Perm":"gammalpermisk","Phag":"phags-pa","Phli":"inskripsjonspahlavi","Phlp":"salmepahlavi","Phlv":"pahlavi","Phnx":"fønikisk","Plrd":"pollard-fonetisk","Prti":"inskripsjonsparthisk","Qaag":"zawgyi","Rjng":"rejang","Rohg":"hanifi","Roro":"rongorongo","Runr":"runer","Samr":"samaritansk","Sara":"sarati","Sarb":"gammelsørarabisk","Saur":"saurashtra","Sgnw":"teiknskrift","Shaw":"shavisk","Shrd":"sharada","Sidd":"siddham","Sind":"khudawadi","Sinh":"singalesisk","Sora":"sora sompeng","Sund":"sundanesisk","Sylo":"syloti nagri","Syrc":"syriakisk","Syre":"syriakisk (estrangelo-variant)","Syrj":"syriakisk (vestleg variant)","Syrn":"syriakisk (austleg variant)","Tagb":"tagbanwa","Takr":"takri","Tale":"tai le","Talu":"ny tai lue","Taml":"tamilsk","Tang":"tangut","Tavt":"tai viet","Telu":"telugu","Teng":"tengwar","Tfng":"tifinagh","Tglg":"tagalog","Thaa":"thaana","Thai":"thai","Tibt":"tibetansk","Tirh":"tirhuta","Ugar":"ugaritisk","Vaii":"vai","Visp":"synleg tale","Wara":"varang kshiti","Wole":"woleai","Xpeo":"gammalpersisk","Xsux":"sumero-akkadisk kileskrift","Yiii":"yi","Zinh":"nedarva","Zmth":"matematisk notasjon","Zsye":"emoji","Zsym":"symbol","Zxxx":"språk utan skrift","Zyyy":"felles","Zzzz":"ukjend skrift"},"narrow":{},"short":{}}}},"locale":"nn"}