{"data":{"patterns":{"locale":"{0} ({1})"},"types":{"calendar":{"long":{"buddhist":"kalendarz buddyjski","chinese":"kalendarz chiński","coptic":"kalendarz koptyjski","dangi":"kalendarz koreański","ethiopic":"kalendarz etiopski","ethiopic-amete-alem":"kalendarz etiopski Amete Alem","gregorian":"kalendarz gregoriański","hebrew":"kalendarz hebrajski","indian":"narodowy kalendarz hinduski","islamic":"kalendarz muzułmański","islamic-civil":"kalendarz islamski (metoda obliczeniowa)","islamic-rgsa":"kalendarz islamski (Arabia Saudyjska, metoda wzrokowa)","islamic-tbla":"kalendarz islamski (metoda obliczeniowa, epoka astronomiczna)","islamic-umalqura":"kalendarz islamski (Umm al-Kura)","iso8601":"kalendarz ISO-8601","japanese":"kalendarz japoński","persian":"kalendarz perski","roc":"kalendarz Republiki Chińskiej"},"narrow":{},"short":{}},"currency":{"long":{"ADP":"peseta andorska","AED":"dirham ZEA","AFA":"afgani (1927–2002)","AFN":"afgani afgańskie","ALL":"lek albański","AMD":"dram armeński","ANG":"gulden antylski","AOA":"kwanza angolska","AOK":"kwanza angolańska (1977–1990)","AON":"nowa kwanza angolańska (1990–2000)","AOR":"kwanza angolańska Reajustado (1995–1999)","ARA":"austral argentyński","ARP":"peso argentyńskie (1983–1985)","ARS":"peso argentyńskie","ATS":"szyling austriacki","AUD":"dolar australijski","AWG":"florin arubański","AZM":"manat azerbejdżański","AZN":"manat azerski","BAD":"dinar Bośni i Hercegowiny","BAM":"marka zamienna Bośni i Hercegowiny","BBD":"dolar barbadoski","BDT":"taka bengalska","BEC":"frank belgijski (zamienny)","BEF":"frank belgijski","BEL":"frank belgijski (finansowy)","BGL":"lew bułgarski wymienny","BGM":"lew bułgarski socjalistyczny","BGN":"lew bułgarski","BGO":"lew bułgarski (1879–1952)","BHD":"dinar bahrański","BIF":"frank burundyjski","BMD":"dolar bermudzki","BND":"dolar brunejski","BOB":"boliviano boliwijskie","BOP":"peso boliwijskie","BOV":"mvdol boliwijski","BRB":"cruzeiro novo brazylijskie (1967–1986)","BRC":"cruzado brazylijskie","BRE":"cruzeiro brazylijskie (1990–1993)","BRL":"real brazylijski","BRN":"nowe cruzado brazylijskie","BRR":"cruzeiro brazylijskie","BSD":"dolar bahamski","BTN":"ngultrum bhutański","BUK":"kyat birmański","BWP":"pula botswańska","BYB":"rubel białoruski (1994–1999)","BYN":"rubel białoruski","BYR":"rubel białoruski (2000–2016)","BZD":"dolar belizeński","CAD":"dolar kanadyjski","CDF":"frank kongijski","CHF":"frank szwajcarski","CLP":"peso chilijskie","CNH":"juan chiński (rynek zewnętrzny)","CNY":"juan chiński","COP":"peso kolumbijskie","CRC":"colon kostarykański","CSD":"stary dinar serbski","CSK":"korona czechosłowacka","CUC":"peso kubańskie wymienialne","CUP":"peso kubańskie","CVE":"escudo zielonoprzylądkowe","CYP":"funt cypryjski","CZK":"korona czeska","DDM":"wschodnia marka wschodnioniemiecka","DEM":"marka niemiecka","DJF":"frank dżibutyjski","DKK":"korona duńska","DOP":"peso dominikańskie","DZD":"dinar algierski","ECS":"sucre ekwadorski","EEK":"korona estońska","EGP":"funt egipski","ERN":"nakfa erytrejska","ESA":"peseta hiszpańska (Konto A)","ESB":"peseta hiszpańska (konto wymienne)","ESP":"peseta hiszpańska","ETB":"birr etiopski","EUR":"euro","FIM":"marka fińska","FJD":"dolar fidżyjski","FKP":"funt falklandzki","FRF":"frank francuski","GBP":"funt szterling","GEK":"kupon gruziński larit","GEL":"lari gruzińskie","GHC":"cedi ghańskie (1979–2007)","GHS":"cedi ghańskie","GIP":"funt gibraltarski","GMD":"dalasi gambijskie","GNF":"frank gwinejski","GNS":"syli gwinejskie","GQE":"ekwele gwinejskie Gwinei Równikowej","GRD":"drachma grecka","GTQ":"quetzal gwatemalski","GWE":"escudo Gwinea Portugalska","GWP":"peso Guinea-Bissau","GYD":"dolar gujański","HKD":"dolar hongkoński","HNL":"lempira honduraska","HRD":"dinar chorwacki","HRK":"kuna chorwacka","HTG":"gourde haitański","HUF":"forint węgierski","IDR":"rupia indonezyjska","IEP":"funt irlandzki","ILP":"funt izraelski","ILS":"nowy szekel izraelski","INR":"rupia indyjska","IQD":"dinar iracki","IRR":"rial irański","ISK":"korona islandzka","ITL":"lir włoski","JMD":"dolar jamajski","JOD":"dinar jordański","JPY":"jen japoński","KES":"szyling kenijski","KGS":"som kirgiski","KHR":"riel kambodżański","KMF":"frank komoryjski","KPW":"won północnokoreański","KRW":"won południowokoreański","KWD":"dinar kuwejcki","KYD":"dolar kajmański","KZT":"tenge kazachskie","LAK":"kip laotański","LBP":"funt libański","LKR":"rupia lankijska","LRD":"dolar liberyjski","LSL":"loti lesotyjskie","LTL":"lit litewski","LTT":"talon litewski","LUF":"frank luksemburski","LVL":"łat łotewski","LVR":"rubel łotewski","LYD":"dinar libijski","MAD":"dirham marokański","MAF":"frank marokański","MDL":"lej mołdawski","MGA":"ariary malgaski","MGF":"frank malgaski","MKD":"denar macedoński","MLF":"frank malijski","MMK":"kiat birmański","MNT":"tugrik mongolski","MOP":"pataca Makau","MRO":"ouguiya mauretańska (1973–2017)","MRU":"ugija mauretańska","MTL":"lira maltańska","MTP":"funt maltański","MUR":"rupia maurytyjska","MVR":"rupia malediwska","MWK":"kwacha malawijska","MXN":"peso meksykańskie","MXP":"peso srebrne meksykańskie (1861–1992)","MYR":"ringgit malezyjski","MZE":"escudo mozambickie","MZM":"metical Mozambik","MZN":"metical mozambicki","NAD":"dolar namibijski","NGN":"naira nigeryjska","NIC":"cordoba nikaraguańska (1988–1991)","NIO":"cordoba nikaraguańska","NLG":"gulden holenderski","NOK":"korona norweska","NPR":"rupia nepalska","NZD":"dolar nowozelandzki","OMR":"rial omański","PAB":"balboa panamski","PEI":"inti peruwiański","PEN":"sol peruwiański","PES":"sol peruwiański (1863–1965)","PGK":"kina papuańska","PHP":"peso filipińskie","PKR":"rupia pakistańska","PLN":"złoty polski","PLZ":"złoty polski (1950–1995)","PTE":"escudo portugalskie","PYG":"guarani paragwajskie","QAR":"rial katarski","RHD":"dolar rodezyjski","ROL":"lej rumuński (1952–2006)","RON":"lej rumuński","RSD":"dinar serbski","RUB":"rubel rosyjski","RUR":"rubel rosyjski (1991–1998)","RWF":"frank ruandyjski","SAR":"rial saudyjski","SBD":"dolar Wysp Salomona","SCR":"rupia seszelska","SDD":"dinar sudański","SDG":"funt sudański","SDP":"funt sudański (1957–1998)","SEK":"korona szwedzka","SGD":"dolar singapurski","SHP":"funt Świętej Heleny","SIT":"tolar słoweński","SKK":"korona słowacka","SLL":"leone sierraleoński","SOS":"szyling somalijski","SRD":"dolar surinamski","SRG":"gulden surinamski","SSP":"funt południowosudański","STD":"dobra Wysp Świętego Tomasza i Książęcej (1977–2017)","STN":"dobra Wysp Świętego Tomasza i Książęcej","SUR":"rubel radziecki","SVC":"colon salwadorski","SYP":"funt syryjski","SZL":"lilangeni Suazi","THB":"baht tajski","TJR":"rubel tadżycki","TJS":"somoni tadżyckie","TMM":"manat turkmeński (1993–2009)","TMT":"manat turkmeński","TND":"dinar tunezyjski","TOP":"pa’anga tongijska","TPE":"escudo timorskie","TRL":"lira turecka (1922–2005)","TRY":"lira turecka","TTD":"dolar trynidadzki","TWD":"nowy dolar tajwański","TZS":"szyling tanzański","UAH":"hrywna ukraińska","UAK":"karbowaniec ukraiński","UGS":"szyling ugandyjski (1966–1987)","UGX":"szyling ugandyjski","USD":"dolar amerykański","UYP":"peso urugwajskie (1975–1993)","UYU":"peso urugwajskie","UZS":"som uzbecki","VEB":"boliwar wenezuelski (1871–2008)","VEF":"boliwar wenezuelski (2008–2018)","VES":"boliwar wenezuelski","VND":"dong wietnamski","VUV":"vatu wanuackie","WST":"tala samoańskie","XAF":"frank CFA BEAC","XAG":"srebro","XAU":"złoto","XBC":"europejska jednostka rozrachunkowa (XBC)","XBD":"europejska jednostka rozrachunkowa (XBD)","XCD":"dolar wschodniokaraibski","XDR":"specjalne prawa ciągnienia","XEU":"ECU","XFO":"frank złoty francuski","XFU":"UIC-frank francuski","XOF":"frank CFA","XPD":"pallad","XPF":"frank CFP","XPT":"platyna","XTS":"testowy kod waluty","XXX":"nieznana waluta","YDD":"dinar jemeński","YER":"rial jemeński","YUM":"nowy dinar jugosławiański","YUN":"dinar jugosławiański wymienny","ZAL":"rand południowoafrykański (finansowy)","ZAR":"rand południowoafrykański","ZMK":"kwacha zambijska (1968–2012)","ZMW":"kwacha zambijska","ZRN":"nowy zair zairski","ZRZ":"zair zairski","ZWD":"dolar Zimbabwe (1980–2008)","ZWL":"dolar Zimbabwe (2009)","ZWR":"dolar Zimbabwe (2008)"},"narrow":{},"short":{}},"dateTimeField":{"long":{"day":"dzień","dayOfYear":"dzień roku","dayperiod":"rano / po południu / wieczorem","era":"era","hour":"godzina","minute":"minuta","month":"miesiąc","quarter":"kwartał","second":"sekunda","timeZoneName":"strefa czasowa","weekOfMonth":"tydzień miesiąca","weekOfYear":"tydzień","weekday":"dzień tygodnia","weekdayOfMonth":"dzień miesiąca","year":"rok"},"narrow":{"day":"d.","dayOfYear":"dz. r.","dayperiod":"rano / po poł. / wiecz.","era":"era","hour":"g.","minute":"min","month":"mc","quarter":"kw.","second":"s","timeZoneName":"str. czas.","weekOfMonth":"tydz. mies.","weekOfYear":"tydz.","weekday":"dz. tyg.","weekdayOfMonth":"dz. mies.","year":"r."},"short":{"day":"dz.","dayOfYear":"dz. roku","dayperiod":"rano / po południu / wieczorem","era":"era","hour":"godz.","minute":"min","month":"mies.","quarter":"kw.","second":"sek.","timeZoneName":"str. czasowa","weekOfMonth":"tydz. mies.","weekOfYear":"tydz.","weekday":"dzień tyg.","weekdayOfMonth":"dzień mies.","year":"r."}},"language":{"dialect":{"long":{"aa":"afar","ab":"abchaski","ace":"aceh","ach":"aczoli","ada":"adangme","ady":"adygejski","ae":"awestyjski","aeb":"tunezyjski arabski","af":"afrikaans","afh":"afrihili","agq":"aghem","ain":"ajnu","ak":"akan","akk":"akadyjski","akz":"alabama","ale":"aleucki","aln":"albański gegijski","alt":"południowoałtajski","am":"amharski","an":"aragoński","ang":"staroangielski","ann":"obolo","anp":"angika","ar":"arabski","ar-001":"współczesny arabski","arc":"aramejski","arn":"mapudungun","aro":"araona","arp":"arapaho","arq":"algierski arabski","ars":"arabski nadżdyjski","arw":"arawak","ary":"marokański arabski","arz":"egipski arabski","as":"asamski","asa":"asu","ase":"amerykański język migowy","ast":"asturyjski","atj":"atikamekw","av":"awarski","avk":"kotava","awa":"awadhi","ay":"ajmara","az":"azerbejdżański","ba":"baszkirski","bal":"beludżi","ban":"balijski","bar":"bawarski","bas":"basaa","bax":"bamum","bbc":"batak toba","bbj":"ghomala","be":"białoruski","bej":"bedża","bem":"bemba","bew":"betawi","bez":"bena","bfd":"bafut","bfq":"badaga","bg":"bułgarski","bgn":"beludżi północny","bho":"bhodżpuri","bi":"bislama","bik":"bikol","bin":"bini","bjn":"banjar","bkm":"kom","bla":"siksika","bm":"bambara","bn":"bengalski","bo":"tybetański","bpy":"bisznuprija-manipuri","bqi":"bachtiarski","br":"bretoński","bra":"bradź","brh":"brahui","brx":"bodo","bs":"bośniacki","bss":"akoose","bua":"buriacki","bug":"bugijski","bum":"bulu","byn":"blin","byv":"medumba","ca":"kataloński","cad":"kaddo","car":"karaibski","cay":"kajuga","cch":"atsam","ccp":"czakma","ce":"czeczeński","ceb":"cebuański","cgg":"chiga","ch":"czamorro","chb":"czibcza","chg":"czagatajski","chk":"chuuk","chm":"maryjski","chn":"żargon czinucki","cho":"czoktawski","chp":"czipewiański","chr":"czirokeski","chy":"czejeński","ckb":"sorani","clc":"chilcotin","co":"korsykański","cop":"koptyjski","cps":"capiznon","cr":"kri","crg":"miszif","crh":"krymskotatarski","crj":"kri południowo-wschodni","crk":"kri równinny","crl":"kri północno-wschodni","crm":"kri Moose","crr":"algonkiński (Karolina Północna)","crs":"kreolski seszelski","cs":"czeski","csb":"kaszubski","csw":"kri bagienny","cu":"cerkiewnosłowiański","cv":"czuwaski","cy":"walijski","da":"duński","dak":"dakota","dar":"dargwijski","dav":"taita","de":"niemiecki","de-AT":"niemiecki austriacki","de-CH":"wysokoniemiecki szwajcarski","del":"delaware","den":"slave","dgr":"dogrib","din":"dinka","dje":"dżerma","doi":"dogri","dsb":"dolnołużycki","dtp":"dusun centralny","dua":"duala","dum":"średniowieczny niderlandzki","dv":"malediwski","dyo":"diola","dyu":"diula","dz":"dzongkha","dzg":"dazaga","ebu":"embu","ee":"ewe","efi":"efik","egl":"emilijski","egy":"staroegipski","eka":"ekajuk","el":"grecki","elx":"elamicki","en":"angielski","en-AU":"angielski australijski","en-CA":"angielski kanadyjski","en-GB":"angielski brytyjski","en-US":"angielski amerykański","enm":"średnioangielski","eo":"esperanto","es":"hiszpański","es-419":"amerykański hiszpański","es-ES":"europejski hiszpański","es-MX":"meksykański hiszpański","esu":"yupik środkowosyberyjski","et":"estoński","eu":"baskijski","ewo":"ewondo","ext":"estremadurski","fa":"perski","fa-AF":"dari","fan":"fang","fat":"fanti","ff":"fulani","fi":"fiński","fil":"filipiński","fit":"meänkieli","fj":"fidżijski","fo":"farerski","fon":"fon","fr":"francuski","fr-CA":"francuski kanadyjski","fr-CH":"francuski szwajcarski","frc":"cajuński","frm":"średniofrancuski","fro":"starofrancuski","frp":"franko-prowansalski","frr":"północnofryzyjski","frs":"wschodniofryzyjski","fur":"friulski","fy":"zachodniofryzyjski","ga":"irlandzki","gaa":"ga","gag":"gagauski","gan":"gan","gay":"gayo","gba":"gbaya","gbz":"zaratusztriański dari","gd":"szkocki gaelicki","gez":"gyyz","gil":"gilbertański","gl":"galicyjski","glk":"giliański","gmh":"średnio-wysoko-niemiecki","gn":"guarani","goh":"staro-wysoko-niemiecki","gom":"konkani (Goa)","gon":"gondi","gor":"gorontalo","got":"gocki","grb":"grebo","grc":"starogrecki","gsw":"szwajcarski niemiecki","gu":"gudżarati","guc":"wayúu","gur":"frafra","guz":"gusii","gv":"manx","gwi":"gwichʼin","ha":"hausa","hai":"haida","hak":"hakka","haw":"hawajski","hax":"haida południowy","he":"hebrajski","hi":"hindi","hi-Latn":"hindi (alfabet łaciński)","hif":"hindi fidżyjskie","hil":"hiligaynon","hit":"hetycki","hmn":"hmong","ho":"hiri motu","hr":"chorwacki","hsb":"górnołużycki","hsn":"xiang","ht":"kreolski haitański","hu":"węgierski","hup":"hupa","hur":"halkomelem","hy":"ormiański","hz":"herero","ia":"interlingua","iba":"iban","ibb":"ibibio","id":"indonezyjski","ie":"interlingue","ig":"igbo","ii":"syczuański","ik":"inupiak","ikt":"inuktitut zachodniokanadyjski","ilo":"ilokano","inh":"inguski","io":"ido","is":"islandzki","it":"włoski","iu":"inuktitut","izh":"ingryjski","ja":"japoński","jam":"jamajski","jbo":"lojban","jgo":"ngombe","jmc":"machame","jpr":"judeo-perski","jrb":"judeoarabski","jut":"jutlandzki","jv":"jawajski","ka":"gruziński","kaa":"karakałpacki","kab":"kabylski","kac":"kaczin","kaj":"jju","kam":"kamba","kaw":"kawi","kbd":"kabardyjski","kbl":"kanembu","kcg":"tyap","kde":"makonde","kea":"kreolski Wysp Zielonego Przylądka","ken":"kenyang","kfo":"koro","kg":"kongo","kgp":"kaingang","kha":"khasi","kho":"chotański","khq":"koyra chiini","khw":"khowar","ki":"kikuju","kiu":"kirmandżki","kj":"kwanyama","kk":"kazachski","kkj":"kako","kl":"grenlandzki","kln":"kalenjin","km":"khmerski","kmb":"kimbundu","kn":"kannada","ko":"koreański","koi":"komi-permiacki","kok":"konkani","kos":"kosrae","kpe":"kpelle","kr":"kanuri","krc":"karaczajsko-bałkarski","kri":"krio","krj":"kinaraya","krl":"karelski","kru":"kurukh","ks":"kaszmirski","ksb":"sambala","ksf":"bafia","ksh":"gwara kolońska","ku":"kurdyjski","kum":"kumycki","kut":"kutenai","kv":"komi","kw":"kornijski","kwk":"kwakiutl","ky":"kirgiski","la":"łaciński","lad":"ladyński","lag":"langi","lah":"lahnda","lam":"lamba","lb":"luksemburski","lez":"lezgijski","lfn":"Lingua Franca Nova","lg":"ganda","li":"limburski","lij":"liguryjski","lil":"lillooet","liv":"liwski","lkt":"lakota","lmo":"lombardzki","ln":"lingala","lo":"laotański","lol":"mongo","lou":"kreolski luizjański","loz":"lozi","lrc":"luryjski północny","lsm":"saamia","lt":"litewski","ltg":"łatgalski","lu":"luba-katanga","lua":"luba-lulua","lui":"luiseno","lun":"lunda","luo":"luo","lus":"mizo","luy":"luhya","lv":"łotewski","lzh":"chiński klasyczny","lzz":"lazyjski","mad":"madurski","maf":"mafa","mag":"magahi","mai":"maithili","mak":"makasar","man":"mandingo","mas":"masajski","mde":"maba","mdf":"moksza","mdr":"mandar","men":"mende","mer":"meru","mfe":"kreolski Mauritiusa","mg":"malgaski","mga":"średnioirlandzki","mgh":"makua","mgo":"meta","mh":"marszalski","mi":"maoryjski","mic":"mikmak","min":"minangkabu","mk":"macedoński","ml":"malajalam","mn":"mongolski","mnc":"manchu","mni":"manipuri","moe":"innu-aimun","moh":"mohawk","mos":"mossi","mr":"marathi","mrj":"zachodniomaryjski","ms":"malajski","mt":"maltański","mua":"mundang","mul":"wiele języków","mus":"krik","mwl":"mirandyjski","mwr":"marwari","mwv":"mentawai","my":"birmański","mye":"myene","myv":"erzja","mzn":"mazanderański","na":"nauruański","nan":"minnański","nap":"neapolitański","naq":"nama","nb":"norweski (bokmål)","nd":"ndebele północny","nds":"dolnoniemiecki","nds-NL":"dolnosaksoński","ne":"nepalski","new":"newarski","ng":"ndonga","nia":"nias","niu":"niue","njo":"ao","nl":"niderlandzki","nl-BE":"flamandzki","nmg":"ngumba","nn":"norweski (nynorsk)","nnh":"ngiemboon","no":"norweski","nog":"nogajski","non":"staronordyjski","nov":"novial","nqo":"n’ko","nr":"ndebele południowy","nso":"sotho północny","nus":"nuer","nv":"nawaho","nwc":"newarski klasyczny","ny":"njandża","nym":"niamwezi","nyn":"nyankole","nyo":"nyoro","nzi":"nzema","oc":"oksytański","oj":"odżibwa","ojb":"odżibwe północno-zachodni","ojc":"odżibwe centralny","ojs":"odżi-kri","ojw":"odżibwe zachodni","oka":"okanagan","om":"oromo","or":"orija","os":"osetyjski","osa":"osage","ota":"osmańsko-turecki","pa":"pendżabski","pag":"pangasinan","pal":"pahlavi","pam":"pampango","pap":"papiamento","pau":"palau","pcd":"pikardyjski","pcm":"pidżyn nigeryjski","pdc":"pensylwański","pdt":"plautdietsch","peo":"staroperski","pfl":"palatynacki","phn":"fenicki","pi":"palijski","pis":"pijin","pl":"polski","pms":"piemoncki","pnt":"pontyjski","pon":"ponpejski","pqm":"malecite-passamaquoddy","prg":"pruski","pro":"staroprowansalski","ps":"paszto","pt":"portugalski","pt-BR":"brazylijski portugalski","pt-PT":"europejski portugalski","qu":"keczua","quc":"kicze","qug":"keczua górski (Chimborazo)","raj":"radźasthani","rap":"rapanui","rar":"rarotonga","rgn":"romagnol","rhg":"rohingya","rif":"tarifit","rm":"retoromański","rn":"rundi","ro":"rumuński","ro-MD":"mołdawski","rof":"rombo","rom":"cygański","rtm":"rotumański","ru":"rosyjski","rue":"rusiński","rug":"roviana","rup":"arumuński","rw":"kinya-ruanda","rwk":"rwa","sa":"sanskryt","sad":"sandawe","sah":"jakucki","sam":"samarytański aramejski","saq":"samburu","sas":"sasak","sat":"santali","saz":"saurasztryjski","sba":"ngambay","sbp":"sangu","sc":"sardyński","scn":"sycylijski","sco":"scots","sd":"sindhi","sdc":"sassarski","sdh":"południowokurdyjski","se":"północnolapoński","see":"seneka","seh":"sena","sei":"seri","sel":"selkupski","ses":"koyraboro senni","sg":"sango","sga":"staroirlandzki","sgs":"żmudzki","sh":"serbsko-chorwacki","shi":"tashelhiyt","shn":"szan","shu":"arabski (Czad)","si":"syngaleski","sid":"sidamo","sk":"słowacki","sl":"słoweński","slh":"lushootseed południowy","sli":"dolnośląski","sly":"selayar","sm":"samoański","sma":"południowolapoński","smj":"lule","smn":"inari","sms":"skolt","sn":"shona","snk":"soninke","so":"somalijski","sog":"sogdyjski","sq":"albański","sr":"serbski","srn":"sranan tongo","srr":"serer","ss":"suazi","ssy":"saho","st":"sotho południowy","stq":"fryzyjski saterlandzki","str":"salisz","su":"sundajski","suk":"sukuma","sus":"susu","sux":"sumeryjski","sv":"szwedzki","sw":"suahili","sw-CD":"kongijski suahili","swb":"komoryjski","syc":"syriacki","syr":"syryjski","szl":"śląski","ta":"tamilski","tce":"tutchone południowy","tcy":"tulu","te":"telugu","tem":"temne","teo":"ateso","ter":"tereno","tet":"tetum","tg":"tadżycki","tgx":"tagish","th":"tajski","tht":"tahltan","ti":"tigrinia","tig":"tigre","tiv":"tiw","tk":"turkmeński","tkl":"tokelau","tkr":"cachurski","tl":"tagalski","tlh":"klingoński","tli":"tlingit","tly":"tałyski","tmh":"tamaszek","tn":"setswana","to":"tonga","tog":"tonga (Niasa)","tok":"toki pona","tpi":"tok pisin","tr":"turecki","tru":"turoyo","trv":"taroko","ts":"tsonga","tsd":"cakoński","tsi":"tsimshian","tt":"tatarski","ttm":"tutchone północny","ttt":"tacki","tum":"tumbuka","tvl":"tuvalu","tw":"twi","twq":"tasawaq","ty":"tahitański","tyv":"tuwiński","tzm":"tamazight (Atlas Środkowy)","udm":"udmurcki","ug":"ujgurski","uga":"ugarycki","uk":"ukraiński","umb":"umbundu","und":"nieznany język","ur":"urdu","uz":"uzbecki","vai":"wai","ve":"venda","vec":"wenecki","vep":"wepski","vi":"wietnamski","vls":"zachodnioflamandzki","vmf":"meński frankoński","vo":"wolapik","vot":"wotiacki","vro":"võro","vun":"vunjo","wa":"waloński","wae":"walser","wal":"wolayta","war":"waraj","was":"washo","wbp":"warlpiri","wo":"wolof","wuu":"wu","xal":"kałmucki","xh":"khosa","xmf":"megrelski","xog":"soga","yao":"yao","yap":"japski","yav":"yangben","ybb":"yemba","yi":"jidysz","yo":"joruba","yrl":"nheengatu","yue":"kantoński","za":"czuang","zap":"zapotecki","zbl":"bliss","zea":"zelandzki","zen":"zenaga","zgh":"standardowy marokański tamazight","zh":"chiński","zh-Hans":"chiński uproszczony","zh-Hant":"chiński tradycyjny","zu":"zulu","zun":"zuni","zxx":"brak treści o charakterze językowym","zza":"zazaki"},"narrow":{},"short":{"az":"azerski","en-GB":"angielski (Wlk. Bryt.)","en-US":"angielski (USA)"}},"standard":{"long":{"aa":"afar","ab":"abchaski","ace":"aceh","ach":"aczoli","ada":"adangme","ady":"adygejski","ae":"awestyjski","aeb":"tunezyjski arabski","af":"afrikaans","afh":"afrihili","agq":"aghem","ain":"ajnu","ak":"akan","akk":"akadyjski","akz":"alabama","ale":"aleucki","aln":"albański gegijski","alt":"południowoałtajski","am":"amharski","an":"aragoński","ang":"staroangielski","ann":"obolo","anp":"angika","ar":"arabski","ar-001":"arabski (świat)","arc":"aramejski","arn":"mapudungun","aro":"araona","arp":"arapaho","arq":"algierski arabski","ars":"arabski nadżdyjski","arw":"arawak","ary":"marokański arabski","arz":"egipski arabski","as":"asamski","asa":"asu","ase":"amerykański język migowy","ast":"asturyjski","atj":"atikamekw","av":"awarski","avk":"kotava","awa":"awadhi","ay":"ajmara","az":"azerbejdżański","ba":"baszkirski","bal":"beludżi","ban":"balijski","bar":"bawarski","bas":"basaa","bax":"bamum","bbc":"batak toba","bbj":"ghomala","be":"białoruski","bej":"bedża","bem":"bemba","bew":"betawi","bez":"bena","bfd":"bafut","bfq":"badaga","bg":"bułgarski","bgn":"beludżi północny","bho":"bhodżpuri","bi":"bislama","bik":"bikol","bin":"bini","bjn":"banjar","bkm":"kom","bla":"siksika","bm":"bambara","bn":"bengalski","bo":"tybetański","bpy":"bisznuprija-manipuri","bqi":"bachtiarski","br":"bretoński","bra":"bradź","brh":"brahui","brx":"bodo","bs":"bośniacki","bss":"akoose","bua":"buriacki","bug":"bugijski","bum":"bulu","byn":"blin","byv":"medumba","ca":"kataloński","cad":"kaddo","car":"karaibski","cay":"kajuga","cch":"atsam","ccp":"czakma","ce":"czeczeński","ceb":"cebuański","cgg":"chiga","ch":"czamorro","chb":"czibcza","chg":"czagatajski","chk":"chuuk","chm":"maryjski","chn":"żargon czinucki","cho":"czoktawski","chp":"czipewiański","chr":"czirokeski","chy":"czejeński","ckb":"sorani","clc":"chilcotin","co":"korsykański","cop":"koptyjski","cps":"capiznon","cr":"kri","crg":"miszif","crh":"krymskotatarski","crj":"kri południowo-wschodni","crk":"kri równinny","crl":"kri północno-wschodni","crm":"kri Moose","crr":"algonkiński (Karolina Północna)","crs":"kreolski seszelski","cs":"czeski","csb":"kaszubski","csw":"kri bagienny","cu":"cerkiewnosłowiański","cv":"czuwaski","cy":"walijski","da":"duński","dak":"dakota","dar":"dargwijski","dav":"taita","de":"niemiecki","de-AT":"niemiecki (Austria)","de-CH":"niemiecki (Szwajcaria)","del":"delaware","den":"slave","dgr":"dogrib","din":"dinka","dje":"dżerma","doi":"dogri","dsb":"dolnołużycki","dtp":"dusun centralny","dua":"duala","dum":"średniowieczny niderlandzki","dv":"malediwski","dyo":"diola","dyu":"diula","dz":"dzongkha","dzg":"dazaga","ebu":"embu","ee":"ewe","efi":"efik","egl":"emilijski","egy":"staroegipski","eka":"ekajuk","el":"grecki","elx":"elamicki","en":"angielski","en-AU":"angielski (Australia)","en-CA":"angielski (Kanada)","en-GB":"angielski (Wielka Brytania)","en-US":"angielski (Stany Zjednoczone)","enm":"średnioangielski","eo":"esperanto","es":"hiszpański","es-419":"hiszpański (Ameryka Łacińska)","es-ES":"hiszpański (Hiszpania)","es-MX":"hiszpański (Meksyk)","esu":"yupik środkowosyberyjski","et":"estoński","eu":"baskijski","ewo":"ewondo","ext":"estremadurski","fa":"perski","fa-AF":"perski (Afganistan)","fan":"fang","fat":"fanti","ff":"fulani","fi":"fiński","fil":"filipiński","fit":"meänkieli","fj":"fidżijski","fo":"farerski","fon":"fon","fr":"francuski","fr-CA":"francuski (Kanada)","fr-CH":"francuski (Szwajcaria)","frc":"cajuński","frm":"średniofrancuski","fro":"starofrancuski","frp":"franko-prowansalski","frr":"północnofryzyjski","frs":"wschodniofryzyjski","fur":"friulski","fy":"zachodniofryzyjski","ga":"irlandzki","gaa":"ga","gag":"gagauski","gan":"gan","gay":"gayo","gba":"gbaya","gbz":"zaratusztriański dari","gd":"szkocki gaelicki","gez":"gyyz","gil":"gilbertański","gl":"galicyjski","glk":"giliański","gmh":"średnio-wysoko-niemiecki","gn":"guarani","goh":"staro-wysoko-niemiecki","gom":"konkani (Goa)","gon":"gondi","gor":"gorontalo","got":"gocki","grb":"grebo","grc":"starogrecki","gsw":"szwajcarski niemiecki","gu":"gudżarati","guc":"wayúu","gur":"frafra","guz":"gusii","gv":"manx","gwi":"gwichʼin","ha":"hausa","hai":"haida","hak":"hakka","haw":"hawajski","hax":"haida południowy","he":"hebrajski","hi":"hindi","hi-Latn":"hindi (alfabet łaciński)","hif":"hindi fidżyjskie","hil":"hiligaynon","hit":"hetycki","hmn":"hmong","ho":"hiri motu","hr":"chorwacki","hsb":"górnołużycki","hsn":"xiang","ht":"kreolski haitański","hu":"węgierski","hup":"hupa","hur":"halkomelem","hy":"ormiański","hz":"herero","ia":"interlingua","iba":"iban","ibb":"ibibio","id":"indonezyjski","ie":"interlingue","ig":"igbo","ii":"syczuański","ik":"inupiak","ikt":"inuktitut zachodniokanadyjski","ilo":"ilokano","inh":"inguski","io":"ido","is":"islandzki","it":"włoski","iu":"inuktitut","izh":"ingryjski","ja":"japoński","jam":"jamajski","jbo":"lojban","jgo":"ngombe","jmc":"machame","jpr":"judeo-perski","jrb":"judeoarabski","jut":"jutlandzki","jv":"jawajski","ka":"gruziński","kaa":"karakałpacki","kab":"kabylski","kac":"kaczin","kaj":"jju","kam":"kamba","kaw":"kawi","kbd":"kabardyjski","kbl":"kanembu","kcg":"tyap","kde":"makonde","kea":"kreolski Wysp Zielonego Przylądka","ken":"kenyang","kfo":"koro","kg":"kongo","kgp":"kaingang","kha":"khasi","kho":"chotański","khq":"koyra chiini","khw":"khowar","ki":"kikuju","kiu":"kirmandżki","kj":"kwanyama","kk":"kazachski","kkj":"kako","kl":"grenlandzki","kln":"kalenjin","km":"khmerski","kmb":"kimbundu","kn":"kannada","ko":"koreański","koi":"komi-permiacki","kok":"konkani","kos":"kosrae","kpe":"kpelle","kr":"kanuri","krc":"karaczajsko-bałkarski","kri":"krio","krj":"kinaraya","krl":"karelski","kru":"kurukh","ks":"kaszmirski","ksb":"sambala","ksf":"bafia","ksh":"gwara kolońska","ku":"kurdyjski","kum":"kumycki","kut":"kutenai","kv":"komi","kw":"kornijski","kwk":"kwakiutl","ky":"kirgiski","la":"łaciński","lad":"ladyński","lag":"langi","lah":"lahnda","lam":"lamba","lb":"luksemburski","lez":"lezgijski","lfn":"Lingua Franca Nova","lg":"ganda","li":"limburski","lij":"liguryjski","lil":"lillooet","liv":"liwski","lkt":"lakota","lmo":"lombardzki","ln":"lingala","lo":"laotański","lol":"mongo","lou":"kreolski luizjański","loz":"lozi","lrc":"luryjski północny","lsm":"saamia","lt":"litewski","ltg":"łatgalski","lu":"luba-katanga","lua":"luba-lulua","lui":"luiseno","lun":"lunda","luo":"luo","lus":"mizo","luy":"luhya","lv":"łotewski","lzh":"chiński klasyczny","lzz":"lazyjski","mad":"madurski","maf":"mafa","mag":"magahi","mai":"maithili","mak":"makasar","man":"mandingo","mas":"masajski","mde":"maba","mdf":"moksza","mdr":"mandar","men":"mende","mer":"meru","mfe":"kreolski Mauritiusa","mg":"malgaski","mga":"średnioirlandzki","mgh":"makua","mgo":"meta","mh":"marszalski","mi":"maoryjski","mic":"mikmak","min":"minangkabu","mk":"macedoński","ml":"malajalam","mn":"mongolski","mnc":"manchu","mni":"manipuri","moe":"innu-aimun","moh":"mohawk","mos":"mossi","mr":"marathi","mrj":"zachodniomaryjski","ms":"malajski","mt":"maltański","mua":"mundang","mul":"wiele języków","mus":"krik","mwl":"mirandyjski","mwr":"marwari","mwv":"mentawai","my":"birmański","mye":"myene","myv":"erzja","mzn":"mazanderański","na":"nauruański","nan":"minnański","nap":"neapolitański","naq":"nama","nb":"norweski (bokmål)","nd":"ndebele północny","nds":"dolnoniemiecki","nds-NL":"dolnoniemiecki (Holandia)","ne":"nepalski","new":"newarski","ng":"ndonga","nia":"nias","niu":"niue","njo":"ao","nl":"niderlandzki","nl-BE":"niderlandzki (Belgia)","nmg":"ngumba","nn":"norweski (nynorsk)","nnh":"ngiemboon","no":"norweski","nog":"nogajski","non":"staronordyjski","nov":"novial","nqo":"n’ko","nr":"ndebele południowy","nso":"sotho północny","nus":"nuer","nv":"nawaho","nwc":"newarski klasyczny","ny":"njandża","nym":"niamwezi","nyn":"nyankole","nyo":"nyoro","nzi":"nzema","oc":"oksytański","oj":"odżibwa","ojb":"odżibwe północno-zachodni","ojc":"odżibwe centralny","ojs":"odżi-kri","ojw":"odżibwe zachodni","oka":"okanagan","om":"oromo","or":"orija","os":"osetyjski","osa":"osage","ota":"osmańsko-turecki","pa":"pendżabski","pag":"pangasinan","pal":"pahlavi","pam":"pampango","pap":"papiamento","pau":"palau","pcd":"pikardyjski","pcm":"pidżyn nigeryjski","pdc":"pensylwański","pdt":"plautdietsch","peo":"staroperski","pfl":"palatynacki","phn":"fenicki","pi":"palijski","pis":"pijin","pl":"polski","pms":"piemoncki","pnt":"pontyjski","pon":"ponpejski","pqm":"malecite-passamaquoddy","prg":"pruski","pro":"staroprowansalski","ps":"paszto","pt":"portugalski","pt-BR":"portugalski (Brazylia)","pt-PT":"portugalski (Portugalia)","qu":"keczua","quc":"kicze","qug":"keczua górski (Chimborazo)","raj":"radźasthani","rap":"rapanui","rar":"rarotonga","rgn":"romagnol","rhg":"rohingya","rif":"tarifit","rm":"retoromański","rn":"rundi","ro":"rumuński","ro-MD":"rumuński (Mołdawia)","rof":"rombo","rom":"cygański","rtm":"rotumański","ru":"rosyjski","rue":"rusiński","rug":"roviana","rup":"arumuński","rw":"kinya-ruanda","rwk":"rwa","sa":"sanskryt","sad":"sandawe","sah":"jakucki","sam":"samarytański aramejski","saq":"samburu","sas":"sasak","sat":"santali","saz":"saurasztryjski","sba":"ngambay","sbp":"sangu","sc":"sardyński","scn":"sycylijski","sco":"scots","sd":"sindhi","sdc":"sassarski","sdh":"południowokurdyjski","se":"północnolapoński","see":"seneka","seh":"sena","sei":"seri","sel":"selkupski","ses":"koyraboro senni","sg":"sango","sga":"staroirlandzki","sgs":"żmudzki","sh":"serbsko-chorwacki","shi":"tashelhiyt","shn":"szan","shu":"arabski (Czad)","si":"syngaleski","sid":"sidamo","sk":"słowacki","sl":"słoweński","slh":"lushootseed południowy","sli":"dolnośląski","sly":"selayar","sm":"samoański","sma":"południowolapoński","smj":"lule","smn":"inari","sms":"skolt","sn":"shona","snk":"soninke","so":"somalijski","sog":"sogdyjski","sq":"albański","sr":"serbski","srn":"sranan tongo","srr":"serer","ss":"suazi","ssy":"saho","st":"sotho południowy","stq":"fryzyjski saterlandzki","str":"salisz","su":"sundajski","suk":"sukuma","sus":"susu","sux":"sumeryjski","sv":"szwedzki","sw":"suahili","sw-CD":"suahili (Demokratyczna Republika Konga)","swb":"komoryjski","syc":"syriacki","syr":"syryjski","szl":"śląski","ta":"tamilski","tce":"tutchone południowy","tcy":"tulu","te":"telugu","tem":"temne","teo":"ateso","ter":"tereno","tet":"tetum","tg":"tadżycki","tgx":"tagish","th":"tajski","tht":"tahltan","ti":"tigrinia","tig":"tigre","tiv":"tiw","tk":"turkmeński","tkl":"tokelau","tkr":"cachurski","tl":"tagalski","tlh":"klingoński","tli":"tlingit","tly":"tałyski","tmh":"tamaszek","tn":"setswana","to":"tonga","tog":"tonga (Niasa)","tok":"toki pona","tpi":"tok pisin","tr":"turecki","tru":"turoyo","trv":"taroko","ts":"tsonga","tsd":"cakoński","tsi":"tsimshian","tt":"tatarski","ttm":"tutchone północny","ttt":"tacki","tum":"tumbuka","tvl":"tuvalu","tw":"twi","twq":"tasawaq","ty":"tahitański","tyv":"tuwiński","tzm":"tamazight (Atlas Środkowy)","udm":"udmurcki","ug":"ujgurski","uga":"ugarycki","uk":"ukraiński","umb":"umbundu","und":"nieznany język","ur":"urdu","uz":"uzbecki","vai":"wai","ve":"venda","vec":"wenecki","vep":"wepski","vi":"wietnamski","vls":"zachodnioflamandzki","vmf":"meński frankoński","vo":"wolapik","vot":"wotiacki","vro":"võro","vun":"vunjo","wa":"waloński","wae":"walser","wal":"wolayta","war":"waraj","was":"washo","wbp":"warlpiri","wo":"wolof","wuu":"wu","xal":"kałmucki","xh":"khosa","xmf":"megrelski","xog":"soga","yao":"yao","yap":"japski","yav":"yangben","ybb":"yemba","yi":"jidysz","yo":"joruba","yrl":"nheengatu","yue":"kantoński","za":"czuang","zap":"zapotecki","zbl":"bliss","zea":"zelandzki","zen":"zenaga","zgh":"standardowy marokański tamazight","zh":"chiński","zh-Hans":"chiński uproszczony","zh-Hant":"chiński tradycyjny","zu":"zulu","zun":"zuni","zxx":"brak treści o charakterze językowym","zza":"zazaki"},"narrow":{},"short":{"az":"azerski","en-GB":"angielski (Wlk. Bryt.)","en-US":"angielski (USA)"}}},"region":{"long":{"142":"Azja","143":"Azja Środkowa","145":"Azja Zachodnia","150":"Europa","151":"Europa Wschodnia","154":"Europa Północna","155":"Europa Zachodnia","202":"Afryka Subsaharyjska","419":"Ameryka Łacińska","001":"świat","002":"Afryka","003":"Ameryka Północna","005":"Ameryka Południowa","009":"Oceania","011":"Afryka Zachodnia","013":"Ameryka Środkowa","014":"Afryka Wschodnia","015":"Afryka Północna","017":"Afryka Środkowa","018":"Afryka Południowa","019":"Ameryka","021":"Ameryka Północna (USA, Kanada)","029":"Karaiby","030":"Azja Wschodnia","034":"Azja Południowa","035":"Azja Południowo-Wschodnia","039":"Europa Południowa","053":"Australazja","054":"Melanezja","057":"Region Mikronezji","061":"Polinezja","AC":"Wyspa Wniebowstąpienia","AD":"Andora","AE":"Zjednoczone Emiraty Arabskie","AF":"Afganistan","AG":"Antigua i Barbuda","AI":"Anguilla","AL":"Albania","AM":"Armenia","AO":"Angola","AQ":"Antarktyda","AR":"Argentyna","AS":"Samoa Amerykańskie","AT":"Austria","AU":"Australia","AW":"Aruba","AX":"Wyspy Alandzkie","AZ":"Azerbejdżan","BA":"Bośnia i Hercegowina","BB":"Barbados","BD":"Bangladesz","BE":"Belgia","BF":"Burkina Faso","BG":"Bułgaria","BH":"Bahrajn","BI":"Burundi","BJ":"Benin","BL":"Saint-Barthélemy","BM":"Bermudy","BN":"Brunei","BO":"Boliwia","BQ":"Niderlandy Karaibskie","BR":"Brazylia","BS":"Bahamy","BT":"Bhutan","BV":"Wyspa Bouveta","BW":"Botswana","BY":"Białoruś","BZ":"Belize","CA":"Kanada","CC":"Wyspy Kokosowe","CD":"Demokratyczna Republika Konga","CF":"Republika Środkowoafrykańska","CG":"Kongo","CH":"Szwajcaria","CI":"Côte d’Ivoire","CK":"Wyspy Cooka","CL":"Chile","CM":"Kamerun","CN":"Chiny","CO":"Kolumbia","CP":"Wyspa Clippertona","CR":"Kostaryka","CU":"Kuba","CV":"Republika Zielonego Przylądka","CW":"Curaçao","CX":"Wyspa Bożego Narodzenia","CY":"Cypr","CZ":"Czechy","DE":"Niemcy","DG":"Diego Garcia","DJ":"Dżibuti","DK":"Dania","DM":"Dominika","DO":"Dominikana","DZ":"Algieria","EA":"Ceuta i Melilla","EC":"Ekwador","EE":"Estonia","EG":"Egipt","EH":"Sahara Zachodnia","ER":"Erytrea","ES":"Hiszpania","ET":"Etiopia","EU":"Unia Europejska","EZ":"strefa euro","FI":"Finlandia","FJ":"Fidżi","FK":"Falklandy","FM":"Mikronezja","FO":"Wyspy Owcze","FR":"Francja","GA":"Gabon","GB":"Wielka Brytania","GD":"Grenada","GE":"Gruzja","GF":"Gujana Francuska","GG":"Guernsey","GH":"Ghana","GI":"Gibraltar","GL":"Grenlandia","GM":"Gambia","GN":"Gwinea","GP":"Gwadelupa","GQ":"Gwinea Równikowa","GR":"Grecja","GS":"Georgia Południowa i Sandwich Południowy","GT":"Gwatemala","GU":"Guam","GW":"Gwinea Bissau","GY":"Gujana","HK":"SRA Hongkong (Chiny)","HM":"Wyspy Heard i McDonalda","HN":"Honduras","HR":"Chorwacja","HT":"Haiti","HU":"Węgry","IC":"Wyspy Kanaryjskie","ID":"Indonezja","IE":"Irlandia","IL":"Izrael","IM":"Wyspa Man","IN":"Indie","IO":"Brytyjskie Terytorium Oceanu Indyjskiego","IQ":"Irak","IR":"Iran","IS":"Islandia","IT":"Włochy","JE":"Jersey","JM":"Jamajka","JO":"Jordania","JP":"Japonia","KE":"Kenia","KG":"Kirgistan","KH":"Kambodża","KI":"Kiribati","KM":"Komory","KN":"Saint Kitts i Nevis","KP":"Korea Północna","KR":"Korea Południowa","KW":"Kuwejt","KY":"Kajmany","KZ":"Kazachstan","LA":"Laos","LB":"Liban","LC":"Saint Lucia","LI":"Liechtenstein","LK":"Sri Lanka","LR":"Liberia","LS":"Lesotho","LT":"Litwa","LU":"Luksemburg","LV":"Łotwa","LY":"Libia","MA":"Maroko","MC":"Monako","MD":"Mołdawia","ME":"Czarnogóra","MF":"Saint-Martin","MG":"Madagaskar","MH":"Wyspy Marshalla","MK":"Macedonia Północna","ML":"Mali","MM":"Mjanma (Birma)","MN":"Mongolia","MO":"SRA Makau (Chiny)","MP":"Mariany Północne","MQ":"Martynika","MR":"Mauretania","MS":"Montserrat","MT":"Malta","MU":"Mauritius","MV":"Malediwy","MW":"Malawi","MX":"Meksyk","MY":"Malezja","MZ":"Mozambik","NA":"Namibia","NC":"Nowa Kaledonia","NE":"Niger","NF":"Norfolk","NG":"Nigeria","NI":"Nikaragua","NL":"Holandia","NO":"Norwegia","NP":"Nepal","NR":"Nauru","NU":"Niue","NZ":"Nowa Zelandia","OM":"Oman","PA":"Panama","PE":"Peru","PF":"Polinezja Francuska","PG":"Papua-Nowa Gwinea","PH":"Filipiny","PK":"Pakistan","PL":"Polska","PM":"Saint-Pierre i Miquelon","PN":"Pitcairn","PR":"Portoryko","PS":"Terytoria Palestyńskie","PT":"Portugalia","PW":"Palau","PY":"Paragwaj","QA":"Katar","QO":"Oceania — wyspy dalekie","RE":"Reunion","RO":"Rumunia","RS":"Serbia","RU":"Rosja","RW":"Rwanda","SA":"Arabia Saudyjska","SB":"Wyspy Salomona","SC":"Seszele","SD":"Sudan","SE":"Szwecja","SG":"Singapur","SH":"Wyspa Świętej Heleny","SI":"Słowenia","SJ":"Svalbard i Jan Mayen","SK":"Słowacja","SL":"Sierra Leone","SM":"San Marino","SN":"Senegal","SO":"Somalia","SR":"Surinam","SS":"Sudan Południowy","ST":"Wyspy Świętego Tomasza i Książęca","SV":"Salwador","SX":"Sint Maarten","SY":"Syria","SZ":"Eswatini","TA":"Tristan da Cunha","TC":"Turks i Caicos","TD":"Czad","TF":"Francuskie Terytoria Południowe i Antarktyczne","TG":"Togo","TH":"Tajlandia","TJ":"Tadżykistan","TK":"Tokelau","TL":"Timor Wschodni","TM":"Turkmenistan","TN":"Tunezja","TO":"Tonga","TR":"Turcja","TT":"Trynidad i Tobago","TV":"Tuvalu","TW":"Tajwan","TZ":"Tanzania","UA":"Ukraina","UG":"Uganda","UM":"Dalekie Wyspy Mniejsze Stanów Zjednoczonych","UN":"Organizacja Narodów Zjednoczonych","US":"Stany Zjednoczone","UY":"Urugwaj","UZ":"Uzbekistan","VA":"Watykan","VC":"Saint Vincent i Grenadyny","VE":"Wenezuela","VG":"Brytyjskie Wyspy Dziewicze","VI":"Wyspy Dziewicze Stanów Zjednoczonych","VN":"Wietnam","VU":"Vanuatu","WF":"Wallis i Futuna","WS":"Samoa","XA":"Pseudoakcenty","XB":"Pseudodwukierunkowe","XK":"Kosowo","YE":"Jemen","YT":"Majotta","ZA":"Republika Południowej Afryki","ZM":"Zambia","ZW":"Zimbabwe","ZZ":"Nieznany region"},"narrow":{},"short":{"GB":"Wlk. Bryt.","HK":"Hongkong","MO":"Makau","PS":"Palestyna","UN":"ONZ","US":"USA"}},"script":{"long":{"Adlm":"adlam","Arab":"arabskie","Aran":"nastaliq","Armi":"armi","Armn":"ormiańskie","Avst":"awestyjskie","Bali":"balijskie","Bamu":"bamun","Batk":"batak","Beng":"bengalskie","Blis":"symbole Blissa","Bopo":"bopomofo","Brah":"brahmi","Brai":"Braille’a","Bugi":"bugińskie","Buhd":"buhid","Cakm":"chakma","Cans":"zunifikowane symbole kanadyjskich autochtonów","Cari":"karyjskie","Cham":"czamskie","Cher":"czirokeskie","Cirt":"cirth","Copt":"koptyjskie","Cprt":"cypryjskie","Cyrl":"cyrylica","Cyrs":"cyrylica staro-cerkiewno-słowiańska","Deva":"dewanagari","Dsrt":"deseret","Egyd":"egipskie demotyczne","Egyh":"egipskie hieratyczne","Egyp":"hieroglify egipskie","Ethi":"etiopskie","Geok":"gruzińskie chucuri","Geor":"gruzińskie","Glag":"głagolica","Goth":"gotyckie","Grek":"greckie","Gujr":"gudżarati","Guru":"gurmukhi","Hanb":"chińskie z bopomofo","Hang":"hangul","Hani":"chińskie","Hano":"hanunoo","Hans":"uproszczone","Hant":"tradycyjne","Hebr":"hebrajskie","Hira":"hiragana","Hmng":"pahawh hmong","Hrkt":"sylabariusze japońskie","Hung":"starowęgierskie","Inds":"indus","Ital":"starowłoskie","Jamo":"jamo","Java":"jawajskie","Jpan":"japońskie","Kali":"kayah li","Kana":"katakana","Khar":"charosti","Khmr":"khmerskie","Knda":"kannada","Kore":"koreańskie","Kthi":"kaithi","Lana":"lanna","Laoo":"laotańskie","Latf":"łaciński - fraktura","Latg":"łaciński - odmiana gaelicka","Latn":"łacińskie","Lepc":"lepcha","Limb":"limbu","Lina":"linearne A","Linb":"linearne B","Lyci":"likijskie","Lydi":"lidyjskie","Mand":"mandejskie","Mani":"manichejskie","Maya":"hieroglify Majów","Mero":"meroickie","Mlym":"malajalam","Mong":"mongolskie","Moon":"Moon’a","Mtei":"meitei mayek","Mymr":"birmańskie","Nkoo":"n’ko","Ogam":"ogham","Olck":"ol ciki","Orkh":"orchońskie","Orya":"orija","Osma":"osmanya","Perm":"staropermskie","Phag":"phags-pa","Phli":"inskrypcyjne pahlawi","Phlp":"pahlawi psałterzowy","Phlv":"pahlawi książkowy","Phnx":"fenicki","Plrd":"fonetyczny Pollard’a","Prti":"partyjski inskrypcyjny","Qaag":"zawgyi","Rjng":"rejang","Rohg":"hanifi","Roro":"rongorongo","Runr":"runiczne","Samr":"samarytański","Sara":"sarati","Saur":"saurashtra","Sgnw":"pismo znakowe","Shaw":"shawa","Sinh":"syngaleskie","Sund":"sundajskie","Sylo":"syloti nagri","Syrc":"syryjskie","Syre":"syriacki estrangelo","Syrj":"syryjski (odmiana zachodnia)","Syrn":"syryjski (odmiana wschodnia)","Tagb":"tagbanwa","Tale":"tai le","Talu":"nowy tai lue","Taml":"tamilskie","Tavt":"tai viet","Telu":"telugu","Teng":"tengwar","Tfng":"tifinagh (berberski)","Tglg":"tagalog","Thaa":"taana","Thai":"tajskie","Tibt":"tybetańskie","Ugar":"ugaryckie","Vaii":"vai","Visp":"Visible Speech","Xpeo":"staroperskie","Xsux":"klinowe sumero-akadyjskie","Yiii":"yi","Zinh":"dziedziczone","Zmth":"notacja matematyczna","Zsye":"emoji","Zsym":"symbole","Zxxx":"język bez systemu pisma","Zyyy":"wspólne","Zzzz":"nieznane pismo"},"narrow":{},"short":{}}}},"locale":"pl"}