{"data":{"patterns":{"locale":"{0} ({1})"},"types":{"calendar":{"long":{"buddhist":"budistički kalendar","chinese":"kineski kalendar","coptic":"koptski kalendar","dangi":"dangi kalendar","ethiopic":"etiopski kalendar","ethiopic-amete-alem":"etiopski amet alem kalendar","gregorian":"gregorijanski kalendar","hebrew":"hebrejski kalendar","indian":"Indijski nacionalni kalendar","islamic":"islamski kalendar","islamic-civil":"islamski civilni kalendar","islamic-tbla":"islamski astronomski kalendar","islamic-umalqura":"islamski kalendar (Umm al-Qura)","iso8601":"ISO-8601 kalendar","japanese":"japanski kalendar","persian":"persijski kalendar","roc":"kalendar Republike Kine"},"narrow":{},"short":{}},"currency":{"long":{"ADP":"Andorska pezeta","AED":"dirham UAE","AFA":"Avganistanski avgani (1927–2002)","AFN":"avganistanski avgani","ALL":"albanski lek","AMD":"jermenski dram","ANG":"holandskoantilski gulden","AOA":"angolska kvanza","AOK":"Angolijska kvanza (1977–1990)","AON":"Angolijska nova kvanza (1990–2000)","AOR":"Angolijska kvanza reađustado (1995–1999)","ARA":"Argentinski austral","ARP":"Argentinski pezo (1983–1985)","ARS":"argentinski pezos","ATS":"Austrijski šiling","AUD":"australijski dolar","AWG":"arubanski florin","AZM":"Azerbejdžanski manat (1993–2006)","AZN":"azerbejdžanski manat","BAD":"Bosansko-Hercegovački dinar","BAM":"bosansko-hercegovačka konvertibilna marka","BBD":"barbadoški dolar","BDT":"bangladeška taka","BEC":"Belgijski franak (konvertibilni)","BEF":"Belgijski franak","BEL":"Belgijski franak (finansijski)","BGL":"Bugarski tvrdi lev","BGN":"bugarski lev","BHD":"bahreinski dinar","BIF":"burundski franak","BMD":"bermudski dolar","BND":"brunejski dolar","BOB":"bolivijski bolivijano","BOP":"Bolivijski pezo","BOV":"Bolivijski mvdol","BRB":"Brazilski novi kruzeiro (1967–1986)","BRC":"Brazilijski kruzado","BRE":"Brazilski kruzeiro (1990–1993)","BRL":"brazilski real","BRN":"Brazilijski novi kruzado","BRR":"Brazilski kruzeiro","BSD":"bahamski dolar","BTN":"butanski ngultrum","BUK":"Burmanski kjat","BWP":"bocvanska pula","BYB":"Beloruska nova rublja (1994–1999)","BYN":"beloruska rublja","BYR":"Beloruska rublja (2000–2016)","BZD":"beliski dolar","CAD":"kanadski dolar","CDF":"kongoanski franak","CHE":"WIR evro","CHF":"švajcarski franak","CHW":"WIR franak","CLF":"Čileovski unidades se fomento","CLP":"čileanski pezos","CNH":"kineski juan (ostrvski)","CNY":"kineski juan","COP":"kolumbijski pezos","COU":"Unidad de valorški real","CRC":"kostarikanski kolon","CSD":"Stari srpski dinar","CSK":"Čehoslovačka tvrda kruna","CUC":"kubanski konvertibilni pezos","CUP":"kubanski pezos","CVE":"zelenortski eskudo","CYP":"Kiparska funta","CZK":"češka kruna","DDM":"Istočno-nemačka marka","DEM":"Nemačka marka","DJF":"džibutski franak","DKK":"danska kruna","DOP":"dominikanski pezos","DZD":"alžirski dinar","ECS":"Ekvadorski sakr","ECV":"Ekvadorski unidad de valor konstante","EEK":"Estonska kroon","EGP":"egipatska funta","ERN":"eritrejska nakfa","ESA":"Španska pezeta (račun)","ESB":"Španska pezeta (konvertibilniračun)","ESP":"Španska pezeta","ETB":"etiopijski bir","EUR":"Evro","FIM":"Finska marka","FJD":"fidžijski dolar","FKP":"folklandska funta","FRF":"Francuski franak","GBP":"britanska funta","GEK":"Gruzijski kupon larit","GEL":"gruzijski lari","GHC":"Ganski cedi (1979–2007)","GHS":"ganski sedi","GIP":"gibraltarska funta","GMD":"gambijski dalasi","GNF":"gvinejski franak","GNS":"Gvinejski sili","GQE":"Ekvatorijalno-gvinejski ekvele","GRD":"Grčka drahma","GTQ":"gvatemalski kecal","GWE":"Portugalska gvineja eskudo","GWP":"Gvineja Bisao Pezo","GYD":"gvajanski dolar","HKD":"hongkonški dolar","HNL":"honduraška lempira","HRD":"Hrvatski dinar","HRK":"hrvatska kuna","HTG":"haićanski gurd","HUF":"mađarska forinta","IDR":"indonežanska rupija","IEP":"Irska funta","ILP":"Izraelska funta","ILR":"Stari izraelski šekeli","ILS":"izraelski novi šekel","INR":"indijska rupija","IQD":"irački dinar","IRR":"iranski rijal","ISJ":"Stara islandska kruna","ISK":"islandska kruna","ITL":"Italijanska lira","JMD":"jamajčanski dolar","JOD":"jordanski dinar","JPY":"japanski jen","KES":"kenijski šiling","KGS":"kirgistanski som","KHR":"kambodžanski rijel","KMF":"komorski franak","KPW":"severnokorejski von","KRW":"južnokorejski von","KWD":"kuvajtski dinar","KYD":"kajmanski dolar","KZT":"kazahstanski tenge","LAK":"laoski kip","LBP":"libanska funta","LKR":"šrilančanska rupija","LRD":"liberijski dolar","LSL":"lesotski loti","LTL":"Litvanski litas","LTT":"Litvanski talonas","LUC":"Luksemburški konvertibilni franak","LUF":"Luksemburški franak","LUL":"Luksemburški finansijski franak","LVL":"Latvijski lati","LVR":"Latvijska rublja","LYD":"libijski dinar","MAD":"marokanski dirham","MAF":"Marokanski franak","MDL":"moldavski lej","MGA":"malgaški arijari","MGF":"Malagasijski franak","MKD":"makedonski denar","MLF":"Malijanski franak","MMK":"mjanmarski kjat","MNT":"mongolski tugrik","MOP":"makaoska pataka","MRO":"Mauritanijska ogija (1973–2017)","MRU":"mauritanska ogija","MTL":"Malteška lira","MTP":"Malteška funta","MUR":"mauricijska rupija","MVR":"maldivska rufija","MWK":"malavijska kvača","MXN":"meksički pezos","MXP":"Meksički srebrni pezo (1861–1992)","MXV":"Meksički unidad de inversion (UDI)","MYR":"malezijski ringit","MZE":"Mozambijski eskudo","MZM":"Stari mozambijski metikal","MZN":"mozambički metikal","NAD":"namibijski dolar","NGN":"nigerijska naira","NIC":"nikaragvanska kordoba (1988–1991)","NIO":"nikaragvanska kordoba","NLG":"Holandski gulden","NOK":"norveška kruna","NPR":"nepalska rupija","NZD":"novozelandski dolar","OMR":"omanski rijal","PAB":"panamska balboa","PEI":"Peruanski inti","PEN":"peruanski sol","PES":"Peruanski sol (1863–1965)","PGK":"papuanska kina","PHP":"filipinski pezos","PKR":"pakistanska rupija","PLN":"poljski zlot","PLZ":"Poljski zloti (1950–1995)","PTE":"Portugalski eskudo","PYG":"paragvajski gvarani","QAR":"katarski rijal","RHD":"Rodejskidolar","ROL":"Rumunski lej (1952–2006)","RON":"rumunski lej","RSD":"srpski dinar","RUB":"ruska rublja","RUR":"Ruska rublja (1991–1998)","RWF":"ruandski franak","SAR":"saudijski rijal","SBD":"solomonski dolar","SCR":"sejšelska rupija","SDD":"Stari sudanski dinar","SDG":"sudanska funta","SDP":"Stara sudanska funta","SEK":"švedska kruna","SGD":"singapurski dolar","SHP":"funta Svete Jelene","SIT":"Slovenački tolar","SKK":"Slovačka kruna","SLL":"sijeraleonski leone","SOS":"somalijski šiling","SRD":"surinamski dolar","SRG":"Surinamski gilder","SSP":"južnosudanska funta","STD":"Saotomska dobra (1977–2017)","STN":"saotomska dobra","SUR":"Sovjetska rublja","SVC":"Salvadorski kolon","SYP":"sirijska funta","SZL":"svazilendski lilangeni","THB":"tajlandski bat","TJR":"Tadžihistanska rublja","TJS":"tadžikistanski somon","TMM":"Turkmenistanski manat (1993–2009)","TMT":"turkmenistanski manat","TND":"tuniski dinar","TOP":"tonganska panga","TPE":"Timorški eskudo","TRL":"Turska lira (1922–2005)","TRY":"turska lira","TTD":"Trinidad-tobagoški dolar","TWD":"novi tajvanski dolar","TZS":"tanzanijski šiling","UAH":"ukrajinska grivna","UAK":"Ukrajinski karbovaneti","UGS":"Ugandski šiling (1966–1987)","UGX":"ugandski šiling","USD":"američki dolar","USN":"SAD dolar (sledeći dan)","USS":"SAD dolar (isti dan)","UYI":"Urugvajski pezo en unidades indeksadas","UYP":"Urugvajski pezo (1975–1993)","UYU":"urugvajski pezos","UZS":"uzbekistanski som","VEB":"Venecuelanski bolivar (1871–2008)","VEF":"Venecuelanski bolivar (2008–2018)","VES":"venecuelanski bolivar","VND":"vijetnamski dong","VNN":"Vijetnamski dong (1978–1985)","VUV":"vanuatski vatu","WST":"samoanska tala","XAF":"centralnoafrički franak","XAG":"Srebro","XAU":"Zlato","XBA":"Evropska kompozitna jedinica","XBB":"Evropska novčana jedinica","XBC":"Evropska jedinica računa (XBC)","XBD":"Evropska jedinica računa (XBD)","XCD":"istočnokaripski dolar","XDR":"Posebna crtaća prava","XEU":"Evropska valutna jedinica","XFO":"Francuski zlatni franak","XFU":"Francuski UIC-franak","XOF":"zapadnoafrički franak","XPD":"Paladijum","XPF":"CFP franak","XPT":"Platina","XRE":"RINET fond","XTS":"Kod testirane valute","XXX":"Nepoznata valuta","YDD":"Jemenski dinar","YER":"jemenski rijal","YUD":"Jugoslovenski tvrdi dinar","YUM":"Jugoslovenski novi dinar","YUN":"Jugoslovenski konvertibilni dinar","ZAL":"Južno-afrički rand (finansijski)","ZAR":"južnoafrički rand","ZMK":"Zambijska kvača (1968–2012)","ZMW":"zambijska kvača","ZRN":"Zairski novi zair","ZRZ":"Zairski zair","ZWD":"Zimbabveanski dolar (1980–2008)","ZWL":"Zimbabveanski dolar (2009)","ZWR":"Zimbabveanski dolar (2008)"},"narrow":{},"short":{}},"dateTimeField":{"long":{"day":"dan","dayOfYear":"dan u godini","dayperiod":"AM/PM","era":"era","hour":"sat","minute":"minut","month":"mesec","quarter":"kvartal","second":"sekund","timeZoneName":"vremenska zona","weekOfMonth":"nedelja u mesecu","weekOfYear":"nedelja","weekday":"dan u nedelji","weekdayOfMonth":"dan u mesecu","year":"godina"},"narrow":{"day":"d.","dayOfYear":"dan u god.","dayperiod":"pre podne/po podne","era":"era","hour":"č.","minute":"min.","month":"mes.","quarter":"kv.","second":"s","timeZoneName":"vremenska zona","weekOfMonth":"ned. u mes.","weekOfYear":"ned.","weekday":"dan u nedelji","weekdayOfMonth":"dan u mesecu","year":"g."},"short":{"day":"d.","dayOfYear":"dan u god.","dayperiod":"pre podne/po podne","era":"era","hour":"č.","minute":"min.","month":"mes.","quarter":"kv.","second":"sek.","timeZoneName":"vremenska zona","weekOfMonth":"ned. u mes.","weekOfYear":"ned.","weekday":"dan u nedelji","weekdayOfMonth":"dan u mesecu","year":"god."}},"language":{"dialect":{"long":{"aa":"afarski","ab":"abhaski","ace":"aceški","ach":"akoli","ada":"adangme","ady":"adigejski","ae":"avestanski","af":"afrikans","afh":"afrihili","agq":"agem","ain":"ainu","ak":"akanski","akk":"akadijski","ale":"aleutski","alt":"južnoaltajski","am":"amharski","an":"aragonski","ang":"staroengleski","ann":"obolo","anp":"angika","ar":"arapski","ar-001":"savremeni standardni arapski","arc":"aramejski","arn":"mapuče","arp":"arapaho","ars":"najdiarapski","arw":"aravački","as":"asamski","asa":"asu","ast":"asturijski","atj":"atikameku","av":"avarski","awa":"avadi","ay":"ajmara","az":"azerbejdžanski","ba":"baškirski","bal":"belučki","ban":"balijski","bas":"basa","be":"beloruski","bej":"bedža","bem":"bemba","bez":"bena","bg":"bugarski","bgn":"zapadni belučki","bho":"bodžpuri","bi":"bislama","bik":"bikol","bin":"bini","bla":"sisika","bm":"bambara","bn":"bengalski","bo":"tibetanski","br":"bretonski","bra":"braj","brx":"bodo","bs":"bosanski","bua":"burjatski","bug":"bugijski","byn":"blinski","ca":"katalonski","cad":"kado","car":"karipski","cay":"kajuga","cch":"atsam","ccp":"čakma","ce":"čečenski","ceb":"sebuanski","cgg":"čiga","ch":"čamoro","chb":"čipča","chg":"čagataj","chk":"čučki","chm":"mari","chn":"činučki","cho":"čoktavski","chp":"čipevjanski","chr":"čeroki","chy":"čejenski","ckb":"centralni kurdski","clc":"čilkotin","co":"korzikanski","cop":"koptski","cr":"kri","crg":"mičif","crh":"krimskotatarski","crj":"jugoistočni kri","crk":"plainskri","crl":"severoistočni kri","crm":"muzkri","crr":"karolinški algonkvijan","crs":"sejšelski kreolski francuski","cs":"češki","csb":"kašupski","csw":"močvarni kri","cu":"crkvenoslovenski","cv":"čuvaški","cy":"velški","da":"danski","dak":"dakota","dar":"darginski","dav":"taita","de":"nemački","de-AT":"austrijski nemački","de-CH":"švajcarski visoki nemački","del":"delaverski","den":"slejvi","dgr":"dogripski","din":"dinka","dje":"zarma","doi":"dogri","dsb":"donjolužičkosrpski","dua":"duala","dum":"srednjeholandski","dv":"maldivski","dyo":"džola fonji","dyu":"đula","dz":"džonga","dzg":"dazaga","ebu":"embu","ee":"eve","efi":"efički","egy":"staroegipatski","eka":"ekadžuk","el":"grčki","elx":"elamitski","en":"engleski","en-GB":"engleski (Velika Britanija)","en-US":"engleski (Sjedinjene Američke Države)","enm":"srednjeengleski","eo":"esperanto","es":"španski","es-ES":"španski (Evropa)","et":"estonski","eu":"baskijski","ewo":"evondo","fa":"persijski","fa-AF":"dari","fan":"fang","fat":"fanti","ff":"fula","fi":"finski","fil":"filipinski","fj":"fidžijski","fo":"farski","fon":"fon","fr":"francuski","frc":"kajunski francuski","frm":"srednjefrancuski","fro":"starofrancuski","frr":"severnofrizijski","frs":"istočnofrizijski","fur":"friulski","fy":"zapadni frizijski","ga":"irski","gaa":"ga","gag":"gagauz","gay":"gajo","gba":"gbaja","gd":"škotski gelski","gez":"geez","gil":"gilbertski","gl":"galicijski","gmh":"srednji visokonemački","gn":"gvarani","goh":"staronemački","gon":"gondi","gor":"gorontalo","got":"gotski","grb":"grebo","grc":"starogrčki","gsw":"nemački (Švajcarska)","gu":"gudžarati","guz":"gusi","gv":"manks","gwi":"gvičinski","ha":"hausa","hai":"haida","haw":"havajski","hax":"južni haida","he":"hebrejski","hi":"hindi","hil":"hiligajnonski","hit":"hetitski","hmn":"hmonški","ho":"hiri motu","hr":"hrvatski","hsb":"gornjolužičkosrpski","ht":"haićanski","hu":"mađarski","hup":"hupa","hur":"halkomelem","hy":"jermenski","hz":"herero","ia":"interlingva","iba":"ibanski","ibb":"ibibio","id":"indonežanski","ie":"interlingve","ig":"igbo","ii":"sečuanski ji","ik":"inupik","ikt":"zapadnokanadski inuktitut","ilo":"iloko","inh":"inguški","io":"ido","is":"islandski","it":"italijanski","iu":"inuktitutski","ja":"japanski","jbo":"ložban","jgo":"ngomba","jmc":"mačame","jpr":"judeo-persijski","jrb":"judeo-arapski","jv":"javanski","ka":"gruzijski","kaa":"kara-kalpaški","kab":"kabile","kac":"kačinski","kaj":"džu","kam":"kamba","kaw":"kavi","kbd":"kabardijski","kcg":"tjap","kde":"makonde","kea":"zelenortski","kfo":"koro","kg":"kongo","kgp":"kaingang","kha":"kasi","kho":"kotaneški","khq":"kojra čiini","ki":"kikuju","kj":"kvanjama","kk":"kazaški","kkj":"kako","kl":"grenlandski","kln":"kalendžinski","km":"kmerski","kmb":"kimbundu","kn":"kanada","ko":"korejski","koi":"komi-permski","kok":"konkani","kos":"kosrenski","kpe":"kpele","kr":"kanuri","krc":"karačajsko-balkarski","kri":"krio","krl":"karelski","kru":"kuruk","ks":"kašmirski","ksb":"šambala","ksf":"bafija","ksh":"kelnski","ku":"kurdski","kum":"kumički","kut":"kutenaj","kv":"komi","kw":"kornvolski","kwk":"kvakvala","ky":"kirgiski","la":"latinski","lad":"ladino","lag":"langi","lah":"landa","lam":"lamba","lb":"luksemburški","lez":"lezginski","lg":"ganda","li":"limburški","lil":"lilut","lkt":"lakota","lmo":"lombard","ln":"lingala","lo":"laoski","lol":"mongo","lou":"luizijanski kreolski","loz":"lozi","lrc":"severni luri","lsm":"samia","lt":"litvanski","lu":"luba-katanga","lua":"luba-lulua","lui":"luisenjo","lun":"lunda","luo":"luo","lus":"mizo","luy":"lujia","lv":"letonski","mad":"madurski","mag":"magahi","mai":"maitili","mak":"makasarski","man":"mandingo","mas":"masajski","mdf":"mokša","mdr":"mandar","men":"mende","mer":"meru","mfe":"morisjen","mg":"malgaški","mga":"srednjeirski","mgh":"makuva-mito","mgo":"meta","mh":"maršalski","mi":"maorski","mic":"mikmak","min":"minangkabau","mk":"makedonski","ml":"malajalam","mn":"mongolski","mnc":"mandžurski","mni":"manipurski","moe":"inuajmun","moh":"mohočki","mos":"mosi","mr":"marati","ms":"malajski","mt":"malteški","mua":"mundang","mul":"Više jezika","mus":"kriški","mwl":"mirandski","mwr":"marvari","my":"burmanski","myv":"erzja","mzn":"mazanderanski","na":"nauruski","nap":"napuljski","naq":"nama","nb":"norveški bukmol","nd":"severni ndebele","nds":"niskonemački","nds-NL":"niskosaksonski","ne":"nepalski","new":"nevari","ng":"ndonga","nia":"nias","niu":"niuejski","nl":"holandski","nl-BE":"flamanski","nmg":"kvasio","nn":"norveški ninorsk","nnh":"ngiembun","no":"norveški","nog":"nogajski","non":"staronordijski","nqo":"nko","nr":"južni ndebele","nso":"severni soto","nus":"nuer","nv":"navaho","nwc":"klasični nevarski","ny":"njandža","nym":"njamvezi","nyn":"njankole","nyo":"njoro","nzi":"nzima","oc":"oksitanski","oj":"odžibve","ojb":"severozapadni odžibva","ojc":"centralni odžibva","ojs":"odžikri","ojw":"zapadni odžibva","oka":"okangan","om":"oromo","or":"odija","os":"osetinski","osa":"osage","ota":"osmanski turski","pa":"pendžapski","pag":"pangasinanski","pal":"pahlavi","pam":"pampanga","pap":"papijamento","pau":"palauski","pcm":"nigerijski pidžin","peo":"staropersijski","phn":"feničanski","pi":"pali","pis":"pidžin","pl":"poljski","pon":"ponpejski","pqm":"malisepasamakvodi","prg":"pruski","pro":"starooksitanski","ps":"paštunski","pt":"portugalski","pt-PT":"portugalski (Portugal)","qu":"kečua","quc":"kiče","raj":"radžastanski","rap":"rapanui","rar":"rarotonganski","rhg":"rohingja","rm":"romanš","rn":"kirundi","ro":"rumunski","ro-MD":"moldavski","rof":"rombo","rom":"romski","ru":"ruski","rup":"cincarski","rw":"kinjaruanda","rwk":"rua","sa":"sanskrit","sad":"sandave","sah":"saha","sam":"samarijanski aramejski","saq":"samburu","sas":"sasak","sat":"santali","sba":"ngambaj","sbp":"sangu","sc":"sardinski","scn":"sicilijanski","sco":"škotski","sd":"sindi","sdh":"južnokurdski","se":"severni sami","seh":"sena","sel":"selkupski","ses":"kojraboro seni","sg":"sango","sga":"staroirski","sh":"srpskohrvatski","shi":"tašelhit","shn":"šanski","si":"sinhaleški","sid":"sidamo","sk":"slovački","sl":"slovenački","slh":"južni lašutsid","sm":"samoanski","sma":"južni sami","smj":"lule sami","smn":"inari sami","sms":"skolt sami","sn":"šona","snk":"soninke","so":"somalski","sog":"sogdijski","sq":"albanski","sr":"srpski","srn":"sranan tongo","srr":"sererski","ss":"svazi","ssy":"saho","st":"sesoto","str":"streicsališ","su":"sundanski","suk":"sukuma","sus":"susu","sux":"sumerski","sv":"švedski","sw":"svahili","sw-CD":"kisvahili","swb":"komorski","syc":"sirijački","syr":"sirijski","ta":"tamilski","tce":"južni tačon","te":"telugu","tem":"timne","teo":"teso","ter":"tereno","tet":"tetum","tg":"tadžički","tgx":"tagiš","th":"tajski","tht":"tahltan","ti":"tigrinja","tig":"tigre","tiv":"tiv","tk":"turkmenski","tkl":"tokelau","tl":"tagalog","tlh":"klingonski","tli":"tlingit","tmh":"tamašek","tn":"cvana","to":"tonganski","tog":"njasa tonga","tok":"tokipona","tpi":"tok pisin","tr":"turski","trv":"taroko","ts":"conga","tsi":"cimšian","tt":"tatarski","ttm":"severni tučon","tum":"tumbuka","tvl":"tuvalu","tw":"tvi","twq":"tasavak","ty":"tahićanski","tyv":"tuvinski","tzm":"centralnoatlaski tamazigt","udm":"udmurtski","ug":"ujgurski","uga":"ugaritski","uk":"ukrajinski","umb":"umbundu","und":"nepoznat jezik","ur":"urdu","uz":"uzbečki","vai":"vai","ve":"venda","vi":"vijetnamski","vo":"volapik","vot":"vodski","vun":"vundžo","wa":"valonski","wae":"valserski","wal":"volajta","war":"varajski","was":"vašo","wbp":"varlpiri","wo":"volof","wuu":"vu kineski","xal":"kalmički","xh":"kosa","xog":"soga","yao":"jao","yap":"japski","yav":"jangben","ybb":"jemba","yi":"jidiš","yo":"joruba","yrl":"ningatu","yue":"kantonski","za":"džuanški","zap":"zapotečki","zbl":"blisimboli","zen":"zenaga","zgh":"standardni marokanski tamazigt","zh":"kineski","zh-Hans":"pojednostavljeni kineski","zh-Hant":"tradicionalni kineski","zu":"zulu","zun":"zuni","zxx":"bez lingvističkog sadržaja","zza":"zaza"},"narrow":{},"short":{"az":"azerski","en-GB":"engleski (UK)","en-US":"engleski (SAD)"}},"standard":{"long":{"aa":"afarski","ab":"abhaski","ace":"aceški","ach":"akoli","ada":"adangme","ady":"adigejski","ae":"avestanski","af":"afrikans","afh":"afrihili","agq":"agem","ain":"ainu","ak":"akanski","akk":"akadijski","ale":"aleutski","alt":"južnoaltajski","am":"amharski","an":"aragonski","ang":"staroengleski","ann":"obolo","anp":"angika","ar":"arapski","ar-001":"arapski (svet)","arc":"aramejski","arn":"mapuče","arp":"arapaho","ars":"najdiarapski","arw":"aravački","as":"asamski","asa":"asu","ast":"asturijski","atj":"atikameku","av":"avarski","awa":"avadi","ay":"ajmara","az":"azerbejdžanski","ba":"baškirski","bal":"belučki","ban":"balijski","bas":"basa","be":"beloruski","bej":"bedža","bem":"bemba","bez":"bena","bg":"bugarski","bgn":"zapadni belučki","bho":"bodžpuri","bi":"bislama","bik":"bikol","bin":"bini","bla":"sisika","bm":"bambara","bn":"bengalski","bo":"tibetanski","br":"bretonski","bra":"braj","brx":"bodo","bs":"bosanski","bua":"burjatski","bug":"bugijski","byn":"blinski","ca":"katalonski","cad":"kado","car":"karipski","cay":"kajuga","cch":"atsam","ccp":"čakma","ce":"čečenski","ceb":"sebuanski","cgg":"čiga","ch":"čamoro","chb":"čipča","chg":"čagataj","chk":"čučki","chm":"mari","chn":"činučki","cho":"čoktavski","chp":"čipevjanski","chr":"čeroki","chy":"čejenski","ckb":"centralni kurdski","clc":"čilkotin","co":"korzikanski","cop":"koptski","cr":"kri","crg":"mičif","crh":"krimskotatarski","crj":"jugoistočni kri","crk":"plainskri","crl":"severoistočni kri","crm":"muzkri","crr":"karolinški algonkvijan","crs":"sejšelski kreolski francuski","cs":"češki","csb":"kašupski","csw":"močvarni kri","cu":"crkvenoslovenski","cv":"čuvaški","cy":"velški","da":"danski","dak":"dakota","dar":"darginski","dav":"taita","de":"nemački","de-AT":"nemački (Austrija)","de-CH":"nemački (Švajcarska)","del":"delaverski","den":"slejvi","dgr":"dogripski","din":"dinka","dje":"zarma","doi":"dogri","dsb":"donjolužičkosrpski","dua":"duala","dum":"srednjeholandski","dv":"maldivski","dyo":"džola fonji","dyu":"đula","dz":"džonga","dzg":"dazaga","ebu":"embu","ee":"eve","efi":"efički","egy":"staroegipatski","eka":"ekadžuk","el":"grčki","elx":"elamitski","en":"engleski","en-GB":"engleski (Ujedinjeno Kraljevstvo)","en-US":"engleski (Sjedinjene Države)","enm":"srednjeengleski","eo":"esperanto","es":"španski","es-ES":"španski (Španija)","et":"estonski","eu":"baskijski","ewo":"evondo","fa":"persijski","fa-AF":"persijski (Avganistan)","fan":"fang","fat":"fanti","ff":"fula","fi":"finski","fil":"filipinski","fj":"fidžijski","fo":"farski","fon":"fon","fr":"francuski","frc":"kajunski francuski","frm":"srednjefrancuski","fro":"starofrancuski","frr":"severnofrizijski","frs":"istočnofrizijski","fur":"friulski","fy":"zapadni frizijski","ga":"irski","gaa":"ga","gag":"gagauz","gay":"gajo","gba":"gbaja","gd":"škotski gelski","gez":"geez","gil":"gilbertski","gl":"galicijski","gmh":"srednji visokonemački","gn":"gvarani","goh":"staronemački","gon":"gondi","gor":"gorontalo","got":"gotski","grb":"grebo","grc":"starogrčki","gsw":"nemački (Švajcarska)","gu":"gudžarati","guz":"gusi","gv":"manks","gwi":"gvičinski","ha":"hausa","hai":"haida","haw":"havajski","hax":"južni haida","he":"hebrejski","hi":"hindi","hil":"hiligajnonski","hit":"hetitski","hmn":"hmonški","ho":"hiri motu","hr":"hrvatski","hsb":"gornjolužičkosrpski","ht":"haićanski","hu":"mađarski","hup":"hupa","hur":"halkomelem","hy":"jermenski","hz":"herero","ia":"interlingva","iba":"ibanski","ibb":"ibibio","id":"indonežanski","ie":"interlingve","ig":"igbo","ii":"sečuanski ji","ik":"inupik","ikt":"zapadnokanadski inuktitut","ilo":"iloko","inh":"inguški","io":"ido","is":"islandski","it":"italijanski","iu":"inuktitutski","ja":"japanski","jbo":"ložban","jgo":"ngomba","jmc":"mačame","jpr":"judeo-persijski","jrb":"judeo-arapski","jv":"javanski","ka":"gruzijski","kaa":"kara-kalpaški","kab":"kabile","kac":"kačinski","kaj":"džu","kam":"kamba","kaw":"kavi","kbd":"kabardijski","kcg":"tjap","kde":"makonde","kea":"zelenortski","kfo":"koro","kg":"kongo","kgp":"kaingang","kha":"kasi","kho":"kotaneški","khq":"kojra čiini","ki":"kikuju","kj":"kvanjama","kk":"kazaški","kkj":"kako","kl":"grenlandski","kln":"kalendžinski","km":"kmerski","kmb":"kimbundu","kn":"kanada","ko":"korejski","koi":"komi-permski","kok":"konkani","kos":"kosrenski","kpe":"kpele","kr":"kanuri","krc":"karačajsko-balkarski","kri":"krio","krl":"karelski","kru":"kuruk","ks":"kašmirski","ksb":"šambala","ksf":"bafija","ksh":"kelnski","ku":"kurdski","kum":"kumički","kut":"kutenaj","kv":"komi","kw":"kornvolski","kwk":"kvakvala","ky":"kirgiski","la":"latinski","lad":"ladino","lag":"langi","lah":"landa","lam":"lamba","lb":"luksemburški","lez":"lezginski","lg":"ganda","li":"limburški","lil":"lilut","lkt":"lakota","lmo":"lombard","ln":"lingala","lo":"laoski","lol":"mongo","lou":"luizijanski kreolski","loz":"lozi","lrc":"severni luri","lsm":"samia","lt":"litvanski","lu":"luba-katanga","lua":"luba-lulua","lui":"luisenjo","lun":"lunda","luo":"luo","lus":"mizo","luy":"lujia","lv":"letonski","mad":"madurski","mag":"magahi","mai":"maitili","mak":"makasarski","man":"mandingo","mas":"masajski","mdf":"mokša","mdr":"mandar","men":"mende","mer":"meru","mfe":"morisjen","mg":"malgaški","mga":"srednjeirski","mgh":"makuva-mito","mgo":"meta","mh":"maršalski","mi":"maorski","mic":"mikmak","min":"minangkabau","mk":"makedonski","ml":"malajalam","mn":"mongolski","mnc":"mandžurski","mni":"manipurski","moe":"inuajmun","moh":"mohočki","mos":"mosi","mr":"marati","ms":"malajski","mt":"malteški","mua":"mundang","mul":"Više jezika","mus":"kriški","mwl":"mirandski","mwr":"marvari","my":"burmanski","myv":"erzja","mzn":"mazanderanski","na":"nauruski","nap":"napuljski","naq":"nama","nb":"norveški bukmol","nd":"severni ndebele","nds":"niskonemački","nds-NL":"niskonemački (Holandija)","ne":"nepalski","new":"nevari","ng":"ndonga","nia":"nias","niu":"niuejski","nl":"holandski","nl-BE":"holandski (Belgija)","nmg":"kvasio","nn":"norveški ninorsk","nnh":"ngiembun","no":"norveški","nog":"nogajski","non":"staronordijski","nqo":"nko","nr":"južni ndebele","nso":"severni soto","nus":"nuer","nv":"navaho","nwc":"klasični nevarski","ny":"njandža","nym":"njamvezi","nyn":"njankole","nyo":"njoro","nzi":"nzima","oc":"oksitanski","oj":"odžibve","ojb":"severozapadni odžibva","ojc":"centralni odžibva","ojs":"odžikri","ojw":"zapadni odžibva","oka":"okangan","om":"oromo","or":"odija","os":"osetinski","osa":"osage","ota":"osmanski turski","pa":"pendžapski","pag":"pangasinanski","pal":"pahlavi","pam":"pampanga","pap":"papijamento","pau":"palauski","pcm":"nigerijski pidžin","peo":"staropersijski","phn":"feničanski","pi":"pali","pis":"pidžin","pl":"poljski","pon":"ponpejski","pqm":"malisepasamakvodi","prg":"pruski","pro":"starooksitanski","ps":"paštunski","pt":"portugalski","pt-PT":"portugalski (Portugalija)","qu":"kečua","quc":"kiče","raj":"radžastanski","rap":"rapanui","rar":"rarotonganski","rhg":"rohingja","rm":"romanš","rn":"kirundi","ro":"rumunski","ro-MD":"rumunski (Moldavija)","rof":"rombo","rom":"romski","ru":"ruski","rup":"cincarski","rw":"kinjaruanda","rwk":"rua","sa":"sanskrit","sad":"sandave","sah":"saha","sam":"samarijanski aramejski","saq":"samburu","sas":"sasak","sat":"santali","sba":"ngambaj","sbp":"sangu","sc":"sardinski","scn":"sicilijanski","sco":"škotski","sd":"sindi","sdh":"južnokurdski","se":"severni sami","seh":"sena","sel":"selkupski","ses":"kojraboro seni","sg":"sango","sga":"staroirski","sh":"srpskohrvatski","shi":"tašelhit","shn":"šanski","si":"sinhaleški","sid":"sidamo","sk":"slovački","sl":"slovenački","slh":"južni lašutsid","sm":"samoanski","sma":"južni sami","smj":"lule sami","smn":"inari sami","sms":"skolt sami","sn":"šona","snk":"soninke","so":"somalski","sog":"sogdijski","sq":"albanski","sr":"srpski","srn":"sranan tongo","srr":"sererski","ss":"svazi","ssy":"saho","st":"sesoto","str":"streicsališ","su":"sundanski","suk":"sukuma","sus":"susu","sux":"sumerski","sv":"švedski","sw":"svahili","sw-CD":"svahili (Kongo - Kinšasa)","swb":"komorski","syc":"sirijački","syr":"sirijski","ta":"tamilski","tce":"južni tačon","te":"telugu","tem":"timne","teo":"teso","ter":"tereno","tet":"tetum","tg":"tadžički","tgx":"tagiš","th":"tajski","tht":"tahltan","ti":"tigrinja","tig":"tigre","tiv":"tiv","tk":"turkmenski","tkl":"tokelau","tl":"tagalog","tlh":"klingonski","tli":"tlingit","tmh":"tamašek","tn":"cvana","to":"tonganski","tog":"njasa tonga","tok":"tokipona","tpi":"tok pisin","tr":"turski","trv":"taroko","ts":"conga","tsi":"cimšian","tt":"tatarski","ttm":"severni tučon","tum":"tumbuka","tvl":"tuvalu","tw":"tvi","twq":"tasavak","ty":"tahićanski","tyv":"tuvinski","tzm":"centralnoatlaski tamazigt","udm":"udmurtski","ug":"ujgurski","uga":"ugaritski","uk":"ukrajinski","umb":"umbundu","und":"nepoznat jezik","ur":"urdu","uz":"uzbečki","vai":"vai","ve":"venda","vi":"vijetnamski","vo":"volapik","vot":"vodski","vun":"vundžo","wa":"valonski","wae":"valserski","wal":"volajta","war":"varajski","was":"vašo","wbp":"varlpiri","wo":"volof","wuu":"vu kineski","xal":"kalmički","xh":"kosa","xog":"soga","yao":"jao","yap":"japski","yav":"jangben","ybb":"jemba","yi":"jidiš","yo":"joruba","yrl":"ningatu","yue":"kantonski","za":"džuanški","zap":"zapotečki","zbl":"blisimboli","zen":"zenaga","zgh":"standardni marokanski tamazigt","zh":"kineski","zh-Hans":"pojednostavljeni kineski","zh-Hant":"tradicionalni kineski","zu":"zulu","zun":"zuni","zxx":"bez lingvističkog sadržaja","zza":"zaza"},"narrow":{},"short":{"az":"azerski","en-GB":"engleski (UK)","en-US":"engleski (SAD)"}}},"region":{"long":{"142":"Azija","143":"Centralna Azija","145":"Zapadna Azija","150":"Evropa","151":"Istočna Evropa","154":"Severna Evropa","155":"Zapadna Evropa","202":"Podsaharska Afrika","419":"Latinska Amerika","001":"svet","002":"Afrika","003":"Severnoamerički kontinent","005":"Južna Amerika","009":"Okeanija","011":"Zapadna Afrika","013":"Centralna Amerika","014":"Istočna Afrika","015":"Severna Afrika","017":"Centralna Afrika","018":"Južna Afrika","019":"Severna i Južna Amerika","021":"Severna Amerika","029":"Karibi","030":"Istočna Azija","034":"Južna Azija","035":"Jugoistočna Azija","039":"Južna Evropa","053":"Australija i Novi Zeland","054":"Melanezija","057":"Mikronezijski region","061":"Polinezija","AC":"Ostrvo Asension","AD":"Andora","AE":"Ujedinjeni Arapski Emirati","AF":"Avganistan","AG":"Antigva i Barbuda","AI":"Angvila","AL":"Albanija","AM":"Jermenija","AO":"Angola","AQ":"Antarktik","AR":"Argentina","AS":"Američka Samoa","AT":"Austrija","AU":"Australija","AW":"Aruba","AX":"Olandska Ostrva","AZ":"Azerbejdžan","BA":"Bosna i Hercegovina","BB":"Barbados","BD":"Bangladeš","BE":"Belgija","BF":"Burkina Faso","BG":"Bugarska","BH":"Bahrein","BI":"Burundi","BJ":"Benin","BL":"Sveti Bartolomej","BM":"Bermuda","BN":"Brunej","BO":"Bolivija","BQ":"Karipska Holandija","BR":"Brazil","BS":"Bahami","BT":"Butan","BV":"Ostrvo Buve","BW":"Bocvana","BY":"Belorusija","BZ":"Belize","CA":"Kanada","CC":"Kokosova (Kilingova) Ostrva","CD":"Kongo - Kinšasa","CF":"Centralnoafrička Republika","CG":"Kongo - Brazavil","CH":"Švajcarska","CI":"Obala Slonovače (Kot d’Ivoar)","CK":"Kukova Ostrva","CL":"Čile","CM":"Kamerun","CN":"Kina","CO":"Kolumbija","CP":"Ostrvo Kliperton","CR":"Kostarika","CU":"Kuba","CV":"Zelenortska Ostrva","CW":"Kurasao","CX":"Božićno Ostrvo","CY":"Kipar","CZ":"Češka","DE":"Nemačka","DG":"Dijego Garsija","DJ":"Džibuti","DK":"Danska","DM":"Dominika","DO":"Dominikanska Republika","DZ":"Alžir","EA":"Seuta i Melilja","EC":"Ekvador","EE":"Estonija","EG":"Egipat","EH":"Zapadna Sahara","ER":"Eritreja","ES":"Španija","ET":"Etiopija","EU":"Evropska unija","EZ":"Evrozona","FI":"Finska","FJ":"Fidži","FK":"Foklandska Ostrva","FM":"Mikronezija","FO":"Farska Ostrva","FR":"Francuska","GA":"Gabon","GB":"Ujedinjeno Kraljevstvo","GD":"Grenada","GE":"Gruzija","GF":"Francuska Gvajana","GG":"Gernzi","GH":"Gana","GI":"Gibraltar","GL":"Grenland","GM":"Gambija","GN":"Gvineja","GP":"Gvadelup","GQ":"Ekvatorijalna Gvineja","GR":"Grčka","GS":"Južna Džordžija i Južna Sendvička Ostrva","GT":"Gvatemala","GU":"Guam","GW":"Gvineja-Bisao","GY":"Gvajana","HK":"SAR Hongkong (Kina)","HM":"Ostrvo Herd i Mekdonaldova ostrva","HN":"Honduras","HR":"Hrvatska","HT":"Haiti","HU":"Mađarska","IC":"Kanarska Ostrva","ID":"Indonezija","IE":"Irska","IL":"Izrael","IM":"Ostrvo Man","IN":"Indija","IO":"Britanska teritorija Indijskog okeana","IQ":"Irak","IR":"Iran","IS":"Island","IT":"Italija","JE":"Džerzi","JM":"Jamajka","JO":"Jordan","JP":"Japan","KE":"Kenija","KG":"Kirgistan","KH":"Kambodža","KI":"Kiribati","KM":"Komorska Ostrva","KN":"Sent Kits i Nevis","KP":"Severna Koreja","KR":"Južna Koreja","KW":"Kuvajt","KY":"Kajmanska Ostrva","KZ":"Kazahstan","LA":"Laos","LB":"Liban","LC":"Sveta Lucija","LI":"Lihtenštajn","LK":"Šri Lanka","LR":"Liberija","LS":"Lesoto","LT":"Litvanija","LU":"Luksemburg","LV":"Letonija","LY":"Libija","MA":"Maroko","MC":"Monako","MD":"Moldavija","ME":"Crna Gora","MF":"Sveti Martin (Francuska)","MG":"Madagaskar","MH":"Maršalska Ostrva","MK":"Severna Makedonija","ML":"Mali","MM":"Mijanmar (Burma)","MN":"Mongolija","MO":"SAR Makao (Kina)","MP":"Severna Marijanska Ostrva","MQ":"Martinik","MR":"Mauritanija","MS":"Monserat","MT":"Malta","MU":"Mauricijus","MV":"Maldivi","MW":"Malavi","MX":"Meksiko","MY":"Malezija","MZ":"Mozambik","NA":"Namibija","NC":"Nova Kaledonija","NE":"Niger","NF":"Ostrvo Norfok","NG":"Nigerija","NI":"Nikaragva","NL":"Holandija","NO":"Norveška","NP":"Nepal","NR":"Nauru","NU":"Niue","NZ":"Novi Zeland","OM":"Oman","PA":"Panama","PE":"Peru","PF":"Francuska Polinezija","PG":"Papua Nova Gvineja","PH":"Filipini","PK":"Pakistan","PL":"Poljska","PM":"Sen Pjer i Mikelon","PN":"Pitkern","PR":"Portoriko","PS":"Palestinske teritorije","PT":"Portugalija","PW":"Palau","PY":"Paragvaj","QA":"Katar","QO":"Okeanija (udaljena ostrva)","RE":"Reinion","RO":"Rumunija","RS":"Srbija","RU":"Rusija","RW":"Ruanda","SA":"Saudijska Arabija","SB":"Solomonska Ostrva","SC":"Sejšeli","SD":"Sudan","SE":"Švedska","SG":"Singapur","SH":"Sveta Jelena","SI":"Slovenija","SJ":"Svalbard i Jan Majen","SK":"Slovačka","SL":"Sijera Leone","SM":"San Marino","SN":"Senegal","SO":"Somalija","SR":"Surinam","SS":"Južni Sudan","ST":"Sao Tome i Principe","SV":"Salvador","SX":"Sveti Martin (Holandija)","SY":"Sirija","SZ":"Svazilend","TA":"Tristan da Kunja","TC":"Ostrva Turks i Kaikos","TD":"Čad","TF":"Francuske Južne Teritorije","TG":"Togo","TH":"Tajland","TJ":"Tadžikistan","TK":"Tokelau","TL":"Timor-Leste (Istočni Timor)","TM":"Turkmenistan","TN":"Tunis","TO":"Tonga","TR":"Turska","TT":"Trinidad i Tobago","TV":"Tuvalu","TW":"Tajvan","TZ":"Tanzanija","UA":"Ukrajina","UG":"Uganda","UM":"Udaljena ostrva SAD","UN":"Ujedinjene nacije","US":"Sjedinjene Države","UY":"Urugvaj","UZ":"Uzbekistan","VA":"Vatikan","VC":"Sent Vinsent i Grenadini","VE":"Venecuela","VG":"Britanska Devičanska Ostrva","VI":"Američka Devičanska Ostrva","VN":"Vijetnam","VU":"Vanuatu","WF":"Valis i Futuna","WS":"Samoa","XA":"Pseudoakcenti","XB":"Pseudobidi","XK":"Kosovo","YE":"Jemen","YT":"Majot","ZA":"Južnoafrička Republika","ZM":"Zambija","ZW":"Zimbabve","ZZ":"Nepoznat region"},"narrow":{},"short":{"GB":"UK","HK":"Hongkong","MO":"Makao","PS":"Palestina","UN":"UN","US":"SAD"}},"script":{"long":{"Adlm":"adlam","Arab":"arapsko pismo","Aran":"nastalik","Armi":"imperijsko aramejsko pismo","Armn":"jermensko pismo","Avst":"avestansko pismo","Bali":"balijsko pismo","Batk":"batak pismo","Beng":"bengalsko pismo","Blis":"blisimbolično pismo","Bopo":"bopomofo pismo","Brah":"bramansko pismo","Brai":"brajevo pismo","Bugi":"buginsko pismo","Buhd":"buhidsko pismo","Cakm":"čakma","Cans":"ujedinjeni kanadski aboridžinski silabici","Cari":"karijsko pismo","Cham":"čamsko pismo","Cher":"čeroki","Cirt":"cirt pismo","Copt":"koptičko pismo","Cprt":"kiparsko pismo","Cyrl":"ćirilica","Cyrs":"Staroslovenska crkvena ćirilica","Deva":"devanagari","Dsrt":"Dezeret","Egyd":"egipatsko narodno pismo","Egyh":"egipatsko hijeratsko pismo","Egyp":"egipatski hijeroglifi","Ethi":"etiopsko pismo","Geok":"gruzijsko khutsuri pismo","Geor":"gruzijsko pismo","Glag":"glagoljica","Goth":"Gotika","Grek":"grčko pismo","Gujr":"gudžaratsko pismo","Guru":"gurmuki pismo","Hanb":"hanb","Hang":"hangul","Hani":"han","Hano":"hanuno","Hans":"pojednostavljeno kinesko pismo","Hant":"tradicionalno kinesko pismo","Hebr":"hebrejsko pismo","Hira":"hiragana","Hmng":"pahav hmong pismo","Hrkt":"japanska slogovna pisma","Hung":"staromađarsko pismo","Inds":"induško pismo","Ital":"stari italik","Jamo":"džamo","Java":"javansko pismo","Jpan":"japansko pismo","Kali":"kajah-li pismo","Kana":"katakana","Khar":"karošti pismo","Khmr":"kmersko pismo","Knda":"kanada pismo","Kore":"korejsko pismo","Kthi":"kaiti","Lana":"lanna pismo","Laoo":"laoško pismo","Latf":"latinica (fraktur varijanta)","Latg":"galska latinica","Latn":"latinica","Lepc":"lepča pismo","Limb":"limbu pismo","Lina":"linearno A pismo","Linb":"linearno B pismo","Lyci":"lisijsko pismo","Lydi":"lidijsko pismo","Mand":"mandeansko pismo","Mani":"manihejsko pismo","Maya":"majanski hijeroglifi","Mero":"meroitik pismo","Mlym":"malajalamsko pismo","Mong":"mongolsko pismo","Moon":"mesečevo pismo","Mtei":"meitei majek","Mymr":"mijanmarsko pismo","Nkoo":"nko","Ogam":"ogamsko pismo","Olck":"ol čiki","Orkh":"orkonsko pismo","Orya":"orijansko pismo","Osma":"osmanjansko pismo","Perm":"staro permiksko pismo","Phag":"pags-pa pismo","Phli":"pisani pahlavi","Phlp":"psalter pahlavi","Phlv":"pahlavi pismo","Phnx":"Feničansko pismo","Plrd":"porald fonetsko pismo","Prti":"pisani partian","Rjng":"rejang pismo","Rohg":"hanifi","Roro":"rongorongo pismo","Runr":"runsko pismo","Samr":"samaritansko pismo","Sara":"sarati pismo","Saur":"sauraštra pismo","Sgnw":"znakovno pismo","Shaw":"šavijansko pismo","Sinh":"sinhalsko pismo","Sund":"sundansko pismo","Sylo":"siloti nagri pismo","Syrc":"sirijsko pismo","Syre":"sirijsko estrangelo pismo","Syrj":"zapadnosirijsko pismo","Syrn":"pismo istočne Sirije","Tagb":"tagbanva pismo","Tale":"tai le pismo","Talu":"novi tai lue","Taml":"tamilsko pismo","Tavt":"tai viet pismo","Telu":"telugu pismo","Teng":"tengvar pismo","Tfng":"tifinag","Tglg":"Tagalog","Thaa":"tana pismo","Thai":"tajlandsko pismo","Tibt":"tibetansko pismo","Ugar":"ugaritsko pismo","Vaii":"vai","Visp":"vidljivi govor","Xpeo":"staropersijsko pismo","Xsux":"sumersko-akadsko kuneiform pismo","Yiii":"ji","Zinh":"nasledno pismo","Zmth":"matematička notacija","Zsye":"emodži","Zsym":"simboli","Zxxx":"nepisani jezik","Zyyy":"zajedničko pismo","Zzzz":"nepoznato pismo"},"narrow":{},"short":{}}}},"locale":"sr-Latn"}