{"data":{"patterns":{"locale":"{0} ({1})"},"types":{"calendar":{"long":{"buddhist":"buddistisk kalender","chinese":"kinesisk kalender","coptic":"koptisk kalender","dangi":"koreansk kalender","ethiopic":"etiopisk kalender","ethiopic-amete-alem":"etiopisk amete-alem-kalender","gregorian":"gregoriansk kalender","hebrew":"hebreisk kalender","indian":"indisk kalender","islamic":"islamisk kalender","islamic-civil":"islamisk civil kalender","islamic-rgsa":"islamisk kalender, Saudi-Arabien","islamic-tbla":"islamisk kalender, astronomisk","islamic-umalqura":"islamisk kalender, Umm al-Qura","iso8601":"ISO 8601-kalender","japanese":"japansk kalender","persian":"persisk kalender","roc":"kinesiska republikens kalender"},"narrow":{},"short":{}},"currency":{"long":{"ADP":"andorransk peseta","AED":"emiratisk dirham","AFA":"afghani (1927–2002)","AFN":"afghansk afghani","ALK":"albansk lek (1946–1965)","ALL":"albansk lek","AMD":"armenisk dram","ANG":"antillergulden","AOA":"angolansk kwanza","AOK":"angolansk kwanza (1977–1990)","AON":"angolansk ny kwanza (1990–2000)","AOR":"angolansk kwanza reajustado (1995–1999)","ARA":"argentinsk austral","ARL":"argentisk peso (1970–1983)","ARM":"argentisk peso (1881–1969)","ARP":"argentinsk peso (1983–1985)","ARS":"argentinsk peso","ATS":"österrikisk schilling","AUD":"australisk dollar","AWG":"arubansk florin","AZM":"azerbajdzjansk manat (1993–2006)","AZN":"azerbajdzjansk manat","BAD":"bosnisk-hercegovinsk dinar (1992–1994)","BAM":"bosnisk-hercegovinsk mark (konvertibel)","BAN":"bosnisk-hercegovinsk dinar (1994–1998)","BBD":"barbadisk dollar","BDT":"bangladeshisk taka","BEC":"belgisk franc (konvertibel)","BEF":"belgisk franc","BEL":"belgisk franc (finansiell)","BGL":"bulgarisk hård lev (1962–1999)","BGM":"bulgarisk lev (1952–1962)","BGN":"bulgarisk lev","BGO":"bulgarisk lev (1881–1952)","BHD":"bahrainsk dinar","BIF":"burundisk franc","BMD":"bermudisk dollar","BND":"bruneisk dollar","BOB":"boliviansk boliviano","BOL":"boliviansk boliviano (1864–1963)","BOP":"boliviansk peso","BOV":"boliviansk mvdol","BRB":"brasiliansk cruzeiro novo (1967–1986)","BRC":"brasiliansk cruzado","BRE":"brasiliansk cruzeiro (1990–1993)","BRL":"brasiliansk real","BRN":"brasiliansk cruzado novo","BRR":"brasiliansk cruzeiro","BRZ":"brasiliansk cruzeiro (1942–1967)","BSD":"bahamansk dollar","BTN":"bhutanesisk ngultrum","BUK":"burmesisk kyat","BWP":"botswansk pula","BYB":"vitrysk ny rubel (1994–1999)","BYN":"vitrysk rubel","BYR":"vitrysk rubel (2000–2016)","BZD":"belizisk dollar","CAD":"kanadensisk dollar","CDF":"kongolesisk franc","CHE":"euro (konvertibelt konto, WIR Bank, Schweiz)","CHF":"schweizisk franc","CHW":"franc (konvertibelt konto, WIR Bank, Schweiz)","CLE":"chilensk escudo (1960–1975)","CLF":"chilensk unidad de fomento","CLP":"chilensk peso","CNH":"kinesisk yuan (offshore)","CNX":"kinesisk dollar","CNY":"kinesisk yuan","COP":"colombiansk peso","COU":"colombiansk unidad de valor real","CRC":"costarikansk colón","CSD":"serbisk dinar (2002–2006)","CSK":"tjeckoslovakisk krona (–1993)","CUC":"kubansk peso (konvertibel)","CUP":"kubansk peso","CVE":"kapverdisk escudo","CYP":"cypriotiskt pund","CZK":"tjeckisk koruna","DDM":"östtysk mark","DEM":"tysk mark","DJF":"djiboutisk franc","DKK":"dansk krona","DOP":"dominikansk peso","DZD":"algerisk dinar","ECS":"ecuadoriansk sucre","ECV":"ecuadoriansk unidad de valor constante","EEK":"estnisk krona","EGP":"egyptiskt pund","ERN":"eritreansk nakfa","ESA":"spansk peseta (konto)","ESB":"spansk peseta (konvertibelt konto)","ESP":"spansk peseta","ETB":"etiopisk birr","EUR":"euro","FIM":"finsk mark","FJD":"Fijidollar","FKP":"Falklandspund","FRF":"fransk franc","GBP":"brittiskt pund","GEK":"georgisk kupon larit","GEL":"georgisk lari","GHC":"ghanansk cedi (1979–2007)","GHS":"ghanansk cedi","GIP":"gibraltiskt pund","GMD":"gambisk dalasi","GNF":"guineansk franc","GNS":"guineansk syli","GQE":"ekvatorialguineansk ekwele","GRD":"grekisk drachma","GTQ":"guatemalansk quetzal","GWE":"Portugisiska Guinea-escudo","GWP":"Guinea-Bissau-peso","GYD":"Guyanadollar","HKD":"Hongkongdollar","HNL":"honduransk lempira","HRD":"kroatisk dinar","HRK":"kroatisk kuna","HTG":"haitisk gourde","HUF":"ungersk forint","IDR":"indonesisk rupie","IEP":"irländskt pund","ILP":"israeliskt pund","ILR":"israelisk shekel (1980–1985)","ILS":"israelisk ny shekel","INR":"indisk rupie","IQD":"irakisk dinar","IRR":"iransk rial","ISJ":"isländsk gammal krona","ISK":"isländsk krona","ITL":"italiensk lire","JMD":"jamaicansk dollar","JOD":"jordansk dinar","JPY":"japansk yen","KES":"kenyansk shilling","KGS":"kirgizisk som","KHR":"kambodjansk riel","KMF":"komorisk franc","KPW":"nordkoreansk won","KRH":"sydkoreansk hwan (1953–1962)","KRO":"sydkoreansk won (1945–1953)","KRW":"sydkoreansk won","KWD":"kuwaitisk dinar","KYD":"caymansk dollar","KZT":"kazakisk tenge","LAK":"laotisk kip","LBP":"libanesiskt pund","LKR":"srilankesisk rupie","LRD":"liberiansk dollar","LSL":"lesothisk loti","LTL":"litauisk litas","LTT":"litauisk talonas","LUC":"luxemburgsk franc (konvertibel)","LUF":"luxemburgsk franc","LUL":"luxemburgsk franc (finansiell)","LVL":"lettisk lats","LVR":"lettisk rubel","LYD":"libysk dinar","MAD":"marockansk dirham","MAF":"marockansk franc","MCF":"monegaskisk franc (–2001)","MDC":"moldavisk cupon (1992–1993)","MDL":"moldavisk leu","MGA":"madagaskisk ariary","MGF":"madagaskisk franc","MKD":"makedonisk denar","MKN":"makedonisk denar (1992–1993)","MLF":"malisk franc","MMK":"myanmarisk kyat","MNT":"mongolisk tögrög","MOP":"makanesisk pataca","MRO":"mauretansk ouguiya (1973–2017)","MRU":"mauretansk ouguiya","MTL":"maltesisk lire","MTP":"maltesiskt pund","MUR":"mauritisk rupie","MVP":"maldivisk rupie","MVR":"maldivisk rufiyaa","MWK":"malawisk kwacha","MXN":"mexikansk peso","MXP":"mexikansk silverpeso (1861–1992)","MXV":"mexikansk unidad de inversion","MYR":"malaysisk ringgit","MZE":"moçambikisk escudo","MZM":"gammal moçambikisk metical","MZN":"moçambikisk metical","NAD":"namibisk dollar","NGN":"nigeriansk naira","NIC":"nicaraguansk córdoba (1998–1991)","NIO":"nicaraguansk córdoba","NLG":"nederländsk gulden","NOK":"norsk krona","NPR":"nepalesisk rupie","NZD":"nyzeeländsk dollar","OMR":"omansk rial","PAB":"panamansk balboa","PEI":"peruansk inti","PEN":"peruansk sol","PES":"peruansk sol (1863–1965)","PGK":"papuansk kina","PHP":"filippinsk peso","PKR":"pakistansk rupie","PLN":"polsk zloty","PLZ":"polsk zloty (1950–1995)","PTE":"portugisisk escudo","PYG":"paraguayansk guarani","QAR":"qatarisk rial","RHD":"rhodesisk dollar","ROL":"rumänsk leu (1952–2005)","RON":"rumänsk leu","RSD":"serbisk dinar","RUB":"rysk rubel","RUR":"rysk rubel (1991–1998)","RWF":"rwandisk franc","SAR":"saudisk riyal","SBD":"Salomondollar","SCR":"seychellisk rupie","SDD":"sudansk dinar (1992–2007)","SDG":"sudanesiskt pund","SDP":"sudanskt pund (1916–1992)","SEK":"svensk krona","SGD":"singaporiansk dollar","SHP":"sankthelenskt pund","SIT":"slovensk tolar","SKK":"slovakisk koruna","SLL":"sierraleonsk leone","SOS":"somalisk shilling","SRD":"surinamesisk dollar","SRG":"surinamesisk gulden","SSP":"sydsudanesiskt pund","STD":"saotomeansk dobra (1977–2017)","STN":"saotomeansk dobra","SUR":"sovjetisk rubel","SVC":"salvadoransk colón","SYP":"syriskt pund","SZL":"swaziländsk lilangeni","THB":"thailändsk baht","TJR":"tadzjikisk rubel","TJS":"tadzjikisk somoni","TMM":"turkmenistansk manat (1993–2009)","TMT":"turkmenistansk manat","TND":"tunisisk dinar","TOP":"tongansk paʻanga","TPE":"östtimoresisk escudo","TRL":"turkisk lire (1922–2005)","TRY":"turkisk lira","TTD":"Trinidaddollar","TWD":"taiwanesisk dollar","TZS":"tanzanisk shilling","UAH":"ukrainsk hryvnia","UAK":"ukrainsk karbovanetz","UGS":"ugandisk shilling (1966–1987)","UGX":"ugandisk shilling","USD":"amerikansk dollar","USN":"US-dollar (nästa dag)","USS":"US-dollar (samma dag)","UYI":"uruguayansk peso en unidades indexadas","UYP":"uruguayansk peso (1975–1993)","UYU":"uruguayansk peso","UYW":"uruguayansk indexenhet för nominell lön","UZS":"uzbekisk sum","VEB":"venezuelansk bolivar (1871–2008)","VEF":"venezuelansk bolívar (2008–2018)","VES":"venezuelansk bolívar","VND":"vietnamesisk dong","VNN":"vietnamesisk dong (1978–1985)","VUV":"vanuatisk vatu","WST":"västsamoansk tala","XAF":"centralafrikansk franc","XAG":"silver","XAU":"guld","XBA":"europeisk kompositenhet","XBB":"europeisk monetär enhet","XBC":"europeisk kontoenhet (XBC)","XBD":"europeisk kontoenhet (XBD)","XCD":"östkaribisk dollar","XDR":"IMF särskild dragningsrätt","XEU":"europeisk valutaenhet","XFO":"fransk guldfranc","XFU":"internationella järnvägsunionens franc","XOF":"västafrikansk franc","XPD":"palladium","XPF":"CFP-franc","XPT":"platina","XRE":"RINET-fond","XSU":"latinamerikansk sucre","XTS":"testvalutaenhet","XUA":"afrikansk kontoenhet","XXX":"okänd valuta","YDD":"jemenitisk dinar","YER":"jemenitisk rial","YUD":"jugoslavisk dinar (1966–1990)","YUM":"jugoslavisk dinar (1994–2002)","YUN":"jugoslavisk dinar (1990–1992)","YUR":"jugoslavisk dinar (1992–1993)","ZAL":"sydafrikansk rand (finansiell)","ZAR":"sydafrikansk rand","ZMK":"zambisk kwacha (1968–2012)","ZMW":"zambisk kwacha","ZRN":"zairisk ny zaire","ZRZ":"zairisk zaire","ZWD":"Zimbabwe-dollar","ZWL":"Zimbabwe-dollar (2009)","ZWR":"Zimbabwe-dollar (2008)"},"narrow":{},"short":{}},"dateTimeField":{"long":{"day":"dag","dayOfYear":"dag under året","dayperiod":"fm/em","era":"era","hour":"timme","minute":"minut","month":"månad","quarter":"kvartal","second":"sekund","timeZoneName":"tidszon","weekOfMonth":"vecka i månaden","weekOfYear":"vecka","weekday":"veckodag","weekdayOfMonth":"veckodag i månad","year":"år"},"narrow":{"day":"dag","dayOfYear":"dag under året","dayperiod":"fm/em","era":"era","hour":"h","minute":"m","month":"mån","quarter":"kv.","second":"s","timeZoneName":"tidszon","weekOfMonth":"vk.i mån.","weekOfYear":"v","weekday":"veckodag","weekdayOfMonth":"veckodag i mån.","year":"år"},"short":{"day":"dag","dayOfYear":"dag under året","dayperiod":"fm/em","era":"era","hour":"tim","minute":"min","month":"m","quarter":"kv.","second":"sek","timeZoneName":"tidszon","weekOfMonth":"vk. i mån.","weekOfYear":"v","weekday":"veckodag","weekdayOfMonth":"veckodag i mån.","year":"år"}},"language":{"dialect":{"long":{"aa":"afar","ab":"abchaziska","ace":"acehnesiska","ach":"acholi","ada":"adangme","ady":"adygeiska","ae":"avestiska","aeb":"tunisisk arabiska","af":"afrikaans","afh":"afrihili","agq":"aghem","ain":"ainu","ak":"akan","akk":"akkadiska","akz":"Alabama-muskogee","ale":"aleutiska","aln":"gegiska","alt":"sydaltaiska","am":"amhariska","an":"aragonesiska","ang":"fornengelska","ann":"obolo","anp":"angika","ar":"arabiska","ar-001":"modern standardarabiska","arc":"arameiska","arn":"mapudungun","aro":"araoniska","arp":"arapaho","arq":"algerisk arabiska","ars":"najdiarabiska","arw":"arawakiska","ary":"marockansk arabiska","arz":"egyptisk arabiska","as":"assamesiska","asa":"asu","ase":"amerikanskt teckenspråk","ast":"asturiska","atj":"atikamekw","av":"avariska","avk":"kotava","awa":"awadhi","ay":"aymara","az":"azerbajdzjanska","ba":"basjkiriska","bal":"baluchiska","ban":"balinesiska","bar":"bayerska","bas":"basa","bax":"bamunska","bbc":"batak-toba","bbj":"ghomala","be":"vitryska","bej":"beja","bem":"bemba","bew":"betawiska","bez":"bena","bfd":"bafut","bfq":"bagada","bg":"bulgariska","bgn":"västbaluchiska","bho":"bhojpuri","bi":"bislama","bik":"bikol","bin":"bini","bjn":"banjariska","bkm":"bamekon","bla":"siksika","bm":"bambara","bn":"bengali","bo":"tibetanska","bpy":"bishnupriya","bqi":"bakhtiari","br":"bretonska","bra":"braj","brh":"brahuiska","brx":"bodo","bs":"bosniska","bss":"bakossi","bua":"burjätiska","bug":"buginesiska","bum":"boulou","byn":"blin","byv":"bagangte","ca":"katalanska","cad":"caddo","car":"karibiska","cay":"cayuga","cch":"atsam","ccp":"chakma","ce":"tjetjenska","ceb":"cebuano","cgg":"chiga","ch":"chamorro","chb":"chibcha","chg":"chagatai","chk":"chuukesiska","chm":"mariska","chn":"chinook","cho":"choctaw","chp":"chipewyan","chr":"cherokesiska","chy":"cheyenne","ckb":"soranisk kurdiska","clc":"chilcotin","co":"korsikanska","cop":"koptiska","cps":"kapisnon","cr":"cree","crg":"michif","crh":"krimtatariska","crj":"sydostcree","crk":"slättcree","crl":"nordost-cree","crm":"moose cree","crr":"Carolina-algonkinska","crs":"seychellisk kreol","cs":"tjeckiska","csb":"kasjubiska","csw":"träskcree","cu":"kyrkslaviska","cv":"tjuvasjiska","cy":"walesiska","da":"danska","dak":"dakota","dar":"darginska","dav":"taita","de":"tyska","de-AT":"österrikisk tyska","de-CH":"schweizisk högtyska","del":"delaware","den":"slavej","dgr":"dogrib","din":"dinka","dje":"zarma","doi":"dogri","dsb":"lågsorbiska","dtp":"centraldusun","dua":"duala","dum":"medelnederländska","dv":"divehi","dyo":"jola-fonyi","dyu":"dyula","dz":"dzongkha","dzg":"dazaga","ebu":"embu","ee":"ewe","efi":"efik","egl":"emiliska","egy":"fornegyptiska","eka":"ekajuk","el":"grekiska","elx":"elamitiska","en":"engelska","en-AU":"australisk engelska","en-CA":"kanadensisk engelska","en-GB":"brittisk engelska","en-US":"amerikansk engelska","enm":"medelengelska","eo":"esperanto","es":"spanska","es-419":"latinamerikansk spanska","es-ES":"europeisk spanska","es-MX":"mexikansk spanska","esu":"centralalaskisk jupiska","et":"estniska","eu":"baskiska","ewo":"ewondo","ext":"extremaduriska","fa":"persiska","fa-AF":"dari","fan":"fang","fat":"fanti","ff":"fulani","fi":"finska","fil":"filippinska","fit":"meänkieli","fj":"fijianska","fo":"färöiska","fon":"fonspråket","fr":"franska","fr-CA":"kanadensisk franska","fr-CH":"schweizisk franska","frc":"cajun-franska","frm":"medelfranska","fro":"fornfranska","frp":"frankoprovensalska","frr":"nordfrisiska","frs":"östfrisiska","fur":"friulianska","fy":"västfrisiska","ga":"iriska","gaa":"gã","gag":"gagauziska","gan":"gan","gay":"gayo","gba":"gbaya","gbz":"zoroastrisk dari","gd":"skotsk gäliska","gez":"etiopiska","gil":"gilbertiska","gl":"galiciska","glk":"gilaki","gmh":"medelhögtyska","gn":"guaraní","goh":"fornhögtyska","gom":"Goa-konkani","gon":"gondi","gor":"gorontalo","got":"gotiska","grb":"grebo","grc":"forngrekiska","gsw":"schweizertyska","gu":"gujarati","guc":"wayuu","gur":"farefare","guz":"gusii","gv":"manx","gwi":"gwichin","ha":"hausa","hai":"haida","hak":"hakka","haw":"hawaiiska","hax":"sydhaida","he":"hebreiska","hi":"hindi","hi-Latn":"hindi (latinsk)","hif":"Fiji-hindi","hil":"hiligaynon","hit":"hettitiska","hmn":"hmongspråk","ho":"hirimotu","hr":"kroatiska","hsb":"högsorbiska","hsn":"xiang","ht":"haitiska","hu":"ungerska","hup":"hupa","hur":"halkomelem","hy":"armeniska","hz":"herero","ia":"interlingua","iba":"ibanska","ibb":"ibibio","id":"indonesiska","ie":"interlingue","ig":"igbo","ii":"szezuan i","ik":"inupiak","ikt":"inuktun","ilo":"iloko","inh":"ingusjiska","io":"ido","is":"isländska","it":"italienska","iu":"inuktitut","izh":"ingriska","ja":"japanska","jam":"jamaikansk engelsk kreol","jbo":"lojban","jgo":"ngomba","jmc":"kimashami","jpr":"judisk persiska","jrb":"judisk arabiska","jut":"jylländska","jv":"javanesiska","ka":"georgiska","kaa":"karakalpakiska","kab":"kabyliska","kac":"kachin","kaj":"jju","kam":"kamba","kaw":"kawi","kbd":"kabardinska","kbl":"kanembu","kcg":"tyap","kde":"makonde","kea":"kapverdiska","ken":"kenjang","kfo":"koro","kg":"kikongo","kgp":"kaingang","kha":"khasi","kho":"khotanesiska","khq":"Timbuktu-songhai","khw":"khowar","ki":"kikuyu","kiu":"kirmanjki","kj":"kuanyama","kk":"kazakiska","kkj":"mkako","kl":"grönländska","kln":"kalenjin","km":"kambodjanska","kmb":"kimbundu","kn":"kannada","ko":"koreanska","koi":"komi-permjakiska","kok":"konkani","kos":"kosreanska","kpe":"kpelle","kr":"kanuri","krc":"karachay-balkar","kri":"krio","krj":"kinaray-a","krl":"karelska","kru":"kurukh","ks":"kashmiriska","ksb":"kisambaa","ksf":"bafia","ksh":"kölniska","ku":"kurdiska","kum":"kumykiska","kut":"kutenaj","kv":"kome","kw":"korniska","kwk":"kwakʼwala","ky":"kirgiziska","la":"latin","lad":"ladino","lag":"langi","lah":"lahnda","lam":"lamba","lb":"luxemburgiska","lez":"lezghien","lfn":"lingua franca nova","lg":"luganda","li":"limburgiska","lij":"liguriska","lil":"lillooet","liv":"livoniska","lkt":"lakota","lmo":"lombardiska","ln":"lingala","lo":"laotiska","lol":"mongo","lou":"louisiana-kreol","loz":"lozi","lrc":"nordluri","lsm":"saamia","lt":"litauiska","ltg":"lettgalliska","lu":"luba-katanga","lua":"luba-lulua","lui":"luiseño","lun":"lunda","luo":"luo","lus":"lushai","luy":"luhya","lv":"lettiska","lzh":"litterär kineiska","lzz":"laziska","mad":"maduresiska","maf":"mafa","mag":"magahi","mai":"maithili","mak":"makasar","man":"mande","mas":"massajiska","mde":"maba","mdf":"moksja","mdr":"mandar","men":"mende","mer":"meru","mfe":"mauritansk kreol","mg":"malagassiska","mga":"medeliriska","mgh":"makhuwa-meetto","mgo":"meta’","mh":"marshalliska","mi":"maori","mic":"mi’kmaq","min":"minangkabau","mk":"makedonska","ml":"malayalam","mn":"mongoliska","mnc":"manchuriska","mni":"manipuri","moe":"innu-aimun","moh":"mohawk","mos":"mossi","mr":"marathi","mrj":"västmariska","ms":"malajiska","mt":"maltesiska","mua":"mundang","mul":"flera språk","mus":"muskogee","mwl":"mirandesiska","mwr":"marwari","mwv":"mentawai","my":"burmesiska","mye":"myene","myv":"erjya","mzn":"mazanderani","na":"nauruanska","nan":"min nan","nap":"napolitanska","naq":"nama","nb":"norskt bokmål","nd":"nordndebele","nds":"lågtyska","nds-NL":"lågsaxiska","ne":"nepalesiska","new":"newariska","ng":"ndonga","nia":"nias","niu":"niueanska","njo":"ao-naga","nl":"nederländska","nl-BE":"flamländska","nmg":"kwasio","nn":"nynorska","nnh":"bamileké-ngiemboon","no":"norska","nog":"nogai","non":"fornnordiska","nov":"novial","nqo":"n-kå","nr":"sydndebele","nso":"nordsotho","nus":"nuer","nv":"navaho","nwc":"klassisk newariska","ny":"nyanja","nym":"nyamwezi","nyn":"nyankole","nyo":"nyoro","nzi":"nzima","oc":"occitanska","oj":"odjibwa","ojb":"nordvästojibwa","ojc":"ojibwa","ojs":"oji-cree","ojw":"västojibwe","oka":"okanagan","om":"oromo","or":"oriya","os":"ossetiska","osa":"osage","ota":"ottomanska","pa":"punjabi","pag":"pangasinan","pal":"medelpersiska","pam":"pampanga","pap":"papiamento","pau":"palau","pcd":"pikardiska","pcm":"nigeriansk pidgin","pdc":"Pennsylvaniatyska","pdt":"mennonitisk lågtyska","peo":"fornpersiska","pfl":"Pfalz-tyska","phn":"feniciska","pi":"pali","pis":"pidginspråk","pl":"polska","pms":"piemontesiska","pnt":"pontiska","pon":"pohnpeiska","pqm":"maliseet-passamaquoddy","prg":"fornpreussiska","pro":"fornprovensalska","ps":"afghanska","pt":"portugisiska","pt-BR":"brasiliansk portugisiska","pt-PT":"europeisk portugisiska","qu":"quechua","quc":"quiché","qug":"Chimborazo-höglandskichwa","raj":"rajasthani","rap":"rapanui","rar":"rarotonganska","rgn":"romagnol","rhg":"ruáingga","rif":"riffianska","rm":"rätoromanska","rn":"rundi","ro":"rumänska","ro-MD":"moldaviska","rof":"rombo","rom":"romani","rtm":"rotumänska","ru":"ryska","rue":"rusyn","rug":"rovianska","rup":"arumänska","rw":"kinjarwanda","rwk":"rwa","sa":"sanskrit","sad":"sandawe","sah":"jakutiska","sam":"samaritanska","saq":"samburu","sas":"sasak","sat":"santali","saz":"saurashtra","sba":"ngambay","sbp":"sangu","sc":"sardinska","scn":"sicilianska","sco":"skotska","sd":"sindhi","sdc":"sassaresisk sardiska","sdh":"sydkurdiska","se":"nordsamiska","see":"seneca","seh":"sena","sei":"seri","sel":"selkup","ses":"songhai","sg":"sango","sga":"forniriska","sgs":"samogitiska","sh":"serbokroatiska","shi":"tachelhit","shn":"shan","shu":"Tchad-arabiska","si":"singalesiska","sid":"sidamo","sk":"slovakiska","sl":"slovenska","slh":"sydlushootseed","sli":"lågsilesiska","sly":"selayar","sm":"samoanska","sma":"sydsamiska","smj":"lulesamiska","smn":"enaresamiska","sms":"skoltsamiska","sn":"shona","snk":"soninke","so":"somaliska","sog":"sogdiska","sq":"albanska","sr":"serbiska","srn":"sranan tongo","srr":"serer","ss":"swati","ssy":"saho","st":"sydsotho","stq":"saterfrisiska","str":"sundsalishanska","su":"sundanesiska","suk":"sukuma","sus":"susu","sux":"sumeriska","sv":"svenska","sw":"swahili","sw-CD":"Kongo-swahili","swb":"shimaoré","syc":"klassisk syriska","syr":"syriska","szl":"silesiska","ta":"tamil","tce":"sydtutchone","tcy":"tulu","te":"telugu","tem":"temne","teo":"teso","ter":"tereno","tet":"tetum","tg":"tadzjikiska","tgx":"tagish","th":"thailändska","tht":"tahltan","ti":"tigrinja","tig":"tigré","tiv":"tivi","tk":"turkmeniska","tkl":"tokelauiska","tkr":"tsakhur","tl":"tagalog","tlh":"klingonska","tli":"tlingit","tly":"talysh","tmh":"tamashek","tn":"tswana","to":"tonganska","tog":"nyasatonganska","tok":"toki pona","tpi":"tok pisin","tr":"turkiska","tru":"turoyo","trv":"taroko","ts":"tsonga","tsd":"tsakodiska","tsi":"tsimshian","tt":"tatariska","ttm":"nordtutchone","ttt":"muslimsk tatariska","tum":"tumbuka","tvl":"tuvaluanska","tw":"twi","twq":"tasawaq","ty":"tahitiska","tyv":"tuviniska","tzm":"centralmarockansk tamazight","udm":"udmurtiska","ug":"uiguriska","uga":"ugaritiska","uk":"ukrainska","umb":"umbundu","und":"obestämt språk","ur":"urdu","uz":"uzbekiska","vai":"vaj","ve":"venda","vec":"venetianska","vep":"veps","vi":"vietnamesiska","vls":"västflamländska","vmf":"Main-frankiska","vo":"volapük","vot":"votiska","vro":"võru","vun":"vunjo","wa":"vallonska","wae":"walsertyska","wal":"walamo","war":"waray","was":"washo","wbp":"warlpiri","wo":"wolof","wuu":"wu","xal":"kalmuckiska","xh":"xhosa","xmf":"mingrelianska","xog":"lusoga","yao":"kiyao","yap":"japetiska","yav":"yangben","ybb":"bamileké-jemba","yi":"jiddisch","yo":"yoruba","yrl":"nheengatu","yue":"kantonesiska","za":"zhuang","zap":"zapotek","zbl":"blissymboler","zea":"zeeländska","zen":"zenaga","zgh":"marockansk standard-tamazight","zh":"kinesiska","zh-Hans":"förenklad kinesiska","zh-Hant":"traditionell kinesiska","zu":"zulu","zun":"zuni","zxx":"inget språkligt innehåll","zza":"zazaiska"},"narrow":{},"short":{"az":"azeriska","en-GB":"brittisk engelska","en-US":"amerikansk engelska"}},"standard":{"long":{"aa":"afar","ab":"abchaziska","ace":"acehnesiska","ach":"acholi","ada":"adangme","ady":"adygeiska","ae":"avestiska","aeb":"tunisisk arabiska","af":"afrikaans","afh":"afrihili","agq":"aghem","ain":"ainu","ak":"akan","akk":"akkadiska","akz":"Alabama-muskogee","ale":"aleutiska","aln":"gegiska","alt":"sydaltaiska","am":"amhariska","an":"aragonesiska","ang":"fornengelska","ann":"obolo","anp":"angika","ar":"arabiska","ar-001":"arabiska (världen)","arc":"arameiska","arn":"mapudungun","aro":"araoniska","arp":"arapaho","arq":"algerisk arabiska","ars":"najdiarabiska","arw":"arawakiska","ary":"marockansk arabiska","arz":"egyptisk arabiska","as":"assamesiska","asa":"asu","ase":"amerikanskt teckenspråk","ast":"asturiska","atj":"atikamekw","av":"avariska","avk":"kotava","awa":"awadhi","ay":"aymara","az":"azerbajdzjanska","ba":"basjkiriska","bal":"baluchiska","ban":"balinesiska","bar":"bayerska","bas":"basa","bax":"bamunska","bbc":"batak-toba","bbj":"ghomala","be":"vitryska","bej":"beja","bem":"bemba","bew":"betawiska","bez":"bena","bfd":"bafut","bfq":"bagada","bg":"bulgariska","bgn":"västbaluchiska","bho":"bhojpuri","bi":"bislama","bik":"bikol","bin":"bini","bjn":"banjariska","bkm":"bamekon","bla":"siksika","bm":"bambara","bn":"bengali","bo":"tibetanska","bpy":"bishnupriya","bqi":"bakhtiari","br":"bretonska","bra":"braj","brh":"brahuiska","brx":"bodo","bs":"bosniska","bss":"bakossi","bua":"burjätiska","bug":"buginesiska","bum":"boulou","byn":"blin","byv":"bagangte","ca":"katalanska","cad":"caddo","car":"karibiska","cay":"cayuga","cch":"atsam","ccp":"chakma","ce":"tjetjenska","ceb":"cebuano","cgg":"chiga","ch":"chamorro","chb":"chibcha","chg":"chagatai","chk":"chuukesiska","chm":"mariska","chn":"chinook","cho":"choctaw","chp":"chipewyan","chr":"cherokesiska","chy":"cheyenne","ckb":"soranisk kurdiska","clc":"chilcotin","co":"korsikanska","cop":"koptiska","cps":"kapisnon","cr":"cree","crg":"michif","crh":"krimtatariska","crj":"sydostcree","crk":"slättcree","crl":"nordost-cree","crm":"moose cree","crr":"Carolina-algonkinska","crs":"seychellisk kreol","cs":"tjeckiska","csb":"kasjubiska","csw":"träskcree","cu":"kyrkslaviska","cv":"tjuvasjiska","cy":"walesiska","da":"danska","dak":"dakota","dar":"darginska","dav":"taita","de":"tyska","de-AT":"tyska (Österrike)","de-CH":"tyska (Schweiz)","del":"delaware","den":"slavej","dgr":"dogrib","din":"dinka","dje":"zarma","doi":"dogri","dsb":"lågsorbiska","dtp":"centraldusun","dua":"duala","dum":"medelnederländska","dv":"divehi","dyo":"jola-fonyi","dyu":"dyula","dz":"dzongkha","dzg":"dazaga","ebu":"embu","ee":"ewe","efi":"efik","egl":"emiliska","egy":"fornegyptiska","eka":"ekajuk","el":"grekiska","elx":"elamitiska","en":"engelska","en-AU":"engelska (Australien)","en-CA":"engelska (Kanada)","en-GB":"engelska (Storbritannien)","en-US":"engelska (USA)","enm":"medelengelska","eo":"esperanto","es":"spanska","es-419":"spanska (Latinamerika)","es-ES":"spanska (Spanien)","es-MX":"spanska (Mexiko)","esu":"centralalaskisk jupiska","et":"estniska","eu":"baskiska","ewo":"ewondo","ext":"extremaduriska","fa":"persiska","fa-AF":"persiska (Afghanistan)","fan":"fang","fat":"fanti","ff":"fulani","fi":"finska","fil":"filippinska","fit":"meänkieli","fj":"fijianska","fo":"färöiska","fon":"fonspråket","fr":"franska","fr-CA":"franska (Kanada)","fr-CH":"franska (Schweiz)","frc":"cajun-franska","frm":"medelfranska","fro":"fornfranska","frp":"frankoprovensalska","frr":"nordfrisiska","frs":"östfrisiska","fur":"friulianska","fy":"västfrisiska","ga":"iriska","gaa":"gã","gag":"gagauziska","gan":"gan","gay":"gayo","gba":"gbaya","gbz":"zoroastrisk dari","gd":"skotsk gäliska","gez":"etiopiska","gil":"gilbertiska","gl":"galiciska","glk":"gilaki","gmh":"medelhögtyska","gn":"guaraní","goh":"fornhögtyska","gom":"Goa-konkani","gon":"gondi","gor":"gorontalo","got":"gotiska","grb":"grebo","grc":"forngrekiska","gsw":"schweizertyska","gu":"gujarati","guc":"wayuu","gur":"farefare","guz":"gusii","gv":"manx","gwi":"gwichin","ha":"hausa","hai":"haida","hak":"hakka","haw":"hawaiiska","hax":"sydhaida","he":"hebreiska","hi":"hindi","hi-Latn":"hindi (latinsk)","hif":"Fiji-hindi","hil":"hiligaynon","hit":"hettitiska","hmn":"hmongspråk","ho":"hirimotu","hr":"kroatiska","hsb":"högsorbiska","hsn":"xiang","ht":"haitiska","hu":"ungerska","hup":"hupa","hur":"halkomelem","hy":"armeniska","hz":"herero","ia":"interlingua","iba":"ibanska","ibb":"ibibio","id":"indonesiska","ie":"interlingue","ig":"igbo","ii":"szezuan i","ik":"inupiak","ikt":"inuktun","ilo":"iloko","inh":"ingusjiska","io":"ido","is":"isländska","it":"italienska","iu":"inuktitut","izh":"ingriska","ja":"japanska","jam":"jamaikansk engelsk kreol","jbo":"lojban","jgo":"ngomba","jmc":"kimashami","jpr":"judisk persiska","jrb":"judisk arabiska","jut":"jylländska","jv":"javanesiska","ka":"georgiska","kaa":"karakalpakiska","kab":"kabyliska","kac":"kachin","kaj":"jju","kam":"kamba","kaw":"kawi","kbd":"kabardinska","kbl":"kanembu","kcg":"tyap","kde":"makonde","kea":"kapverdiska","ken":"kenjang","kfo":"koro","kg":"kikongo","kgp":"kaingang","kha":"khasi","kho":"khotanesiska","khq":"Timbuktu-songhai","khw":"khowar","ki":"kikuyu","kiu":"kirmanjki","kj":"kuanyama","kk":"kazakiska","kkj":"mkako","kl":"grönländska","kln":"kalenjin","km":"kambodjanska","kmb":"kimbundu","kn":"kannada","ko":"koreanska","koi":"komi-permjakiska","kok":"konkani","kos":"kosreanska","kpe":"kpelle","kr":"kanuri","krc":"karachay-balkar","kri":"krio","krj":"kinaray-a","krl":"karelska","kru":"kurukh","ks":"kashmiriska","ksb":"kisambaa","ksf":"bafia","ksh":"kölniska","ku":"kurdiska","kum":"kumykiska","kut":"kutenaj","kv":"kome","kw":"korniska","kwk":"kwakʼwala","ky":"kirgiziska","la":"latin","lad":"ladino","lag":"langi","lah":"lahnda","lam":"lamba","lb":"luxemburgiska","lez":"lezghien","lfn":"lingua franca nova","lg":"luganda","li":"limburgiska","lij":"liguriska","lil":"lillooet","liv":"livoniska","lkt":"lakota","lmo":"lombardiska","ln":"lingala","lo":"laotiska","lol":"mongo","lou":"louisiana-kreol","loz":"lozi","lrc":"nordluri","lsm":"saamia","lt":"litauiska","ltg":"lettgalliska","lu":"luba-katanga","lua":"luba-lulua","lui":"luiseño","lun":"lunda","luo":"luo","lus":"lushai","luy":"luhya","lv":"lettiska","lzh":"litterär kineiska","lzz":"laziska","mad":"maduresiska","maf":"mafa","mag":"magahi","mai":"maithili","mak":"makasar","man":"mande","mas":"massajiska","mde":"maba","mdf":"moksja","mdr":"mandar","men":"mende","mer":"meru","mfe":"mauritansk kreol","mg":"malagassiska","mga":"medeliriska","mgh":"makhuwa-meetto","mgo":"meta’","mh":"marshalliska","mi":"maori","mic":"mi’kmaq","min":"minangkabau","mk":"makedonska","ml":"malayalam","mn":"mongoliska","mnc":"manchuriska","mni":"manipuri","moe":"innu-aimun","moh":"mohawk","mos":"mossi","mr":"marathi","mrj":"västmariska","ms":"malajiska","mt":"maltesiska","mua":"mundang","mul":"flera språk","mus":"muskogee","mwl":"mirandesiska","mwr":"marwari","mwv":"mentawai","my":"burmesiska","mye":"myene","myv":"erjya","mzn":"mazanderani","na":"nauruanska","nan":"min nan","nap":"napolitanska","naq":"nama","nb":"norskt bokmål","nd":"nordndebele","nds":"lågtyska","nds-NL":"lågtyska (Nederländerna)","ne":"nepalesiska","new":"newariska","ng":"ndonga","nia":"nias","niu":"niueanska","njo":"ao-naga","nl":"nederländska","nl-BE":"nederländska (Belgien)","nmg":"kwasio","nn":"nynorska","nnh":"bamileké-ngiemboon","no":"norska","nog":"nogai","non":"fornnordiska","nov":"novial","nqo":"n-kå","nr":"sydndebele","nso":"nordsotho","nus":"nuer","nv":"navaho","nwc":"klassisk newariska","ny":"nyanja","nym":"nyamwezi","nyn":"nyankole","nyo":"nyoro","nzi":"nzima","oc":"occitanska","oj":"odjibwa","ojb":"nordvästojibwa","ojc":"ojibwa","ojs":"oji-cree","ojw":"västojibwe","oka":"okanagan","om":"oromo","or":"oriya","os":"ossetiska","osa":"osage","ota":"ottomanska","pa":"punjabi","pag":"pangasinan","pal":"medelpersiska","pam":"pampanga","pap":"papiamento","pau":"palau","pcd":"pikardiska","pcm":"nigeriansk pidgin","pdc":"Pennsylvaniatyska","pdt":"mennonitisk lågtyska","peo":"fornpersiska","pfl":"Pfalz-tyska","phn":"feniciska","pi":"pali","pis":"pidginspråk","pl":"polska","pms":"piemontesiska","pnt":"pontiska","pon":"pohnpeiska","pqm":"maliseet-passamaquoddy","prg":"fornpreussiska","pro":"fornprovensalska","ps":"afghanska","pt":"portugisiska","pt-BR":"portugisiska (Brasilien)","pt-PT":"portugisiska (Portugal)","qu":"quechua","quc":"quiché","qug":"Chimborazo-höglandskichwa","raj":"rajasthani","rap":"rapanui","rar":"rarotonganska","rgn":"romagnol","rhg":"ruáingga","rif":"riffianska","rm":"rätoromanska","rn":"rundi","ro":"rumänska","ro-MD":"rumänska (Moldavien)","rof":"rombo","rom":"romani","rtm":"rotumänska","ru":"ryska","rue":"rusyn","rug":"rovianska","rup":"arumänska","rw":"kinjarwanda","rwk":"rwa","sa":"sanskrit","sad":"sandawe","sah":"jakutiska","sam":"samaritanska","saq":"samburu","sas":"sasak","sat":"santali","saz":"saurashtra","sba":"ngambay","sbp":"sangu","sc":"sardinska","scn":"sicilianska","sco":"skotska","sd":"sindhi","sdc":"sassaresisk sardiska","sdh":"sydkurdiska","se":"nordsamiska","see":"seneca","seh":"sena","sei":"seri","sel":"selkup","ses":"songhai","sg":"sango","sga":"forniriska","sgs":"samogitiska","sh":"serbokroatiska","shi":"tachelhit","shn":"shan","shu":"Tchad-arabiska","si":"singalesiska","sid":"sidamo","sk":"slovakiska","sl":"slovenska","slh":"sydlushootseed","sli":"lågsilesiska","sly":"selayar","sm":"samoanska","sma":"sydsamiska","smj":"lulesamiska","smn":"enaresamiska","sms":"skoltsamiska","sn":"shona","snk":"soninke","so":"somaliska","sog":"sogdiska","sq":"albanska","sr":"serbiska","srn":"sranan tongo","srr":"serer","ss":"swati","ssy":"saho","st":"sydsotho","stq":"saterfrisiska","str":"sundsalishanska","su":"sundanesiska","suk":"sukuma","sus":"susu","sux":"sumeriska","sv":"svenska","sw":"swahili","sw-CD":"swahili (Kongo-Kinshasa)","swb":"shimaoré","syc":"klassisk syriska","syr":"syriska","szl":"silesiska","ta":"tamil","tce":"sydtutchone","tcy":"tulu","te":"telugu","tem":"temne","teo":"teso","ter":"tereno","tet":"tetum","tg":"tadzjikiska","tgx":"tagish","th":"thailändska","tht":"tahltan","ti":"tigrinja","tig":"tigré","tiv":"tivi","tk":"turkmeniska","tkl":"tokelauiska","tkr":"tsakhur","tl":"tagalog","tlh":"klingonska","tli":"tlingit","tly":"talysh","tmh":"tamashek","tn":"tswana","to":"tonganska","tog":"nyasatonganska","tok":"toki pona","tpi":"tok pisin","tr":"turkiska","tru":"turoyo","trv":"taroko","ts":"tsonga","tsd":"tsakodiska","tsi":"tsimshian","tt":"tatariska","ttm":"nordtutchone","ttt":"muslimsk tatariska","tum":"tumbuka","tvl":"tuvaluanska","tw":"twi","twq":"tasawaq","ty":"tahitiska","tyv":"tuviniska","tzm":"centralmarockansk tamazight","udm":"udmurtiska","ug":"uiguriska","uga":"ugaritiska","uk":"ukrainska","umb":"umbundu","und":"obestämt språk","ur":"urdu","uz":"uzbekiska","vai":"vaj","ve":"venda","vec":"venetianska","vep":"veps","vi":"vietnamesiska","vls":"västflamländska","vmf":"Main-frankiska","vo":"volapük","vot":"votiska","vro":"võru","vun":"vunjo","wa":"vallonska","wae":"walsertyska","wal":"walamo","war":"waray","was":"washo","wbp":"warlpiri","wo":"wolof","wuu":"wu","xal":"kalmuckiska","xh":"xhosa","xmf":"mingrelianska","xog":"lusoga","yao":"kiyao","yap":"japetiska","yav":"yangben","ybb":"bamileké-jemba","yi":"jiddisch","yo":"yoruba","yrl":"nheengatu","yue":"kantonesiska","za":"zhuang","zap":"zapotek","zbl":"blissymboler","zea":"zeeländska","zen":"zenaga","zgh":"marockansk standard-tamazight","zh":"kinesiska","zh-Hans":"förenklad kinesiska","zh-Hant":"traditionell kinesiska","zu":"zulu","zun":"zuni","zxx":"inget språkligt innehåll","zza":"zazaiska"},"narrow":{},"short":{"az":"azeriska","en-GB":"engelska (Storbritannien)","en-US":"engelska (USA)"}}},"region":{"long":{"142":"Asien","143":"Centralasien","145":"Västasien","150":"Europa","151":"Östeuropa","154":"Nordeuropa","155":"Västeuropa","202":"Subsahariska Afrika","419":"Latinamerika","001":"världen","002":"Afrika","003":"Nordamerika","005":"Sydamerika","009":"Oceanien","011":"Västafrika","013":"Centralamerika","014":"Östafrika","015":"Nordafrika","017":"Centralafrika","018":"södra Afrika","019":"Nord- och Sydamerika","021":"Norra Amerika","029":"Karibien","030":"Östasien","034":"Sydasien","035":"Sydostasien","039":"Sydeuropa","053":"Australasien","054":"Melanesien","057":"Mikronesiska öarna","061":"Polynesien","AC":"Ascension","AD":"Andorra","AE":"Förenade Arabemiraten","AF":"Afghanistan","AG":"Antigua och Barbuda","AI":"Anguilla","AL":"Albanien","AM":"Armenien","AO":"Angola","AQ":"Antarktis","AR":"Argentina","AS":"Amerikanska Samoa","AT":"Österrike","AU":"Australien","AW":"Aruba","AX":"Åland","AZ":"Azerbajdzjan","BA":"Bosnien och Hercegovina","BB":"Barbados","BD":"Bangladesh","BE":"Belgien","BF":"Burkina Faso","BG":"Bulgarien","BH":"Bahrain","BI":"Burundi","BJ":"Benin","BL":"S:t Barthélemy","BM":"Bermuda","BN":"Brunei","BO":"Bolivia","BQ":"Karibiska Nederländerna","BR":"Brasilien","BS":"Bahamas","BT":"Bhutan","BV":"Bouvetön","BW":"Botswana","BY":"Vitryssland","BZ":"Belize","CA":"Kanada","CC":"Kokosöarna","CD":"Kongo-Kinshasa","CF":"Centralafrikanska republiken","CG":"Kongo-Brazzaville","CH":"Schweiz","CI":"Côte d’Ivoire","CK":"Cooköarna","CL":"Chile","CM":"Kamerun","CN":"Kina","CO":"Colombia","CP":"Clippertonön","CR":"Costa Rica","CU":"Kuba","CV":"Kap Verde","CW":"Curaçao","CX":"Julön","CY":"Cypern","CZ":"Tjeckien","DE":"Tyskland","DG":"Diego Garcia","DJ":"Djibouti","DK":"Danmark","DM":"Dominica","DO":"Dominikanska republiken","DZ":"Algeriet","EA":"Ceuta och Melilla","EC":"Ecuador","EE":"Estland","EG":"Egypten","EH":"Västsahara","ER":"Eritrea","ES":"Spanien","ET":"Etiopien","EU":"Europeiska unionen","EZ":"euroområdet","FI":"Finland","FJ":"Fiji","FK":"Falklandsöarna","FM":"Mikronesien","FO":"Färöarna","FR":"Frankrike","GA":"Gabon","GB":"Storbritannien","GD":"Grenada","GE":"Georgien","GF":"Franska Guyana","GG":"Guernsey","GH":"Ghana","GI":"Gibraltar","GL":"Grönland","GM":"Gambia","GN":"Guinea","GP":"Guadeloupe","GQ":"Ekvatorialguinea","GR":"Grekland","GS":"Sydgeorgien och Sydsandwichöarna","GT":"Guatemala","GU":"Guam","GW":"Guinea-Bissau","GY":"Guyana","HK":"Hongkong SAR","HM":"Heardön och McDonaldöarna","HN":"Honduras","HR":"Kroatien","HT":"Haiti","HU":"Ungern","IC":"Kanarieöarna","ID":"Indonesien","IE":"Irland","IL":"Israel","IM":"Isle of Man","IN":"Indien","IO":"Brittiska territoriet i Indiska oceanen","IQ":"Irak","IR":"Iran","IS":"Island","IT":"Italien","JE":"Jersey","JM":"Jamaica","JO":"Jordanien","JP":"Japan","KE":"Kenya","KG":"Kirgizistan","KH":"Kambodja","KI":"Kiribati","KM":"Komorerna","KN":"S:t Kitts och Nevis","KP":"Nordkorea","KR":"Sydkorea","KW":"Kuwait","KY":"Caymanöarna","KZ":"Kazakstan","LA":"Laos","LB":"Libanon","LC":"S:t Lucia","LI":"Liechtenstein","LK":"Sri Lanka","LR":"Liberia","LS":"Lesotho","LT":"Litauen","LU":"Luxemburg","LV":"Lettland","LY":"Libyen","MA":"Marocko","MC":"Monaco","MD":"Moldavien","ME":"Montenegro","MF":"Saint-Martin","MG":"Madagaskar","MH":"Marshallöarna","MK":"Nordmakedonien","ML":"Mali","MM":"Myanmar (Burma)","MN":"Mongoliet","MO":"Macao SAR","MP":"Nordmarianerna","MQ":"Martinique","MR":"Mauretanien","MS":"Montserrat","MT":"Malta","MU":"Mauritius","MV":"Maldiverna","MW":"Malawi","MX":"Mexiko","MY":"Malaysia","MZ":"Moçambique","NA":"Namibia","NC":"Nya Kaledonien","NE":"Niger","NF":"Norfolkön","NG":"Nigeria","NI":"Nicaragua","NL":"Nederländerna","NO":"Norge","NP":"Nepal","NR":"Nauru","NU":"Niue","NZ":"Nya Zeeland","OM":"Oman","PA":"Panama","PE":"Peru","PF":"Franska Polynesien","PG":"Papua Nya Guinea","PH":"Filippinerna","PK":"Pakistan","PL":"Polen","PM":"S:t Pierre och Miquelon","PN":"Pitcairnöarna","PR":"Puerto Rico","PS":"Palestinska territorierna","PT":"Portugal","PW":"Palau","PY":"Paraguay","QA":"Qatar","QO":"yttre öar i Oceanien","RE":"Réunion","RO":"Rumänien","RS":"Serbien","RU":"Ryssland","RW":"Rwanda","SA":"Saudiarabien","SB":"Salomonöarna","SC":"Seychellerna","SD":"Sudan","SE":"Sverige","SG":"Singapore","SH":"S:t Helena","SI":"Slovenien","SJ":"Svalbard och Jan Mayen","SK":"Slovakien","SL":"Sierra Leone","SM":"San Marino","SN":"Senegal","SO":"Somalia","SR":"Surinam","SS":"Sydsudan","ST":"São Tomé och Príncipe","SV":"El Salvador","SX":"Sint Maarten","SY":"Syrien","SZ":"Eswatini","TA":"Tristan da Cunha","TC":"Turks- och Caicosöarna","TD":"Tchad","TF":"Franska sydterritorierna","TG":"Togo","TH":"Thailand","TJ":"Tadzjikistan","TK":"Tokelauöarna","TL":"Östtimor","TM":"Turkmenistan","TN":"Tunisien","TO":"Tonga","TR":"Turkiet","TT":"Trinidad och Tobago","TV":"Tuvalu","TW":"Taiwan","TZ":"Tanzania","UA":"Ukraina","UG":"Uganda","UM":"USA:s yttre öar","UN":"Förenta Nationerna","US":"USA","UY":"Uruguay","UZ":"Uzbekistan","VA":"Vatikanstaten","VC":"S:t Vincent och Grenadinerna","VE":"Venezuela","VG":"Brittiska Jungfruöarna","VI":"Amerikanska Jungfruöarna","VN":"Vietnam","VU":"Vanuatu","WF":"Wallis- och Futunaöarna","WS":"Samoa","XA":"fejkade accenter (för test)","XB":"fejkad bidi (för test)","XK":"Kosovo","YE":"Jemen","YT":"Mayotte","ZA":"Sydafrika","ZM":"Zambia","ZW":"Zimbabwe","ZZ":"okänd region"},"narrow":{},"short":{"GB":"Storbritannien","HK":"Hongkong","MO":"Macao","PS":"Palestina","UN":"FN","US":"USA"}},"script":{"long":{"Adlm":"adlamiska","Afak":"afakiska","Aghb":"kaukasiska albanska","Ahom":"ahom","Arab":"arabiska","Aran":"nastaliq","Armi":"imperisk arameiska","Armn":"armeniska","Avst":"avestiska","Bali":"balinesiska","Bamu":"bamunska","Bass":"bassaiska vah","Batk":"batak","Beng":"bengaliska","Bhks":"bhaiksukiska","Blis":"blissymboler","Bopo":"bopomofo","Brah":"brami","Brai":"punktskrift","Bugi":"buginesiska","Buhd":"buhid","Cakm":"chakma","Cans":"kanadensiska stavelsetecken","Cari":"kariska","Cham":"cham","Cher":"cherokee","Chrs":"khwarezmiska","Cirt":"cirt","Copt":"koptiska","Cpmn":"cypro-minoisk skrift","Cprt":"cypriotiska","Cyrl":"kyrilliska","Cyrs":"fornkyrkoslavisk kyrilliska","Deva":"devanagari","Diak":"dives akuru","Dogr":"dogriska","Dsrt":"deseret","Dupl":"Duployéstenografiska","Egyd":"demotiska","Egyh":"hieratiska","Egyp":"egyptiska hieroglyfer","Elba":"elbasiska","Elym":"elymaiska","Ethi":"etiopiska","Geok":"kutsuri","Geor":"georgiska","Glag":"glagolitiska","Gong":"gunjalgondiska","Gonm":"masaram-gondi","Goth":"gotiska","Gran":"gammaltamilska","Grek":"grekiska","Gujr":"gujarati","Guru":"gurmukhiska","Hanb":"han med bopomofo","Hang":"hangul","Hani":"han","Hano":"hanunó’o","Hans":"förenklad","Hant":"traditionell","Hatr":"hatran","Hebr":"hebreiska","Hira":"hiragana","Hluw":"hittitiska hieroglyfer","Hmng":"pahaw mong","Hmnp":"nyiakeng puachue hmong","Hrkt":"katakana/hiragana","Hung":"fornungerska","Inds":"indus","Ital":"fornitaliska","Jamo":"jamo","Java":"javanska","Jpan":"japanska","Jurc":"jurchenska","Kali":"kaya li","Kana":"katakana","Khar":"kharoshti","Khmr":"khmeriska","Khoj":"khojkiska","Kits":"khitanska","Knda":"kanaresiska","Kore":"koreanska","Kpel":"kpellé","Kthi":"kaithiska","Lana":"lanna","Laoo":"laotiska","Latf":"frakturlatin","Latg":"gaeliskt latin","Latn":"latinska","Lepc":"rong","Limb":"limbu","Lina":"linjär A","Linb":"linjär B","Lisu":"Fraser","Loma":"loma","Lyci":"lykiska","Lydi":"lydiska","Mahj":"mahajaniska","Maka":"makasariska","Mand":"mandaéiska","Mani":"manikeanska","Marc":"marchenska","Maya":"mayahieroglyfer","Medf":"medefaidrin","Mend":"mende","Merc":"kursiv-meroitiska","Mero":"meroitiska","Mlym":"malayalam","Modi":"modiska","Mong":"mongoliska","Moon":"moon","Mroo":"mru","Mtei":"meitei-mayek","Mult":"multaniska","Mymr":"burmesiska","Nand":"nandinagari","Narb":"fornnordarabiska","Nbat":"nabateiska","Newa":"newariska","Nkgb":"naxi geba","Nkoo":"n-kå","Nshu":"nüshu","Ogam":"ogham","Olck":"ol-chiki","Orkh":"orkon","Orya":"oriya","Osge":"osage","Osma":"osmanja","Palm":"palmyreniska","Pauc":"Pau Cin Hau-skrift","Perm":"fornpermiska","Phag":"phags-pa","Phli":"tidig pahlavi","Phlp":"psaltaren-pahlavi","Phlv":"bokpahlavi","Phnx":"feniciska","Plrd":"pollardtecken","Prti":"tidig parthianska","Qaag":"zawgyi","Rjng":"rejang","Rohg":"hanifiska","Roro":"rongo-rongo","Runr":"runor","Samr":"samaritiska","Sara":"sarati","Sarb":"fornsydarabiska","Saur":"saurashtra","Sgnw":"teckningsskrift","Shaw":"shawiska","Shrd":"sharada","Sidd":"siddhamska","Sind":"sindhiska","Sinh":"singalesiska","Sogd":"sogdiska","Sogo":"gammalsogdiska","Sora":"sora sompeng","Soyo":"soyombo","Sund":"sundanesiska","Sylo":"syloti nagri","Syrc":"syriska","Syre":"estrangelosyriska","Syrj":"västsyriska","Syrn":"östsyriska","Tagb":"tagbanwa","Takr":"takritiska","Tale":"tai le","Talu":"tai lue","Taml":"tamilska","Tang":"tangutiska","Tavt":"tai viet","Telu":"telugu","Teng":"tengwar","Tfng":"tifinaghiska","Tglg":"tagalog","Thaa":"taana","Thai":"thailändska","Tibt":"tibetanska","Tirh":"tirhuta","Ugar":"ugaritiska","Vaii":"vaj","Visp":"synligt tal","Wara":"varang kshiti","Wcho":"wancho","Wole":"woleai","Xpeo":"fornpersiska","Xsux":"sumero-akkadisk kilskrift","Yezi":"yazidiska","Yiii":"yi","Zanb":"zanabazar kvadratisk skrift","Zinh":"ärvda","Zmth":"matematisk notation","Zsye":"emoji","Zsym":"symboler","Zxxx":"oskrivet språk","Zyyy":"gemensamma","Zzzz":"okänt skriftsystem"},"narrow":{},"short":{}}}},"locale":"sv"}