{"data":{"patterns":{"locale":"{0} ({1})"},"types":{"calendar":{"long":{"buddhist":"புத்த நாள்காட்டி","chinese":"சீன நாள்காட்டி","coptic":"காப்டிக் நாள்காட்டி","dangi":"டேங்கி நாள்காட்டி","ethiopic":"எத்தியோப்பிய நாள்காட்டி","ethiopic-amete-alem":"எத்தியோபிக் அமேதே ஆலெம் நாள்காட்டி","gregorian":"கிரிகோரியன் நாள்காட்டி","hebrew":"ஹீப்ரு நாள்காட்டி","indian":"இந்திய தேச நாள்காட்டி","islamic":"இஸ்லாமிய நாள்காட்டி","islamic-civil":"இஸ்லாமிய சிவில் நாள்காட்டி","islamic-tbla":"இஸ்லாமிய வானியல் நாள்காட்டி","islamic-umalqura":"இஸ்லாமிய நாள்காட்டி (உம்-அல்-குரா)","iso8601":"ISO-8601 நாள்காட்டி","japanese":"ஜப்பானிய நாள்காட்டி","persian":"பாரசீக நாள்காட்டி","roc":"மின்கோ நாள்காட்டி"},"narrow":{},"short":{}},"currency":{"long":{"AED":"ஐக்கிய அரபு எமிரேட்ஸ் திர்ஹாம்","AFN":"ஆஃப்கான் ஆஃப்கானி","ALL":"அல்பேனியன் லெக்","AMD":"ஆர்மேனியன் ட்ராம்","ANG":"நெதர்லேண்ட்ஸ் அன்டிலியன் கில்டர்","AOA":"அங்கோலன் க்வான்ஸா","ARS":"அர்ஜென்டைன் பெசோ","AUD":"ஆஸ்திரேலிய டாலர்","AWG":"அருபன் ஃப்ளோரின்","AZN":"அசர்பைஜானி மனத்","BAM":"போஸ்னியா-ஹெர்ஸேகோவினா கன்வெர்டிபில் மார்க்","BBD":"பார்பேடியன் டாலர்","BDT":"பங்களாதேஷி டாகா","BGN":"பல்கேரியன் லேவ்","BHD":"பஹ்ரைனி தினார்","BIF":"புருண்டியன் ஃப்ராங்க்","BMD":"பெர்முடன் டாலர்","BND":"புரூனே டாலர்","BOB":"பொலிவியன் பொலிவியானோ","BRL":"பிரேசிலியன் ரியால்","BSD":"பஹாமியன் டாலர்","BTN":"பூட்டானீஸ் குல்ட்ரம்","BWP":"போட்ஸ்வானன் புலா","BYN":"பெலருசியன் ரூபிள்","BYR":"பெலருசியன் ரூபிள் (2000–2016)","BZD":"பெலீஸ் டாலர்","CAD":"கனடியன் டாலர்","CDF":"காங்கோலீஸ் ஃப்ராங்க்","CHF":"சுவிஸ் ஃப்ராங்க்","CLP":"சிலியன் பெசோ","CNH":"சீன யுவான் (ஆஃப்ஷோர்)","CNY":"சீன யுவான்","COP":"கொலம்பியன் பெசோ","CRC":"கோஸ்டா ரிகன் கொலோன்","CUC":"கியூபன் கன்வெர்டிபில் பெசோ","CUP":"கியூபன் பெசோ","CVE":"கேப் வெர்டியன் எஸ்குடோ","CZK":"செக் குடியரசு கொருனா","DJF":"ஜிபவ்டியென் ஃப்ராங்க்","DKK":"டேனிஷ் க்ரோன்","DOP":"டொமினிக்கன் பெசோ","DZD":"அல்ஜீரியன் தினார்","EGP":"எகிப்திய பவுண்டு","ERN":"எரித்ரியன் நக்ஃபா","ESP":"","ETB":"எத்தியோப்பியன் பிர்","EUR":"யூரோ","FJD":"ஃபிஜியன் டாலர்","FKP":"ஃபாக்லாந்து தீவுகள் பவுண்டு","GBP":"பிரிட்டிஷ் பவுண்டு","GEL":"ஜார்ஜியன் லாரி","GHS":"கானயன் சேடி","GIP":"ஜிப்ரால்டர் பவுண்டு","GMD":"கேம்பியன் தலாசி","GNF":"கினியன் ஃப்ராங்க்","GTQ":"குவாதெமாலன் க்யுட்ஸல்","GYD":"கயானீஸ் டாலர்","HKD":"ஹாங்காங் டாலர்","HNL":"ஹோன்டூரன் லெம்பீரா","HRK":"குரோஷியன் குனா","HTG":"ஹைட்டியன் கோர்டே","HUF":"ஹங்கேரியன் ஃபோரின்ட்","IDR":"இந்தோனேஷியன் ருபியா","ILS":"இஸ்ரேலி நியூ ஷிகேல்","INR":"இந்திய ரூபாய்","IQD":"ஈராக்கி தினார்","IRR":"ஈரானியன் ரியால்","ISK":"ஐஸ்லாண்டிக் க்ரோனா","JMD":"ஜமைக்கன் டாலர்","JOD":"ஜோர்டானிய தினார்","JPY":"ஜப்பானிய யென்","KES":"கென்யன் ஷில்லிங்","KGS":"கிர்கிஸ்தானி சோம்","KHR":"கம்போடியன் ரியெல்","KMF":"கமோரியன் ஃப்ராங்க்","KPW":"வட கொரிய வான்","KRW":"தென் கொரிய வான்","KWD":"குவைத்தி தினார்","KYD":"கேமன் தீவுகள் டாலர்","KZT":"கஸகஸ்தானி டென்கே","LAK":"லவோஷியன் கிப்","LBP":"லெபனீஸ் பவுண்டு","LKR":"இலங்கை ரூபாய்","LRD":"லைபீரியன் டாலர்","LSL":"லெசோதோ லோட்டி","LTL":"லிதுவேனியன் லிடஸ்","LVL":"லத்வியன் லாட்ஸ்","LYD":"லிபியன் தினார்","MAD":"மொராக்கன் திர்ஹாம்","MDL":"மால்டோவன் லியூ","MGA":"மலகாசி ஏரியரி","MKD":"மாசிடோனியன் டேனார்","MMK":"மியான்மர் கியாத்","MNT":"மங்கோலியன் டுக்ரிக்","MOP":"மெகனீஸ் படாகா","MRO":"மொரிஷானியன் ஒகுயா (1973–2017)","MRU":"மொரிஷானியன் ஒகுயா","MUR":"மொரீஷியன் ருபீ","MVR":"மாலத்தீவு ருஃபியா","MWK":"மலாவியன் குவாச்சா","MXN":"மெக்ஸிகன் பெசோ","MYR":"மலேஷியன் ரிங்கிட்","MZN":"மொசாம்பிகன் மெடிகல்","NAD":"நமீபியன் டாலர்","NGN":"நைஜீரியன் நைரா","NIO":"நிகரகுவன் கோர்டோபா","NOK":"நார்வேஜியன் க்ரோன்","NPR":"நேபாளீஸ் ரூபாய்","NZD":"நியூசிலாந்து டாலர்","OMR":"ஓமானி ரியால்","PAB":"பனாமானியன் பால்போவா","PEN":"பெரூவியன் சோல்","PGK":"பபுவா நியூ கினியன் கினா","PHP":"பிலிப்பைன் பெசோ","PKR":"பாகிஸ்தானி ரூபாய்","PLN":"போலிஷ் ஸ்லாட்டி","PYG":"பராகுவன் குவாரானி","QAR":"கத்தாரி ரியால்","RON":"ரோமானியன் லியூ","RSD":"செர்பியன் தினார்","RUB":"ரஷியன் ரூபிள்","RWF":"ருவாண்டன் ஃப்ராங்க்","SAR":"சவுதி ரியால்","SBD":"சாலமன் தீவுகள் டாலர்","SCR":"சிசீலோயிஸ் ருபீ","SDG":"சூடானீஸ் பவுண்டு","SEK":"ஸ்வீடிஷ் க்ரோனா","SGD":"சிங்கப்பூர் டாலர்","SHP":"செயின்ட் ஹெலேனா பவுண்டு","SLL":"சியாரா லியோனியன் லியோன்","SOS":"சோமாலி ஷில்லிங்","SRD":"சுரினாமீஸ் டாலர்","SSP":"தெற்கு சூடானீஸ் பவுண்டு","STD":"சாவ் டோமி மற்றும் பிரின்ஸ்பி டோப்ரா (1977–2017)","STN":"சாவ் டோமி மற்றும் பிரின்ஸ்பி டோப்ரா","SYP":"சிரியன் பவுண்டு","SZL":"சுவாஸி லிலாங்கனி","THB":"தாய் பாட்","TJS":"தஜிகிஸ்தானி சோமோனி","TMT":"துர்க்மெனிஸ்தானி மனத்","TND":"துனிஷியன் தினார்","TOP":"தொங்கான் பங்கா","TRY":"துருக்கிஷ் லீரா","TTD":"டிரினிடாட் மற்றும் டோபாகோ டாலர்","TWD":"புதிய தைவான் டாலர்","TZS":"தான்சானியன் ஷில்லிங்","UAH":"உக்ரைனியன் ஹிரைவ்னியா","UGX":"உகாண்டன் ஷில்லிங்","USD":"அமெரிக்க டாலர்","UYU":"உருகுவேயன் பெசோ","UZS":"உஸ்பெக்கிஸ்தானி சோம்","VEF":"வெனிசுலன் போலிவர் (2008–2018)","VES":"வெனிசுலன் போலிவர்","VND":"வியட்நாமீஸ் டாங்","VUV":"வனுவாட்டு வாட்டு","WST":"சமோவான் தாலா","XAF":"மத்திய ஆப்பிரிக்க CFA ஃப்ராங்க்","XCD":"கிழக்கு கரீபியன் டாலர்","XOF":"மேற்கு ஆப்பிரிக்க CFA ஃப்ராங்க்","XPF":"ஃப்ராங்க் (CFP)","XXX":"தெரியாத நாணயம்","YER":"ஏமனி ரியால்","ZAR":"தென் ஆப்ரிக்க ராண்ட்","ZMK":"ஸாம்பியன் குவாசா (1968–2012)","ZMW":"ஸாம்பியன் குவாச்சா"},"narrow":{},"short":{}},"dateTimeField":{"long":{"day":"நாள்","dayOfYear":"வருடத்தின் நாள்","dayperiod":"முற்பகல்/பிற்பகல்","era":"காலம்","hour":"மணி","minute":"நிமிடம்","month":"மாதம்","quarter":"காலாண்டு","second":"விநாடி","timeZoneName":"நேர மண்டலம்","weekOfMonth":"மாதத்தின் வாரம்","weekOfYear":"வாரம்","weekday":"வாரத்தின் நாள்","weekdayOfMonth":"மாதத்தின் வாரநாள்","year":"ஆண்டு"},"narrow":{"day":"நா.","dayOfYear":"வருட. நாள்","dayperiod":"முற்./பிற்.","era":"காலம்","hour":"ம.","minute":"நிமி.","month":"மா.","quarter":"கா.","second":"வி.","timeZoneName":"மண்டலம்","weekOfMonth":"மாத. வாரம்","weekOfYear":"வா.","weekday":"வார. நாள்","weekdayOfMonth":"மாத. வாரநாள்","year":"ஆ."},"short":{"day":"நாள்","dayOfYear":"வருட. நாள்","dayperiod":"முற்./பிற்.","era":"காலம்","hour":"மணி.","minute":"நிமி.","month":"மாத.","quarter":"காலா.","second":"விநா.","timeZoneName":"மண்டலம்","weekOfMonth":"மாத. வாரம்","weekOfYear":"வாரம்","weekday":"வார. நாள்","weekdayOfMonth":"மாத. வாரநாள்","year":"ஆண்டு"}},"language":{"dialect":{"long":{"aa":"அஃபார்","ab":"அப்காஜியான்","ace":"ஆச்சினீஸ்","ach":"அகோலி","ada":"அதாங்மே","ady":"அதகே","ae":"அவெஸ்தான்","aeb":"துனிசிய அரபு","af":"ஆஃப்ரிகான்ஸ்","afh":"அஃப்ரிஹிலி","agq":"அகெம்","ain":"ஐனு","ak":"அகான்","akk":"அக்கேதியன்","ale":"அலூட்","alt":"தெற்கு அல்தை","am":"அம்ஹாரிக்","an":"ஆர்கோனீஸ்","ang":"பழைய ஆங்கிலம்","ann":"ஒபோலோ","anp":"அங்கிகா","ar":"அரபிக்","ar-001":"நவீன நிலையான அரபிக்","arc":"அராமைக்","arn":"மபுச்சே","arp":"அரபஹோ","ars":"நஜ்தி அரபிக்","arw":"அராவாக்","as":"அஸ்ஸாமீஸ்","asa":"அசு","ast":"அஸ்துரியன்","atj":"அடிகாமேக்வ்","av":"அவேரிக்","awa":"அவதி","ay":"அய்மரா","az":"அசர்பைஜானி","ba":"பஷ்கிர்","bal":"பலூச்சி","ban":"பலினீஸ்","bas":"பாஸா","be":"பெலாருஷியன்","bej":"பேஜா","bem":"பெம்பா","bez":"பெனா","bfq":"படகா","bg":"பல்கேரியன்","bgn":"மேற்கு பலோச்சி","bho":"போஜ்பூரி","bi":"பிஸ்லாமா","bik":"பிகோல்","bin":"பினி","bla":"சிக்சிகா","bm":"பம்பாரா","bn":"வங்காளம்","bo":"திபெத்தியன்","bpy":"பிஷ்ணுப்பிரியா","br":"பிரெட்டன்","bra":"ப்ராஜ்","brx":"போடோ","bs":"போஸ்னியன்","bua":"புரியாத்","bug":"புகினீஸ்","byn":"ப்லின்","ca":"கேட்டலான்","cad":"கேடோ","car":"கரீப்","cay":"கேயுகா","cch":"ஆட்சம்","ccp":"சக்மா","ce":"செச்சென்","ceb":"செபுவானோ","cgg":"சிகா","ch":"சாமோரோ","chb":"சிப்சா","chg":"ஷகதை","chk":"சூகிசே","chm":"மாரி","chn":"சினூக் ஜார்கான்","cho":"சோக்தௌ","chp":"சிபெவ்யான்","chr":"செரோகீ","chy":"செயேனி","ckb":"மத்திய குர்திஷ்","clc":"சில்கோடின்","co":"கார்சிகன்","cop":"காப்டிக்","cr":"க்ரீ","crg":"மிச்சிஃப்","crh":"கிரிமியன் துர்க்கி","crj":"தென்கிழக்கு க்ரீ","crk":"சமவெளி க்ரீ","crl":"வடகிழக்கு க்ரீ","crm":"மூஸ் க்ரீ","crr":"கரோலினா அல்கோன்குயன்","crs":"செசெல்வா க்ரெயோல் பிரெஞ்சு","cs":"செக்","csb":"கஷுபியன்","csw":"சதுப்பு நில க்ரீ","cu":"சர்ச் ஸ்லாவிக்","cv":"சுவாஷ்","cy":"வேல்ஷ்","da":"டேனிஷ்","dak":"டகோடா","dar":"தார்குவா","dav":"டைடா","de":"ஜெர்மன்","de-AT":"ஆஸ்திரிய ஜெர்மன்","de-CH":"ஸ்விஸ் ஹை ஜெர்மன்","del":"டெலாவர்","den":"ஸ்லாவ்","dgr":"டோக்ரிப்","din":"டின்கா","dje":"ஸார்மா","doi":"டோக்ரி","dsb":"லோயர் சோர்பியன்","dua":"டுவாலா","dum":"மிடில் டச்சு","dv":"திவேஹி","dyo":"ஜோலா-ஃபோன்யி","dyu":"ட்யூலா","dz":"பூடானி","dzg":"டசாகா","ebu":"எம்பு","ee":"ஈவ்","efi":"எஃபிக்","egy":"பண்டைய எகிப்தியன்","eka":"ஈகாஜுக்","el":"கிரேக்கம்","elx":"எலமைட்","en":"ஆங்கிலம்","en-AU":"ஆஸ்திரேலிய ஆங்கிலம்","en-CA":"கனடிய ஆங்கிலம்","en-GB":"பிரிட்டிஷ் ஆங்கிலம்","en-US":"அமெரிக்க ஆங்கிலம்","enm":"மிடில் ஆங்கிலம்","eo":"எஸ்பரேன்டோ","es":"ஸ்பானிஷ்","es-419":"லத்தின் அமெரிக்க ஸ்பானிஷ்","es-ES":"ஐரோப்பிய ஸ்பானிஷ்","es-MX":"மெக்ஸிகன் ஸ்பானிஷ்","et":"எஸ்டோனியன்","eu":"பாஸ்க்","ewo":"எவோன்டோ","fa":"பெர்ஷியன்","fa-AF":"தாரி","fan":"ஃபேங்க்","fat":"ஃபான்டி","ff":"ஃபுலா","fi":"ஃபின்னிஷ்","fil":"ஃபிலிபினோ","fj":"ஃபிஜியன்","fo":"ஃபரோயிஸ்","fon":"ஃபான்","fr":"பிரெஞ்சு","fr-CA":"கனடிய பிரெஞ்சு","fr-CH":"ஸ்விஸ் பிரஞ்சு","frc":"கஜுன் பிரெஞ்சு","frm":"மிடில் பிரெஞ்சு","fro":"பழைய பிரெஞ்சு","frr":"வடக்கு ஃப்ரிஸியான்","frs":"கிழக்கு ஃப்ரிஸியான்","fur":"ஃப்ரியூலியன்","fy":"மேற்கு ஃப்ரிஷியன்","ga":"ஐரிஷ்","gaa":"கா","gag":"காகௌஸ்","gan":"கன் சீனம்","gay":"கயோ","gba":"பயா","gd":"ஸ்காட்ஸ் கேலிக்","gez":"கீஜ்","gil":"கில்பெர்டீஸ்","gl":"காலிஸியன்","gmh":"மிடில் ஹை ஜெர்மன்","gn":"க்வாரனி","goh":"பழைய ஹை ஜெர்மன்","gon":"கோன்டி","gor":"கோரோன்டலோ","got":"கோதிக்","grb":"க்ரேபோ","grc":"பண்டைய கிரேக்கம்","gsw":"ஸ்விஸ் ஜெர்மன்","gu":"குஜராத்தி","guz":"குஸி","gv":"மேங்க்ஸ்","gwi":"குவிசின்","ha":"ஹௌஸா","hai":"ஹைடா","hak":"ஹக்கா சீனம்","haw":"ஹவாயியன்","hax":"தெற்கு ஹைடா","he":"ஹீப்ரூ","hi":"இந்தி","hif":"ஃபிஜி இந்தி","hil":"ஹிலிகாய்னான்","hit":"ஹிட்டைட்","hmn":"மாங்க்","ho":"ஹிரி மோட்டு","hr":"குரோஷியன்","hsb":"அப்பர் சோர்பியான்","hsn":"சியாங்க் சீனம்","ht":"ஹைத்தியன் க்ரியோலி","hu":"ஹங்கேரியன்","hup":"ஹுபா","hur":"ஹல்கோமெலம்","hy":"ஆர்மேனியன்","hz":"ஹெரேரோ","ia":"இன்டர்லிங்வா","iba":"இபான்","ibb":"இபிபியோ","id":"இந்தோனேஷியன்","ie":"இன்டர்லிங்","ig":"இக்போ","ii":"சிசுவான் ஈ","ik":"இனுபியாக்","ikt":"மேற்கு கனடிய இனுக்டிடுட்","ilo":"இலோகோ","inh":"இங்குஷ்","io":"இடோ","is":"ஐஸ்லேண்டிக்","it":"இத்தாலியன்","iu":"இனுகிடூட்","ja":"ஜப்பானியம்","jbo":"லோஜ்பன்","jgo":"நகொம்பா","jmc":"மாசெம்","jpr":"ஜூதேயோ-பெர்ஷியன்","jrb":"ஜூதேயோ-அராபிக்","jv":"ஜாவனீஸ்","ka":"ஜார்ஜியன்","kaa":"காரா-கல்பாக்","kab":"கபாய்ல்","kac":"காசின்","kaj":"ஜ்ஜூ","kam":"கம்பா","kaw":"காவி","kbd":"கபார்டியன்","kcg":"தையாப்","kde":"மகொண்டே","kea":"கபுவெர்தியானு","kfo":"கோரோ","kg":"காங்கோ","kgp":"கைன்கேங்","kha":"காஸி","kho":"கோதானீஸ்","khq":"கொய்ரா சீனீ","ki":"கிகுயூ","kj":"குவான்யாமா","kk":"கசாக்","kkj":"ககோ","kl":"கலாலிசூட்","kln":"கலின்ஜின்","km":"கெமெர்","kmb":"கிம்புன்து","kn":"கன்னடம்","ko":"கொரியன்","koi":"கொமி-பெர்ம்யாக்","kok":"கொங்கணி","kos":"கோஸ்ரைன்","kpe":"க்பெல்லே","kr":"கனுரி","krc":"கராசே-பல்கார்","krl":"கரேலியன்","kru":"குருக்","ks":"காஷ்மிரி","ksb":"ஷம்பாலா","ksf":"பாஃபியா","ksh":"கொலோக்னியன்","ku":"குர்திஷ்","kum":"கும்யிக்","kut":"குடேனை","kv":"கொமி","kw":"கார்னிஷ்","kwk":"குவாக்வாலா","ky":"கிர்கிஸ்","la":"லத்தின்","lad":"லடினோ","lag":"லங்கி","lah":"லஹன்டா","lam":"லம்பா","lb":"லக்ஸம்போர்கிஷ்","lez":"லெஜ்ஜியன்","lg":"கான்டா","li":"லிம்பர்கிஷ்","lil":"லில்லூயிட்","lkt":"லகோடா","lmo":"லொம்பார்டு","ln":"லிங்காலா","lo":"லாவோ","lol":"மோங்கோ","lou":"லூசியானா க்ரயோல்","loz":"லோசி","lrc":"வடக்கு லுரி","lsm":"சாமியா","lt":"லிதுவேனியன்","lu":"லுபா-கடாங்கா","lua":"லுபா-லுலுலா","lui":"லுய்சேனோ","lun":"லூன்டா","luo":"லுயோ","lus":"மிஸோ","luy":"லுயியா","lv":"லாட்வியன்","mad":"மதுரீஸ்","mag":"மகாஹி","mai":"மைதிலி","mak":"மகாசார்","man":"மான்டிங்கோ","mas":"மாசாய்","mdf":"மோக்க்ஷா","mdr":"மான்டார்","men":"மென்டீ","mer":"மெரு","mfe":"மொரிசியன்","mg":"மலகாஸி","mga":"மிடில் ஐரிஷ்","mgh":"மகுவா-மீட்டோ","mgo":"மேடா","mh":"மார்ஷெலீஸ்","mi":"மௌரி","mic":"மிக்மாக்","min":"மின்னாங்கபௌ","mk":"மாஸிடோனியன்","ml":"மலையாளம்","mn":"மங்கோலியன்","mnc":"மன்சூ","mni":"மணிப்புரி","moe":"இன்னு-ஐமுன்","moh":"மொஹாக்","mos":"மோஸ்ஸி","mr":"மராத்தி","ms":"மலாய்","mt":"மால்டிஸ்","mua":"முன்டாங்","mul":"பல மொழிகள்","mus":"க்ரீக்","mwl":"மிரான்டீஸ்","mwr":"மார்வாரி","my":"பர்மீஸ்","myv":"ஏர்ஜியா","mzn":"மசந்தேரனி","na":"நவ்ரூ","nan":"மின் நான் சீனம்","nap":"நியோபோலிடன்","naq":"நாமா","nb":"நார்வேஜியன் பொக்மால்","nd":"வடக்கு தெபெலே","nds":"லோ ஜெர்மன்","nds-NL":"லோ சாக்ஸன்","ne":"நேபாளி","new":"நெவாரி","ng":"தோங்கா","nia":"நியாஸ்","niu":"நியூவான்","nl":"டச்சு","nl-BE":"ஃப்லெமிஷ்","nmg":"க்வாசியோ","nn":"நார்வேஜியன் நியூநார்ஸ்க்","nnh":"நெகெய்ம்பூன்","no":"நார்வேஜியன்","nog":"நோகை","non":"பழைய நோர்ஸ்","nqo":"என்‘கோ","nr":"தெற்கு தெபெலே","nso":"வடக்கு சோதோ","nus":"நியூர்","nv":"நவாஜோ","nwc":"பாரம்பரிய நேவாரி","ny":"நயன்ஜா","nym":"நியாம்வேஜி","nyn":"நியான்கோலே","nyo":"நியோரோ","nzi":"நிஜ்மா","oc":"ஒக்கிடன்","oj":"ஒஜிப்வா","ojb":"வடமேற்கு ஓஜிப்வா","ojc":"மத்திய ஓஜிப்வா","ojs":"ஓஜி-க்ரீ","ojw":"மேற்கு ஓஜிப்வா","oka":"ஒகானகன்","om":"ஒரோமோ","or":"ஒடியா","os":"ஒசெட்டிக்","osa":"ஓசேஜ்","ota":"ஓட்டோமான் துருக்கிஷ்","pa":"பஞ்சாபி","pag":"பன்காசினன்","pal":"பாஹ்லவி","pam":"பம்பாங்கா","pap":"பபியாமென்டோ","pau":"பலௌவன்","pcm":"நைஜீரியன் பிட்கின்","pdc":"பென்சில்வேனிய ஜெர்மன்","peo":"பழைய பெர்ஷியன்","phn":"ஃபொனிஷியன்","pi":"பாலி","pis":"பிஜின்","pl":"போலிஷ்","pon":"ஃபோன்பெயென்","pqm":"மலிசீட்-பஸ்ஸமகுவாடி","prg":"பிரஷ்யன்","pro":"பழைய ப்ரோவென்சால்","ps":"பஷ்தோ","pt":"போர்ச்சுகீஸ்","pt-BR":"பிரேசிலிய போர்ச்சுகீஸ்","pt-PT":"ஐரோப்பிய போர்ச்சுகீஸ்","qu":"க்வெச்சுவா","quc":"கீசீ","raj":"ராஜஸ்தானி","rap":"ரபனுய்","rar":"ரரோடோங்கன்","rhg":"ரோகிஞ்சா","rm":"ரோமான்ஷ்","rn":"ருண்டி","ro":"ரோமேனியன்","ro-MD":"மோல்டாவியன்","rof":"ரோம்போ","rom":"ரோமானி","ru":"ரஷியன்","rup":"அரோமானியன்","rw":"கின்யாருவான்டா","rwk":"ருவா","sa":"சமஸ்கிருதம்","sad":"சான்டாவே","sah":"சக்கா","sam":"சமாரிடன் அராமைக்","saq":"சம்புரு","sas":"சாசாக்","sat":"சான்டாலி","saz":"சௌராஷ்டிரம்","sba":"நெகாம்பே","sbp":"சங்கு","sc":"சார்தீனியன்","scn":"சிசிலியன்","sco":"ஸ்காட்ஸ்","sd":"சிந்தி","sdh":"தெற்கு குர்திஷ்","se":"வடக்கு சமி","seh":"செனா","sel":"செல்குப்","ses":"கொய்ராபோரோ சென்னி","sg":"சாங்கோ","sga":"பழைய ஐரிஷ்","sh":"செர்போ-குரோஷியன்","shi":"தசேஹித்","shn":"ஷான்","si":"சிங்களம்","sid":"சிடாமோ","sk":"ஸ்லோவாக்","sl":"ஸ்லோவேனியன்","slh":"தெற்கு லுஷூட்சீட்","sm":"சமோவான்","sma":"தெற்கு சமி","smj":"லுலே சமி","smn":"இனாரி சமி","sms":"ஸ்கோல்ட் சமி","sn":"ஷோனா","snk":"சோனின்கே","so":"சோமாலி","sog":"சோக்தியன்","sq":"அல்பேனியன்","sr":"செர்பியன்","srn":"ஸ்ரானன் டோங்கோ","srr":"செரெர்","ss":"ஸ்வாடீ","ssy":"சஹோ","st":"தெற்கு ஸோதோ","str":"ஸ்ட்ரெய்ட்ஸ் சாலிஷ்","su":"சுண்டானீஸ்","suk":"சுகுமா","sus":"சுசு","sux":"சுமேரியன்","sv":"ஸ்வீடிஷ்","sw":"ஸ்வாஹிலி","sw-CD":"காங்கோ ஸ்வாஹிலி","swb":"கொமோரியன்","syc":"பாரம்பரிய சிரியாக்","syr":"சிரியாக்","ta":"தமிழ்","tce":"தெற்கு டட்சோன்","te":"தெலுங்கு","tem":"டிம்னே","teo":"டெசோ","ter":"டெரெனோ","tet":"டெடும்","tg":"தஜிக்","tgx":"தகிஷ்","th":"தாய்","tht":"தால்டன்","ti":"டிக்ரின்யா","tig":"டைக்ரே","tiv":"டிவ்","tk":"துருக்மென்","tkl":"டோகேலௌ","tl":"டாகாலோக்","tlh":"க்ளிங்கோன்","tli":"லிங்கிட்","tmh":"தமஷேக்","tn":"ஸ்வானா","to":"டோங்கான்","tog":"நயாசா டோங்கா","tok":"டோக்கி போனா","tpi":"டோக் பிஸின்","tr":"துருக்கிஷ்","trv":"தரோகோ","ts":"ஸோங்கா","tsi":"ட்ஸிம்ஷியன்","tt":"டாடர்","ttm":"வடக்கு டட்சோன்","tum":"தும்புகா","tvl":"டுவாலு","tw":"ட்வி","twq":"டசவாக்","ty":"தஹிதியன்","tyv":"டுவினியன்","tzm":"மத்திய அட்லஸ் டமசைட்","udm":"உட்முர்ட்","ug":"உய்குர்","uga":"உகாரிடிக்","uk":"உக்ரைனியன்","umb":"அம்பொண்டு","und":"அறியப்படாத மொழி","ur":"உருது","uz":"உஸ்பெக்","vai":"வை","ve":"வென்டா","vi":"வியட்நாமீஸ்","vo":"ஒலாபூக்","vot":"வோட்க்","vun":"வுன்ஜோ","wa":"ஒவாலூன்","wae":"வால்சேர்","wal":"வோலாய்ட்டா","war":"வாரே","was":"வாஷோ","wbp":"வல்பிரி","wo":"ஓலோஃப்","wuu":"வூ சீனம்","xal":"கல்மிக்","xh":"ஹோசா","xog":"சோகா","yao":"யாவ்","yap":"யாபேசே","yav":"யாங்பென்","ybb":"யெம்பா","yi":"யெட்டிஷ்","yo":"யோருபா","yrl":"நஹீன்கட்டு","yue":"காண்டோனீஸ்","za":"ஜுவாங்","zap":"ஜாபோடெக்","zbl":"ப்லிஸ்ஸிம்பால்ஸ்","zen":"ஜெனகா","zgh":"ஸ்டாண்டர்ட் மொராக்கன் தமாசைட்","zh":"சீனம்","zh-Hans":"எளிதாக்கப்பட்ட சீனம்","zh-Hant":"பாரம்பரிய சீனம்","zu":"ஜுலு","zun":"ஜூனி","zxx":"மொழி உள்ளடக்கம் ஏதுமில்லை","zza":"ஜாஜா"},"narrow":{},"short":{"az":"அஸேரி","en-GB":"ஆங்கிலம் (யூகே)","en-US":"ஆங்கிலம் (யூஎஸ்)"}},"standard":{"long":{"aa":"அஃபார்","ab":"அப்காஜியான்","ace":"ஆச்சினீஸ்","ach":"அகோலி","ada":"அதாங்மே","ady":"அதகே","ae":"அவெஸ்தான்","aeb":"துனிசிய அரபு","af":"ஆஃப்ரிகான்ஸ்","afh":"அஃப்ரிஹிலி","agq":"அகெம்","ain":"ஐனு","ak":"அகான்","akk":"அக்கேதியன்","ale":"அலூட்","alt":"தெற்கு அல்தை","am":"அம்ஹாரிக்","an":"ஆர்கோனீஸ்","ang":"பழைய ஆங்கிலம்","ann":"ஒபோலோ","anp":"அங்கிகா","ar":"அரபிக்","ar-001":"அரபிக் (உலகம்)","arc":"அராமைக்","arn":"மபுச்சே","arp":"அரபஹோ","ars":"நஜ்தி அரபிக்","arw":"அராவாக்","as":"அஸ்ஸாமீஸ்","asa":"அசு","ast":"அஸ்துரியன்","atj":"அடிகாமேக்வ்","av":"அவேரிக்","awa":"அவதி","ay":"அய்மரா","az":"அசர்பைஜானி","ba":"பஷ்கிர்","bal":"பலூச்சி","ban":"பலினீஸ்","bas":"பாஸா","be":"பெலாருஷியன்","bej":"பேஜா","bem":"பெம்பா","bez":"பெனா","bfq":"படகா","bg":"பல்கேரியன்","bgn":"மேற்கு பலோச்சி","bho":"போஜ்பூரி","bi":"பிஸ்லாமா","bik":"பிகோல்","bin":"பினி","bla":"சிக்சிகா","bm":"பம்பாரா","bn":"வங்காளம்","bo":"திபெத்தியன்","bpy":"பிஷ்ணுப்பிரியா","br":"பிரெட்டன்","bra":"ப்ராஜ்","brx":"போடோ","bs":"போஸ்னியன்","bua":"புரியாத்","bug":"புகினீஸ்","byn":"ப்லின்","ca":"கேட்டலான்","cad":"கேடோ","car":"கரீப்","cay":"கேயுகா","cch":"ஆட்சம்","ccp":"சக்மா","ce":"செச்சென்","ceb":"செபுவானோ","cgg":"சிகா","ch":"சாமோரோ","chb":"சிப்சா","chg":"ஷகதை","chk":"சூகிசே","chm":"மாரி","chn":"சினூக் ஜார்கான்","cho":"சோக்தௌ","chp":"சிபெவ்யான்","chr":"செரோகீ","chy":"செயேனி","ckb":"மத்திய குர்திஷ்","clc":"சில்கோடின்","co":"கார்சிகன்","cop":"காப்டிக்","cr":"க்ரீ","crg":"மிச்சிஃப்","crh":"கிரிமியன் துர்க்கி","crj":"தென்கிழக்கு க்ரீ","crk":"சமவெளி க்ரீ","crl":"வடகிழக்கு க்ரீ","crm":"மூஸ் க்ரீ","crr":"கரோலினா அல்கோன்குயன்","crs":"செசெல்வா க்ரெயோல் பிரெஞ்சு","cs":"செக்","csb":"கஷுபியன்","csw":"சதுப்பு நில க்ரீ","cu":"சர்ச் ஸ்லாவிக்","cv":"சுவாஷ்","cy":"வேல்ஷ்","da":"டேனிஷ்","dak":"டகோடா","dar":"தார்குவா","dav":"டைடா","de":"ஜெர்மன்","de-AT":"ஜெர்மன் (ஆஸ்திரியா)","de-CH":"ஜெர்மன் (ஸ்விட்சர்லாந்து)","del":"டெலாவர்","den":"ஸ்லாவ்","dgr":"டோக்ரிப்","din":"டின்கா","dje":"ஸார்மா","doi":"டோக்ரி","dsb":"லோயர் சோர்பியன்","dua":"டுவாலா","dum":"மிடில் டச்சு","dv":"திவேஹி","dyo":"ஜோலா-ஃபோன்யி","dyu":"ட்யூலா","dz":"பூடானி","dzg":"டசாகா","ebu":"எம்பு","ee":"ஈவ்","efi":"எஃபிக்","egy":"பண்டைய எகிப்தியன்","eka":"ஈகாஜுக்","el":"கிரேக்கம்","elx":"எலமைட்","en":"ஆங்கிலம்","en-AU":"ஆங்கிலம் (ஆஸ்திரேலியா)","en-CA":"ஆங்கிலம் (கனடா)","en-GB":"ஆங்கிலம் (யுனைடெட் கிங்டம்)","en-US":"ஆங்கிலம் (அமெரிக்கா)","enm":"மிடில் ஆங்கிலம்","eo":"எஸ்பரேன்டோ","es":"ஸ்பானிஷ்","es-419":"ஸ்பானிஷ் (லத்தீன் அமெரிக்கா)","es-ES":"ஸ்பானிஷ் (ஸ்பெயின்)","es-MX":"ஸ்பானிஷ் (மெக்சிகோ)","et":"எஸ்டோனியன்","eu":"பாஸ்க்","ewo":"எவோன்டோ","fa":"பெர்ஷியன்","fa-AF":"பெர்ஷியன் (ஆஃப்கானிஸ்தான்)","fan":"ஃபேங்க்","fat":"ஃபான்டி","ff":"ஃபுலா","fi":"ஃபின்னிஷ்","fil":"ஃபிலிபினோ","fj":"ஃபிஜியன்","fo":"ஃபரோயிஸ்","fon":"ஃபான்","fr":"பிரெஞ்சு","fr-CA":"பிரெஞ்சு (கனடா)","fr-CH":"பிரெஞ்சு (ஸ்விட்சர்லாந்து)","frc":"கஜுன் பிரெஞ்சு","frm":"மிடில் பிரெஞ்சு","fro":"பழைய பிரெஞ்சு","frr":"வடக்கு ஃப்ரிஸியான்","frs":"கிழக்கு ஃப்ரிஸியான்","fur":"ஃப்ரியூலியன்","fy":"மேற்கு ஃப்ரிஷியன்","ga":"ஐரிஷ்","gaa":"கா","gag":"காகௌஸ்","gan":"கன் சீனம்","gay":"கயோ","gba":"பயா","gd":"ஸ்காட்ஸ் கேலிக்","gez":"கீஜ்","gil":"கில்பெர்டீஸ்","gl":"காலிஸியன்","gmh":"மிடில் ஹை ஜெர்மன்","gn":"க்வாரனி","goh":"பழைய ஹை ஜெர்மன்","gon":"கோன்டி","gor":"கோரோன்டலோ","got":"கோதிக்","grb":"க்ரேபோ","grc":"பண்டைய கிரேக்கம்","gsw":"ஸ்விஸ் ஜெர்மன்","gu":"குஜராத்தி","guz":"குஸி","gv":"மேங்க்ஸ்","gwi":"குவிசின்","ha":"ஹௌஸா","hai":"ஹைடா","hak":"ஹக்கா சீனம்","haw":"ஹவாயியன்","hax":"தெற்கு ஹைடா","he":"ஹீப்ரூ","hi":"இந்தி","hif":"ஃபிஜி இந்தி","hil":"ஹிலிகாய்னான்","hit":"ஹிட்டைட்","hmn":"மாங்க்","ho":"ஹிரி மோட்டு","hr":"குரோஷியன்","hsb":"அப்பர் சோர்பியான்","hsn":"சியாங்க் சீனம்","ht":"ஹைத்தியன் க்ரியோலி","hu":"ஹங்கேரியன்","hup":"ஹுபா","hur":"ஹல்கோமெலம்","hy":"ஆர்மேனியன்","hz":"ஹெரேரோ","ia":"இன்டர்லிங்வா","iba":"இபான்","ibb":"இபிபியோ","id":"இந்தோனேஷியன்","ie":"இன்டர்லிங்","ig":"இக்போ","ii":"சிசுவான் ஈ","ik":"இனுபியாக்","ikt":"மேற்கு கனடிய இனுக்டிடுட்","ilo":"இலோகோ","inh":"இங்குஷ்","io":"இடோ","is":"ஐஸ்லேண்டிக்","it":"இத்தாலியன்","iu":"இனுகிடூட்","ja":"ஜப்பானியம்","jbo":"லோஜ்பன்","jgo":"நகொம்பா","jmc":"மாசெம்","jpr":"ஜூதேயோ-பெர்ஷியன்","jrb":"ஜூதேயோ-அராபிக்","jv":"ஜாவனீஸ்","ka":"ஜார்ஜியன்","kaa":"காரா-கல்பாக்","kab":"கபாய்ல்","kac":"காசின்","kaj":"ஜ்ஜூ","kam":"கம்பா","kaw":"காவி","kbd":"கபார்டியன்","kcg":"தையாப்","kde":"மகொண்டே","kea":"கபுவெர்தியானு","kfo":"கோரோ","kg":"காங்கோ","kgp":"கைன்கேங்","kha":"காஸி","kho":"கோதானீஸ்","khq":"கொய்ரா சீனீ","ki":"கிகுயூ","kj":"குவான்யாமா","kk":"கசாக்","kkj":"ககோ","kl":"கலாலிசூட்","kln":"கலின்ஜின்","km":"கெமெர்","kmb":"கிம்புன்து","kn":"கன்னடம்","ko":"கொரியன்","koi":"கொமி-பெர்ம்யாக்","kok":"கொங்கணி","kos":"கோஸ்ரைன்","kpe":"க்பெல்லே","kr":"கனுரி","krc":"கராசே-பல்கார்","krl":"கரேலியன்","kru":"குருக்","ks":"காஷ்மிரி","ksb":"ஷம்பாலா","ksf":"பாஃபியா","ksh":"கொலோக்னியன்","ku":"குர்திஷ்","kum":"கும்யிக்","kut":"குடேனை","kv":"கொமி","kw":"கார்னிஷ்","kwk":"குவாக்வாலா","ky":"கிர்கிஸ்","la":"லத்தின்","lad":"லடினோ","lag":"லங்கி","lah":"லஹன்டா","lam":"லம்பா","lb":"லக்ஸம்போர்கிஷ்","lez":"லெஜ்ஜியன்","lg":"கான்டா","li":"லிம்பர்கிஷ்","lil":"லில்லூயிட்","lkt":"லகோடா","lmo":"லொம்பார்டு","ln":"லிங்காலா","lo":"லாவோ","lol":"மோங்கோ","lou":"லூசியானா க்ரயோல்","loz":"லோசி","lrc":"வடக்கு லுரி","lsm":"சாமியா","lt":"லிதுவேனியன்","lu":"லுபா-கடாங்கா","lua":"லுபா-லுலுலா","lui":"லுய்சேனோ","lun":"லூன்டா","luo":"லுயோ","lus":"மிஸோ","luy":"லுயியா","lv":"லாட்வியன்","mad":"மதுரீஸ்","mag":"மகாஹி","mai":"மைதிலி","mak":"மகாசார்","man":"மான்டிங்கோ","mas":"மாசாய்","mdf":"மோக்க்ஷா","mdr":"மான்டார்","men":"மென்டீ","mer":"மெரு","mfe":"மொரிசியன்","mg":"மலகாஸி","mga":"மிடில் ஐரிஷ்","mgh":"மகுவா-மீட்டோ","mgo":"மேடா","mh":"மார்ஷெலீஸ்","mi":"மௌரி","mic":"மிக்மாக்","min":"மின்னாங்கபௌ","mk":"மாஸிடோனியன்","ml":"மலையாளம்","mn":"மங்கோலியன்","mnc":"மன்சூ","mni":"மணிப்புரி","moe":"இன்னு-ஐமுன்","moh":"மொஹாக்","mos":"மோஸ்ஸி","mr":"மராத்தி","ms":"மலாய்","mt":"மால்டிஸ்","mua":"முன்டாங்","mul":"பல மொழிகள்","mus":"க்ரீக்","mwl":"மிரான்டீஸ்","mwr":"மார்வாரி","my":"பர்மீஸ்","myv":"ஏர்ஜியா","mzn":"மசந்தேரனி","na":"நவ்ரூ","nan":"மின் நான் சீனம்","nap":"நியோபோலிடன்","naq":"நாமா","nb":"நார்வேஜியன் பொக்மால்","nd":"வடக்கு தெபெலே","nds":"லோ ஜெர்மன்","nds-NL":"லோ ஜெர்மன் (நெதர்லாந்து)","ne":"நேபாளி","new":"நெவாரி","ng":"தோங்கா","nia":"நியாஸ்","niu":"நியூவான்","nl":"டச்சு","nl-BE":"டச்சு (பெல்ஜியம்)","nmg":"க்வாசியோ","nn":"நார்வேஜியன் நியூநார்ஸ்க்","nnh":"நெகெய்ம்பூன்","no":"நார்வேஜியன்","nog":"நோகை","non":"பழைய நோர்ஸ்","nqo":"என்‘கோ","nr":"தெற்கு தெபெலே","nso":"வடக்கு சோதோ","nus":"நியூர்","nv":"நவாஜோ","nwc":"பாரம்பரிய நேவாரி","ny":"நயன்ஜா","nym":"நியாம்வேஜி","nyn":"நியான்கோலே","nyo":"நியோரோ","nzi":"நிஜ்மா","oc":"ஒக்கிடன்","oj":"ஒஜிப்வா","ojb":"வடமேற்கு ஓஜிப்வா","ojc":"மத்திய ஓஜிப்வா","ojs":"ஓஜி-க்ரீ","ojw":"மேற்கு ஓஜிப்வா","oka":"ஒகானகன்","om":"ஒரோமோ","or":"ஒடியா","os":"ஒசெட்டிக்","osa":"ஓசேஜ்","ota":"ஓட்டோமான் துருக்கிஷ்","pa":"பஞ்சாபி","pag":"பன்காசினன்","pal":"பாஹ்லவி","pam":"பம்பாங்கா","pap":"பபியாமென்டோ","pau":"பலௌவன்","pcm":"நைஜீரியன் பிட்கின்","pdc":"பென்சில்வேனிய ஜெர்மன்","peo":"பழைய பெர்ஷியன்","phn":"ஃபொனிஷியன்","pi":"பாலி","pis":"பிஜின்","pl":"போலிஷ்","pon":"ஃபோன்பெயென்","pqm":"மலிசீட்-பஸ்ஸமகுவாடி","prg":"பிரஷ்யன்","pro":"பழைய ப்ரோவென்சால்","ps":"பஷ்தோ","pt":"போர்ச்சுகீஸ்","pt-BR":"போர்ச்சுகீஸ் (பிரேசில்)","pt-PT":"போர்ச்சுகீஸ் (போர்ச்சுக்கல்)","qu":"க்வெச்சுவா","quc":"கீசீ","raj":"ராஜஸ்தானி","rap":"ரபனுய்","rar":"ரரோடோங்கன்","rhg":"ரோகிஞ்சா","rm":"ரோமான்ஷ்","rn":"ருண்டி","ro":"ரோமேனியன்","ro-MD":"ரோமேனியன் (மால்டோவா)","rof":"ரோம்போ","rom":"ரோமானி","ru":"ரஷியன்","rup":"அரோமானியன்","rw":"கின்யாருவான்டா","rwk":"ருவா","sa":"சமஸ்கிருதம்","sad":"சான்டாவே","sah":"சக்கா","sam":"சமாரிடன் அராமைக்","saq":"சம்புரு","sas":"சாசாக்","sat":"சான்டாலி","saz":"சௌராஷ்டிரம்","sba":"நெகாம்பே","sbp":"சங்கு","sc":"சார்தீனியன்","scn":"சிசிலியன்","sco":"ஸ்காட்ஸ்","sd":"சிந்தி","sdh":"தெற்கு குர்திஷ்","se":"வடக்கு சமி","seh":"செனா","sel":"செல்குப்","ses":"கொய்ராபோரோ சென்னி","sg":"சாங்கோ","sga":"பழைய ஐரிஷ்","sh":"செர்போ-குரோஷியன்","shi":"தசேஹித்","shn":"ஷான்","si":"சிங்களம்","sid":"சிடாமோ","sk":"ஸ்லோவாக்","sl":"ஸ்லோவேனியன்","slh":"தெற்கு லுஷூட்சீட்","sm":"சமோவான்","sma":"தெற்கு சமி","smj":"லுலே சமி","smn":"இனாரி சமி","sms":"ஸ்கோல்ட் சமி","sn":"ஷோனா","snk":"சோனின்கே","so":"சோமாலி","sog":"சோக்தியன்","sq":"அல்பேனியன்","sr":"செர்பியன்","srn":"ஸ்ரானன் டோங்கோ","srr":"செரெர்","ss":"ஸ்வாடீ","ssy":"சஹோ","st":"தெற்கு ஸோதோ","str":"ஸ்ட்ரெய்ட்ஸ் சாலிஷ்","su":"சுண்டானீஸ்","suk":"சுகுமா","sus":"சுசு","sux":"சுமேரியன்","sv":"ஸ்வீடிஷ்","sw":"ஸ்வாஹிலி","sw-CD":"ஸ்வாஹிலி (காங்கோ - கின்ஷாசா)","swb":"கொமோரியன்","syc":"பாரம்பரிய சிரியாக்","syr":"சிரியாக்","ta":"தமிழ்","tce":"தெற்கு டட்சோன்","te":"தெலுங்கு","tem":"டிம்னே","teo":"டெசோ","ter":"டெரெனோ","tet":"டெடும்","tg":"தஜிக்","tgx":"தகிஷ்","th":"தாய்","tht":"தால்டன்","ti":"டிக்ரின்யா","tig":"டைக்ரே","tiv":"டிவ்","tk":"துருக்மென்","tkl":"டோகேலௌ","tl":"டாகாலோக்","tlh":"க்ளிங்கோன்","tli":"லிங்கிட்","tmh":"தமஷேக்","tn":"ஸ்வானா","to":"டோங்கான்","tog":"நயாசா டோங்கா","tok":"டோக்கி போனா","tpi":"டோக் பிஸின்","tr":"துருக்கிஷ்","trv":"தரோகோ","ts":"ஸோங்கா","tsi":"ட்ஸிம்ஷியன்","tt":"டாடர்","ttm":"வடக்கு டட்சோன்","tum":"தும்புகா","tvl":"டுவாலு","tw":"ட்வி","twq":"டசவாக்","ty":"தஹிதியன்","tyv":"டுவினியன்","tzm":"மத்திய அட்லஸ் டமசைட்","udm":"உட்முர்ட்","ug":"உய்குர்","uga":"உகாரிடிக்","uk":"உக்ரைனியன்","umb":"அம்பொண்டு","und":"அறியப்படாத மொழி","ur":"உருது","uz":"உஸ்பெக்","vai":"வை","ve":"வென்டா","vi":"வியட்நாமீஸ்","vo":"ஒலாபூக்","vot":"வோட்க்","vun":"வுன்ஜோ","wa":"ஒவாலூன்","wae":"வால்சேர்","wal":"வோலாய்ட்டா","war":"வாரே","was":"வாஷோ","wbp":"வல்பிரி","wo":"ஓலோஃப்","wuu":"வூ சீனம்","xal":"கல்மிக்","xh":"ஹோசா","xog":"சோகா","yao":"யாவ்","yap":"யாபேசே","yav":"யாங்பென்","ybb":"யெம்பா","yi":"யெட்டிஷ்","yo":"யோருபா","yrl":"நஹீன்கட்டு","yue":"காண்டோனீஸ்","za":"ஜுவாங்","zap":"ஜாபோடெக்","zbl":"ப்லிஸ்ஸிம்பால்ஸ்","zen":"ஜெனகா","zgh":"ஸ்டாண்டர்ட் மொராக்கன் தமாசைட்","zh":"சீனம்","zh-Hans":"எளிதாக்கப்பட்ட சீனம்","zh-Hant":"பாரம்பரிய சீனம்","zu":"ஜுலு","zun":"ஜூனி","zxx":"மொழி உள்ளடக்கம் ஏதுமில்லை","zza":"ஜாஜா"},"narrow":{},"short":{"az":"அஸேரி","en-GB":"ஆங்கிலம் (யூகே)","en-US":"ஆங்கிலம் (யூஎஸ்)"}}},"region":{"long":{"142":"ஆசியா","143":"மத்திய ஆசியா","145":"மேற்கு ஆசியா","150":"ஐரோப்பா","151":"கிழக்கு ஐரோப்பா","154":"வடக்கு ஐரோப்பா","155":"மேற்கு ஐரோப்பா","202":"துணை சஹாரா ஆப்பிரிக்கா","419":"லத்தீன் அமெரிக்கா","001":"உலகம்","002":"ஆப்பிரிக்கா","003":"வட அமெரிக்கா","005":"தென் அமெரிக்கா","009":"ஓஷியானியா","011":"மேற்கு ஆப்பிரிக்கா","013":"மத்திய அமெரிக்கா","014":"கிழக்கு ஆப்பிரிக்கா","015":"வடக்கு ஆப்பிரிக்கா","017":"மத்திய ஆப்பிரிக்கா","018":"தெற்கு ஆப்பிரிக்கா","019":"அமெரிக்காஸ்","021":"வடக்கு அமெரிக்கா","029":"கரீபியன்","030":"கிழக்கு ஆசியா","034":"தெற்கு ஆசியா","035":"தென்கிழக்கு ஆசியா","039":"தெற்கு ஐரோப்பா","053":"ஆஸ்திரலேசியா","054":"மெலனேஷியா","057":"மைக்ரோனேஷியன் பிரதேசம்","061":"பாலினேஷியா","AC":"அஷன்ஷியன் தீவு","AD":"அன்டோரா","AE":"ஐக்கிய அரபு எமிரேட்ஸ்","AF":"ஆஃப்கானிஸ்தான்","AG":"ஆண்டிகுவா மற்றும் பார்புடா","AI":"அங்கியுலா","AL":"அல்பேனியா","AM":"அர்மேனியா","AO":"அங்கோலா","AQ":"அண்டார்டிகா","AR":"அர்ஜென்டினா","AS":"அமெரிக்க சமோவா","AT":"ஆஸ்திரியா","AU":"ஆஸ்திரேலியா","AW":"அரூபா","AX":"ஆலந்து தீவுகள்","AZ":"அசர்பைஜான்","BA":"போஸ்னியா & ஹெர்ஸகோவினா","BB":"பார்படாஸ்","BD":"பங்களாதேஷ்","BE":"பெல்ஜியம்","BF":"புர்கினா ஃபாஸோ","BG":"பல்கேரியா","BH":"பஹ்ரைன்","BI":"புருண்டி","BJ":"பெனின்","BL":"செயின்ட் பார்தேலெமி","BM":"பெர்முடா","BN":"புருனே","BO":"பொலிவியா","BQ":"கரீபியன் நெதர்லாந்து","BR":"பிரேசில்","BS":"பஹாமாஸ்","BT":"பூடான்","BV":"பொவேட் தீவு","BW":"போட்ஸ்வானா","BY":"பெலாரஸ்","BZ":"பெலிஸ்","CA":"கனடா","CC":"கோகோஸ் (கீலிங்) தீவுகள்","CD":"காங்கோ - கின்ஷாசா","CF":"மத்திய ஆப்ரிக்கக் குடியரசு","CG":"காங்கோ - ப்ராஸாவில்லே","CH":"ஸ்விட்சர்லாந்து","CI":"கோட் தி’வாயர்","CK":"குக் தீவுகள்","CL":"சிலி","CM":"கேமரூன்","CN":"சீனா","CO":"கொலம்பியா","CP":"கிலிப்பர்டன் தீவு","CR":"கோஸ்டாரிகா","CU":"கியூபா","CV":"கேப் வெர்டே","CW":"குராகவ்","CX":"கிறிஸ்துமஸ் தீவு","CY":"சைப்ரஸ்","CZ":"செசியா","DE":"ஜெர்மனி","DG":"டியகோ கார்ஷியா","DJ":"ஜிபௌட்டி","DK":"டென்மார்க்","DM":"டொமினிகா","DO":"டொமினிகன் குடியரசு","DZ":"அல்ஜீரியா","EA":"சியூடா & மெலில்லா","EC":"ஈக்வடார்","EE":"எஸ்டோனியா","EG":"எகிப்து","EH":"மேற்கு சஹாரா","ER":"எரிட்ரியா","ES":"ஸ்பெயின்","ET":"எத்தியோப்பியா","EU":"ஐரோப்பிய யூனியன்","EZ":"யூரோஜோன்","FI":"பின்லாந்து","FJ":"ஃபிஜி","FK":"ஃபாக்லாந்து தீவுகள்","FM":"மைக்ரோனேஷியா","FO":"ஃபாரோ தீவுகள்","FR":"பிரான்ஸ்","GA":"கேபான்","GB":"யுனைடெட் கிங்டம்","GD":"கிரனெடா","GE":"ஜார்ஜியா","GF":"பிரெஞ்சு கயானா","GG":"கெர்ன்சி","GH":"கானா","GI":"ஜிப்ரால்டர்","GL":"கிரீன்லாந்து","GM":"காம்பியா","GN":"கினியா","GP":"க்வாதேலோப்","GQ":"ஈக்வடோரியல் கினியா","GR":"கிரீஸ்","GS":"தெற்கு ஜார்ஜியா மற்றும் தெற்கு சாண்ட்விச் தீவுகள்","GT":"கவுதமாலா","GU":"குவாம்","GW":"கினியா-பிஸ்ஸாவ்","GY":"கயானா","HK":"ஹாங்காங் எஸ்ஏஆர் சீனா","HM":"ஹேர்ட் மற்றும் மெக்டொனால்டு தீவுகள்","HN":"ஹோண்டூராஸ்","HR":"குரோஷியா","HT":"ஹைட்டி","HU":"ஹங்கேரி","IC":"கேனரி தீவுகள்","ID":"இந்தோனேசியா","IE":"அயர்லாந்து","IL":"இஸ்ரேல்","IM":"ஐல் ஆஃப் மேன்","IN":"இந்தியா","IO":"பிரிட்டிஷ் இந்தியப் பெருங்கடல் பிரதேசம்","IQ":"ஈராக்","IR":"ஈரான்","IS":"ஐஸ்லாந்து","IT":"இத்தாலி","JE":"ஜெர்சி","JM":"ஜமைகா","JO":"ஜோர்டான்","JP":"ஜப்பான்","KE":"கென்யா","KG":"கிர்கிஸ்தான்","KH":"கம்போடியா","KI":"கிரிபாட்டி","KM":"கோமரோஸ்","KN":"செயின்ட் கிட்ஸ் & நெவிஸ்","KP":"வட கொரியா","KR":"தென் கொரியா","KW":"குவைத்","KY":"கெய்மென் தீவுகள்","KZ":"கஸகஸ்தான்","LA":"லாவோஸ்","LB":"லெபனான்","LC":"செயின்ட் லூசியா","LI":"லிச்செண்ஸ்டெய்ன்","LK":"இலங்கை","LR":"லைபீரியா","LS":"லெசோதோ","LT":"லிதுவேனியா","LU":"லக்ஸ்சம்பர்க்","LV":"லாட்வியா","LY":"லிபியா","MA":"மொராக்கோ","MC":"மொனாக்கோ","MD":"மால்டோவா","ME":"மான்டேனெக்ரோ","MF":"செயின்ட் மார்ட்டீன்","MG":"மடகாஸ்கர்","MH":"மார்ஷல் தீவுகள்","MK":"வடக்கு மாசிடோனியா","ML":"மாலி","MM":"மியான்மார் (பர்மா)","MN":"மங்கோலியா","MO":"மகாவ் எஸ்ஏஆர் சீனா","MP":"வடக்கு மரியானா தீவுகள்","MQ":"மார்டினிக்","MR":"மௌரிடானியா","MS":"மாண்ட்செராட்","MT":"மால்டா","MU":"மொரிசியஸ்","MV":"மாலத்தீவு","MW":"மலாவி","MX":"மெக்சிகோ","MY":"மலேசியா","MZ":"மொசாம்பிக்","NA":"நமீபியா","NC":"நியூ கேலிடோனியா","NE":"நைஜர்","NF":"நார்ஃபோக் தீவு","NG":"நைஜீரியா","NI":"நிகரகுவா","NL":"நெதர்லாந்து","NO":"நார்வே","NP":"நேபாளம்","NR":"நௌரு","NU":"நியுவே","NZ":"நியூசிலாந்து","OM":"ஓமன்","PA":"பனாமா","PE":"பெரு","PF":"பிரெஞ்சு பாலினேஷியா","PG":"பப்புவா நியூ கினியா","PH":"பிலிப்பைன்ஸ்","PK":"பாகிஸ்தான்","PL":"போலந்து","PM":"செயின்ட் பியர் & மிக்வேலான்","PN":"பிட்கெய்ர்ன் தீவுகள்","PR":"பியூர்டோ ரிகோ","PS":"பாலஸ்தீனிய பிரதேசங்கள்","PT":"போர்ச்சுக்கல்","PW":"பாலோ","PY":"பராகுவே","QA":"கத்தார்","QO":"வெளிப்புற ஓஷியானியா","RE":"ரீயூனியன்","RO":"ருமேனியா","RS":"செர்பியா","RU":"ரஷ்யா","RW":"ருவாண்டா","SA":"சவுதி அரேபியா","SB":"சாலமன் தீவுகள்","SC":"சீஷெல்ஸ்","SD":"சூடான்","SE":"ஸ்வீடன்","SG":"சிங்கப்பூர்","SH":"செயின்ட் ஹெலெனா","SI":"ஸ்லோவேனியா","SJ":"ஸ்வல்பார்டு & ஜான் மேயன்","SK":"ஸ்லோவாகியா","SL":"சியாரா லியோன்","SM":"சான் மரினோ","SN":"செனெகல்","SO":"சோமாலியா","SR":"சுரினாம்","SS":"தெற்கு சூடான்","ST":"சாவ் தோம் & ப்ரின்சிபி","SV":"எல் சால்வடார்","SX":"சின்ட் மார்டென்","SY":"சிரியா","SZ":"எஸ்வாட்டீனி","TA":"டிரிஸ்டன் டா குன்ஹா","TC":"டர்க்ஸ் & கைகோஸ் தீவுகள்","TD":"சாட்","TF":"பிரெஞ்சு தெற்கு பிரதேசங்கள்","TG":"டோகோ","TH":"தாய்லாந்து","TJ":"தஜிகிஸ்தான்","TK":"டோகேலோ","TL":"திமோர்-லெஸ்தே","TM":"துர்க்மெனிஸ்தான்","TN":"டுனிசியா","TO":"டோங்கா","TR":"துருக்கியே","TT":"டிரினிடாட் & டொபாகோ","TV":"துவாலு","TW":"தைவான்","TZ":"தான்சானியா","UA":"உக்ரைன்","UG":"உகாண்டா","UM":"யூ.எஸ். வெளிப்புறத் தீவுகள்","UN":"ஐக்கிய நாடுகள்","US":"அமெரிக்கா","UY":"உருகுவே","UZ":"உஸ்பெகிஸ்தான்","VA":"வாடிகன் நகரம்","VC":"செயின்ட் வின்சென்ட் & கிரெனடைன்ஸ்","VE":"வெனிசுலா","VG":"பிரிட்டீஷ் கன்னித் தீவுகள்","VI":"யூ.எஸ். கன்னித் தீவுகள்","VN":"வியட்நாம்","VU":"வனுவாட்டு","WF":"வாலிஸ் மற்றும் ஃபுடுனா","WS":"சமோவா","XA":"போலி உச்சரிப்புகள்","XB":"போலி பீடி","XK":"கொசோவோ","YE":"ஏமன்","YT":"மயோட்","ZA":"தென் ஆப்பிரிக்கா","ZM":"ஜாம்பியா","ZW":"ஜிம்பாப்வே","ZZ":"அறியப்படாத பிரதேசம்"},"narrow":{},"short":{"GB":"யூகே","HK":"ஹாங்காங்","MO":"மகாவ்","PS":"பாலஸ்தீனம்","UN":"ஐநா","US":"யூஎஸ்"}},"script":{"long":{"Adlm":"அட்லாம்","Arab":"அரபிக்","Aran":"நஸ்டாலிக்","Armi":"இம்பேரியல் அரமெய்க்","Armn":"அர்மேனியன்","Avst":"அவெஸ்தான்","Bali":"பாலினீஸ்","Batk":"பாடாக்","Beng":"வங்காளம்","Blis":"ப்லிஸ்ஸிமிபால்ஸ்","Bopo":"போபோமோஃபோ","Brah":"பிரம்மி","Brai":"பிரெயில்","Bugi":"புகினீஸ்","Buhd":"புகித்","Cakm":"சக்மா","Cans":"ஒருங்கிணைக்கப்பட்ட கனடிய பழங்குடி எழுத்துகள்","Cari":"கரியன்","Cham":"சாம்","Cher":"செரோக்கி","Cirt":"கிர்த்","Copt":"காப்டிக்","Cprt":"சைப்ரியாட்","Cyrl":"சிரிலிக்","Cyrs":"பழைய சர்ச் ஸ்லவோனிக் சிரிலிக்","Deva":"தேவநாகரி","Dsrt":"டெசராட்","Egyd":"எகிப்தியன் டெமோட்டிக்","Egyh":"எகிப்தியன் ஹைரேட்டிக்","Egyp":"எகிப்தியன் ஹைரோகிளிப்ஸ்","Ethi":"எத்தியோபிக்","Geok":"ஜியார்ஜியன் குட்சுரி","Geor":"ஜார்ஜியன்","Glag":"க்லாகோலிடிக்","Goth":"கோதிக்","Grek":"கிரேக்கம்","Gujr":"குஜராத்தி","Guru":"குர்முகி","Hanb":"ஹன்ப்","Hang":"ஹங்குல்","Hani":"ஹன்","Hano":"ஹனுனூ","Hans":"எளிதாக்கப்பட்டது","Hant":"பாரம்பரியம்","Hebr":"ஹீப்ரு","Hira":"ஹிராகானா","Hmng":"பஹாவ் மாங்க்","Hrkt":"ஜப்பானிய எழுத்துருக்கள்","Hung":"பழைய ஹங்கேரியன்","Inds":"சிந்து","Ital":"பழைய இத்தாலி","Jamo":"ஜமோ","Java":"ஜாவனீஸ்","Jpan":"ஜப்பானியம்","Kali":"கயாஹ் லீ","Kana":"கதகானா","Khar":"கரோஷ்டி","Khmr":"கமெர்","Knda":"கன்னடம்","Kore":"கொரியன்","Kthi":"காய்தி","Lana":"லன்னா","Laoo":"லாவோ","Latf":"ஃப்ரக்டூர் லெத்தின்","Latg":"கேலிக் லெத்தின்","Latn":"லத்தின்","Lepc":"லெப்சா","Limb":"லிம்பு","Lina":"லினியர் ஏ","Linb":"லினியர் பி","Lyci":"லிசியன்","Lydi":"லிடியன்","Mand":"மேன்டியன்","Mani":"மனிசெய்ன்","Maya":"மயான் ஹைரோகிளிப்","Mero":"மெராய்டிக்","Mlym":"மலையாளம்","Mong":"மங்கோலியன்","Moon":"மூன்","Mtei":"மெய்தெய் மயக்","Mymr":"மியான்மர்","Nkoo":"என்‘கோ","Ogam":"ஒகாம்","Olck":"ஒல் சிக்கி","Orkh":"ஆர்கான்","Orya":"ஒடியா","Osma":"ஒஸ்மான்யா","Perm":"பழைய பெர்மிக்","Phag":"பக்ஸ்-பா","Phli":"இன்ஸ்கிரிப்ஷனல் பஹலவி","Phlp":"சால்டர் பஹலவி","Phlv":"புக் பஹலவி","Phnx":"ஃபோனேஷியன்","Plrd":"போலார்ட் ஃபொனெட்டிக்","Prti":"இன்ஸ்கிரிப்ஷனல் பார்த்தியன்","Rjng":"ரெஜெய்ன்","Rohg":"ஹனிஃபி","Roro":"ரொங்கோரொங்கோ","Runr":"ருனிக்","Samr":"சமாரிடன்","Sara":"சாராதி","Saur":"சௌராஷ்ட்ரா","Sgnw":"ஸைன்எழுத்து","Shaw":"ஷவியான்","Sinh":"சிங்களம்","Sund":"சுந்தானீஸ்","Sylo":"சிலோடி நக்ரி","Syrc":"சிரியாக்","Syre":"எஸ்ட்ரெங்கெலோ சிரியாக்","Syrj":"மேற்கு சிரியாக்","Syrn":"கிழக்கு சிரியாக்","Tagb":"தகோவானா","Tale":"தாய் லே","Talu":"புதிய தை லூ","Taml":"தமிழ்","Tavt":"தை வியத்","Telu":"தெலுங்கு","Teng":"தெங்வார்","Tfng":"டிஃபினாக்","Tglg":"தகலாக்","Thaa":"தானா","Thai":"தாய்","Tibt":"திபெத்தியன்","Ugar":"உகாரதிக்","Vaii":"வை","Visp":"விசிபிள் ஸ்பீச்","Xpeo":"பழைய பெர்ஷியன்","Xsux":"சுமெரோ-அக்கடியன் க்யூனிஃபார்ம்","Yiii":"யீ","Zinh":"பாரம்பரியமான","Zmth":"கணிதக்குறியீடு","Zsye":"எமோஜி","Zsym":"சின்னங்கள்","Zxxx":"எழுதப்படாதது","Zyyy":"பொது","Zzzz":"அறியப்படாத ஸ்கிரிப்ட்"},"narrow":{},"short":{}}}},"locale":"ta"}