{"data":{"patterns":{"locale":"{0} ({1})"},"types":{"calendar":{"long":{"buddhist":"ปฏิทินพุทธ","chinese":"ปฏิทินจีน","coptic":"ปฏิทินคอปติก","dangi":"ปฏิทินเกาหลี","ethiopic":"ปฏิทินเอธิโอเปีย","ethiopic-amete-alem":"ปฏิทินปีโลกเอธิโอเปีย","gregorian":"ปฏิทินเกรกอเรียน","hebrew":"ปฏิทินฮิบรู","indian":"ปฏิทินแห่งชาติอินเดีย","islamic":"ปฏิทินอิสลาม","islamic-civil":"ปฏิทินอิสลามซีวิล","islamic-rgsa":"ปฏิทินอิสลาม (ซาอุดีอาระเบีย แบบพระจันทร์เสี้ยว)","islamic-tbla":"ปฏิทินอิสลาม (แบบตาราง สมัยดาราศาสตร์)","islamic-umalqura":"ปฏิทินอิสลาม (อุมม์อัลกุรา)","iso8601":"ปฏิทิน ISO-8601","japanese":"ปฏิทินญี่ปุ่น","persian":"ปฏิทินเปอร์เชีย","roc":"ปฏิทินไต้หวัน"},"narrow":{},"short":{}},"currency":{"long":{"ADP":"เปเซตาอันดอร์รา","AED":"เดอร์แฮมสหรัฐอาหรับเอมิเรตส์","AFA":"อัฟกานีอัฟกานิสถาน (1927–2002)","AFN":"อัฟกานิอัฟกานิสถาน","ALL":"เลกแอลเบเนีย","AMD":"แดรมอาร์เมเนีย","ANG":"กิลเดอร์เนเธอร์แลนด์แอนทิลลิส","AOA":"กวานซาแองโกลา","AOK":"กวานซาแองโกลา (1977–1990)","AON":"นิวกวานซาแองโกลา (1990–2000)","AOR":"กวานซารีจัสทาโดแองโกลา (1995–1999)","ARA":"ออสตรัลอาร์เจนตินา","ARL":"เปโซเลย์อาร์เจนตินา (1970–1983)","ARM":"เปโซอาร์เจนตินา (1881–1970)","ARP":"เปโซอาร์เจนตินา (1983–1985)","ARS":"เปโซอาร์เจนตินา","ATS":"ชิลลิงออสเตรีย","AUD":"ดอลลาร์ออสเตรเลีย","AWG":"ฟลอรินอารูบา","AZM":"มานัตอาเซอร์ไบจาน (1993–2006)","AZN":"มานัตอาเซอร์ไบจาน","BAD":"ดีนาร์บอสเนีย-เฮอร์เซโกวีนา","BAM":"มาร์กบอสเนีย-เฮอร์เซโกวีนา","BAN":"ดีนาร์ใหม่บอสเนีย-เฮอร์เซโกวีนา (1994–1997)","BBD":"ดอลลาร์บาร์เบโดส","BDT":"ตากาบังกลาเทศ","BEC":"ฟรังก์เบลเยียม (เปลี่ยนแปลงได้)","BEF":"ฟรังก์เบลเยียม","BEL":"ฟรังก์เบลเยียม (การเงิน)","BGL":"ฮาร์ดเลฟบัลแกเรีย","BGM":"โซเชียลลิสต์เลฟบัลแกเรีย","BGN":"เลฟบัลแกเรีย","BGO":"เลฟบัลเกเรีย (1879–1952)","BHD":"ดีนาร์บาห์เรน","BIF":"ฟรังก์บุรุนดี","BMD":"ดอลลาร์เบอร์มิวดา","BND":"ดอลลาร์บรูไน","BOB":"โบลิเวียโนโบลิเวีย","BOL":"โบลิเวียโนโบลิเวีย (1863–1963)","BOP":"เปโซโบลิเวีย","BOV":"มฟดอลโบลิเวีย","BRB":"ครูเซโรโนโวบราซิล (1967–1986)","BRC":"ครูซาโดบราซิล","BRE":"ครูเซโรบราซิล (1990–1993)","BRL":"เรียลบราซิล","BRN":"ครูซาโดโนโวบราซิล","BRR":"ครูเซโรบราซิล","BRZ":"ครูเซโรบราซิล (1942–1967)","BSD":"ดอลลาร์บาฮามาส","BTN":"เอ็งกุลตรัมภูฏาน","BUK":"จ๊าดพม่า","BWP":"ปูลาบอตสวานา","BYB":"นิวรูเบิลเบลารุส (1994–1999)","BYN":"รูเบิลเบลารุส","BYR":"รูเบิลเบลารุส (2000–2016)","BZD":"ดอลลาร์เบลีซ","CAD":"ดอลลาร์แคนาดา","CDF":"ฟรังก์คองโก","CHE":"ยูโรดับเบิลยูไออาร์","CHF":"ฟรังก์สวิส","CHW":"ฟรังก์ดับเบิลยูไออาร์","CLE":"เอสคูโดชิลี","CLF":"ฟูเมนโตชิลี","CLP":"เปโซชิลี","CNH":"หยวน","CNY":"หยวนจีน","COP":"เปโซโคลอมเบีย","COU":"วาเลอร์เรียลโคลอมเบีย","CRC":"โกลองคอสตาริกา","CSD":"ดีนาร์เซอร์เบียเก่า","CSK":"ฮาร์ดโครูนาเช็กโกสโลวัก","CUC":"เปโซคิวบา (แปลงสภาพ)","CUP":"เปโซคิวบา","CVE":"เอสคูโดเคปเวิร์ด","CYP":"ปอนด์ไซปรัส","CZK":"โครูนาสาธารณรัฐเช็ก","DDM":"มาร์กเยอรมันตะวันออก","DEM":"มาร์กเยอรมัน","DJF":"ฟรังก์จิบูตี","DKK":"โครนเดนมาร์ก","DOP":"เปโซโดมินิกัน","DZD":"ดีนาร์แอลจีเรีย","ECS":"ซูเกรเอกวาดอร์","ECV":"วาเลอร์คอนสแตนต์เอกวาดอร์","EEK":"ครูนเอสโตเนีย","EGP":"ปอนด์อียิปต์","ERN":"แนกฟาเอริเทรีย","ESA":"เปเซตาสเปน (บัญชีเอ)","ESB":"เปเซตาสเปน (บัญชีที่เปลี่ยนแปลงได้)","ESP":"เปเซตาสเปน","ETB":"เบอรร์เอธิโอเปีย","EUR":"ยูโร","FIM":"มาร์กกาฟินแลนด์","FJD":"ดอลลาร์ฟิจิ","FKP":"ปอนด์หมู่เกาะฟอล์กแลนด์","FRF":"ฟรังก์ฝรั่งเศส","GBP":"ปอนด์สเตอร์ลิง (สหราชอาณาจักร)","GEK":"คูปอนลาริตจอร์เจีย","GEL":"ลารีจอร์เจีย","GHC":"เซดีกานา (1979–2007)","GHS":"เซดีกานา","GIP":"ปอนด์ยิบรอลตาร์","GMD":"ดาลาซีแกมเบีย","GNF":"ฟรังก์กินี","GNS":"ไซลีกินี","GQE":"เอ็กเวเลอิเควทอเรียลกินี","GRD":"ดรัชมากรีก","GTQ":"เควตซัลกัวเตมาลา","GWE":"เอสคูโดกินีโปรตุเกส","GWP":"เปโซกินี-บิสเซา","GYD":"ดอลลาร์กายอานา","HKD":"ดอลลาร์ฮ่องกง","HNL":"เลมปิราฮอนดูรัส","HRD":"ดีนาร์โครเอเชีย","HRK":"คูนาโครเอเชีย","HTG":"กูร์ดเฮติ","HUF":"ฟอรินต์ฮังการี","IDR":"รูเปียห์อินโดนีเซีย","IEP":"ปอนด์ไอริช","ILP":"ปอนด์อิสราเอล","ILS":"นิวเชเกลอิสราเอล","INR":"รูปีอินเดีย","IQD":"ดีนาร์อิรัก","IRR":"เรียลอิหร่าน","ISK":"โครนาไอซ์แลนด์","ITL":"ลีราอิตาลี","JMD":"ดอลลาร์จาเมกา","JOD":"ดีนาร์จอร์แดน","JPY":"เยนญี่ปุ่น","KES":"ชิลลิงเคนยา","KGS":"ซอมคีร์กีซสถาน","KHR":"เรียลกัมพูชา","KMF":"ฟรังก์คอโมโรส","KPW":"วอนเกาหลีเหนือ","KRH":"ฮวานเกาหลีใต้ (1953–1962)","KRO":"วอนเกาหลีใต้ (1945–1953)","KRW":"วอนเกาหลีใต้","KWD":"ดีนาร์คูเวต","KYD":"ดอลลาร์หมู่เกาะเคย์แมน","KZT":"เทงเจคาซัคสถาน","LAK":"กีบลาว","LBP":"ปอนด์เลบานอน","LKR":"รูปีศรีลังกา","LRD":"ดอลลาร์ไลบีเรีย","LSL":"โลตีเลโซโท","LTL":"ลีตัสลิทัวเนีย","LTT":"ทาโลนัสลิทัวเนีย","LUC":"คอนเวอร์ทิเบิลฟรังก์ลักเซมเบิร์ก","LUF":"ฟรังก์ลักเซมเบิร์ก","LUL":"ไฟแนลเชียลฟรังก์ลักเซมเบิร์ก","LVL":"ลัตส์ลัตเวีย","LVR":"รูเบิลลัตเวีย","LYD":"ดีนาร์ลิเบีย","MAD":"ดีแรห์มโมร็อกโก","MAF":"ฟรังก์โมร็อกโก","MCF":"ฟรังก์โมนาโก","MDC":"บัตรปันส่วนมอลโดวา","MDL":"ลิวมอลโดวา","MGA":"อาเรียรีมาลากาซี","MGF":"ฟรังก์มาดากัสการ์","MKD":"ดีนาร์มาซิโดเนีย","MKN":"ดีนาร์มาซิโดเนีย (1992–1993)","MLF":"ฟรังก์มาลี","MMK":"จ๊าตพม่า","MNT":"ทูกริกมองโกเลีย","MOP":"ปาตากามาเก๊า","MRO":"อูกียามอริเตเนีย (1973–2017)","MRU":"อูกียามอริเตเนีย","MTL":"ลีรามอลตา","MTP":"ปอนด์มอลตา","MUR":"รูปีมอริเชียส","MVR":"รูฟิยามัลดีฟส์","MWK":"ควาชามาลาวี","MXN":"เปโซเม็กซิโก","MXP":"เงินเปโซเม็กซิโก (1861–1992)","MXV":"ยูนิแดด ดี อินเวอร์ชั่น เม็กซิโก","MYR":"ริงกิตมาเลเซีย","MZE":"เอสคูโดโมซัมบิก","MZM":"เมติคัลโมซัมบิกเก่า","MZN":"เมติคัลโมซัมบิก","NAD":"ดอลลาร์นามิเบีย","NGN":"ไนราไนจีเรีย","NIC":"คอร์โดบานิการากัว","NIO":"กอร์โดบานิการากัว","NLG":"กิลเดอร์เนเธอร์แลนด์","NOK":"โครนนอร์เวย์","NPR":"รูปีเนปาล","NZD":"ดอลลาร์นิวซีแลนด์","OMR":"เรียลโอมาน","PAB":"บัลบัวปานามา","PEI":"อินตีเปรู","PEN":"ซอลเปรู","PES":"ซอลเปรู (1863–1965)","PGK":"กีนาปาปัวนิวกินี","PHP":"เปโซฟิลิปปินส์","PKR":"รูปีปากีสถาน","PLN":"ซลอตีโปแลนด์","PLZ":"ซลอตีโปแลนด์ (1950–1995)","PTE":"เอสคูโดโปรตุเกส","PYG":"กวารานีปารากวัย","QAR":"เรียลกาตาร์","RHD":"ดอลลาร์โรดีเซีย","ROL":"ลิวโรมาเนียเก่า","RON":"ลิวโรมาเนีย","RSD":"ดีนาร์เซอร์เบีย","RUB":"รูเบิลรัสเซีย","RUR":"รูเบิลรัสเซีย (1991–1998)","RWF":"ฟรังก์รวันดา","SAR":"ริยัลซาอุดีอาระเบีย","SBD":"ดอลลาร์หมู่เกาะโซโลมอน","SCR":"รูปีเซเชลส์","SDD":"ดีนาร์ซูดานเก่า","SDG":"ปอนด์ซูดาน","SDP":"ปอนด์ซูดานเก่า","SEK":"โครนาสวีเดน","SGD":"ดอลลาร์สิงคโปร์","SHP":"ปอนด์เซนต์เฮเลนา","SIT":"ทอลาร์สโลวีเนีย","SKK":"โครูนาสโลวัก","SLL":"ลีโอนเซียร์ราลีโอน","SOS":"ชิลลิงโซมาเลีย","SRD":"ดอลลาร์ซูรินาเม","SRG":"กิลเดอร์ซูรินาเม","SSP":"ปอนด์ซูดานใต้","STD":"ดอบราเซาตูเมและปรินซิปี (1977–2017)","STN":"ดอบราเซาตูเมและปรินซิปี","SUR":"รูเบิลโซเวียต","SVC":"โคลอนเอลซัลวาดอร์","SYP":"ปอนด์ซีเรีย","SZL":"ลิลันเจนีสวาซิ","THB":"บาท","TJR":"รูเบิลทาจิกิสถาน","TJS":"โซโมนิทาจิกิสถาน","TMM":"มานัตเติร์กเมนิสถาน (1993–2009)","TMT":"มานัตเติร์กเมนิสถาน","TND":"ดีนาร์ตูนิเซีย","TOP":"พาแองกาตองกา","TPE":"เอสคูโดติมอร์","TRL":"ลีราตุรกีเก่า","TRY":"ลีราตุรกี","TTD":"ดอลลาร์ตรินิแดดและโตเบโก","TWD":"ดอลลาร์ไต้หวันใหม่","TZS":"ชิลลิงแทนซาเนีย","UAH":"ฮรีฟเนียยูเครน","UAK":"คาร์โบวาเนตซ์ยูเครน","UGS":"ชิลลิงยูกันดา (1966–1987)","UGX":"ชิลลิงยูกันดา","USD":"ดอลลาร์สหรัฐ","USN":"ดอลลาร์สหรัฐ (วันถัดไป)","USS":"ดอลลาร์สหรัฐ (วันเดียวกัน)","UYI":"เปโซเอนยูนิแดดเซสอินเด็กซาแดสอุรุกวัย","UYP":"เปโซอุรุกวัย (1975–1993)","UYU":"เปโซอุรุกวัย","UZS":"ซอมอุซเบกิสถาน","VEB":"โบลิวาร์เวเนซุเอลา (1871–2008)","VEF":"โบลิวาร์เวเนซุเอลา","VES":"โบลีวาร์เวเนซุเอลา","VND":"ดองเวียดนาม","VNN":"ดองเวียดนาม (1978–1985)","VUV":"วาตูวานูอาตู","WST":"ทาลาซามัว","XAF":"ฟรังก์เซฟาธนาคารรัฐแอฟริกากลาง","XAG":"เงิน","XAU":"ทอง","XBA":"หน่วยคอมโพสิตยุโรป","XBB":"หน่วยโมเนทารียุโรป","XBC":"หน่วยบัญชียุโรป [XBC]","XBD":"หน่วยบัญชียุโรป [XBD]","XCD":"ดอลลาร์แคริบเบียนตะวันออก","XDR":"สิทธิถอนเงินพิเศษ","XEU":"หน่วยสกุลเงินยุโรป","XFO":"ฟรังก์ทองฝรั่งเศส","XFU":"ฟรังก์ยูไอซีฝรั่งเศส","XOF":"ฟรังก์เซฟาธนาคารกลางรัฐแอฟริกาตะวันตก","XPD":"พัลเลเดียม","XPF":"ฟรังก์ซีเอฟพี","XPT":"แพลตินัม","XRE":"กองทุนไรเน็ต","XSU":"ซูเกร","XTS":"รหัสทดสอบสกุลเงิน","XUA":"หน่วยบัญชี เอดีบี","XXX":"ไม่ทราบชื่อสกุลเงิน","YDD":"ดีนาร์เยเมน","YER":"เรียลเยเมน","YUD":"ฮาร์ดดีนาร์ยูโกสลาเวีย","YUM":"โนวิย์ดีนาร์ยูโกสลาเวีย","YUN":"คอนเวอร์ทิเบิลดีนาร์ยูโกสลาเวีย","YUR":"ดีนาร์ปฏิรูปยูโกสลาเวีย (1992–1993)","ZAL":"แรนด์แอฟริกาใต้ (การเงิน)","ZAR":"แรนด์แอฟริกาใต้","ZMK":"ควาชาแซมเบีย (1968–2012)","ZMW":"ควาชาแซมเบีย","ZRN":"นิวแซร์คองโก","ZRZ":"แซร์คองโก","ZWD":"ดอลลาร์ซิมบับเว","ZWL":"ดอลลาร์ซิมบับเว (2009)","ZWR":"ดอลลาร์ซิมบับเว (2008)"},"narrow":{},"short":{}},"dateTimeField":{"long":{"day":"วัน","dayOfYear":"วันของปี","dayperiod":"ช่วงวัน","era":"สมัย","hour":"ชั่วโมง","minute":"นาที","month":"เดือน","quarter":"ไตรมาส","second":"วินาที","timeZoneName":"เขตเวลา","weekOfMonth":"สัปดาห์ของเดือน","weekOfYear":"สัปดาห์","weekday":"วันของสัปดาห์","weekdayOfMonth":"วันของเดือน","year":"ปี"},"narrow":{"day":"วัน","dayOfYear":"วันของปี","dayperiod":"ช่วงวัน","era":"สมัย","hour":"ชม.","minute":"นาที","month":"เดือน","quarter":"ไตรมาส","second":"วิ","timeZoneName":"เขตเวลา","weekOfMonth":"สัปดาห์ของเดือน","weekOfYear":"สัปดาห์","weekday":"วันของสัปดาห์","weekdayOfMonth":"วันของเดือน","year":"ปี"},"short":{"day":"วัน","dayOfYear":"วันของปี","dayperiod":"ช่วงวัน","era":"สมัย","hour":"ชม.","minute":"นาที","month":"เดือน","quarter":"ไตรมาส","second":"วิ","timeZoneName":"โซน","weekOfMonth":"สัปดาห์ของเดือน","weekOfYear":"สัปดาห์","weekday":"วันของสัปดาห์","weekdayOfMonth":"วันของเดือน","year":"ปี"}},"language":{"dialect":{"long":{"aa":"อะฟาร์","ab":"อับฮาเซีย","ace":"อาเจะห์","ach":"อาโคลิ","ada":"อาแดงมี","ady":"อะดืยเก","ae":"อเวสตะ","aeb":"อาหรับตูนิเซีย","af":"แอฟริกานส์","afh":"แอฟริฮีลี","agq":"อักเฮม","ain":"ไอนุ","ak":"อาคาน","akk":"อักกาด","akz":"แอละแบมา","ale":"อาลิวต์","aln":"เกกแอลเบเนีย","alt":"อัลไตใต้","am":"อัมฮารา","an":"อารากอน","ang":"อังกฤษโบราณ","ann":"โอโบโล","anp":"อังคิกา","ar":"อาหรับ","ar-001":"อาหรับมาตรฐานสมัยใหม่","arc":"อราเมอิก","arn":"มาปูเช","aro":"อาเรานา","arp":"อาราปาโฮ","arq":"อาหรับแอลจีเรีย","ars":"อาหรับนัจญ์ดี","arw":"อาราวัก","ary":"อาหรับโมร็อกโก","arz":"อาหรับพื้นเมืองอียิปต์","as":"อัสสัม","asa":"อาซู","ase":"ภาษามืออเมริกัน","ast":"อัสตูเรียส","atj":"อะทิคาเมก","av":"อาวาร์","avk":"โคตาวา","awa":"อวธี","ay":"ไอย์มารา","az":"อาเซอร์ไบจาน","ba":"บัชคีร์","bal":"บาลูชิ","ban":"บาหลี","bar":"บาวาเรีย","bas":"บาสา","bax":"บามัน","bbc":"บาตักโทบา","bbj":"โคมาลา","be":"เบลารุส","bej":"เบจา","bem":"เบมบา","bew":"เบตาวี","bez":"เบนา","bfd":"บาฟัต","bfq":"พทคะ","bg":"บัลแกเรีย","bgn":"บาลูจิตะวันตก","bho":"โภชปุรี","bi":"บิสลามา","bik":"บิกอล","bin":"บินี","bjn":"บันจาร์","bkm":"กม","bla":"สิกสิกา","bm":"บัมบารา","bn":"บังกลา","bo":"ทิเบต","bpy":"พิศนุปริยะ","bqi":"บักติยารี","br":"เบรตัน","bra":"พัรช","brh":"บราฮุย","brx":"โพโฑ","bs":"บอสเนีย","bss":"อาโคซี","bua":"บูเรียต","bug":"บูกิส","bum":"บูลู","byn":"บลิน","byv":"เมดุมบา","ca":"คาตาลัน","cad":"คัดโด","car":"คาริบ","cay":"คายูกา","cch":"แอตแซม","ccp":"จักม่า","ce":"เชเชน","ceb":"เซบู","cgg":"คีกา","ch":"ชามอร์โร","chb":"ชิบชา","chg":"ชะกะไต","chk":"ชูก","chm":"มารี","chn":"ชินุกจาร์กอน","cho":"ช็อกทอว์","chp":"ชิพิวยัน","chr":"เชอโรกี","chy":"เชเยนเน","ckb":"เคิร์ดตอนกลาง","clc":"ชิลโคติน","co":"คอร์ซิกา","cop":"คอปติก","cps":"กาปิซนอน","cr":"ครี","crg":"มิชิฟ","crh":"ตุรกีไครเมีย","crj":"ครีตะวันออกเฉียงใต้","crk":"เพลนส์ครี","crl":"ครีตะวันออกเฉียงเหนือ","crm":"มูสครี","crr":"อัลกอนควินแคโรไลนา","crs":"ครีโอลเซเซลส์ฝรั่งเศส","cs":"เช็ก","csb":"คาซูเบียน","csw":"สวอมปีครี","cu":"เชอร์ชสลาวิก","cv":"ชูวัช","cy":"เวลส์","da":"เดนมาร์ก","dak":"ดาโกทา","dar":"ดาร์กิน","dav":"ไททา","de":"เยอรมัน","de-AT":"เยอรมัน - ออสเตรีย","de-CH":"เยอรมันสูง (สวิส)","del":"เดลาแวร์","den":"สเลวี","dgr":"โดกริบ","din":"ดิงกา","dje":"ซาร์มา","doi":"โฑครี","dsb":"ซอร์เบียตอนล่าง","dtp":"ดูซุนกลาง","dua":"ดัวลา","dum":"ดัตช์กลาง","dv":"ธิเวหิ","dyo":"โจลา-ฟอนยี","dyu":"ดิวลา","dz":"ซองคา","dzg":"ดาซากา","ebu":"เอ็มบู","ee":"เอเว","efi":"อีฟิก","egl":"เอมีเลีย","egy":"อียิปต์โบราณ","eka":"อีกาจุก","el":"กรีก","elx":"อีลาไมต์","en":"อังกฤษ","en-AU":"อังกฤษ - ออสเตรเลีย","en-CA":"อังกฤษ - แคนาดา","en-GB":"อังกฤษ - สหราชอาณาจักร","en-US":"อังกฤษ - สหรัฐอเมริกา","enm":"อังกฤษกลาง","eo":"เอสเปรันโต","es":"สเปน","es-419":"สเปน - ละตินอเมริกา","es-ES":"สเปน - ยุโรป","es-MX":"สเปน - เม็กซิโก","esu":"ยูพิกกลาง","et":"เอสโตเนีย","eu":"บาสก์","ewo":"อีวันโด","ext":"เอกซ์เตรมาดูรา","fa":"เปอร์เซีย","fa-AF":"ดารี","fan":"ฟอง","fat":"ฟันติ","ff":"ฟูลาห์","fi":"ฟินแลนด์","fil":"ฟิลิปปินส์","fit":"ฟินแลนด์ทอร์เนดาเล็น","fj":"ฟิจิ","fo":"แฟโร","fon":"ฟอน","fr":"ฝรั่งเศส","fr-CA":"ฝรั่งเศส - แคนาดา","fr-CH":"ฝรั่งเศส - สวิส","frc":"ฝรั่งเศสเคจัน","frm":"ฝรั่งเศสกลาง","fro":"ฝรั่งเศสโบราณ","frp":"อาร์พิตา","frr":"ฟริเซียนเหนือ","frs":"ฟริเซียนตะวันออก","fur":"ฟรูลี","fy":"ฟริเซียนตะวันตก","ga":"ไอริช","gaa":"กา","gag":"กากาอุซ","gan":"จีนกั้น","gay":"กาโย","gba":"กบายา","gbz":"ดารีโซโรอัสเตอร์","gd":"เกลิกสกอต","gez":"กีซ","gil":"กิลเบอร์ต","gl":"กาลิเซีย","glk":"กิลากี","gmh":"เยอรมันสูงกลาง","gn":"กัวรานี","goh":"เยอรมันสูงโบราณ","gom":"กอนกานีของกัว","gon":"กอนดิ","gor":"กอรอนทาโล","got":"โกธิก","grb":"เกรโบ","grc":"กรีกโบราณ","gsw":"เยอรมันสวิส","gu":"คุชราต","guc":"วายู","gur":"ฟราฟรา","guz":"กุซซี","gv":"มานซ์","gwi":"กวิชอิน","ha":"เฮาซา","hai":"ไฮดา","hak":"จีนแคะ","haw":"ฮาวาย","hax":"เฮดาใต้","he":"ฮิบรู","hi":"ฮินดี","hif":"ฮินดีฟิจิ","hil":"ฮีลีกัยนน","hit":"ฮิตไตต์","hmn":"ม้ง","ho":"ฮีรีโมตู","hr":"โครเอเชีย","hsb":"ซอร์เบียตอนบน","hsn":"จีนเซียง","ht":"เฮติครีโอล","hu":"ฮังการี","hup":"ฮูปา","hur":"ฮัลโกเมเลม","hy":"อาร์เมเนีย","hz":"เฮเรโร","ia":"อินเตอร์ลิงกัว","iba":"อิบาน","ibb":"อิบิบิโอ","id":"อินโดนีเซีย","ie":"อินเตอร์ลิงกิว","ig":"อิกโบ","ii":"เสฉวนยี่","ik":"อีนูเปียก","ikt":"อินุกติตุตแคนาดาตะวันตก","ilo":"อีโลโก","inh":"อินกุช","io":"อีโด","is":"ไอซ์แลนด์","it":"อิตาลี","iu":"อินุกติตุต","izh":"อินเกรียน","ja":"ญี่ปุ่น","jam":"อังกฤษคลีโอลจาเมกา","jbo":"โลชบัน","jgo":"อึนกอมบา","jmc":"มาชาเม","jpr":"ยิว-เปอร์เซีย","jrb":"ยิว-อาหรับ","jut":"จัท","jv":"ชวา","ka":"จอร์เจีย","kaa":"การา-กาลพาก","kab":"กาไบล","kac":"กะฉิ่น","kaj":"คจู","kam":"คัมบา","kaw":"กวี","kbd":"คาบาร์เดีย","kbl":"คาเนมบู","kcg":"ทีแยป","kde":"มาคอนเด","kea":"คาบูเวอร์เดียนู","ken":"เกินยาง","kfo":"โคโร","kg":"คองโก","kgp":"เคนก่าง","kha":"กาสี","kho":"โคตัน","khq":"โคย์ราชีนี","khw":"โควาร์","ki":"กีกูยู","kiu":"เคอร์มานิกิ","kj":"กวนยามา","kk":"คาซัค","kkj":"คาโก","kl":"กรีนแลนด์","kln":"คาเลนจิน","km":"เขมร","kmb":"คิมบุนดู","kn":"กันนาดา","ko":"เกาหลี","koi":"โคมิ-เปียร์เมียค","kok":"กอนกานี","kos":"คูสไร","kpe":"กาแปล","kr":"คานูรี","krc":"คาราไช-บัลคาร์","kri":"คริโอ","krj":"กินารายอา","krl":"คารีเลียน","kru":"กุรุข","ks":"แคชเมียร์","ksb":"ชัมบาลา","ksf":"บาเฟีย","ksh":"โคโลญ","ku":"เคิร์ด","kum":"คูมืยค์","kut":"คูเทไน","kv":"โกมิ","kw":"คอร์นิช","kwk":"ควักวาลา","ky":"คีร์กีซ","la":"ละติน","lad":"ลาดิโน","lag":"แลนจี","lah":"ลาฮ์นดา","lam":"แลมบา","lb":"ลักเซมเบิร์ก","lez":"เลซเกีย","lfn":"ลิงกัวฟรังกาโนวา","lg":"ยูกันดา","li":"ลิมเบิร์ก","lij":"ลิกูเรีย","lil":"ลิลลูเอต","liv":"ลิโวเนีย","lkt":"ลาโกตา","lmo":"ลอมบาร์ด","ln":"ลิงกาลา","lo":"ลาว","lol":"มองโก","lou":"ครีโอลุยเซียนา","loz":"โลซิ","lrc":"ลูรีเหนือ","lsm":"ซาเมีย","lt":"ลิทัวเนีย","ltg":"ลัตเกล","lu":"ลูบา-กาตองกา","lua":"ลูบา-ลูลัว","lui":"ลุยเซโน","lun":"ลันดา","luo":"ลัว","lus":"มิโซ","luy":"ลูเยีย","lv":"ลัตเวีย","lzh":"จีนคลาสสิก","lzz":"แลซ","mad":"มาดูรา","maf":"มาฟา","mag":"มคหี","mai":"ไมถิลี","mak":"มากาซาร์","man":"มันดิงกา","mas":"มาไซ","mde":"มาบา","mdf":"มอคชา","mdr":"มานดาร์","men":"เมนเด","mer":"เมรู","mfe":"มอริสเยน","mg":"มาลากาซี","mga":"ไอริชกลาง","mgh":"มากัววา-มีทโท","mgo":"เมตา","mh":"มาร์แชลล์","mi":"เมารี","mic":"มิกแมก","min":"มีนังกาเบา","mk":"มาซิโดเนีย","ml":"มาลายาลัม","mn":"มองโกเลีย","mnc":"แมนจู","mni":"มณีปุระ","moe":"อินนุ-ไอมุน","moh":"โมฮอว์ก","mos":"โมซี","mr":"มราฐี","mrj":"มารีตะวันตก","ms":"มาเลย์","mt":"มอลตา","mua":"มันดัง","mul":"หลายภาษา","mus":"มัสคีกี","mwl":"มีรันดา","mwr":"มารวาฑี","mwv":"เม็นตาไว","my":"พม่า","mye":"มยีน","myv":"เอียร์ซยา","mzn":"มาซันดารานี","na":"นาอูรู","nan":"จีนมินหนาน","nap":"นาโปลี","naq":"นามา","nb":"นอร์เวย์บุคมอล","nd":"เอ็นเดเบเลเหนือ","nds":"เยอรมันต่ำ","nds-NL":"แซกซอนใต้","ne":"เนปาล","new":"เนวาร์","ng":"ดองกา","nia":"นีอัส","niu":"นีวเว","njo":"อ๋าวนากา","nl":"ดัตช์","nl-BE":"เฟลมิช","nmg":"กวาซิโอ","nn":"นอร์เวย์นีนอสก์","nnh":"จีมบูน","no":"นอร์เวย์","nog":"โนไก","non":"นอร์สโบราณ","nov":"โนเวียล","nqo":"เอ็นโก","nr":"เอ็นเดเบเลใต้","nso":"โซโทเหนือ","nus":"เนือร์","nv":"นาวาโฮ","nwc":"เนวาร์ดั้งเดิม","ny":"เนียนจา","nym":"เนียมเวซี","nyn":"เนียนโกเล","nyo":"นิโอโร","nzi":"นซิมา","oc":"อ็อกซิตัน","oj":"โอจิบวา","ojb":"โอจิบเวตะวันตกเฉียงเหนือ","ojc":"โอจิบเวตอนกลาง","ojs":"ออจิ-ครี","ojw":"โอจิบเวตะวันตก","oka":"โอคานากัน","om":"โอโรโม","or":"โอดิยา","os":"ออสเซเตีย","osa":"โอซากี","ota":"ตุรกีออตโตมัน","pa":"ปัญจาบ","pag":"ปังกาซีนัน","pal":"ปะห์ลาวี","pam":"ปัมปังกา","pap":"ปาเปียเมนโต","pau":"ปาเลา","pcd":"ปิการ์","pcm":"ไนจีเรียนพิดจิน","pdc":"เยอรมันเพนซิลเวเนีย","pdt":"เพลาท์ดิช","peo":"เปอร์เซียโบราณ","pfl":"เยอรมันพาลาทิเนต","phn":"ฟินิเชีย","pi":"บาลี","pis":"พิดจิน","pl":"โปแลนด์","pms":"พีดมอนต์","pnt":"พอนติก","pon":"พอห์นเพ","pqm":"มาเลไซท์-ปัสมาโควดี","prg":"ปรัสเซีย","pro":"โปรวองซาลโบราณ","ps":"พัชโต","pt":"โปรตุเกส","pt-BR":"โปรตุเกส - บราซิล","pt-PT":"โปรตุเกส - ยุโรป","qu":"เคชวา","quc":"กีเช","qug":"ควิชัวไฮแลนด์ชิมโบราโซ","raj":"ราชสถาน","rap":"ราปานูอี","rar":"ราโรทองกา","rgn":"โรมัณโญ","rhg":"โรฮิงญา","rif":"ริฟฟิอัน","rm":"โรแมนซ์","rn":"บุรุนดี","ro":"โรมาเนีย","ro-MD":"มอลโดวา","rof":"รอมโบ","rom":"โรมานี","rtm":"โรทูมัน","ru":"รัสเซีย","rue":"รูซิน","rug":"โรเวียนา","rup":"อาโรมาเนีย","rw":"รวันดา","rwk":"รวา","sa":"สันสกฤต","sad":"ซันดาเว","sah":"ซาคา","sam":"อราเมอิกซามาเรีย","saq":"แซมบูรู","sas":"ซาซัก","sat":"สันตาลี","saz":"เสาราษฏร์","sba":"กัมเบ","sbp":"แซงกู","sc":"ซาร์เดญา","scn":"ซิซิลี","sco":"สกอตส์","sd":"สินธิ","sdc":"ซาร์ดิเนียซาสซารี","sdh":"เคอร์ดิชใต้","se":"ซามิเหนือ","see":"เซนิกา","seh":"เซนา","sei":"เซรี","sel":"เซลคุป","ses":"โคย์ราโบโรเซนนี","sg":"ซันโก","sga":"ไอริชโบราณ","sgs":"ซาโมจิเตียน","sh":"เซอร์โบ-โครเอเชีย","shi":"ทาเชลีห์ท","shn":"ไทใหญ่","shu":"อาหรับ-ชาด","si":"สิงหล","sid":"ซิดาโม","sk":"สโลวัก","sl":"สโลวีเนีย","slh":"ลูชูตซีดใต้","sli":"ไซลีเซียตอนล่าง","sly":"เซลายาร์","sm":"ซามัว","sma":"ซามิใต้","smj":"ซามิลูเล","smn":"ซามิอีนารี","sms":"ซามิสคอลต์","sn":"โชนา","snk":"โซนีนเก","so":"โซมาลี","sog":"ซอกดีน","sq":"แอลเบเนีย","sr":"เซอร์เบีย","srn":"สรานานตองโก","srr":"เซแรร์","ss":"สวาติ","ssy":"ซาโฮ","st":"โซโทใต้","stq":"ฟรีเซียนซัทเธอร์แลนด์","str":"สเตรตส์ซาลิช","su":"ซุนดา","suk":"ซูคูมา","sus":"ซูซู","sux":"ซูเมอ","sv":"สวีเดน","sw":"สวาฮีลี","sw-CD":"สวาฮีลี - คองโก","swb":"โคเมอเรีย","syc":"ซีเรียแบบดั้งเดิม","syr":"ซีเรีย","szl":"ไซลีเซีย","ta":"ทมิฬ","tce":"ทัชโชนใต้","tcy":"ตูลู","te":"เตลูกู","tem":"ทิมเน","teo":"เตโซ","ter":"เทเรโน","tet":"เตตุม","tg":"ทาจิก","tgx":"ทากิช","th":"ไทย","tht":"ทาลทาน","ti":"ติกริญญา","tig":"ตีเกร","tiv":"ทิฟ","tk":"เติร์กเมน","tkl":"โตเกเลา","tkr":"แซคเซอร์","tl":"ตากาล็อก","tlh":"คลิงงอน","tli":"ทลิงกิต","tly":"ทาลิช","tmh":"ทามาเชก","tn":"สวานา","to":"ตองกา","tog":"ไนอะซาตองกา","tok":"โทคิโพนา","tpi":"ท็อกพิซิน","tr":"ตุรกี","tru":"ตูโรโย","trv":"ทาโรโก","ts":"ซองกา","tsd":"ซาโคเนีย","tsi":"ซิมชีแอน","tt":"ตาตาร์","ttm":"ทัชโชนเหนือ","ttt":"ตัตมุสลิม","tum":"ทุมบูกา","tvl":"ตูวาลู","tw":"ทวิ","twq":"ตัสซาวัค","ty":"ตาฮิตี","tyv":"ตูวา","tzm":"ทามาไซต์แอตลาสกลาง","udm":"อุดมูร์ต","ug":"อุยกูร์","uga":"ยูการิต","uk":"ยูเครน","umb":"อุมบุนดู","und":"ภาษาที่ไม่รู้จัก","ur":"อูรดู","uz":"อุซเบก","vai":"ไว","ve":"เวนดา","vec":"เวเนโต้","vep":"เวปส์","vi":"เวียดนาม","vls":"เฟลมิชตะวันตก","vmf":"เมน-ฟรานโกเนีย","vo":"โวลาพึค","vot":"โวทิก","vro":"โวโร","vun":"วุนจู","wa":"วอลลูน","wae":"วัลเซอร์","wal":"โวแลตตา","war":"วาเรย์","was":"วาโช","wbp":"วอล์เพอร์รี","wo":"โวลอฟ","wuu":"จีนอู๋","xal":"คัลมืยค์","xh":"คะห์โอซา","xmf":"เมเกรเลีย","xog":"โซกา","yao":"เย้า","yap":"ยัป","yav":"แยงเบน","ybb":"เยมบา","yi":"ยิดดิช","yo":"โยรูบา","yrl":"เหงงกาตุ","yue":"กวางตุ้ง","za":"จ้วง","zap":"ซาโปเตก","zbl":"บลิสซิมโบลส์","zea":"เซแลนด์","zen":"เซนากา","zgh":"ทามาไซต์โมร็อกโกมาตรฐาน","zh":"จีน","zh-Hans":"จีนตัวย่อ","zh-Hant":"จีนตัวเต็ม","zu":"ซูลู","zun":"ซูนิ","zxx":"ไม่มีข้อมูลภาษา","zza":"ซาซา"},"narrow":{},"short":{"az":"อะเซอรี","en-GB":"อังกฤษ - อังกฤษ","en-US":"อังกฤษ - สหรัฐฯ"}},"standard":{"long":{"aa":"อะฟาร์","ab":"อับฮาเซีย","ace":"อาเจะห์","ach":"อาโคลิ","ada":"อาแดงมี","ady":"อะดืยเก","ae":"อเวสตะ","aeb":"อาหรับตูนิเซีย","af":"แอฟริกานส์","afh":"แอฟริฮีลี","agq":"อักเฮม","ain":"ไอนุ","ak":"อาคาน","akk":"อักกาด","akz":"แอละแบมา","ale":"อาลิวต์","aln":"เกกแอลเบเนีย","alt":"อัลไตใต้","am":"อัมฮารา","an":"อารากอน","ang":"อังกฤษโบราณ","ann":"โอโบโล","anp":"อังคิกา","ar":"อาหรับ","ar-001":"อาหรับ (โลก)","arc":"อราเมอิก","arn":"มาปูเช","aro":"อาเรานา","arp":"อาราปาโฮ","arq":"อาหรับแอลจีเรีย","ars":"อาหรับนัจญ์ดี","arw":"อาราวัก","ary":"อาหรับโมร็อกโก","arz":"อาหรับพื้นเมืองอียิปต์","as":"อัสสัม","asa":"อาซู","ase":"ภาษามืออเมริกัน","ast":"อัสตูเรียส","atj":"อะทิคาเมก","av":"อาวาร์","avk":"โคตาวา","awa":"อวธี","ay":"ไอย์มารา","az":"อาเซอร์ไบจาน","ba":"บัชคีร์","bal":"บาลูชิ","ban":"บาหลี","bar":"บาวาเรีย","bas":"บาสา","bax":"บามัน","bbc":"บาตักโทบา","bbj":"โคมาลา","be":"เบลารุส","bej":"เบจา","bem":"เบมบา","bew":"เบตาวี","bez":"เบนา","bfd":"บาฟัต","bfq":"พทคะ","bg":"บัลแกเรีย","bgn":"บาลูจิตะวันตก","bho":"โภชปุรี","bi":"บิสลามา","bik":"บิกอล","bin":"บินี","bjn":"บันจาร์","bkm":"กม","bla":"สิกสิกา","bm":"บัมบารา","bn":"บังกลา","bo":"ทิเบต","bpy":"พิศนุปริยะ","bqi":"บักติยารี","br":"เบรตัน","bra":"พัรช","brh":"บราฮุย","brx":"โพโฑ","bs":"บอสเนีย","bss":"อาโคซี","bua":"บูเรียต","bug":"บูกิส","bum":"บูลู","byn":"บลิน","byv":"เมดุมบา","ca":"คาตาลัน","cad":"คัดโด","car":"คาริบ","cay":"คายูกา","cch":"แอตแซม","ccp":"จักม่า","ce":"เชเชน","ceb":"เซบู","cgg":"คีกา","ch":"ชามอร์โร","chb":"ชิบชา","chg":"ชะกะไต","chk":"ชูก","chm":"มารี","chn":"ชินุกจาร์กอน","cho":"ช็อกทอว์","chp":"ชิพิวยัน","chr":"เชอโรกี","chy":"เชเยนเน","ckb":"เคิร์ดตอนกลาง","clc":"ชิลโคติน","co":"คอร์ซิกา","cop":"คอปติก","cps":"กาปิซนอน","cr":"ครี","crg":"มิชิฟ","crh":"ตุรกีไครเมีย","crj":"ครีตะวันออกเฉียงใต้","crk":"เพลนส์ครี","crl":"ครีตะวันออกเฉียงเหนือ","crm":"มูสครี","crr":"อัลกอนควินแคโรไลนา","crs":"ครีโอลเซเซลส์ฝรั่งเศส","cs":"เช็ก","csb":"คาซูเบียน","csw":"สวอมปีครี","cu":"เชอร์ชสลาวิก","cv":"ชูวัช","cy":"เวลส์","da":"เดนมาร์ก","dak":"ดาโกทา","dar":"ดาร์กิน","dav":"ไททา","de":"เยอรมัน","de-AT":"เยอรมัน (ออสเตรีย)","de-CH":"เยอรมัน (สวิตเซอร์แลนด์)","del":"เดลาแวร์","den":"สเลวี","dgr":"โดกริบ","din":"ดิงกา","dje":"ซาร์มา","doi":"โฑครี","dsb":"ซอร์เบียตอนล่าง","dtp":"ดูซุนกลาง","dua":"ดัวลา","dum":"ดัตช์กลาง","dv":"ธิเวหิ","dyo":"โจลา-ฟอนยี","dyu":"ดิวลา","dz":"ซองคา","dzg":"ดาซากา","ebu":"เอ็มบู","ee":"เอเว","efi":"อีฟิก","egl":"เอมีเลีย","egy":"อียิปต์โบราณ","eka":"อีกาจุก","el":"กรีก","elx":"อีลาไมต์","en":"อังกฤษ","en-AU":"อังกฤษ (ออสเตรเลีย)","en-CA":"อังกฤษ (แคนาดา)","en-GB":"อังกฤษ (สหราชอาณาจักร)","en-US":"อังกฤษ (สหรัฐอเมริกา)","enm":"อังกฤษกลาง","eo":"เอสเปรันโต","es":"สเปน","es-419":"สเปน (ละตินอเมริกา)","es-ES":"สเปน (สเปน)","es-MX":"สเปน (เม็กซิโก)","esu":"ยูพิกกลาง","et":"เอสโตเนีย","eu":"บาสก์","ewo":"อีวันโด","ext":"เอกซ์เตรมาดูรา","fa":"เปอร์เซีย","fa-AF":"เปอร์เซีย (อัฟกานิสถาน)","fan":"ฟอง","fat":"ฟันติ","ff":"ฟูลาห์","fi":"ฟินแลนด์","fil":"ฟิลิปปินส์","fit":"ฟินแลนด์ทอร์เนดาเล็น","fj":"ฟิจิ","fo":"แฟโร","fon":"ฟอน","fr":"ฝรั่งเศส","fr-CA":"ฝรั่งเศส (แคนาดา)","fr-CH":"ฝรั่งเศส (สวิตเซอร์แลนด์)","frc":"ฝรั่งเศสเคจัน","frm":"ฝรั่งเศสกลาง","fro":"ฝรั่งเศสโบราณ","frp":"อาร์พิตา","frr":"ฟริเซียนเหนือ","frs":"ฟริเซียนตะวันออก","fur":"ฟรูลี","fy":"ฟริเซียนตะวันตก","ga":"ไอริช","gaa":"กา","gag":"กากาอุซ","gan":"จีนกั้น","gay":"กาโย","gba":"กบายา","gbz":"ดารีโซโรอัสเตอร์","gd":"เกลิกสกอต","gez":"กีซ","gil":"กิลเบอร์ต","gl":"กาลิเซีย","glk":"กิลากี","gmh":"เยอรมันสูงกลาง","gn":"กัวรานี","goh":"เยอรมันสูงโบราณ","gom":"กอนกานีของกัว","gon":"กอนดิ","gor":"กอรอนทาโล","got":"โกธิก","grb":"เกรโบ","grc":"กรีกโบราณ","gsw":"เยอรมันสวิส","gu":"คุชราต","guc":"วายู","gur":"ฟราฟรา","guz":"กุซซี","gv":"มานซ์","gwi":"กวิชอิน","ha":"เฮาซา","hai":"ไฮดา","hak":"จีนแคะ","haw":"ฮาวาย","hax":"เฮดาใต้","he":"ฮิบรู","hi":"ฮินดี","hif":"ฮินดีฟิจิ","hil":"ฮีลีกัยนน","hit":"ฮิตไตต์","hmn":"ม้ง","ho":"ฮีรีโมตู","hr":"โครเอเชีย","hsb":"ซอร์เบียตอนบน","hsn":"จีนเซียง","ht":"เฮติครีโอล","hu":"ฮังการี","hup":"ฮูปา","hur":"ฮัลโกเมเลม","hy":"อาร์เมเนีย","hz":"เฮเรโร","ia":"อินเตอร์ลิงกัว","iba":"อิบาน","ibb":"อิบิบิโอ","id":"อินโดนีเซีย","ie":"อินเตอร์ลิงกิว","ig":"อิกโบ","ii":"เสฉวนยี่","ik":"อีนูเปียก","ikt":"อินุกติตุตแคนาดาตะวันตก","ilo":"อีโลโก","inh":"อินกุช","io":"อีโด","is":"ไอซ์แลนด์","it":"อิตาลี","iu":"อินุกติตุต","izh":"อินเกรียน","ja":"ญี่ปุ่น","jam":"อังกฤษคลีโอลจาเมกา","jbo":"โลชบัน","jgo":"อึนกอมบา","jmc":"มาชาเม","jpr":"ยิว-เปอร์เซีย","jrb":"ยิว-อาหรับ","jut":"จัท","jv":"ชวา","ka":"จอร์เจีย","kaa":"การา-กาลพาก","kab":"กาไบล","kac":"กะฉิ่น","kaj":"คจู","kam":"คัมบา","kaw":"กวี","kbd":"คาบาร์เดีย","kbl":"คาเนมบู","kcg":"ทีแยป","kde":"มาคอนเด","kea":"คาบูเวอร์เดียนู","ken":"เกินยาง","kfo":"โคโร","kg":"คองโก","kgp":"เคนก่าง","kha":"กาสี","kho":"โคตัน","khq":"โคย์ราชีนี","khw":"โควาร์","ki":"กีกูยู","kiu":"เคอร์มานิกิ","kj":"กวนยามา","kk":"คาซัค","kkj":"คาโก","kl":"กรีนแลนด์","kln":"คาเลนจิน","km":"เขมร","kmb":"คิมบุนดู","kn":"กันนาดา","ko":"เกาหลี","koi":"โคมิ-เปียร์เมียค","kok":"กอนกานี","kos":"คูสไร","kpe":"กาแปล","kr":"คานูรี","krc":"คาราไช-บัลคาร์","kri":"คริโอ","krj":"กินารายอา","krl":"คารีเลียน","kru":"กุรุข","ks":"แคชเมียร์","ksb":"ชัมบาลา","ksf":"บาเฟีย","ksh":"โคโลญ","ku":"เคิร์ด","kum":"คูมืยค์","kut":"คูเทไน","kv":"โกมิ","kw":"คอร์นิช","kwk":"ควักวาลา","ky":"คีร์กีซ","la":"ละติน","lad":"ลาดิโน","lag":"แลนจี","lah":"ลาฮ์นดา","lam":"แลมบา","lb":"ลักเซมเบิร์ก","lez":"เลซเกีย","lfn":"ลิงกัวฟรังกาโนวา","lg":"ยูกันดา","li":"ลิมเบิร์ก","lij":"ลิกูเรีย","lil":"ลิลลูเอต","liv":"ลิโวเนีย","lkt":"ลาโกตา","lmo":"ลอมบาร์ด","ln":"ลิงกาลา","lo":"ลาว","lol":"มองโก","lou":"ครีโอลุยเซียนา","loz":"โลซิ","lrc":"ลูรีเหนือ","lsm":"ซาเมีย","lt":"ลิทัวเนีย","ltg":"ลัตเกล","lu":"ลูบา-กาตองกา","lua":"ลูบา-ลูลัว","lui":"ลุยเซโน","lun":"ลันดา","luo":"ลัว","lus":"มิโซ","luy":"ลูเยีย","lv":"ลัตเวีย","lzh":"จีนคลาสสิก","lzz":"แลซ","mad":"มาดูรา","maf":"มาฟา","mag":"มคหี","mai":"ไมถิลี","mak":"มากาซาร์","man":"มันดิงกา","mas":"มาไซ","mde":"มาบา","mdf":"มอคชา","mdr":"มานดาร์","men":"เมนเด","mer":"เมรู","mfe":"มอริสเยน","mg":"มาลากาซี","mga":"ไอริชกลาง","mgh":"มากัววา-มีทโท","mgo":"เมตา","mh":"มาร์แชลล์","mi":"เมารี","mic":"มิกแมก","min":"มีนังกาเบา","mk":"มาซิโดเนีย","ml":"มาลายาลัม","mn":"มองโกเลีย","mnc":"แมนจู","mni":"มณีปุระ","moe":"อินนุ-ไอมุน","moh":"โมฮอว์ก","mos":"โมซี","mr":"มราฐี","mrj":"มารีตะวันตก","ms":"มาเลย์","mt":"มอลตา","mua":"มันดัง","mul":"หลายภาษา","mus":"มัสคีกี","mwl":"มีรันดา","mwr":"มารวาฑี","mwv":"เม็นตาไว","my":"พม่า","mye":"มยีน","myv":"เอียร์ซยา","mzn":"มาซันดารานี","na":"นาอูรู","nan":"จีนมินหนาน","nap":"นาโปลี","naq":"นามา","nb":"นอร์เวย์บุคมอล","nd":"เอ็นเดเบเลเหนือ","nds":"เยอรมันต่ำ","nds-NL":"เยอรมันต่ำ (เนเธอร์แลนด์)","ne":"เนปาล","new":"เนวาร์","ng":"ดองกา","nia":"นีอัส","niu":"นีวเว","njo":"อ๋าวนากา","nl":"ดัตช์","nl-BE":"ดัตช์ (เบลเยียม)","nmg":"กวาซิโอ","nn":"นอร์เวย์นีนอสก์","nnh":"จีมบูน","no":"นอร์เวย์","nog":"โนไก","non":"นอร์สโบราณ","nov":"โนเวียล","nqo":"เอ็นโก","nr":"เอ็นเดเบเลใต้","nso":"โซโทเหนือ","nus":"เนือร์","nv":"นาวาโฮ","nwc":"เนวาร์ดั้งเดิม","ny":"เนียนจา","nym":"เนียมเวซี","nyn":"เนียนโกเล","nyo":"นิโอโร","nzi":"นซิมา","oc":"อ็อกซิตัน","oj":"โอจิบวา","ojb":"โอจิบเวตะวันตกเฉียงเหนือ","ojc":"โอจิบเวตอนกลาง","ojs":"ออจิ-ครี","ojw":"โอจิบเวตะวันตก","oka":"โอคานากัน","om":"โอโรโม","or":"โอดิยา","os":"ออสเซเตีย","osa":"โอซากี","ota":"ตุรกีออตโตมัน","pa":"ปัญจาบ","pag":"ปังกาซีนัน","pal":"ปะห์ลาวี","pam":"ปัมปังกา","pap":"ปาเปียเมนโต","pau":"ปาเลา","pcd":"ปิการ์","pcm":"ไนจีเรียนพิดจิน","pdc":"เยอรมันเพนซิลเวเนีย","pdt":"เพลาท์ดิช","peo":"เปอร์เซียโบราณ","pfl":"เยอรมันพาลาทิเนต","phn":"ฟินิเชีย","pi":"บาลี","pis":"พิดจิน","pl":"โปแลนด์","pms":"พีดมอนต์","pnt":"พอนติก","pon":"พอห์นเพ","pqm":"มาเลไซท์-ปัสมาโควดี","prg":"ปรัสเซีย","pro":"โปรวองซาลโบราณ","ps":"พัชโต","pt":"โปรตุเกส","pt-BR":"โปรตุเกส (บราซิล)","pt-PT":"โปรตุเกส (โปรตุเกส)","qu":"เคชวา","quc":"กีเช","qug":"ควิชัวไฮแลนด์ชิมโบราโซ","raj":"ราชสถาน","rap":"ราปานูอี","rar":"ราโรทองกา","rgn":"โรมัณโญ","rhg":"โรฮิงญา","rif":"ริฟฟิอัน","rm":"โรแมนซ์","rn":"บุรุนดี","ro":"โรมาเนีย","ro-MD":"โรมาเนีย (มอลโดวา)","rof":"รอมโบ","rom":"โรมานี","rtm":"โรทูมัน","ru":"รัสเซีย","rue":"รูซิน","rug":"โรเวียนา","rup":"อาโรมาเนีย","rw":"รวันดา","rwk":"รวา","sa":"สันสกฤต","sad":"ซันดาเว","sah":"ซาคา","sam":"อราเมอิกซามาเรีย","saq":"แซมบูรู","sas":"ซาซัก","sat":"สันตาลี","saz":"เสาราษฏร์","sba":"กัมเบ","sbp":"แซงกู","sc":"ซาร์เดญา","scn":"ซิซิลี","sco":"สกอตส์","sd":"สินธิ","sdc":"ซาร์ดิเนียซาสซารี","sdh":"เคอร์ดิชใต้","se":"ซามิเหนือ","see":"เซนิกา","seh":"เซนา","sei":"เซรี","sel":"เซลคุป","ses":"โคย์ราโบโรเซนนี","sg":"ซันโก","sga":"ไอริชโบราณ","sgs":"ซาโมจิเตียน","sh":"เซอร์โบ-โครเอเชีย","shi":"ทาเชลีห์ท","shn":"ไทใหญ่","shu":"อาหรับ-ชาด","si":"สิงหล","sid":"ซิดาโม","sk":"สโลวัก","sl":"สโลวีเนีย","slh":"ลูชูตซีดใต้","sli":"ไซลีเซียตอนล่าง","sly":"เซลายาร์","sm":"ซามัว","sma":"ซามิใต้","smj":"ซามิลูเล","smn":"ซามิอีนารี","sms":"ซามิสคอลต์","sn":"โชนา","snk":"โซนีนเก","so":"โซมาลี","sog":"ซอกดีน","sq":"แอลเบเนีย","sr":"เซอร์เบีย","srn":"สรานานตองโก","srr":"เซแรร์","ss":"สวาติ","ssy":"ซาโฮ","st":"โซโทใต้","stq":"ฟรีเซียนซัทเธอร์แลนด์","str":"สเตรตส์ซาลิช","su":"ซุนดา","suk":"ซูคูมา","sus":"ซูซู","sux":"ซูเมอ","sv":"สวีเดน","sw":"สวาฮีลี","sw-CD":"สวาฮีลี (คองโก - กินชาซา)","swb":"โคเมอเรีย","syc":"ซีเรียแบบดั้งเดิม","syr":"ซีเรีย","szl":"ไซลีเซีย","ta":"ทมิฬ","tce":"ทัชโชนใต้","tcy":"ตูลู","te":"เตลูกู","tem":"ทิมเน","teo":"เตโซ","ter":"เทเรโน","tet":"เตตุม","tg":"ทาจิก","tgx":"ทากิช","th":"ไทย","tht":"ทาลทาน","ti":"ติกริญญา","tig":"ตีเกร","tiv":"ทิฟ","tk":"เติร์กเมน","tkl":"โตเกเลา","tkr":"แซคเซอร์","tl":"ตากาล็อก","tlh":"คลิงงอน","tli":"ทลิงกิต","tly":"ทาลิช","tmh":"ทามาเชก","tn":"สวานา","to":"ตองกา","tog":"ไนอะซาตองกา","tok":"โทคิโพนา","tpi":"ท็อกพิซิน","tr":"ตุรกี","tru":"ตูโรโย","trv":"ทาโรโก","ts":"ซองกา","tsd":"ซาโคเนีย","tsi":"ซิมชีแอน","tt":"ตาตาร์","ttm":"ทัชโชนเหนือ","ttt":"ตัตมุสลิม","tum":"ทุมบูกา","tvl":"ตูวาลู","tw":"ทวิ","twq":"ตัสซาวัค","ty":"ตาฮิตี","tyv":"ตูวา","tzm":"ทามาไซต์แอตลาสกลาง","udm":"อุดมูร์ต","ug":"อุยกูร์","uga":"ยูการิต","uk":"ยูเครน","umb":"อุมบุนดู","und":"ภาษาที่ไม่รู้จัก","ur":"อูรดู","uz":"อุซเบก","vai":"ไว","ve":"เวนดา","vec":"เวเนโต้","vep":"เวปส์","vi":"เวียดนาม","vls":"เฟลมิชตะวันตก","vmf":"เมน-ฟรานโกเนีย","vo":"โวลาพึค","vot":"โวทิก","vro":"โวโร","vun":"วุนจู","wa":"วอลลูน","wae":"วัลเซอร์","wal":"โวแลตตา","war":"วาเรย์","was":"วาโช","wbp":"วอล์เพอร์รี","wo":"โวลอฟ","wuu":"จีนอู๋","xal":"คัลมืยค์","xh":"คะห์โอซา","xmf":"เมเกรเลีย","xog":"โซกา","yao":"เย้า","yap":"ยัป","yav":"แยงเบน","ybb":"เยมบา","yi":"ยิดดิช","yo":"โยรูบา","yrl":"เหงงกาตุ","yue":"กวางตุ้ง","za":"จ้วง","zap":"ซาโปเตก","zbl":"บลิสซิมโบลส์","zea":"เซแลนด์","zen":"เซนากา","zgh":"ทามาไซต์โมร็อกโกมาตรฐาน","zh":"จีน","zh-Hans":"จีนตัวย่อ","zh-Hant":"จีนตัวเต็ม","zu":"ซูลู","zun":"ซูนิ","zxx":"ไม่มีข้อมูลภาษา","zza":"ซาซา"},"narrow":{},"short":{"az":"อะเซอรี","en-GB":"อังกฤษ (สหราชอาณาจักร)","en-US":"อังกฤษ (สหรัฐฯ)"}}},"region":{"long":{"142":"เอเชีย","143":"เอเชียกลาง","145":"เอเชียตะวันตก","150":"ยุโรป","151":"ยุโรปตะวันออก","154":"ยุโรปเหนือ","155":"ยุโรปตะวันตก","202":"แอฟริกาใต้สะฮารา","419":"ละตินอเมริกา","001":"โลก","002":"แอฟริกา","003":"อเมริกาเหนือ","005":"อเมริกาใต้","009":"โอเชียเนีย","011":"แอฟริกาตะวันตก","013":"อเมริกากลาง","014":"แอฟริกาตะวันออก","015":"แอฟริกาเหนือ","017":"แอฟริกากลาง","018":"แอฟริกาตอนใต้","019":"อเมริกา","021":"อเมริกาตอนเหนือ","029":"แคริบเบียน","030":"เอเชียตะวันออก","034":"เอเชียใต้","035":"เอเชียตะวันออกเฉียงใต้","039":"ยุโรปใต้","053":"ออสตราเลเซีย","054":"เมลานีเซีย","057":"เขตไมโครนีเซีย","061":"โปลินีเซีย","AC":"เกาะแอสเซนชัน","AD":"อันดอร์รา","AE":"สหรัฐอาหรับเอมิเรตส์","AF":"อัฟกานิสถาน","AG":"แอนติกาและบาร์บูดา","AI":"แองกวิลลา","AL":"แอลเบเนีย","AM":"อาร์เมเนีย","AO":"แองโกลา","AQ":"แอนตาร์กติกา","AR":"อาร์เจนตินา","AS":"อเมริกันซามัว","AT":"ออสเตรีย","AU":"ออสเตรเลีย","AW":"อารูบา","AX":"หมู่เกาะโอลันด์","AZ":"อาเซอร์ไบจาน","BA":"บอสเนียและเฮอร์เซโกวีนา","BB":"บาร์เบโดส","BD":"บังกลาเทศ","BE":"เบลเยียม","BF":"บูร์กินาฟาโซ","BG":"บัลแกเรีย","BH":"บาห์เรน","BI":"บุรุนดี","BJ":"เบนิน","BL":"เซนต์บาร์เธเลมี","BM":"เบอร์มิวดา","BN":"บรูไน","BO":"โบลิเวีย","BQ":"เนเธอร์แลนด์แคริบเบียน","BR":"บราซิล","BS":"บาฮามาส","BT":"ภูฏาน","BV":"เกาะบูเว","BW":"บอตสวานา","BY":"เบลารุส","BZ":"เบลีซ","CA":"แคนาดา","CC":"หมู่เกาะโคโคส (คีลิง)","CD":"คองโก - กินชาซา","CF":"สาธารณรัฐแอฟริกากลาง","CG":"คองโก - บราซซาวิล","CH":"สวิตเซอร์แลนด์","CI":"โกตดิวัวร์","CK":"หมู่เกาะคุก","CL":"ชิลี","CM":"แคเมอรูน","CN":"จีน","CO":"โคลอมเบีย","CP":"เกาะคลิปเปอร์ตัน","CR":"คอสตาริกา","CU":"คิวบา","CV":"เคปเวิร์ด","CW":"คูราเซา","CX":"เกาะคริสต์มาส","CY":"ไซปรัส","CZ":"เช็ก","DE":"เยอรมนี","DG":"ดิเอโกการ์เซีย","DJ":"จิบูตี","DK":"เดนมาร์ก","DM":"โดมินิกา","DO":"สาธารณรัฐโดมินิกัน","DZ":"แอลจีเรีย","EA":"เซวตาและเมลียา","EC":"เอกวาดอร์","EE":"เอสโตเนีย","EG":"อียิปต์","EH":"ซาฮาราตะวันตก","ER":"เอริเทรีย","ES":"สเปน","ET":"เอธิโอเปีย","EU":"สหภาพยุโรป","EZ":"ยูโรโซน","FI":"ฟินแลนด์","FJ":"ฟิจิ","FK":"หมู่เกาะฟอล์กแลนด์","FM":"ไมโครนีเซีย","FO":"หมู่เกาะแฟโร","FR":"ฝรั่งเศส","GA":"กาบอง","GB":"สหราชอาณาจักร","GD":"เกรเนดา","GE":"จอร์เจีย","GF":"เฟรนช์เกียนา","GG":"เกิร์นซีย์","GH":"กานา","GI":"ยิบรอลตาร์","GL":"กรีนแลนด์","GM":"แกมเบีย","GN":"กินี","GP":"กวาเดอลูป","GQ":"อิเควทอเรียลกินี","GR":"กรีซ","GS":"เกาะเซาท์จอร์เจียและหมู่เกาะเซาท์แซนด์วิช","GT":"กัวเตมาลา","GU":"กวม","GW":"กินี-บิสเซา","GY":"กายอานา","HK":"เขตปกครองพิเศษฮ่องกงแห่งสาธารณรัฐประชาชนจีน","HM":"เกาะเฮิร์ดและหมู่เกาะแมกดอนัลด์","HN":"ฮอนดูรัส","HR":"โครเอเชีย","HT":"เฮติ","HU":"ฮังการี","IC":"หมู่เกาะคานารี","ID":"อินโดนีเซีย","IE":"ไอร์แลนด์","IL":"อิสราเอล","IM":"เกาะแมน","IN":"อินเดีย","IO":"บริติชอินเดียนโอเชียนเทร์ริทอรี","IQ":"อิรัก","IR":"อิหร่าน","IS":"ไอซ์แลนด์","IT":"อิตาลี","JE":"เจอร์ซีย์","JM":"จาเมกา","JO":"จอร์แดน","JP":"ญี่ปุ่น","KE":"เคนยา","KG":"คีร์กีซสถาน","KH":"กัมพูชา","KI":"คิริบาส","KM":"คอโมโรส","KN":"เซนต์คิตส์และเนวิส","KP":"เกาหลีเหนือ","KR":"เกาหลีใต้","KW":"คูเวต","KY":"หมู่เกาะเคย์แมน","KZ":"คาซัคสถาน","LA":"ลาว","LB":"เลบานอน","LC":"เซนต์ลูเซีย","LI":"ลิกเตนสไตน์","LK":"ศรีลังกา","LR":"ไลบีเรีย","LS":"เลโซโท","LT":"ลิทัวเนีย","LU":"ลักเซมเบิร์ก","LV":"ลัตเวีย","LY":"ลิเบีย","MA":"โมร็อกโก","MC":"โมนาโก","MD":"มอลโดวา","ME":"มอนเตเนโกร","MF":"เซนต์มาร์ติน","MG":"มาดากัสการ์","MH":"หมู่เกาะมาร์แชลล์","MK":"มาซิโดเนียเหนือ","ML":"มาลี","MM":"เมียนมา (พม่า)","MN":"มองโกเลีย","MO":"เขตปกครองพิเศษมาเก๊าแห่งสาธารณรัฐประชาชนจีน","MP":"หมู่เกาะนอร์เทิร์นมาเรียนา","MQ":"มาร์ตินีก","MR":"มอริเตเนีย","MS":"มอนต์เซอร์รัต","MT":"มอลตา","MU":"มอริเชียส","MV":"มัลดีฟส์","MW":"มาลาวี","MX":"เม็กซิโก","MY":"มาเลเซีย","MZ":"โมซัมบิก","NA":"นามิเบีย","NC":"นิวแคลิโดเนีย","NE":"ไนเจอร์","NF":"เกาะนอร์ฟอล์ก","NG":"ไนจีเรีย","NI":"นิการากัว","NL":"เนเธอร์แลนด์","NO":"นอร์เวย์","NP":"เนปาล","NR":"นาอูรู","NU":"นีอูเอ","NZ":"นิวซีแลนด์","OM":"โอมาน","PA":"ปานามา","PE":"เปรู","PF":"เฟรนช์โปลินีเซีย","PG":"ปาปัวนิวกินี","PH":"ฟิลิปปินส์","PK":"ปากีสถาน","PL":"โปแลนด์","PM":"แซงปีแยร์และมีเกอลง","PN":"หมู่เกาะพิตแคร์น","PR":"เปอร์โตริโก","PS":"ดินแดนปาเลสไตน์","PT":"โปรตุเกส","PW":"ปาเลา","PY":"ปารากวัย","QA":"กาตาร์","QO":"เอาต์ไลอิงโอเชียเนีย","RE":"เรอูนียง","RO":"โรมาเนีย","RS":"เซอร์เบีย","RU":"รัสเซีย","RW":"รวันดา","SA":"ซาอุดีอาระเบีย","SB":"หมู่เกาะโซโลมอน","SC":"เซเชลส์","SD":"ซูดาน","SE":"สวีเดน","SG":"สิงคโปร์","SH":"เซนต์เฮเลนา","SI":"สโลวีเนีย","SJ":"สฟาลบาร์และยานไมเอน","SK":"สโลวะเกีย","SL":"เซียร์ราลีโอน","SM":"ซานมาริโน","SN":"เซเนกัล","SO":"โซมาเลีย","SR":"ซูรินาเม","SS":"ซูดานใต้","ST":"เซาตูเมและปรินซิปี","SV":"เอลซัลวาดอร์","SX":"ซินต์มาร์เทน","SY":"ซีเรีย","SZ":"เอสวาตีนี","TA":"ทริสตันดาคูนา","TC":"หมู่เกาะเติกส์และหมู่เกาะเคคอส","TD":"ชาด","TF":"เฟรนช์เซาเทิร์นเทร์ริทอรีส์","TG":"โตโก","TH":"ไทย","TJ":"ทาจิกิสถาน","TK":"โตเกเลา","TL":"ติมอร์-เลสเต","TM":"เติร์กเมนิสถาน","TN":"ตูนิเซีย","TO":"ตองกา","TR":"ตุรกี","TT":"ตรินิแดดและโตเบโก","TV":"ตูวาลู","TW":"ไต้หวัน","TZ":"แทนซาเนีย","UA":"ยูเครน","UG":"ยูกันดา","UM":"หมู่เกาะรอบนอกของสหรัฐอเมริกา","UN":"สหประชาชาติ","US":"สหรัฐอเมริกา","UY":"อุรุกวัย","UZ":"อุซเบกิสถาน","VA":"นครวาติกัน","VC":"เซนต์วินเซนต์และเกรนาดีนส์","VE":"เวเนซุเอลา","VG":"หมู่เกาะบริติชเวอร์จิน","VI":"หมู่เกาะเวอร์จินของสหรัฐอเมริกา","VN":"เวียดนาม","VU":"วานูอาตู","WF":"วาลลิสและฟุตูนา","WS":"ซามัว","XA":"สำเนียงไม่จริง","XB":"Bidi ไม่จริง","XK":"โคโซโว","YE":"เยเมน","YT":"มายอต","ZA":"แอฟริกาใต้","ZM":"แซมเบีย","ZW":"ซิมบับเว","ZZ":"ภูมิภาคที่ไม่รู้จัก"},"narrow":{},"short":{"GB":"สหราชอาณาจักร","HK":"ฮ่องกง","MO":"มาเก๊า","PS":"ปาเลสไตน์","US":"สหรัฐฯ"}},"script":{"long":{"Adlm":"อัดลัม","Afak":"อะฟาคา","Aghb":"แอลเบเนีย คอเคเซีย","Arab":"อาหรับ","Aran":"นาสตาลิก","Armi":"อิมพีเรียล อราเมอิก","Armn":"อาร์เมเนีย","Avst":"อเวสตะ","Bali":"บาหลี","Bamu":"บามุม","Bass":"บัสซา","Batk":"บาตัก","Beng":"เบงกาลี","Blis":"บลิสซิมโบลส์","Bopo":"ปอพอมอฟอ","Brah":"พราหมี","Brai":"เบรลล์","Bugi":"บูกิส","Buhd":"บูฮิด","Cakm":"จักม่า","Cans":"อักษรพยางค์ของชาวอะบอริจินในแคนาดา","Cari":"คาเรีย","Cham":"จาม","Cher":"เชอโรกี","Cirt":"เซิร์ท","Copt":"คอปติก","Cprt":"ไซเปรียท","Cyrl":"ซีริลลิก","Cyrs":"เชอร์ชสลาโวนิกซีริลลิกโบราณ","Deva":"เทวนาครี","Dsrt":"เดเซเรท","Dupl":"ชวเลขดัปโลยัน","Egyd":"ดีโมติกอียิปต์","Egyh":"เฮียราติกอียิปต์","Egyp":"เฮียโรกลิฟส์อียิปต์","Elba":"เอลบ์ซาน","Ethi":"เอธิโอปิก","Geok":"คัตซูรีจอร์เจีย","Geor":"จอร์เจีย","Glag":"กลาโกลิติก","Goth":"โกธิก","Gran":"คฤณห์","Grek":"กรีก","Gujr":"คุชราต","Guru":"กูร์มูคี","Hanb":"จีนกลาง","Hang":"ฮันกึล","Hani":"ฮั่น","Hano":"ฮานูโนโอ","Hans":"ตัวย่อ","Hant":"ตัวเต็ม","Hebr":"ฮีบรู","Hira":"ฮิระงะนะ","Hluw":"อักขระอานาโตเลีย","Hmng":"ปาเฮาห์ม้ง","Hrkt":"คะตะกะนะหรือฮิระงะนะ","Hung":"ฮังการีโบราณ","Inds":"อินดัส","Ital":"อิตาลีโบราณ","Jamo":"จาโม","Java":"ชวา","Jpan":"ญี่ปุ่น","Jurc":"จูร์เชน","Kali":"คยาห์","Kana":"คะตะกะนะ","Khar":"ขโรษฐี","Khmr":"เขมร","Khoj":"คอจคี","Knda":"กันนาดา","Kore":"เกาหลี","Kpel":"เปลเล","Kthi":"กายติ","Lana":"ล้านนา","Laoo":"ลาว","Latf":"ลาติน - ฟรังเตอร์","Latg":"ลาติน - แกลิก","Latn":"ละติน","Lepc":"เลปชา","Limb":"ลิมบู","Lina":"ลีเนียร์เอ","Linb":"ลีเนียร์บี","Lisu":"เฟรเซอร์","Loma":"โลมา","Lyci":"ไลเซีย","Lydi":"ลีเดีย","Mahj":"มหาชนี","Mand":"แมนเดียน","Mani":"มานิแชน","Maya":"มายาไฮโรกลิฟส์","Mend":"เมนเด","Merc":"เคอร์ซีฟ-เมโรอิติก","Mero":"เมโรติก","Mlym":"มาลายาลัม","Modi":"โมฑี","Mong":"มองโกเลีย","Moon":"มูน","Mroo":"มโร","Mtei":"เมเทมาเยก","Mymr":"พม่า","Narb":"อาระเบียเหนือโบราณ","Nbat":"นาบาทาเอียน","Nkgb":"กีบา-นาซี","Nkoo":"เอ็นโก","Nshu":"นุซุ","Ogam":"โอคัม","Olck":"โอลชิกิ","Orkh":"ออร์คอน","Orya":"โอริยา","Osma":"ออสมันยา","Palm":"พาลไมรีน","Pauc":"ป่อจิ้งฮอ","Perm":"เปอร์มิกโบราณ","Phag":"ฟากส์-ปา","Phli":"ปะห์ลาวีอินสคริปชันแนล","Phlp":"ปะห์ลาวีซอลเตอร์","Phlv":"ปะห์ลาวีบุ๊ก","Phnx":"ฟินิเชีย","Plrd":"สัทศาสตร์พอลลาร์ด","Prti":"พาร์เทียอินสคริปชันแนล","Rjng":"เรจัง","Rohg":"ฮะนีฟี","Roro":"รองโกรองโก","Runr":"รูนิก","Samr":"ซามาเรีย","Sara":"ซาราติ","Sarb":"อาระเบียใต้โบราณ","Saur":"โสวรัสตระ","Sgnw":"ไซน์ไรติ้ง","Shaw":"ซอเวียน","Shrd":"ชาราดา","Sidd":"สิทธัม","Sind":"คุดาวาดี","Sinh":"สิงหล","Sora":"โสราสมเป็ง","Sund":"ซุนดา","Sylo":"ซิโลตินากรี","Syrc":"ซีเรีย","Syre":"ซีเรียเอสทรานจีโล","Syrj":"ซีเรียตะวันตก","Syrn":"ซีเรียตะวันออก","Tagb":"ตักบันวา","Takr":"ทาครี","Tale":"ไทเล","Talu":"ไทลื้อใหม่","Taml":"ทมิฬ","Tang":"ตันกัท","Tavt":"ไทเวียต","Telu":"เตลูกู","Teng":"เทงกวาร์","Tfng":"ทิฟินาก","Tglg":"ตากาล็อก","Thaa":"ทานา","Thai":"ไทย","Tibt":"ทิเบต","Tirh":"เทอฮุทา","Ugar":"ยูการิต","Vaii":"ไว","Visp":"คำพูดที่มองเห็นได้","Wara":"วารังกสิติ","Wole":"โอลีเอ","Xpeo":"เปอร์เซียโบราณ","Xsux":"อักษรรูปลิ่มสุเมเรีย-อัคคาเดีย","Yiii":"ยิ","Zinh":"อินเฮอริต","Zmth":"เครื่องหมายทางคณิตศาสตร์","Zsye":"อีโมจิ","Zsym":"สัญลักษณ์","Zxxx":"ไม่มีภาษาเขียน","Zyyy":"สามัญ","Zzzz":"ตัวอักษรที่ไม่รู้จัก"},"narrow":{},"short":{}}}},"locale":"th"}