{"data":{"patterns":{"locale":"{0} ({1})"},"types":{"calendar":{"long":{"buddhist":"Budist Takvimi","chinese":"Çin Takvimi","coptic":"Kıpti Takvim","dangi":"Dangi Takvimi","ethiopic":"Etiyopik Takvim","ethiopic-amete-alem":"Etiyopik Amete Alem Takvimi","gregorian":"Miladi Takvim","hebrew":"İbrani Takvimi","indian":"Ulusal Hint Takvimi","islamic":"Hicri Takvim","islamic-civil":"Arap Takvimi","islamic-rgsa":"Hicri Takvim (Suudi)","islamic-tbla":"Hicri Takvim (Astronomik Evreler)","islamic-umalqura":"Hicri Takvim (Ümmü-l Kurra Takvimi)","iso8601":"ISO-8601 Takvimi","japanese":"Japon Takvimi","persian":"İran Takvimi","roc":"Çin Cumhuriyeti Takvimi"},"narrow":{},"short":{}},"currency":{"long":{"ADP":"Andorra Pezetası","AED":"Birleşik Arap Emirlikleri Dirhemi","AFA":"Afganistan Afganisi (1927–2002)","AFN":"Afganistan Afganisi","ALK":"Arnavutluk Leki (1946–1965)","ALL":"Arnavutluk Leki","AMD":"Ermenistan Dramı","ANG":"Hollanda Antilleri Guldeni","AOA":"Angola Kvanzası","AOK":"Angola Kvanzası (1977–1990)","AON":"Yeni Angola Kvanzası (1990–2000)","AOR":"Angola Kvanzası Reajustado (1995–1999)","ARA":"Arjantin Australi","ARL":"Arjantin Peso Leyi (1970–1983)","ARM":"Arjantin Pesosu (1881–1970)","ARP":"Arjantin Pezosu (1983–1985)","ARS":"Arjantin Pesosu","ATS":"Avusturya Şilini","AUD":"Avustralya Doları","AWG":"Aruba Florini","AZM":"Azerbaycan Manatı (1993–2006)","AZN":"Azerbaycan Manatı","BAD":"Bosna Hersek Dinarı","BAM":"Konvertibl Bosna Hersek Markı","BAN":"Yeni Bosna Hersek Dinarı (1994–1997)","BBD":"Barbados Doları","BDT":"Bangladeş Takası","BEC":"Belçika Frangı (konvertibl)","BEF":"Belçika Frangı","BEL":"Belçika Frangı (finansal)","BGL":"Bulgar Levası (Hard)","BGM":"Sosyalist Bulgaristan Levası","BGN":"Bulgar Levası","BGO":"Bulgar Levası (1879–1952)","BHD":"Bahreyn Dinarı","BIF":"Burundi Frangı","BMD":"Bermuda Doları","BND":"Brunei Doları","BOB":"Bolivya Bolivyanosu","BOL":"Bolivya Bolivyanosu (1863–1963)","BOP":"Bolivya Pezosu","BOV":"Bolivya Mvdolu","BRB":"Yeni Brezilya Kruzeirosu (1967–1986)","BRC":"Brezilya Kruzadosu","BRE":"Brezilya Kruzeirosu (1990–1993)","BRL":"Brezilya Reali","BRN":"Yeni Brezilya Kruzadosu","BRR":"Brezilya Kruzeirosu","BRZ":"Brezilya Kruzeirosu (1942–1967)","BSD":"Bahama Doları","BTN":"Butan Ngultrumu","BUK":"Burma Kyatı","BWP":"Botsvana Pulası","BYB":"Yeni Beyaz Rusya Rublesi (1994–1999)","BYN":"Belarus Rublesi","BYR":"Beyaz Rusya Rublesi (2000–2016)","BZD":"Belize Doları","CAD":"Kanada Doları","CDF":"Kongo Frangı","CHE":"WIR Avrosu","CHF":"İsviçre Frangı","CHW":"WIR Frangı","CLE":"Şili Esküdosu","CLF":"Şili Unidades de Fomento","CLP":"Şili Pesosu","CNH":"Çin Yuanı (offshore)","CNX":"Çin Halk Cumhuriyeti Merkez Bankası Doları","CNY":"Çin Yuanı","COP":"Kolombiya Pesosu","COU":"Unidad de Valor Real","CRC":"Kosta Rika Kolonu","CSD":"Eski Sırbistan Dinarı","CSK":"Çekoslavak Korunası (Hard)","CUC":"Konvertibl Küba Pesosu","CUP":"Küba Pesosu","CVE":"Cape Verde Esküdosu","CYP":"Güney Kıbrıs Lirası","CZK":"Çek Korunası","DDM":"Doğu Alman Markı","DEM":"Alman Markı","DJF":"Cibuti Frangı","DKK":"Danimarka Kronu","DOP":"Dominik Pesosu","DZD":"Cezayir Dinarı","ECS":"Ekvador Sukresi","ECV":"Ekvador Unidad de Valor Constante (UVC)","EEK":"Estonya Krunu","EGP":"Mısır Lirası","ERN":"Eritre Nakfası","ESA":"İspanyol Pezetası (A hesabı)","ESB":"İspanyol Pezetası (konvertibl hesap)","ESP":"İspanyol Pezetası","ETB":"Etiyopya Birri","EUR":"Euro","FIM":"Fin Markkası","FJD":"Fiji Doları","FKP":"Falkland Adaları Lirası","FRF":"Fransız Frangı","GBP":"İngiliz Sterlini","GEK":"Gürcistan Kupon Larisi","GEL":"Gürcistan Larisi","GHC":"Gana Sedisi (1979–2007)","GHS":"Gana Sedisi","GIP":"Cebelitarık Lirası","GMD":"Gambiya Dalasisi","GNF":"Gine Frangı","GNS":"Gine Sylisi","GQE":"Ekvator Ginesi Ekuelesi","GRD":"Yunan Drahmisi","GTQ":"Guatemala Quetzalı","GWE":"Portekiz Ginesi Esküdosu","GWP":"Gine-Bissau Pezosu","GYD":"Guyana Doları","HKD":"Hong Kong Doları","HNL":"Honduras Lempirası","HRD":"Hırvatistan Dinarı","HRK":"Hırvatistan Kunası","HTG":"Haiti Gurdu","HUF":"Macar Forinti","IDR":"Endonezya Rupisi","IEP":"İrlanda Lirası","ILP":"İsrail Lirası","ILR":"İsrail Şekeli (1980–1985)","ILS":"Yeni İsrail Şekeli","INR":"Hindistan Rupisi","IQD":"Irak Dinarı","IRR":"İran Riyali","ISJ":"İzlanda Kronu (1918–1981)","ISK":"İzlanda Kronu","ITL":"İtalyan Lireti","JMD":"Jamaika Doları","JOD":"Ürdün Dinarı","JPY":"Japon Yeni","KES":"Kenya Şilini","KGS":"Kırgızistan Somu","KHR":"Kamboçya Rieli","KMF":"Komorlar Frangı","KPW":"Kuzey Kore Wonu","KRH":"Güney Kore Hwanı (1953–1962)","KRO":"Güney Kore Wonu (1945–1953)","KRW":"Güney Kore Wonu","KWD":"Kuveyt Dinarı","KYD":"Cayman Adaları Doları","KZT":"Kazakistan Tengesi","LAK":"Laos Kipi","LBP":"Lübnan Lirası","LKR":"Sri Lanka Rupisi","LRD":"Liberya Doları","LSL":"Lesotho Lotisi","LTL":"Litvanya Litası","LTT":"Litvanya Talonu","LUC":"Konvertibl Lüksemburg Frangı","LUF":"Lüksemburg Frangı","LUL":"Finansal Lüksemburg Frangı","LVL":"Letonya Latı","LVR":"Letonya Rublesi","LYD":"Libya Dinarı","MAD":"Fas Dirhemi","MAF":"Fas Frangı","MCF":"Monako Frangı","MDC":"Moldova Kuponu","MDL":"Moldova Leyi","MGA":"Madagaskar Ariarisi","MGF":"Madagaskar Frangı","MKD":"Makedonya Dinarı","MKN":"Makedonya Dinarı (1992–1993)","MLF":"Mali Frangı","MMK":"Myanmar Kyatı","MNT":"Moğolistan Tugriki","MOP":"Makao Patakası","MRO":"Moritanya Ugiyası (1973–2017)","MRU":"Moritanya Ugiyası","MTL":"Malta Lirası","MTP":"Malta Sterlini","MUR":"Mauritius Rupisi","MVP":"Maldiv Rupisi","MVR":"Maldiv Rufiyaası","MWK":"Malavi Kvaçası","MXN":"Meksika Pesosu","MXP":"Gümüş Meksika Pezosu (1861–1992)","MXV":"Meksika Unidad de Inversion (UDI)","MYR":"Malezya Ringgiti","MZE":"Mozambik Esküdosu","MZM":"Eski Mozambik Metikali","MZN":"Mozambik Metikali","NAD":"Namibya Doları","NGN":"Nijerya Nairası","NIC":"Nikaragua Kordobası (1988–1991)","NIO":"Nikaragua Kordobası","NLG":"Hollanda Florini","NOK":"Norveç Kronu","NPR":"Nepal Rupisi","NZD":"Yeni Zelanda Doları","OMR":"Umman Riyali","PAB":"Panama Balboası","PEI":"Peru İnti","PEN":"Peru Solü","PES":"Peru Solü (1863–1965)","PGK":"Papua Yeni Gine Kinası","PHP":"Filipinler Pesosu","PKR":"Pakistan Rupisi","PLN":"Polonya Zlotisi","PLZ":"Polonya Zlotisi (1950–1995)","PTE":"Portekiz Esküdosu","PYG":"Paraguay Guaranisi","QAR":"Katar Riyali","RHD":"Rodezya Doları","ROL":"Eski Romen Leyi","RON":"Romen Leyi","RSD":"Sırp Dinarı","RUB":"Rus Rublesi","RUR":"Rus Rublesi (1991–1998)","RWF":"Ruanda Frangı","SAR":"Suudi Arabistan Riyali","SBD":"Solomon Adaları Doları","SCR":"Seyşeller Rupisi","SDD":"Eski Sudan Dinarı","SDG":"Sudan Lirası","SDP":"Eski Sudan Lirası","SEK":"İsveç Kronu","SGD":"Singapur Doları","SHP":"Saint Helena Lirası","SIT":"Slovenya Toları","SKK":"Slovak Korunası","SLL":"Sierra Leone Leonesi","SOS":"Somali Şilini","SRD":"Surinam Doları","SRG":"Surinam Guldeni","SSP":"Güney Sudan Lirası","STD":"São Tomé ve Príncipe Dobrası (1977–2017)","STN":"Sao Tome ve Principe Dobrası","SUR":"Sovyet Rublesi","SVC":"El Salvador Kolonu","SYP":"Suriye Lirası","SZL":"Svaziland Lilangenisi","THB":"Tayland Bahtı","TJR":"Tacikistan Rublesi","TJS":"Tacikistan Somonisi","TMM":"Türkmenistan Manatı (1993–2009)","TMT":"Türkmenistan Manatı","TND":"Tunus Dinarı","TOP":"Tonga Paʻangası","TPE":"Timor Esküdosu","TRL":"Eski Türk Lirası","TRY":"Türk Lirası","TTD":"Trinidad ve Tobago Doları","TWD":"Yeni Tayvan Doları","TZS":"Tanzanya Şilini","UAH":"Ukrayna Grivnası","UAK":"Ukrayna Karbovanetz","UGS":"Uganda Şilini (1966–1987)","UGX":"Uganda Şilini","USD":"ABD Doları","USN":"ABD Doları (Ertesi gün)","USS":"ABD Doları (Aynı gün)","UYI":"Uruguay Peso en Unidades Indexadas","UYP":"Uruguay Pezosu (1975–1993)","UYU":"Uruguay Pesosu","UZS":"Özbekistan Somu","VEB":"Venezuela Bolivarı (1871–2008)","VEF":"Venezuela Bolivarı (2008–2018)","VES":"Venezuela Bolivarı","VND":"Vietnam Dongu","VNN":"Vietnam Dongu (1978–1985)","VUV":"Vanuatu Vatusu","WST":"Samoa Talası","XAF":"Orta Afrika CFA Frangı","XAG":"Gümüş","XAU":"Altın","XBA":"Birleşik Avrupa Birimi","XBB":"Avrupa Para Birimi (EMU)","XBC":"Avrupa Hesap Birimi (XBC)","XBD":"Avrupa Hesap Birimi (XBD)","XCD":"Doğu Karayip Doları","XDR":"Özel Çekme Hakkı (SDR)","XEU":"Avrupa Para Birimi","XFO":"Fransız Altın Frangı","XFU":"Fransız UIC-Frangı","XOF":"Batı Afrika CFA Frangı","XPD":"Paladyum","XPF":"CFP Frangı","XPT":"Platin","XRE":"RINET Fonları","XSU":"Sucre","XTS":"Test Para Birimi Kodu","XUA":"ADB Hesap Birimi","XXX":"Bilinmeyen Para Birimi","YDD":"Yemen Dinarı","YER":"Yemen Riyali","YUD":"Yugoslav Dinarı (Hard)","YUM":"Yeni Yugoslav Dinarı","YUN":"Konvertibl Yugoslav Dinarı","YUR":"İyileştirilmiş Yugoslav Dinarı (1992–1993)","ZAL":"Güney Afrika Randı (finansal)","ZAR":"Güney Afrika Randı","ZMK":"Zambiya Kvaçası (1968–2012)","ZMW":"Zambiya Kvaçası","ZRN":"Yeni Zaire Zairesi","ZRZ":"Zaire Zairesi","ZWD":"Zimbabve Doları","ZWL":"Zimbabve Doları (2009)","ZWR":"Zimbabve Doları (2008)"},"narrow":{},"short":{}},"dateTimeField":{"long":{"day":"gün","dayOfYear":"yılın günü","dayperiod":"ÖÖ/ÖS","era":"çağ","hour":"saat","minute":"dakika","month":"ay","quarter":"çeyrek","second":"saniye","timeZoneName":"saat dilimi","weekOfMonth":"ayın haftası","weekOfYear":"hafta","weekday":"haftanın günü","weekdayOfMonth":"ayın günü","year":"yıl"},"narrow":{"day":"gün","dayOfYear":"yılın günü","dayperiod":"ÖÖ/ÖS","era":"çağ","hour":"sa.","minute":"dk.","month":"ay","quarter":"çyr.","second":"sn.","timeZoneName":"dilim","weekOfMonth":"ayın haftası","weekOfYear":"hf.","weekday":"haftanın günü","weekdayOfMonth":"ayın günü","year":"yıl"},"short":{"day":"gün","dayOfYear":"yılın günü","dayperiod":"ÖÖ/ÖS","era":"çağ","hour":"sa.","minute":"dk.","month":"ay","quarter":"çyr.","second":"sn.","timeZoneName":"dilim","weekOfMonth":"ayın haftası","weekOfYear":"hf.","weekday":"haftanın günü","weekdayOfMonth":"ayın günü","year":"yıl"}},"language":{"dialect":{"long":{"aa":"Afar","ab":"Abhazca","ace":"Açece","ach":"Acoli","ada":"Adangme","ady":"Adigece","ae":"Avestçe","aeb":"Tunus Arapçası","af":"Afrikaanca","afh":"Afrihili","agq":"Aghem","ain":"Aynuca","ak":"Akan","akk":"Akad Dili","akz":"Alabamaca","ale":"Aleut dili","aln":"Gheg Arnavutçası","alt":"Güney Altayca","am":"Amharca","an":"Aragonca","ang":"Eski İngilizce","ann":"Obolo dili","anp":"Angika","ar":"Arapça","ar-001":"Modern Standart Arapça","arc":"Aramice","arn":"Mapuçe dili","aro":"Araona","arp":"Arapaho dili","arq":"Cezayir Arapçası","ars":"Necd Arapçası","arw":"Arawak Dili","ary":"Fas Arapçası","arz":"Mısır Arapçası","as":"Assamca","asa":"Asu","ase":"Amerikan İşaret Dili","ast":"Asturyasça","atj":"Atikamekçe","av":"Avar dili","avk":"Kotava","awa":"Awadhi","ay":"Aymara","az":"Azerbaycan dili","az-Arab":"Güney Azerice","ba":"Başkırtça","bal":"Beluçça","ban":"Bali dili","bar":"Bavyera dili","bas":"Basa Dili","bax":"Bamun","bbc":"Batak Toba","bbj":"Ghomala","be":"Belarusça","bej":"Beja dili","bem":"Bemba","bew":"Betawi","bez":"Bena","bfd":"Bafut","bfq":"Badaga","bg":"Bulgarca","bgn":"Batı Balochi","bho":"Arayanice","bi":"Bislama","bik":"Bikol","bin":"Bini","bjn":"Banjar Dili","bkm":"Kom","bla":"Karaayak dili","bm":"Bambara","bn":"Bengalce","bo":"Tibetçe","bpy":"Bishnupriya","bqi":"Bahtiyari","br":"Bretonca","bra":"Braj","brh":"Brohice","brx":"Bodo","bs":"Boşnakça","bss":"Akoose","bua":"Buryatça","bug":"Bugis","bum":"Bulu","byn":"Blin","byv":"Medumba","ca":"Katalanca","cad":"Kado dili","car":"Carib","cay":"Kayuga dili","cch":"Atsam","ccp":"Chakma","ce":"Çeçence","ceb":"Sebuano dili","cgg":"Kiga","ch":"Çamorro dili","chb":"Çibça dili","chg":"Çağatayca","chk":"Chuukese","chm":"Mari dili","chn":"Çinuk dili","cho":"Çoktav dili","chp":"Çipevya dili","chr":"Çerokice","chy":"Şayence","ckb":"Orta Kürtçe","clc":"Çilkotince","co":"Korsikaca","cop":"Kıptice","cps":"Capiznon","cr":"Krice","crg":"Michif dili","crh":"Kırım Tatarcası","crj":"Güney Doğu Kricesi","crk":"Ova Kricesi","crl":"Kuzey Doğu Kricesi","crm":"Moose Kricesi","crr":"Carolina Algonkin dili","crs":"Seselwa Kreole Fransızcası","cs":"Çekçe","csb":"Kashubian","csw":"Bataklık Kricesi","cu":"Kilise Slavcası","cv":"Çuvaşça","cy":"Galce","da":"Danca","dak":"Dakotaca","dar":"Dargince","dav":"Taita","de":"Almanca","de-AT":"Avusturya Almancası","de-CH":"İsviçre Yüksek Almancası","del":"Delaware","den":"Slavey dili","dgr":"Dogrib","din":"Dinka dili","dje":"Zarma","doi":"Dogri","dsb":"Aşağı Sorbça","dtp":"Orta Kadazan","dua":"Duala","dum":"Ortaçağ Felemenkçesi","dv":"Divehi dili","dyo":"Jola-Fonyi","dyu":"Dyula","dz":"Dzongkha","dzg":"Dazaga","ebu":"Embu","ee":"Ewe","efi":"Efik","egl":"Emilia Dili","egy":"Eski Mısır Dili","eka":"Ekajuk","el":"Yunanca","elx":"Elam","en":"İngilizce","en-AU":"Avustralya İngilizcesi","en-CA":"Kanada İngilizcesi","en-GB":"İngiliz İngilizcesi","en-US":"Amerikan İngilizcesi","enm":"Ortaçağ İngilizcesi","eo":"Esperanto","es":"İspanyolca","es-419":"Latin Amerika İspanyolcası","es-ES":"Avrupa İspanyolcası","es-MX":"Meksika İspanyolcası","esu":"Merkezi Yupikçe","et":"Estonca","eu":"Baskça","ewo":"Ewondo","ext":"Ekstremadura Dili","fa":"Farsça","fa-AF":"Darice","fan":"Fang","fat":"Fanti","ff":"Fula dili","fi":"Fince","fil":"Filipince","fit":"Tornedalin Fincesi","fj":"Fiji dili","fo":"Faroe dili","fon":"Fon","fr":"Fransızca","fr-CA":"Kanada Fransızcası","fr-CH":"İsviçre Fransızcası","frc":"Cajun Fransızcası","frm":"Ortaçağ Fransızcası","fro":"Eski Fransızca","frp":"Arpitanca","frr":"Kuzey Frizce","frs":"Doğu Frizcesi","fur":"Friuli dili","fy":"Batı Frizcesi","ga":"İrlandaca","gaa":"Ga dili","gag":"Gagavuzca","gan":"Gan Çincesi","gay":"Gayo dili","gba":"Gbaya","gbz":"Zerdüşt Daricesi","gd":"İskoç Gaelcesi","gez":"Geez","gil":"Kiribatice","gl":"Galiçyaca","glk":"Gilanice","gmh":"Ortaçağ Yüksek Almancası","gn":"Guarani dili","goh":"Eski Yüksek Almanca","gom":"Goa Konkanicesi","gon":"Gondi dili","gor":"Gorontalo dili","got":"Gotça","grb":"Grebo dili","grc":"Antik Yunanca","gsw":"İsviçre Almancası","gu":"Güceratça","guc":"Wayuu dili","gur":"Frafra","guz":"Gusii","gv":"Man dili","gwi":"Guçince","ha":"Hausa dili","hai":"Haydaca","hak":"Hakka Çincesi","haw":"Hawaii dili","hax":"Güney Haydaca","he":"İbranice","hi":"Hintçe","hif":"Fiji Hintçesi","hil":"Hiligaynon dili","hit":"Hititçe","hmn":"Hmong","ho":"Hiri Motu","hr":"Hırvatça","hsb":"Yukarı Sorbça","hsn":"Xiang Çincesi","ht":"Haiti Kreyolu","hu":"Macarca","hup":"Hupaca","hur":"Halkomelemce","hy":"Ermenice","hz":"Herero dili","ia":"İnterlingua","iba":"Iban","ibb":"İbibio dili","id":"Endonezce","ie":"Interlingue","ig":"İbo dili","ii":"Sichuan Yi","ik":"İnyupikçe","ikt":"Batı Kanada İnuktitut dili","ilo":"Iloko","inh":"İnguşça","io":"Ido","is":"İzlandaca","it":"İtalyanca","iu":"İnuktitut dili","izh":"İngriya Dili","ja":"Japonca","jam":"Jamaika Patois Dili","jbo":"Lojban","jgo":"Ngomba","jmc":"Machame","jpr":"Yahudi Farsçası","jrb":"Yahudi Arapçası","jut":"Yutland Dili","jv":"Cava dili","ka":"Gürcüce","kaa":"Karakalpakça","kab":"Kabiliyece","kac":"Kaçin dili","kaj":"Jju","kam":"Kamba","kaw":"Kawi","kbd":"Kabardeyce","kbl":"Kanembu","kcg":"Tyap","kde":"Makonde","kea":"Kabuverdianu","ken":"Kenyang","kfo":"Koro","kg":"Kongo dili","kgp":"Kaingang","kha":"Khasi dili","kho":"Hotanca","khq":"Koyra Chiini","khw":"Çitral Dili","ki":"Kikuyu","kiu":"Kırmançça","kj":"Kuanyama","kk":"Kazakça","kkj":"Kako","kl":"Grönland dili","kln":"Kalenjin","km":"Khmer dili","kmb":"Kimbundu","kn":"Kannada dili","ko":"Korece","koi":"Komi-Permyak","kok":"Konkani dili","kos":"Kosraean","kpe":"Kpelle dili","kr":"Kanuri dili","krc":"Karaçay-Balkarca","kri":"Krio","krj":"Kinaray-a","krl":"Karelyaca","kru":"Kurukh dili","ks":"Keşmir dili","ksb":"Şambala","ksf":"Bafia","ksh":"Köln lehçesi","ku":"Kürtçe","kum":"Kumukça","kut":"Kutenai dili","kv":"Komi","kw":"Kernevekçe","kwk":"Kwakʼwala dili","ky":"Kırgızca","la":"Latince","lad":"Ladino","lag":"Langi","lah":"Lahnda","lam":"Lamba dili","lb":"Lüksemburgca","lez":"Lezgice","lfn":"Lingua Franca Nova","lg":"Ganda","li":"Limburgca","lij":"Ligurca","lil":"Lillooet dili","liv":"Livonca","lkt":"Lakotaca","lmo":"Lombardça","ln":"Lingala","lo":"Lao dili","lol":"Mongo","lou":"Louisiana Kreolcesi","loz":"Lozi","lrc":"Kuzey Luri","lsm":"Samia dili","lt":"Litvanca","ltg":"Latgalian","lu":"Luba-Katanga","lua":"Luba-Lulua","lui":"Luiseno","lun":"Lunda","luo":"Luo","lus":"Lushai","luy":"Luyia","lv":"Letonca","lzh":"Edebi Çince","lzz":"Lazca","mad":"Madura Dili","maf":"Mafa","mag":"Magahi","mai":"Maithili","mak":"Makasar","man":"Mandingo","mas":"Masai","mde":"Maba","mdf":"Mokşa dili","mdr":"Mandar","men":"Mende dili","mer":"Meru","mfe":"Morisyen","mg":"Malgaşça","mga":"Ortaçağ İrlandacası","mgh":"Makhuwa-Meetto","mgo":"Meta’","mh":"Marshall Adaları dili","mi":"Maori dili","mic":"Micmac","min":"Minangkabau","mk":"Makedonca","ml":"Malayalam dili","mn":"Moğolca","mnc":"Mançurya dili","mni":"Manipuri dili","moe":"Doğu İnnucası","moh":"Mohavk dili","mos":"Mossi","mr":"Marathi dili","mrj":"Ova Çirmişçesi","ms":"Malayca","mt":"Maltaca","mua":"Mundang","mul":"Birden Fazla Dil","mus":"Krikçe","mwl":"Miranda dili","mwr":"Marvari","mwv":"Mentawai","my":"Birman dili","mye":"Myene","myv":"Erzya","mzn":"Mazenderanca","na":"Nauru dili","nan":"Min Nan Çincesi","nap":"Napolice","naq":"Nama","nb":"Norveççe Bokmål","nd":"Kuzey Ndebele","nds":"Aşağı Almanca","nds-NL":"Aşağı Saksonca","ne":"Nepalce","new":"Nevari","ng":"Ndonga","nia":"Nias","niu":"Niue dili","njo":"Ao Naga","nl":"Felemenkçe","nl-BE":"Flamanca","nmg":"Kwasio","nn":"Norveççe Nynorsk","nnh":"Ngiemboon","no":"Norveççe","nog":"Nogayca","non":"Eski Nors dili","nov":"Novial","nqo":"N’Ko","nr":"Güney Ndebele","nso":"Kuzey Sotho dili","nus":"Nuer","nv":"Navaho dili","nwc":"Klasik Nevari","ny":"Nyanja","nym":"Nyamvezi","nyn":"Nyankole","nyo":"Nyoro","nzi":"Nzima dili","oc":"Oksitan dili","oj":"Ojibva dili","ojb":"Kuzeybatı Ojibwe dili","ojc":"Orta Ojibwe dili","ojs":"Anişininice","ojw":"Batı Ojibwe dili","oka":"Okanagan dili","om":"Oromo dili","or":"Oriya dili","os":"Osetçe","osa":"Osage","ota":"Osmanlı Türkçesi","pa":"Pencapça","pag":"Pangasinan dili","pal":"Pehlevi Dili","pam":"Pampanga","pap":"Papiamento","pau":"Palau dili","pcd":"Picard Dili","pcm":"Nijerya Pidgin dili","pdc":"Pensilvanya Almancası","pdt":"Plautdietsch","peo":"Eski Farsça","pfl":"Palatin Almancası","phn":"Fenike dili","pi":"Pali","pis":"Pijin dili","pl":"Lehçe","pms":"Piyemontece","pnt":"Kuzeybatı Kafkasya","pon":"Pohnpeian","pqm":"Malisetçe-Passamaquoddy","prg":"Prusyaca","pro":"Eski Provensal","ps":"Peştuca","pt":"Portekizce","pt-BR":"Brezilya Portekizcesi","pt-PT":"Avrupa Portekizcesi","qu":"Keçuva dili","quc":"Kiçece","qug":"Chimborazo Highland Quichua","raj":"Rajasthani","rap":"Rapanui dili","rar":"Rarotongan","rgn":"Romanyolca","rhg":"Rohingya dili","rif":"Rif Berbericesi","rm":"Romanşça","rn":"Kirundi","ro":"Rumence","ro-MD":"Moldovaca","rof":"Rombo","rom":"Romanca","rtm":"Rotuman","ru":"Rusça","rue":"Rusince","rug":"Roviana","rup":"Ulahça","rw":"Kinyarwanda","rwk":"Rwa","sa":"Sanskrit","sad":"Sandave","sah":"Yakutça","sam":"Samarit Aramcası","saq":"Samburu","sas":"Sasak","sat":"Santali","saz":"Saurashtra","sba":"Ngambay","sbp":"Sangu","sc":"Sardunya dili","scn":"Sicilyaca","sco":"İskoçça","sd":"Sindhi dili","sdc":"Sassari Sarduca","sdh":"Güney Kürtçesi","se":"Kuzey Laponcası","see":"Seneca dili","seh":"Sena","sei":"Seri","sel":"Selkup dili","ses":"Koyraboro Senni","sg":"Sango","sga":"Eski İrlandaca","sgs":"Samogitçe","sh":"Sırp-Hırvat Dili","shi":"Taşelit","shn":"Shan dili","shu":"Çad Arapçası","si":"Sinhali dili","sid":"Sidamo dili","sk":"Slovakça","sl":"Slovence","slh":"Güney Lushootseed","sli":"Aşağı Silezyaca","sly":"Selayar","sm":"Samoa dili","sma":"Güney Laponcası","smj":"Lule Laponcası","smn":"İnari Laponcası","sms":"Skolt Laponcası","sn":"Şona dili","snk":"Soninke","so":"Somalice","sog":"Sogdiana Dili","sq":"Arnavutça","sr":"Sırpça","srn":"Sranan Tongo","srr":"Serer dili","ss":"Sisvati","ssy":"Saho","st":"Güney Sotho dili","stq":"Saterland Frizcesi","str":"Boğazlar Saliş dili","su":"Sunda dili","suk":"Sukuma dili","sus":"Susu","sux":"Sümerce","sv":"İsveççe","sw":"Svahili dili","sw-CD":"Kongo Svahili","swb":"Komorca","syc":"Klasik Süryanice","syr":"Süryanice","szl":"Silezyaca","ta":"Tamilce","tce":"Güney Tuçoncası","tcy":"Tuluca","te":"Telugu dili","tem":"Timne","teo":"Teso","ter":"Tereno","tet":"Tetum","tg":"Tacikçe","tgx":"Tagişçe","th":"Tayca","tht":"Tahltanca","ti":"Tigrinya dili","tig":"Tigre","tiv":"Tiv","tk":"Türkmence","tkl":"Tokelau dili","tkr":"Sahurca","tl":"Tagalogca","tlh":"Klingonca","tli":"Tlingitçe","tly":"Talışça","tmh":"Tamaşek","tn":"Setsvana","to":"Tonga dili","tog":"Nyasa Tonga","tok":"Toki Pona","tpi":"Tok Pisin","tr":"Türkçe","tru":"Turoyo","trv":"Taroko","ts":"Tsonga","tsd":"Tsakonca","tsi":"Tsimshian","tt":"Tatarca","ttm":"Kuzey Tuçoncası","ttt":"Tatça","tum":"Tumbuka","tvl":"Tuvalyanca","tw":"Tvi","twq":"Tasawaq","ty":"Tahiti dili","tyv":"Tuvaca","tzm":"Orta Atlas Tamazigti","udm":"Udmurtça","ug":"Uygurca","uga":"Ugarit dili","uk":"Ukraynaca","umb":"Umbundu","und":"Bilinmeyen Dil","ur":"Urduca","uz":"Özbekçe","vai":"Vai","ve":"Venda dili","vec":"Venedikçe","vep":"Veps dili","vi":"Vietnamca","vls":"Batı Flamanca","vmf":"Main Frankonya Dili","vo":"Volapük","vot":"Votça","vro":"Võro","vun":"Vunjo","wa":"Valonca","wae":"Walser","wal":"Valamo","war":"Varay","was":"Vaşo","wbp":"Warlpiri","wo":"Volofça","wuu":"Wu Çincesi","xal":"Kalmıkça","xh":"Zosa dili","xmf":"Megrelce","xog":"Soga","yao":"Yao","yap":"Yapça","yav":"Yangben","ybb":"Yemba","yi":"Yidiş","yo":"Yorubaca","yrl":"Nheengatu","yue":"Kantonca","za":"Zhuangca","zap":"Zapotek dili","zbl":"Blis Sembolleri","zea":"Zelandaca","zen":"Zenaga dili","zgh":"Standart Fas Tamazigti","zh":"Çince","zh-Hans":"Basitleştirilmiş Çince","zh-Hant":"Geleneksel Çince","zu":"Zuluca","zun":"Zunice","zxx":"Dilbilim içeriği yok","zza":"Zazaca"},"narrow":{},"short":{"az":"Azerbaycan dili","en-GB":"Birleşik Krallık İngilizcesi","en-US":"ABD İngilizcesi"}},"standard":{"long":{"aa":"Afar","ab":"Abhazca","ace":"Açece","ach":"Acoli","ada":"Adangme","ady":"Adigece","ae":"Avestçe","aeb":"Tunus Arapçası","af":"Afrikaanca","afh":"Afrihili","agq":"Aghem","ain":"Aynuca","ak":"Akan","akk":"Akad Dili","akz":"Alabamaca","ale":"Aleut dili","aln":"Gheg Arnavutçası","alt":"Güney Altayca","am":"Amharca","an":"Aragonca","ang":"Eski İngilizce","ann":"Obolo dili","anp":"Angika","ar":"Arapça","ar-001":"Arapça (Dünya)","arc":"Aramice","arn":"Mapuçe dili","aro":"Araona","arp":"Arapaho dili","arq":"Cezayir Arapçası","ars":"Necd Arapçası","arw":"Arawak Dili","ary":"Fas Arapçası","arz":"Mısır Arapçası","as":"Assamca","asa":"Asu","ase":"Amerikan İşaret Dili","ast":"Asturyasça","atj":"Atikamekçe","av":"Avar dili","avk":"Kotava","awa":"Awadhi","ay":"Aymara","az":"Azerbaycan dili","az-Arab":"Güney Azerice","ba":"Başkırtça","bal":"Beluçça","ban":"Bali dili","bar":"Bavyera dili","bas":"Basa Dili","bax":"Bamun","bbc":"Batak Toba","bbj":"Ghomala","be":"Belarusça","bej":"Beja dili","bem":"Bemba","bew":"Betawi","bez":"Bena","bfd":"Bafut","bfq":"Badaga","bg":"Bulgarca","bgn":"Batı Balochi","bho":"Arayanice","bi":"Bislama","bik":"Bikol","bin":"Bini","bjn":"Banjar Dili","bkm":"Kom","bla":"Karaayak dili","bm":"Bambara","bn":"Bengalce","bo":"Tibetçe","bpy":"Bishnupriya","bqi":"Bahtiyari","br":"Bretonca","bra":"Braj","brh":"Brohice","brx":"Bodo","bs":"Boşnakça","bss":"Akoose","bua":"Buryatça","bug":"Bugis","bum":"Bulu","byn":"Blin","byv":"Medumba","ca":"Katalanca","cad":"Kado dili","car":"Carib","cay":"Kayuga dili","cch":"Atsam","ccp":"Chakma","ce":"Çeçence","ceb":"Sebuano dili","cgg":"Kiga","ch":"Çamorro dili","chb":"Çibça dili","chg":"Çağatayca","chk":"Chuukese","chm":"Mari dili","chn":"Çinuk dili","cho":"Çoktav dili","chp":"Çipevya dili","chr":"Çerokice","chy":"Şayence","ckb":"Orta Kürtçe","clc":"Çilkotince","co":"Korsikaca","cop":"Kıptice","cps":"Capiznon","cr":"Krice","crg":"Michif dili","crh":"Kırım Tatarcası","crj":"Güney Doğu Kricesi","crk":"Ova Kricesi","crl":"Kuzey Doğu Kricesi","crm":"Moose Kricesi","crr":"Carolina Algonkin dili","crs":"Seselwa Kreole Fransızcası","cs":"Çekçe","csb":"Kashubian","csw":"Bataklık Kricesi","cu":"Kilise Slavcası","cv":"Çuvaşça","cy":"Galce","da":"Danca","dak":"Dakotaca","dar":"Dargince","dav":"Taita","de":"Almanca","de-AT":"Almanca (Avusturya)","de-CH":"Almanca (İsviçre)","del":"Delaware","den":"Slavey dili","dgr":"Dogrib","din":"Dinka dili","dje":"Zarma","doi":"Dogri","dsb":"Aşağı Sorbça","dtp":"Orta Kadazan","dua":"Duala","dum":"Ortaçağ Felemenkçesi","dv":"Divehi dili","dyo":"Jola-Fonyi","dyu":"Dyula","dz":"Dzongkha","dzg":"Dazaga","ebu":"Embu","ee":"Ewe","efi":"Efik","egl":"Emilia Dili","egy":"Eski Mısır Dili","eka":"Ekajuk","el":"Yunanca","elx":"Elam","en":"İngilizce","en-AU":"İngilizce (Avustralya)","en-CA":"İngilizce (Kanada)","en-GB":"İngilizce (Birleşik Krallık)","en-US":"İngilizce (Amerika Birleşik Devletleri)","enm":"Ortaçağ İngilizcesi","eo":"Esperanto","es":"İspanyolca","es-419":"İspanyolca (Latin Amerika)","es-ES":"İspanyolca (İspanya)","es-MX":"İspanyolca (Meksika)","esu":"Merkezi Yupikçe","et":"Estonca","eu":"Baskça","ewo":"Ewondo","ext":"Ekstremadura Dili","fa":"Farsça","fa-AF":"Farsça (Afganistan)","fan":"Fang","fat":"Fanti","ff":"Fula dili","fi":"Fince","fil":"Filipince","fit":"Tornedalin Fincesi","fj":"Fiji dili","fo":"Faroe dili","fon":"Fon","fr":"Fransızca","fr-CA":"Fransızca (Kanada)","fr-CH":"Fransızca (İsviçre)","frc":"Cajun Fransızcası","frm":"Ortaçağ Fransızcası","fro":"Eski Fransızca","frp":"Arpitanca","frr":"Kuzey Frizce","frs":"Doğu Frizcesi","fur":"Friuli dili","fy":"Batı Frizcesi","ga":"İrlandaca","gaa":"Ga dili","gag":"Gagavuzca","gan":"Gan Çincesi","gay":"Gayo dili","gba":"Gbaya","gbz":"Zerdüşt Daricesi","gd":"İskoç Gaelcesi","gez":"Geez","gil":"Kiribatice","gl":"Galiçyaca","glk":"Gilanice","gmh":"Ortaçağ Yüksek Almancası","gn":"Guarani dili","goh":"Eski Yüksek Almanca","gom":"Goa Konkanicesi","gon":"Gondi dili","gor":"Gorontalo dili","got":"Gotça","grb":"Grebo dili","grc":"Antik Yunanca","gsw":"İsviçre Almancası","gu":"Güceratça","guc":"Wayuu dili","gur":"Frafra","guz":"Gusii","gv":"Man dili","gwi":"Guçince","ha":"Hausa dili","hai":"Haydaca","hak":"Hakka Çincesi","haw":"Hawaii dili","hax":"Güney Haydaca","he":"İbranice","hi":"Hintçe","hif":"Fiji Hintçesi","hil":"Hiligaynon dili","hit":"Hititçe","hmn":"Hmong","ho":"Hiri Motu","hr":"Hırvatça","hsb":"Yukarı Sorbça","hsn":"Xiang Çincesi","ht":"Haiti Kreyolu","hu":"Macarca","hup":"Hupaca","hur":"Halkomelemce","hy":"Ermenice","hz":"Herero dili","ia":"İnterlingua","iba":"Iban","ibb":"İbibio dili","id":"Endonezce","ie":"Interlingue","ig":"İbo dili","ii":"Sichuan Yi","ik":"İnyupikçe","ikt":"Batı Kanada İnuktitut dili","ilo":"Iloko","inh":"İnguşça","io":"Ido","is":"İzlandaca","it":"İtalyanca","iu":"İnuktitut dili","izh":"İngriya Dili","ja":"Japonca","jam":"Jamaika Patois Dili","jbo":"Lojban","jgo":"Ngomba","jmc":"Machame","jpr":"Yahudi Farsçası","jrb":"Yahudi Arapçası","jut":"Yutland Dili","jv":"Cava dili","ka":"Gürcüce","kaa":"Karakalpakça","kab":"Kabiliyece","kac":"Kaçin dili","kaj":"Jju","kam":"Kamba","kaw":"Kawi","kbd":"Kabardeyce","kbl":"Kanembu","kcg":"Tyap","kde":"Makonde","kea":"Kabuverdianu","ken":"Kenyang","kfo":"Koro","kg":"Kongo dili","kgp":"Kaingang","kha":"Khasi dili","kho":"Hotanca","khq":"Koyra Chiini","khw":"Çitral Dili","ki":"Kikuyu","kiu":"Kırmançça","kj":"Kuanyama","kk":"Kazakça","kkj":"Kako","kl":"Grönland dili","kln":"Kalenjin","km":"Khmer dili","kmb":"Kimbundu","kn":"Kannada dili","ko":"Korece","koi":"Komi-Permyak","kok":"Konkani dili","kos":"Kosraean","kpe":"Kpelle dili","kr":"Kanuri dili","krc":"Karaçay-Balkarca","kri":"Krio","krj":"Kinaray-a","krl":"Karelyaca","kru":"Kurukh dili","ks":"Keşmir dili","ksb":"Şambala","ksf":"Bafia","ksh":"Köln lehçesi","ku":"Kürtçe","kum":"Kumukça","kut":"Kutenai dili","kv":"Komi","kw":"Kernevekçe","kwk":"Kwakʼwala dili","ky":"Kırgızca","la":"Latince","lad":"Ladino","lag":"Langi","lah":"Lahnda","lam":"Lamba dili","lb":"Lüksemburgca","lez":"Lezgice","lfn":"Lingua Franca Nova","lg":"Ganda","li":"Limburgca","lij":"Ligurca","lil":"Lillooet dili","liv":"Livonca","lkt":"Lakotaca","lmo":"Lombardça","ln":"Lingala","lo":"Lao dili","lol":"Mongo","lou":"Louisiana Kreolcesi","loz":"Lozi","lrc":"Kuzey Luri","lsm":"Samia dili","lt":"Litvanca","ltg":"Latgalian","lu":"Luba-Katanga","lua":"Luba-Lulua","lui":"Luiseno","lun":"Lunda","luo":"Luo","lus":"Lushai","luy":"Luyia","lv":"Letonca","lzh":"Edebi Çince","lzz":"Lazca","mad":"Madura Dili","maf":"Mafa","mag":"Magahi","mai":"Maithili","mak":"Makasar","man":"Mandingo","mas":"Masai","mde":"Maba","mdf":"Mokşa dili","mdr":"Mandar","men":"Mende dili","mer":"Meru","mfe":"Morisyen","mg":"Malgaşça","mga":"Ortaçağ İrlandacası","mgh":"Makhuwa-Meetto","mgo":"Meta’","mh":"Marshall Adaları dili","mi":"Maori dili","mic":"Micmac","min":"Minangkabau","mk":"Makedonca","ml":"Malayalam dili","mn":"Moğolca","mnc":"Mançurya dili","mni":"Manipuri dili","moe":"Doğu İnnucası","moh":"Mohavk dili","mos":"Mossi","mr":"Marathi dili","mrj":"Ova Çirmişçesi","ms":"Malayca","mt":"Maltaca","mua":"Mundang","mul":"Birden Fazla Dil","mus":"Krikçe","mwl":"Miranda dili","mwr":"Marvari","mwv":"Mentawai","my":"Birman dili","mye":"Myene","myv":"Erzya","mzn":"Mazenderanca","na":"Nauru dili","nan":"Min Nan Çincesi","nap":"Napolice","naq":"Nama","nb":"Norveççe Bokmål","nd":"Kuzey Ndebele","nds":"Aşağı Almanca","nds-NL":"Aşağı Almanca (Hollanda)","ne":"Nepalce","new":"Nevari","ng":"Ndonga","nia":"Nias","niu":"Niue dili","njo":"Ao Naga","nl":"Felemenkçe","nl-BE":"Felemenkçe (Belçika)","nmg":"Kwasio","nn":"Norveççe Nynorsk","nnh":"Ngiemboon","no":"Norveççe","nog":"Nogayca","non":"Eski Nors dili","nov":"Novial","nqo":"N’Ko","nr":"Güney Ndebele","nso":"Kuzey Sotho dili","nus":"Nuer","nv":"Navaho dili","nwc":"Klasik Nevari","ny":"Nyanja","nym":"Nyamvezi","nyn":"Nyankole","nyo":"Nyoro","nzi":"Nzima dili","oc":"Oksitan dili","oj":"Ojibva dili","ojb":"Kuzeybatı Ojibwe dili","ojc":"Orta Ojibwe dili","ojs":"Anişininice","ojw":"Batı Ojibwe dili","oka":"Okanagan dili","om":"Oromo dili","or":"Oriya dili","os":"Osetçe","osa":"Osage","ota":"Osmanlı Türkçesi","pa":"Pencapça","pag":"Pangasinan dili","pal":"Pehlevi Dili","pam":"Pampanga","pap":"Papiamento","pau":"Palau dili","pcd":"Picard Dili","pcm":"Nijerya Pidgin dili","pdc":"Pensilvanya Almancası","pdt":"Plautdietsch","peo":"Eski Farsça","pfl":"Palatin Almancası","phn":"Fenike dili","pi":"Pali","pis":"Pijin dili","pl":"Lehçe","pms":"Piyemontece","pnt":"Kuzeybatı Kafkasya","pon":"Pohnpeian","pqm":"Malisetçe-Passamaquoddy","prg":"Prusyaca","pro":"Eski Provensal","ps":"Peştuca","pt":"Portekizce","pt-BR":"Portekizce (Brezilya)","pt-PT":"Portekizce (Portekiz)","qu":"Keçuva dili","quc":"Kiçece","qug":"Chimborazo Highland Quichua","raj":"Rajasthani","rap":"Rapanui dili","rar":"Rarotongan","rgn":"Romanyolca","rhg":"Rohingya dili","rif":"Rif Berbericesi","rm":"Romanşça","rn":"Kirundi","ro":"Rumence","ro-MD":"Rumence (Moldova)","rof":"Rombo","rom":"Romanca","rtm":"Rotuman","ru":"Rusça","rue":"Rusince","rug":"Roviana","rup":"Ulahça","rw":"Kinyarwanda","rwk":"Rwa","sa":"Sanskrit","sad":"Sandave","sah":"Yakutça","sam":"Samarit Aramcası","saq":"Samburu","sas":"Sasak","sat":"Santali","saz":"Saurashtra","sba":"Ngambay","sbp":"Sangu","sc":"Sardunya dili","scn":"Sicilyaca","sco":"İskoçça","sd":"Sindhi dili","sdc":"Sassari Sarduca","sdh":"Güney Kürtçesi","se":"Kuzey Laponcası","see":"Seneca dili","seh":"Sena","sei":"Seri","sel":"Selkup dili","ses":"Koyraboro Senni","sg":"Sango","sga":"Eski İrlandaca","sgs":"Samogitçe","sh":"Sırp-Hırvat Dili","shi":"Taşelit","shn":"Shan dili","shu":"Çad Arapçası","si":"Sinhali dili","sid":"Sidamo dili","sk":"Slovakça","sl":"Slovence","slh":"Güney Lushootseed","sli":"Aşağı Silezyaca","sly":"Selayar","sm":"Samoa dili","sma":"Güney Laponcası","smj":"Lule Laponcası","smn":"İnari Laponcası","sms":"Skolt Laponcası","sn":"Şona dili","snk":"Soninke","so":"Somalice","sog":"Sogdiana Dili","sq":"Arnavutça","sr":"Sırpça","srn":"Sranan Tongo","srr":"Serer dili","ss":"Sisvati","ssy":"Saho","st":"Güney Sotho dili","stq":"Saterland Frizcesi","str":"Boğazlar Saliş dili","su":"Sunda dili","suk":"Sukuma dili","sus":"Susu","sux":"Sümerce","sv":"İsveççe","sw":"Svahili dili","sw-CD":"Svahili dili (Kongo - Kinşasa)","swb":"Komorca","syc":"Klasik Süryanice","syr":"Süryanice","szl":"Silezyaca","ta":"Tamilce","tce":"Güney Tuçoncası","tcy":"Tuluca","te":"Telugu dili","tem":"Timne","teo":"Teso","ter":"Tereno","tet":"Tetum","tg":"Tacikçe","tgx":"Tagişçe","th":"Tayca","tht":"Tahltanca","ti":"Tigrinya dili","tig":"Tigre","tiv":"Tiv","tk":"Türkmence","tkl":"Tokelau dili","tkr":"Sahurca","tl":"Tagalogca","tlh":"Klingonca","tli":"Tlingitçe","tly":"Talışça","tmh":"Tamaşek","tn":"Setsvana","to":"Tonga dili","tog":"Nyasa Tonga","tok":"Toki Pona","tpi":"Tok Pisin","tr":"Türkçe","tru":"Turoyo","trv":"Taroko","ts":"Tsonga","tsd":"Tsakonca","tsi":"Tsimshian","tt":"Tatarca","ttm":"Kuzey Tuçoncası","ttt":"Tatça","tum":"Tumbuka","tvl":"Tuvalyanca","tw":"Tvi","twq":"Tasawaq","ty":"Tahiti dili","tyv":"Tuvaca","tzm":"Orta Atlas Tamazigti","udm":"Udmurtça","ug":"Uygurca","uga":"Ugarit dili","uk":"Ukraynaca","umb":"Umbundu","und":"Bilinmeyen Dil","ur":"Urduca","uz":"Özbekçe","vai":"Vai","ve":"Venda dili","vec":"Venedikçe","vep":"Veps dili","vi":"Vietnamca","vls":"Batı Flamanca","vmf":"Main Frankonya Dili","vo":"Volapük","vot":"Votça","vro":"Võro","vun":"Vunjo","wa":"Valonca","wae":"Walser","wal":"Valamo","war":"Varay","was":"Vaşo","wbp":"Warlpiri","wo":"Volofça","wuu":"Wu Çincesi","xal":"Kalmıkça","xh":"Zosa dili","xmf":"Megrelce","xog":"Soga","yao":"Yao","yap":"Yapça","yav":"Yangben","ybb":"Yemba","yi":"Yidiş","yo":"Yorubaca","yrl":"Nheengatu","yue":"Kantonca","za":"Zhuangca","zap":"Zapotek dili","zbl":"Blis Sembolleri","zea":"Zelandaca","zen":"Zenaga dili","zgh":"Standart Fas Tamazigti","zh":"Çince","zh-Hans":"Basitleştirilmiş Çince","zh-Hant":"Geleneksel Çince","zu":"Zuluca","zun":"Zunice","zxx":"Dilbilim içeriği yok","zza":"Zazaca"},"narrow":{},"short":{"az":"Azerbaycan dili","en-GB":"İngilizce (BK)","en-US":"İngilizce (ABD)"}}},"region":{"long":{"142":"Asya","143":"Orta Asya","145":"Batı Asya","150":"Avrupa","151":"Doğu Avrupa","154":"Kuzey Avrupa","155":"Batı Avrupa","202":"Sahra Altı Afrika","419":"Latin Amerika","001":"Dünya","002":"Afrika","003":"Kuzey Amerika","005":"Güney Amerika","009":"Okyanusya","011":"Batı Afrika","013":"Orta Amerika","014":"Doğu Afrika","015":"Kuzey Afrika","017":"Orta Afrika","018":"Afrika’nın Güneyi","019":"Amerika","021":"Amerika’nın Kuzeyi","029":"Karayipler","030":"Doğu Asya","034":"Güney Asya","035":"Güneydoğu Asya","039":"Güney Avrupa","053":"Avustralasya","054":"Melanezya","057":"Mikronezya Bölgesi","061":"Polinezya","AC":"Ascension Adası","AD":"Andorra","AE":"Birleşik Arap Emirlikleri","AF":"Afganistan","AG":"Antigua ve Barbuda","AI":"Anguilla","AL":"Arnavutluk","AM":"Ermenistan","AO":"Angola","AQ":"Antarktika","AR":"Arjantin","AS":"Amerikan Samoası","AT":"Avusturya","AU":"Avustralya","AW":"Aruba","AX":"Åland Adaları","AZ":"Azerbaycan","BA":"Bosna-Hersek","BB":"Barbados","BD":"Bangladeş","BE":"Belçika","BF":"Burkina Faso","BG":"Bulgaristan","BH":"Bahreyn","BI":"Burundi","BJ":"Benin","BL":"Saint Barthelemy","BM":"Bermuda","BN":"Brunei","BO":"Bolivya","BQ":"Karayip Hollandası","BR":"Brezilya","BS":"Bahamalar","BT":"Butan","BV":"Bouvet Adası","BW":"Botsvana","BY":"Belarus","BZ":"Belize","CA":"Kanada","CC":"Cocos (Keeling) Adaları","CD":"Kongo - Kinşasa","CF":"Orta Afrika Cumhuriyeti","CG":"Kongo - Brazavil","CH":"İsviçre","CI":"Côte d’Ivoire","CK":"Cook Adaları","CL":"Şili","CM":"Kamerun","CN":"Çin","CO":"Kolombiya","CP":"Clipperton Adası","CR":"Kosta Rika","CU":"Küba","CV":"Cape Verde","CW":"Curaçao","CX":"Christmas Adası","CY":"Kıbrıs","CZ":"Çekya","DE":"Almanya","DG":"Diego Garcia","DJ":"Cibuti","DK":"Danimarka","DM":"Dominika","DO":"Dominik Cumhuriyeti","DZ":"Cezayir","EA":"Ceuta ve Melilla","EC":"Ekvador","EE":"Estonya","EG":"Mısır","EH":"Batı Sahra","ER":"Eritre","ES":"İspanya","ET":"Etiyopya","EU":"Avrupa Birliği","EZ":"Euro Bölgesi","FI":"Finlandiya","FJ":"Fiji","FK":"Falkland Adaları","FM":"Mikronezya","FO":"Faroe Adaları","FR":"Fransa","GA":"Gabon","GB":"Birleşik Krallık","GD":"Grenada","GE":"Gürcistan","GF":"Fransız Guyanası","GG":"Guernsey","GH":"Gana","GI":"Cebelitarık","GL":"Grönland","GM":"Gambiya","GN":"Gine","GP":"Guadeloupe","GQ":"Ekvator Ginesi","GR":"Yunanistan","GS":"Güney Georgia ve Güney Sandwich Adaları","GT":"Guatemala","GU":"Guam","GW":"Gine-Bissau","GY":"Guyana","HK":"Çin Hong Kong ÖİB","HM":"Heard Adası ve McDonald Adaları","HN":"Honduras","HR":"Hırvatistan","HT":"Haiti","HU":"Macaristan","IC":"Kanarya Adaları","ID":"Endonezya","IE":"İrlanda","IL":"İsrail","IM":"Man Adası","IN":"Hindistan","IO":"Britanya Hint Okyanusu Toprakları","IQ":"Irak","IR":"İran","IS":"İzlanda","IT":"İtalya","JE":"Jersey","JM":"Jamaika","JO":"Ürdün","JP":"Japonya","KE":"Kenya","KG":"Kırgızistan","KH":"Kamboçya","KI":"Kiribati","KM":"Komorlar","KN":"Saint Kitts ve Nevis","KP":"Kuzey Kore","KR":"Güney Kore","KW":"Kuveyt","KY":"Cayman Adaları","KZ":"Kazakistan","LA":"Laos","LB":"Lübnan","LC":"Saint Lucia","LI":"Liechtenstein","LK":"Sri Lanka","LR":"Liberya","LS":"Lesotho","LT":"Litvanya","LU":"Lüksemburg","LV":"Letonya","LY":"Libya","MA":"Fas","MC":"Monako","MD":"Moldova","ME":"Karadağ","MF":"Saint Martin","MG":"Madagaskar","MH":"Marshall Adaları","MK":"Kuzey Makedonya","ML":"Mali","MM":"Myanmar (Burma)","MN":"Moğolistan","MO":"Çin Makao ÖİB","MP":"Kuzey Mariana Adaları","MQ":"Martinik","MR":"Moritanya","MS":"Montserrat","MT":"Malta","MU":"Mauritius","MV":"Maldivler","MW":"Malavi","MX":"Meksika","MY":"Malezya","MZ":"Mozambik","NA":"Namibya","NC":"Yeni Kaledonya","NE":"Nijer","NF":"Norfolk Adası","NG":"Nijerya","NI":"Nikaragua","NL":"Hollanda","NO":"Norveç","NP":"Nepal","NR":"Nauru","NU":"Niue","NZ":"Yeni Zelanda","OM":"Umman","PA":"Panama","PE":"Peru","PF":"Fransız Polinezyası","PG":"Papua Yeni Gine","PH":"Filipinler","PK":"Pakistan","PL":"Polonya","PM":"Saint Pierre ve Miquelon","PN":"Pitcairn Adaları","PR":"Porto Riko","PS":"Filistin Bölgeleri","PT":"Portekiz","PW":"Palau","PY":"Paraguay","QA":"Katar","QO":"Uzak Okyanusya","RE":"Reunion","RO":"Romanya","RS":"Sırbistan","RU":"Rusya","RW":"Ruanda","SA":"Suudi Arabistan","SB":"Solomon Adaları","SC":"Seyşeller","SD":"Sudan","SE":"İsveç","SG":"Singapur","SH":"Saint Helena","SI":"Slovenya","SJ":"Svalbard ve Jan Mayen","SK":"Slovakya","SL":"Sierra Leone","SM":"San Marino","SN":"Senegal","SO":"Somali","SR":"Surinam","SS":"Güney Sudan","ST":"Sao Tome ve Principe","SV":"El Salvador","SX":"Sint Maarten","SY":"Suriye","SZ":"Esvatini","TA":"Tristan da Cunha","TC":"Turks ve Caicos Adaları","TD":"Çad","TF":"Fransız Güney Toprakları","TG":"Togo","TH":"Tayland","TJ":"Tacikistan","TK":"Tokelau","TL":"Timor-Leste","TM":"Türkmenistan","TN":"Tunus","TO":"Tonga","TR":"Türkiye","TT":"Trinidad ve Tobago","TV":"Tuvalu","TW":"Tayvan","TZ":"Tanzanya","UA":"Ukrayna","UG":"Uganda","UM":"ABD Küçük Harici Adaları","UN":"Birleşmiş Milletler","US":"Amerika Birleşik Devletleri","UY":"Uruguay","UZ":"Özbekistan","VA":"Vatikan","VC":"Saint Vincent ve Grenadinler","VE":"Venezuela","VG":"Britanya Virjin Adaları","VI":"ABD Virjin Adaları","VN":"Vietnam","VU":"Vanuatu","WF":"Wallis ve Futuna","WS":"Samoa","XA":"Psödo Aksanlar","XB":"Psödo Bidi","XK":"Kosova","YE":"Yemen","YT":"Mayotte","ZA":"Güney Afrika","ZM":"Zambiya","ZW":"Zimbabve","ZZ":"Bilinmeyen Bölge"},"narrow":{},"short":{"GB":"BK","HK":"Hong Kong","MO":"Makao","PS":"Filistin","UN":"BM","US":"ABD"}},"script":{"long":{"Adlm":"Adlam","Afak":"Afaka","Aghb":"Kafkas Albanyası","Arab":"Arap","Aran":"Nestâlik","Armi":"İmparatorluk Aramicesi","Armn":"Ermeni","Avst":"Avesta","Bali":"Bali Dili","Bamu":"Bamum","Bass":"Bassa Vah","Batk":"Batak","Beng":"Bengal","Blis":"Blis Sembolleri","Bopo":"Bopomofo","Brah":"Brahmi","Brai":"Braille","Bugi":"Bugis","Buhd":"Buhid","Cakm":"Chakma","Cans":"UCAS","Cari":"Karya","Cham":"Cham","Cher":"Çeroki","Cirt":"Cirth","Copt":"Kıpti","Cprt":"Kıbrıs","Cyrl":"Kiril","Cyrs":"Eski Kilise Slavcası Kiril","Deva":"Devanagari","Dsrt":"Deseret","Dupl":"Duployé Stenografi","Egyd":"Demotik Mısır","Egyh":"Hiyeratik Mısır","Egyp":"Mısır Hiyeroglifleri","Elba":"Elbasan","Ethi":"Etiyopya","Geok":"Hutsuri Gürcü","Geor":"Gürcü","Glag":"Glagolit","Goth":"Gotik","Gran":"Grantha","Grek":"Yunan","Gujr":"Gücerat","Guru":"Gurmukhi","Hanb":"Han - Bopomofo","Hang":"Hangıl","Hani":"Han","Hano":"Hanunoo","Hans":"Basitleştirilmiş","Hant":"Geleneksel","Hebr":"İbrani","Hira":"Hiragana","Hluw":"Anadolu Hiyeroglifleri","Hmng":"Pahavh Hmong","Hrkt":"Japon hece alfabeleri","Hung":"Eski Macar","Inds":"Indus","Ital":"Eski İtalyan","Jamo":"Jamo","Java":"Cava Dili","Jpan":"Japon","Jurc":"Jurchen","Kali":"Kayah Li","Kana":"Katakana","Khar":"Kharoshthi","Khmr":"Kmer","Khoj":"Khojki","Knda":"Kannada","Kore":"Korece","Kpel":"Kpelle","Kthi":"Kaithi","Lana":"Lanna","Laoo":"Lao","Latf":"Fraktur Latin","Latg":"Gael Latin","Latn":"Latin","Lepc":"Lepcha","Limb":"Limbu","Lina":"Lineer A","Linb":"Lineer B","Lisu":"Fraser","Loma":"Loma","Lyci":"Likya","Lydi":"Lidya","Mahj":"Mahajani","Mand":"Manden","Maya":"Maya Hiyeroglifleri","Mend":"Mende","Merc":"Meroitik El Yazısı","Mero":"Meroitik","Mlym":"Malayalam","Modi":"Modi","Mong":"Moğol","Moon":"Moon","Mroo":"Mro","Mtei":"Meitei Mayek","Mymr":"Burma","Narb":"Eski Kuzey Arap","Nbat":"Nebati","Nkgb":"Naksi Geba","Nkoo":"N’Ko","Nshu":"Nüshu","Ogam":"Ogham","Olck":"Ol Chiki","Orkh":"Orhun","Orya":"Oriya","Osma":"Osmanya","Palm":"Palmira","Pauc":"Pau Cin Hau","Perm":"Eski Permik","Phag":"Phags-pa","Phli":"Pehlevi Kitabe Dili","Phlp":"Psalter Pehlevi","Phlv":"Kitap Pehlevi Dili","Phnx":"Fenike","Plrd":"Pollard Fonetik","Prti":"Partça Kitabe Dili","Qaag":"Zawgyi","Rjng":"Rejang","Rohg":"Hanifi","Roro":"Rongorongo","Runr":"Runik","Samr":"Samarit","Sara":"Sarati","Sarb":"Eski Güney Arap","Saur":"Saurashtra","Sgnw":"İşaret Dili","Shaw":"Shavian","Shrd":"Sharada","Sidd":"Siddham","Sind":"Khudabadi","Sinh":"Seylan","Sora":"Sora Sompeng","Sund":"Sunda","Sylo":"Syloti Nagri","Syrc":"Süryani","Syre":"Estrangela Süryani","Syrj":"Batı Süryani","Syrn":"Doğu Süryani","Tagb":"Tagbanva","Takr":"Takri","Tale":"Tai Le","Talu":"New Tai Lue","Taml":"Tamil","Tang":"Tangut","Tavt":"Tai Viet","Telu":"Telugu","Teng":"Tengvar","Tfng":"Tifinag","Tglg":"Takalot","Thaa":"Thaana","Thai":"Tay","Tibt":"Tibet","Tirh":"Tirhuta","Ugar":"Ugarit Çivi Yazısı","Vaii":"Vai","Visp":"Konuşma Sesleri Çizimlemesi","Wara":"Varang Kshiti","Wole":"Woleai","Xpeo":"Eski Fars","Xsux":"Sümer-Akad Çivi Yazısı","Yiii":"Yi","Zinh":"Kalıtsal","Zmth":"Matematiksel Gösterim","Zsye":"Emoji","Zsym":"Sembol","Zxxx":"Yazılı Olmayan","Zyyy":"Ortak","Zzzz":"Bilinmeyen Alfabe"},"narrow":{},"short":{}}}},"locale":"tr"}